smiles,inchikey,skeleton,heavy_atoms,heteroatoms,y
Cn1c(CN2CCN(c3ccc(Cl)cc3)CC2)nc2ccccc21,YKMSTUDOGGAEJH-UHFFFAOYSA-N,YKMSTUDOGGAEJH,24,5,3.54
COc1cc(OC)c(S(=O)(=O)N2c3ccccc3CCC2C)cc1NC(=O)CSCC(=O)O,JCIHGZJEMNHEET-UHFFFAOYSA-N,JCIHGZJEMNHEET,33,11,-1.18
COC(=O)[C@H](c1ccccc1Cl)N1CCc2sccc2C1,GKTWGGQPFAXNFI-HNNXBMFYSA-N,GKTWGGQPFAXNFI,21,5,3.69
O=C(NC1Cc2ccccc2N(C[C@@H](O)CO)C1=O)c1cc2cc(Cl)sc2[nH]1,UICNBXVDHCBKCE-PUODRLBUSA-N,UICNBXVDHCBKCE,28,9,3.37
Cc1cccc(C[C@H](NC(=O)c2cc(C(C)(C)C)nn2C)C(=O)NCC#N)c1,UJBBWPQMJVUYPP-INIZCTEOSA-N,UJBBWPQMJVUYPP,28,7,3.1
OC1(C#Cc2ccc(-c3ccccc3)cc2)CN2CCC1CC2,MWHQFRXYYJSIFR-UHFFFAOYSA-N,MWHQFRXYYJSIFR,23,2,3.14
COc1cc(OC)c(S(=O)(=O)NCc2ccccc2N2CCCCC2)cc1NC(=O)CCC(=O)O,PXTMNXYTOSYHIH-UHFFFAOYSA-N,PXTMNXYTOSYHIH,35,11,-0.72
CNc1cccc(CCOc2ccc(C[C@H](NC(=O)c3c(Cl)cccc3Cl)C(=O)O)cc2C)n1,AYXKDCNGRBXXLP-FQEVSTJZSA-N,AYXKDCNGRBXXLP,34,9,0.34
COc1ccc(-c2coc3cc(OC)cc(OC)c3c2=O)cc1,PVVORTURQPBPEQ-UHFFFAOYSA-N,PVVORTURQPBPEQ,23,5,3.05
Oc1ncnc2scc(-c3ccsc3)c12,DUKSWLVZNWKJAU-UHFFFAOYSA-N,DUKSWLVZNWKJAU,15,5,2.25
CS(=O)(=O)c1ccc(Oc2ccc(C#C[C@]3(O)CN4CCC3CC4)cc2)cc1,SBZWCADMWCTYJD-QFIPXVFZSA-N,SBZWCADMWCTYJD,28,6,1.51
Cc1cc(Nc2nc(N[C@@H](C)c3ccc(F)cn3)c(C#N)nc2C)n[nH]1,FLYNZEXUURBXAW-JTQLQIEISA-N,FLYNZEXUURBXAW,26,9,2.61
O=C1CCCCCN1,JBKVHLHDHHXQEQ-UHFFFAOYSA-N,JBKVHLHDHHXQEQ,8,2,-0.08
CCCSc1ncccc1C(=O)N1CCCC1c1ccncc1,VPMVCCJNDYXJJG-UHFFFAOYSA-N,VPMVCCJNDYXJJG,23,5,1.95
Cc1ccc(S(=O)(=O)Nc2c(C(=O)NC3CCCCC3C)cnn2-c2ccccc2)cc1,AYPVPRGQTUGNOF-UHFFFAOYSA-N,AYPVPRGQTUGNOF,32,8,1.34
Nc1ccc(-c2nc3ccc(O)cc3s2)cc1,KYQOWAHXMWGEJG-UHFFFAOYSA-N,KYQOWAHXMWGEJG,17,4,3.2
COc1ccc(N2CCN(C(=O)[C@@H]3CCCC[C@H]3C(=O)NCC#N)CC2)cc1,SPWKCUOJASZCNG-RTBURBONSA-N,SPWKCUOJASZCNG,28,7,1.6
CCC(COC(=O)c1cc(OC)c(OC)c(OC)c1)(c1ccccc1)N(C)C,LORDFXWUHHSAQU-UHFFFAOYSA-N,LORDFXWUHHSAQU,28,6,3.77
COc1cc(-n2nnc3cc(-c4ccc(Cl)cc4)sc3c2=O)ccc1N1CC[C@@H](O)C1,AEMKVXCCHGLFJH-MRXNPFEDSA-N,AEMKVXCCHGLFJH,31,9,3.15
CO[C@H]1CN(CCn2c(=O)ccc3ccc(C#N)cc32)CC[C@H]1NCc1ccc2c(n1)NC(=O)CO2,XCLSBAOOCPECMX-OFNKIYASSA-N,XCLSBAOOCPECMX,36,10,0.32
CC(C)(CCCCCOCCc1ccccc1)NCCc1ccc(O)c2nc(O)sc12,SAGQYGYKRVWICY-UHFFFAOYSA-N,SAGQYGYKRVWICY,31,6,2.92
O=C(Nc1nnc(C(=O)Nc2ccc(N3CCOCC3)cc2)o1)c1ccc(Cl)cc1,PWQXCYLQJXYHMK-UHFFFAOYSA-N,PWQXCYLQJXYHMK,30,10,1.92
COc1ccc(Oc2cccc(CN3CCCC(n4cc(C)c(=O)[nH]c4=O)C3)c2)cc1,ZUHDMPDIHXIVMC-UHFFFAOYSA-N,ZUHDMPDIHXIVMC,31,7,3.17
O=C(O)c1cccc(N2CCC(CN3CCC(Oc4ccc(Cl)c(Cl)c4)CC3)CC2)c1,SUHCNXHLKUQVER-UHFFFAOYSA-N,SUHCNXHLKUQVER,31,7,2.17
CNCC[C@@H](Oc1ccccc1C)c1ccccc1,VHGCDTVCOLNTBX-QGZVFWFLSA-N,VHGCDTVCOLNTBX,19,2,1.2
O=C(CCCc1ccncc1)N1CCN(c2ccc(Cl)cc2Cl)CC1,PFUAWQGDUFOVII-UHFFFAOYSA-N,PFUAWQGDUFOVII,25,6,3.93
COc1cnc(-c2ccccn2)nc1N(C)C,HHWOVFWQFLUAJI-UHFFFAOYSA-N,HHWOVFWQFLUAJI,17,5,1.9
c1ccc(-c2cc(NCCCCCCCCNc3cc(-c4ccccc4)nc4ccccc34)c3ccccc3n2)cc1,FNIDRCPXJSYPFT-UHFFFAOYSA-N,FNIDRCPXJSYPFT,42,4,2.27
CSc1c(C(=O)NC2C3CC4CC(C3)CC2C4)cnn1-c1ccc(C(=O)O)cc1,LZRZLRDYRGYENN-UHFFFAOYSA-N,LZRZLRDYRGYENN,29,7,1.2
CNC1=Nc2ncccc2C(c2ncco2)=NC1c1cccs1,XZXICFZJBPQSLC-UHFFFAOYSA-N,XZXICFZJBPQSLC,23,7,1.14
CS(=O)(=O)C1(c2cc(N3CC4CCC(C3)O4)nc(-c3cccc4[nH]ccc34)n2)CC1,FMYZLWZNPIWZKB-UHFFFAOYSA-N,FMYZLWZNPIWZKB,30,8,2.6
CN(C(=O)Cc1ccc(-n2cnnn2)cc1)[C@@H]1CCN(Cc2ccc(C(F)(F)F)cc2)C[C@@H]1F,IFGKACWCWSTXBV-LEWJYISDSA-N,IFGKACWCWSTXBV,34,11,3.3
CC(=O)[C@H]1CC[C@H]2[C@@H]3CCC4=CC(=O)CC[C@]4(C)[C@H]3CC[C@]12C,RJKFOVLPORLFTN-LEKSSAKUSA-N,RJKFOVLPORLFTN,23,2,3.94
CS(=O)(=O)c1ccccc1C(=O)NC[C@@H](O)CN1CCC(Oc2ccc(Cl)c(Cl)c2)CC1,JMGBVGDZPLNFAE-OAHLLOKOSA-N,JMGBVGDZPLNFAE,32,10,2.34
N#Cc1ccccc1Oc1ccc(C(=O)NCc2ccncc2)cc1,SPHCZZBTYLIKMU-UHFFFAOYSA-N,SPHCZZBTYLIKMU,25,5,2.57
CN(C)c1ccnc2sc(C(=O)NCc3ccccc3)c(N)c12,NTPXQERXVNATPJ-UHFFFAOYSA-N,NTPXQERXVNATPJ,23,6,3.62
Cc1ccc(NC(=O)c2cscn2)cc1-n1cnc2ccc(N3CCN(C)CC3)cc2c1=O,CKXJLNSNPZFRGR-UHFFFAOYSA-N,CKXJLNSNPZFRGR,33,9,2.06
Cn1cncc1-c1c2c(=O)n(CC3CC3)c(=O)n(CC3CC3)c2nn1Cc1ccnc2ccc(Cl)cc12,LTQJNQDKHOMARK-UHFFFAOYSA-N,LTQJNQDKHOMARK,37,10,4.33
COc1ccc2ncc(C#N)c(CCN3CCC(NCc4cc5c(cn4)OCS5)CC3)c2c1,NKXJSCXEAVZSMF-UHFFFAOYSA-N,NKXJSCXEAVZSMF,33,8,2.55
CNC(=O)C1(N2CCCCC2=O)CCN(CC[C@H](CN(C)C(=O)c2c(OC)c(C#N)cc3ccccc23)c2ccc(Cl)c(Cl)c2)CC1,OJNYEFLQZAKWEW-AREMUKBSSA-N,OJNYEFLQZAKWEW,47,11,2.78
O=C1Nc2ccccc2B(O)N1c1ccccc1,NWEVGXOPORMXMR-UHFFFAOYSA-N,NWEVGXOPORMXMR,18,5,1.4
CC(C)N(CCC(C(N)=O)(c1ccccc1)c1ccccn1)C(C)C,UVTNFZQICZKOEM-UHFFFAOYSA-N,UVTNFZQICZKOEM,25,4,-0.54
N#CN=C(N)c1sc(Nc2ccccc2)nc1N,OCAIUSXYDOHYOK-UHFFFAOYSA-N,OCAIUSXYDOHYOK,18,7,2.91
CCS(=O)(=O)c1ccc(-c2cc(C(F)(F)F)ccc2O[C@H](C)C(=O)O)c(C)c1,UTDANZPJNOWLLZ-GFCCVEGCSA-N,UTDANZPJNOWLLZ,28,9,-0.4
N#Cc1ccc(F)c(-c2cc(C(F)(F)F)ccc2OCC(=O)O)c1,HKAAVWSTGFVPGS-UHFFFAOYSA-N,HKAAVWSTGFVPGS,24,8,-0.16
COc1ccc(-c2cc3c(C)nc(N)nc3n([C@H]3CC[C@H](OCCO)CC3)c2=O)cn1,XDLYKKIQACFMJG-WKILWMFISA-N,XDLYKKIQACFMJG,31,9,2.2
CC(Nc1ncnc2ccccc12)c1ccccc1,WIPBFPCDERGUGD-UHFFFAOYSA-N,WIPBFPCDERGUGD,19,3,3.4
CC(C)c1ccc2oc3nc(N)c(C(=O)O)cc3c(=O)c2c1,SGRYPYWGNKJSDL-UHFFFAOYSA-N,SGRYPYWGNKJSDL,22,6,1.1
O=c1[nH]c2c(O)ccc([C@@H](O)CNCCCOCCOCCc3cccc4ccccc34)c2s1,BYUSHVMTXZIAER-QHCPKHFHSA-N,BYUSHVMTXZIAER,34,8,2.28
COc1ccccc1Cn1c(C)nc2ccccc21,MFEDHMSIAWGIGY-UHFFFAOYSA-N,MFEDHMSIAWGIGY,19,3,3.47
O=C(O)c1ccc(NC(=O)c2cc(OCc3ccccc3F)cc(OCc3ccccc3F)c2)nc1,CHDHWRIOEXFMNA-UHFFFAOYSA-N,CHDHWRIOEXFMNA,36,9,3.0
NC(Cc1c[nH]c2ccccc12)C(=O)O,QIVBCDIJIAJPQS-UHFFFAOYSA-N,QIVBCDIJIAJPQS,15,4,-1.17
O=C(O)CCC[C@@H]1c2ccccc2C[C@H]1NC(=O)c1cc2cc(F)ccc2[nH]1,DLZZNQTXKPJOKN-IEBWSBKVSA-N,DLZZNQTXKPJOKN,28,6,1.95
CCNC(=O)c1cc2c(-n3ccc(C(F)(F)F)n3)c(-c3cncc(C(=O)O)c3)cnc2[nH]1,QEODWPGJXCSBCR-UHFFFAOYSA-N,QEODWPGJXCSBCR,32,12,-0.99
Cc1ccc(S(=O)(=O)Nc2c(C(=O)N[C@@H](C)C(C)(C)C)c(C)nn2C2CCCC2)cc1,BFODPUUHEITNCL-KRWDZBQOSA-N,BFODPUUHEITNCL,31,8,2.0
c1ccc(Nc2cc(Nc3ccccc3)[nH]n2)cc1,LINHOSSSJLYLGM-UHFFFAOYSA-N,LINHOSSSJLYLGM,19,4,3.8
COCCNC(=O)c1cccc(Nc2ncc3cc(-c4ccncc4)ccc3n2)c1,DZBKGGPSLAGHOV-UHFFFAOYSA-N,DZBKGGPSLAGHOV,30,7,3.21
CCC(CC)NC(=O)c1cnn(C)c1NS(=O)(=O)c1ccc(C)cc1,OZIJOODQXPEDBJ-UHFFFAOYSA-N,OZIJOODQXPEDBJ,25,8,0.36
NC(=O)c1cc(F)cc(O[C@H]2C[C@H]3CC[C@@H](C2)N3Cc2ccccc2)c1,JPHCSQTXZXZBMR-RUYXUALKSA-N,JPHCSQTXZXZBMR,26,5,2.14
N#Cc1c(-c2ccccc2)nc(SCCc2ccccc2)[nH]c1=O,UXUGSRGUYLQZBM-UHFFFAOYSA-N,UXUGSRGUYLQZBM,24,5,1.71
O=C(OC1CN2CCC1CC2)C(O)(c1ccccc1)c1ccccc1,HGMITUYOCPPQLE-UHFFFAOYSA-N,HGMITUYOCPPQLE,25,4,1.19
Cc1ccccc1NC(=O)CCS(=O)(=O)c1ccc(Br)s1,OFKPHZHFCFRCKG-UHFFFAOYSA-N,OFKPHZHFCFRCKG,21,7,2.7
Cc1ncc(-c2nc(Nc3ccc(C(=O)N(C)C)cc3)ncc2F)n1C(C)C,OZOUTOVDXHHQIZ-UHFFFAOYSA-N,OZOUTOVDXHHQIZ,28,8,2.77
COc1cccc(-c2c[nH]c(-c3ccccc3)n2)c1,WEYUTGFDGHKVAY-UHFFFAOYSA-N,WEYUTGFDGHKVAY,19,3,3.8
O=C(COc1ccccc1)c1ccccc1,KRSXGTAVHIDVPM-UHFFFAOYSA-N,KRSXGTAVHIDVPM,16,2,2.87
COc1cc2ncc(C(N)=O)c(Nc3ccc(F)cc3F)c2cc1NCCN(C)C,ISNQSRDOIQFDPT-UHFFFAOYSA-N,ISNQSRDOIQFDPT,30,9,1.91
CO[C@H]1CC[C@]2(CC1)Cc1ccc(OCC(C)C)cc1C21N=C(C)C(N)=N1,BQDUISPSAOQZDJ-JOECNLHFSA-N,BQDUISPSAOQZDJ,27,5,3.4
COc1cc2ncnc(Nc3ccc(F)c(Cl)c3)c2cc1OCCCN1CCCC1,XGPAXWVNLWKLEF-UHFFFAOYSA-N,XGPAXWVNLWKLEF,30,8,3.13
O=C1CCOc2cc(COc3ccccc3)ccc21,LOURISIOISPYCO-UHFFFAOYSA-N,LOURISIOISPYCO,19,3,3.0
Clc1cccc2cn[nH]c12,WIYOYUQVNPTVQG-UHFFFAOYSA-N,WIYOYUQVNPTVQG,10,3,2.33
CNC(=O)c1ccc(CC(=O)N(C)C2CCN(Cc3ccc(C(F)(F)F)cc3)CC2)cc1,HREXSEDWNZLPCX-UHFFFAOYSA-N,HREXSEDWNZLPCX,32,8,2.8
COCCNCc1ccc(CCNC[C@H](O)c2ccc(O)c3[nH]c(=O)sc23)cc1,YZGKJDAFHUVRRH-SFHVURJKSA-N,YZGKJDAFHUVRRH,29,8,-0.54
C#CCn1c(=O)c2c(-c3cncn3C)n(Cc3ccnc4ccc(Cl)cc34)nc2n(CC2CC2)c1=O,KESMOWDPGATUGY-UHFFFAOYSA-N,KESMOWDPGATUGY,36,10,3.16
C[C@H](NC(=O)c1cccnc1Oc1ccccc1)c1ccccc1,VBVRORJVJBTVBX-HNNXBMFYSA-N,VBVRORJVJBTVBX,24,4,2.91
O=C(NCC12CC3CC(CC(C3)C1)C2)c1cc(CN2CC3CNCC(C2)O3)ccc1Cl,YVDKBJBYBPODBK-UHFFFAOYSA-N,YVDKBJBYBPODBK,31,6,1.55
COc1cc(NS(=O)(=O)c2ccc(N)cc2)nc(OC)n1,ZZORFUFYDOWNEF-UHFFFAOYSA-N,ZZORFUFYDOWNEF,21,9,0.2
Cc1cc(CCC2CCN(S(=O)(=O)CC3(N(O)C=O)CCOCC3)CC2)c(C)cn1,FUEVUWZQRYWTIH-UHFFFAOYSA-N,FUEVUWZQRYWTIH,30,9,1.43
C[C@H](Nc1ncc(F)c(Nc2cc(C3CC3)[nH]n2)n1)c1ncc(F)cn1,PFXXPRYKFJNBAN-QMMMGPOBSA-N,PFXXPRYKFJNBAN,26,10,2.47
CC(=O)Nc1ccc2c(c1)c(-c1cc(NC3CC3)n3ncc(C#N)c3n1)cn2CCCO,OAKYYFZNZIPXEQ-UHFFFAOYSA-N,OAKYYFZNZIPXEQ,32,9,2.48
CC1COc2c(N3CCN(C)CC3)c(F)cc3c(=O)c(C(=O)O)cn1c23,GSDSWSVVBLHKDQ-UHFFFAOYSA-N,GSDSWSVVBLHKDQ,26,8,-0.45
CC1(c2nc(N3CCOCC3)ncc2C(=O)N[C@H]2C3CC4CC2C[C@](O)(C4)C3)CC1,YKOIHNGPJULCAM-KZHQWQGASA-N,YKOIHNGPJULCAM,30,7,2.0
COC(=O)c1ccc(C)c(NS(=O)(=O)c2ccc3c(c2)c(=O)sn3C)c1,WSDBCZFGPGHNDE-UHFFFAOYSA-N,WSDBCZFGPGHNDE,26,9,2.6
COc1ccc(-c2coc3cc(O)cc(O)c3c2=O)cc1,WUADCCWRTIWANL-UHFFFAOYSA-N,WUADCCWRTIWANL,21,5,3.5
CNCCCC12CCC(c3ccccc31)c1ccccc12,QSLMDECMDJKHMQ-UHFFFAOYSA-N,QSLMDECMDJKHMQ,21,1,0.89
Oc1cc(-c2ccccc2)nc2ccnn12,WTXZHEFXYVLIDI-UHFFFAOYSA-N,WTXZHEFXYVLIDI,16,4,1.3
O=CN1CC=C(c2c(F)cc(N3C[C@H](COc4ccon4)OC3=O)cc2F)CC1,PAKMUOFMBAPGIG-CQSZACIVSA-N,PAKMUOFMBAPGIG,29,10,2.01
C#CC(C)n1c(=O)c2c(-c3cncn3C)n(Cc3ccnc4ccc(Cl)cc34)nc2n(CC2CC2)c1=O,GXKBYITWIIEZIQ-UHFFFAOYSA-N,GXKBYITWIIEZIQ,37,10,3.59
C[C@H]1CN(Cc2cc(Cl)ccc2OCC(=O)O)CCN1C(=O)Cc1ccccc1,GMFBGMFMMAVODH-INIZCTEOSA-N,GMFBGMFMMAVODH,29,7,0.18
COc1cc(Nc2nc(N[C@@H](C)c3ncc(F)cn3)ncc2Br)n[nH]1,WMZWKZSZFLNJAR-ZETCQYMHSA-N,WMZWKZSZFLNJAR,25,11,2.6
Cc1nc(C)c(-c2ccc([C@H]3CC[C@H](CC(=O)O)CC3)c(F)c2)nc1C(N)=O,VWXCBIYKAIQGAT-HDJSIYSDSA-N,VWXCBIYKAIQGAT,28,7,1.3
COc1ccnc(CCc2nc3c(C)ccnc3[nH]2)c1,UFFMLXIMOZMLNJ-UHFFFAOYSA-N,UFFMLXIMOZMLNJ,20,5,2.1
Cc1cc(CCCOc2c(Cl)cc(C3=NCCO3)cc2Cl)on1,TUGBWRGTMLOFAX-UHFFFAOYSA-N,TUGBWRGTMLOFAX,23,7,3.72
CN(C)C(=O)c1ccc(CN2CCc3cc4nc(N)sc4cc3CC2)cc1,DJFZOPTYMZKMLN-UHFFFAOYSA-N,DJFZOPTYMZKMLN,27,6,1.72
COC(=O)[C@@H]1[C@H]2C[C@H]3c4[nH]c5ccccc5c4CCN3C[C@@H]2CC[C@@H]1O,BLGXFZZNTVWLAY-SCYLSFHTSA-N,BLGXFZZNTVWLAY,26,5,1.65
CCN1CCN(c2ccc(Nc3cc(N(C)C(=O)Nc4c(Cl)c(OC)cc(OC)c4Cl)ncn3)cc2)CC1,QADPYRIHXKWUSV-UHFFFAOYSA-N,QADPYRIHXKWUSV,38,12,3.7
CC(C)N(CCCNC(=O)Nc1ccc(C(C)(C)C)cc1)C[C@H]1O[C@@H](n2cnc3c(N)ncnc32)[C@H](O)[C@@H]1O,MTLMDZJUGDUTCP-PTGPVQHPSA-N,MTLMDZJUGDUTCP,39,12,2.2
C=CC(=O)Nc1cccc(CN2C(=O)N(c3c(Cl)c(OC)cc(OC)c3Cl)Cc3cnc(NCCCCN(CC)CC)nc32)c1,DNVFTXQYIYFQBW-UHFFFAOYSA-N,DNVFTXQYIYFQBW,45,13,2.04
CCSc1c(Cc2ccccc2C(F)(F)F)sc2c1c(=O)n(C)c(=O)n2CC(C)C,MIAXOMOVNFGVNO-UHFFFAOYSA-N,MIAXOMOVNFGVNO,30,9,4.49
COc1ccc(Cc2c(N)n[nH]c2N)cc1,KPHPMNHOOYVICO-UHFFFAOYSA-N,KPHPMNHOOYVICO,16,5,0.2
CCN(CCN(C)C)S(=O)(=O)c1ccc(-c2cnc(N)c(C(=O)Nc3cccnc3)n2)cc1,YLBFKSSPFIKDLO-UHFFFAOYSA-N,YLBFKSSPFIKDLO,33,11,2.0
Cc1cn([C@H]2CCCN(S(=O)(=O)c3ccc(O)c(Oc4ccccc4)c3)C2)c(=O)[nH]c1=O,JSINAUYMOGMNAG-INIZCTEOSA-N,JSINAUYMOGMNAG,32,10,1.49
c1ccc(N2CC3COc4ccccc4C3=N2)cc1,DATNOZAQAIEORG-UHFFFAOYSA-N,DATNOZAQAIEORG,19,3,4.28
CNC(=C[N+](=O)[O-])NCCSCc1ccc(CN(C)C)o1,VMXUWOKSQNHOCA-UHFFFAOYSA-N,VMXUWOKSQNHOCA,21,8,-0.95
CC(C)CC(c1ccncc1)n1[nH]c(=O)c2nc3cc(Cl)ccc3c(O)c2c1=O,WQYYIHSCYVKVIN-UHFFFAOYSA-N,WQYYIHSCYVKVIN,29,8,1.64
FC(F)c1nc2ccccc2[nH]1,PURNIHSRWGYONZ-UHFFFAOYSA-N,PURNIHSRWGYONZ,12,4,2.02
N#Cc1cccc(OC[C@@H](O)CNC2CCN(Cc3ccc(Cl)c(Cl)c3)CC2)c1,DPJWTHMHDTUYEX-IBGZPJMESA-N,DPJWTHMHDTUYEX,29,7,3.09
COc1cc2ncc(C(N)=O)c(Nc3ccc(F)cc3F)c2cc1N1CCN(C)CC1,ZJODRBGRKHPTDB-UHFFFAOYSA-N,ZJODRBGRKHPTDB,31,9,2.18
O=C(Oc1ccccc1O)c1cccc2ccccc12,ZVYNZOQFCLCEBZ-UHFFFAOYSA-N,ZVYNZOQFCLCEBZ,20,3,4.4
COc1ccccc1CNc1cc(C)ccn1,DQTYKRWNTJBXSF-UHFFFAOYSA-N,DQTYKRWNTJBXSF,17,3,3.28
Nc1nc(Nc2cccc(Br)c2)c2nc[nH]c2n1,JPVDTQHICMAEST-UHFFFAOYSA-N,JPVDTQHICMAEST,18,7,3.04
Nc1c2c(nc3ccc(Br)cc13)N(c1ccccc1)CC2,DNFFJORSUVCABG-UHFFFAOYSA-N,DNFFJORSUVCABG,21,4,3.12
COc1cc(OC)c(S(=O)(=O)N(c2ccc(C)cc2)c2ccc(C)cc2)cc1NC(=O)CCC(=O)O,KSPFXCDJIGBEQP-UHFFFAOYSA-N,KSPFXCDJIGBEQP,36,10,0.06
O=C(c1ccc(F)cc1)C(O)c1ccc(F)cc1,VGZHWXAFILGMSR-UHFFFAOYSA-N,VGZHWXAFILGMSR,18,4,2.49
CC(C)C[C@H](N)c1nnc(S(=O)(=O)Cc2ccc(F)cc2)o1,OBQXZDOJHLJHCX-LBPRGKRZSA-N,OBQXZDOJHLJHCX,22,8,1.11
Cc1ccc(NC(=O)c2cccc(OCC(C)C)c2)cc1C(=O)Nc1cccnc1,QHAUVGUPQQFAJT-UHFFFAOYSA-N,QHAUVGUPQQFAJT,30,6,2.81
COc1ccc(OC)c(CNC(=O)c2cccnc2Oc2ccccc2)c1,CZRGSUVBZMHYLX-UHFFFAOYSA-N,CZRGSUVBZMHYLX,27,6,3.52
NC1(c2ccc(-c3nc4ccn5c(=O)[nH]nc5c4cc3-c3ccccc3)cc2)CCC1,ULDXWLCXEDXJGE-UHFFFAOYSA-N,ULDXWLCXEDXJGE,31,6,2.5
CC(c1ccccc1)C(Cc1nc2ccccc2[nH]1)c1nc2ccccc2[nH]1,GAELJTQGYRTLNW-UHFFFAOYSA-N,GAELJTQGYRTLNW,28,4,4.48
O=C1COc2ccc(CNC3CCN(CCN4C(=O)COc5ccc(Cl)cc54)CC3)nc2N1,RZIVGMQLIWOSLN-UHFFFAOYSA-N,RZIVGMQLIWOSLN,33,10,1.33
O=C(O)Cc1ccc(N2CCC(CN3CCC(Oc4ccc(Cl)c(Cl)c4)CC3)CC2)cc1,FOQNONLDPFMOKP-UHFFFAOYSA-N,FOQNONLDPFMOKP,32,7,1.83
COc1cc2ncc(C(N)=O)c(Nc3cccc(Cl)c3F)c2cc1OC,UMSGSJIQAZSBTJ-UHFFFAOYSA-N,UMSGSJIQAZSBTJ,26,8,3.6
CN(C(=O)C1CCC1)C1CCN(CCC(c2ccccc2)c2ccccc2)CC1,HCQDGTHSLFFEBG-UHFFFAOYSA-N,HCQDGTHSLFFEBG,29,3,3.2
N=C(N)NC(=O)c1nc(Cl)c(NCc2ccccn2)nc1N,VKJRORJILYHOSA-UHFFFAOYSA-N,VKJRORJILYHOSA,22,10,-0.56
N#Cc1nc(NC2CC3CCC2C3)c(N)c(N2CCOCC2)n1,CAEDNKKZJRIJKC-UHFFFAOYSA-N,CAEDNKKZJRIJKC,23,7,3.53
CCN(C(=O)NCc1c(F)cccc1F)C1CCN(CCC(c2ccccc2)c2ccccc2)CC1,PAVCWKDOSVFPAN-UHFFFAOYSA-N,PAVCWKDOSVFPAN,36,6,4.3
NC1(C(=O)NCc2ccc(Cl)cc2)CCN(c2ncnc3[nH]ccc23)CC1,XQPFDQVEBGYLHB-UHFFFAOYSA-N,XQPFDQVEBGYLHB,27,8,2.88
CN1CCN(C2=Nc3cc(Cl)ccc3Nc3ccccc32)CC1,QZUDBNBUXVUHMW-UHFFFAOYSA-N,QZUDBNBUXVUHMW,23,5,3.08
Cc1ncc(-c2ccc([C@H]3CC[C@H](CC(=O)O)CC3)cc2)nc1C(N)=O,JEYLNWQDTLWEBW-HDJSIYSDSA-N,JEYLNWQDTLWEBW,26,6,1.0
Cn1ncnc1COc1nn2c(-c3cc(F)ccc3F)nnc2cc1C(C)(C)C,BQDUNOMMYOKHEP-UHFFFAOYSA-N,BQDUNOMMYOKHEP,29,10,2.4
CNCC[C@H](Oc1ccc(C(F)(F)F)cc1)c1ccccc1,RTHCYVBBDHJXIQ-INIZCTEOSA-N,RTHCYVBBDHJXIQ,22,5,1.89
Cc1ccc(S(=O)(=O)NC(=O)N2CCC(N3CCC(Oc4ccc(Cl)cc4Cl)CC3)CC2)cc1,STXMJDYUJFBELE-UHFFFAOYSA-N,STXMJDYUJFBELE,34,10,1.52
O=c1ccoc2cc(OCc3ccccc3)ccc12,YWVWZOJGNFBRHJ-UHFFFAOYSA-N,YWVWZOJGNFBRHJ,19,3,3.33
[O-][S+](c1ccccc1)c1ccc2nnnn2n1,JFSXSNSCPNFCDM-UHFFFAOYSA-N,JFSXSNSCPNFCDM,17,7,0.79
O=[N+]([O-])c1ccc2c(c1)N(c1cccc[n+]1[O-])CC(C(F)F)(C(F)F)O2,LIKAVDUPUINJPY-UHFFFAOYSA-N,LIKAVDUPUINJPY,26,11,3.2
CC(C)NCC(O)COc1ccc(COCCOC(C)C)cc1,VHYCDWMUTMEGQY-UHFFFAOYSA-N,VHYCDWMUTMEGQY,23,5,0.1
Cc1ncc(C(N)=O)nc1-c1ccc([C@H]2CC[C@H](C(=O)O)CC2)cc1,VTFSQAMIYVLXMY-CTYIDZIISA-N,VTFSQAMIYVLXMY,25,6,0.22
Nc1nnc(CCSCCc2nnc(NC(=O)Cc3ccccc3)s2)s1,SWXIKLMDWGQGKU-UHFFFAOYSA-N,SWXIKLMDWGQGKU,26,10,2.0
COc1cc(OC2CCN(C(C)=O)CC2)ccc1Nc1ncc(Cl)c(-c2cnc3ccccn23)n1,RNGFVIWQFGXUID-UHFFFAOYSA-N,RNGFVIWQFGXUID,35,10,4.0
COc1ccc(-c2cc(=O)c3ccccc3[nH]2)cc1,YKUDSEKRLNZNTN-UHFFFAOYSA-N,YKUDSEKRLNZNTN,19,3,2.71
COC1/C=C/OC2(C)Oc3c(C)c(O)c4c(c3C2=O)C(=O)C=C(NC(=O)/C(C)=C\C=C\C(C)C(O)C(C)C(O)C(C)C(OC(C)=O)C1C)C4=O,BTVYFIMKUHNOBZ-AEZIOYLSSA-N,BTVYFIMKUHNOBZ,50,13,0.7
Cn1cc(C#N)cc1-c1c2c(=O)n(C)c(=O)n(CC3CC3)c2nn1Cc1ccnc2ccc(Cl)cc12,CFJFLGFKZVSNPA-UHFFFAOYSA-N,CFJFLGFKZVSNPA,36,10,3.67
Cn1sc(NC(=O)c2cccc(Cl)c2)nc1=O,QSVODSMJXQAITH-UHFFFAOYSA-N,QSVODSMJXQAITH,17,7,0.87
Cc1ccc(-c2nccn2C)cc1NC(=O)c1ccc(OCc2ccccn2)cc1,YLQZACBCJBUTDN-UHFFFAOYSA-N,YLQZACBCJBUTDN,30,6,2.83
CC(=O)Nc1ccc(C(=O)Nc2ccccc2N)cc1,VAZAPHZUAVEOMC-UHFFFAOYSA-N,VAZAPHZUAVEOMC,20,5,0.82
O=c1cc(N2CCOCC2)oc2cc(O)ccc12,ULTRFFGNTUDFJW-UHFFFAOYSA-N,ULTRFFGNTUDFJW,18,5,1.0
Oc1nc(-c2ccc(C(F)(F)F)cc2)nc2c1CSCC2,KLGQSVMIPOVQAX-UHFFFAOYSA-N,KLGQSVMIPOVQAX,21,7,3.07
O=C(COCc1cscn1)N1CCN(c2ccc(Cl)cc2Cl)CC1,BIXHLDRPZYPCAH-UHFFFAOYSA-N,BIXHLDRPZYPCAH,24,8,3.07
O=c1c2ccc(O)cc2ncn1-c1ccc(O)cc1,NECCEJFVHJYYDA-UHFFFAOYSA-N,NECCEJFVHJYYDA,19,5,1.6
O=c1[nH]c2c(O)ccc([C@@H](O)CNCCc3ccccc3CNCCc3ccccc3F)c2s1,XXPNWYXHQVWMTB-QHCPKHFHSA-N,XXPNWYXHQVWMTB,34,8,1.58
O=C(CC12CC3CC(CC(C3)C1)C2)Nc1cccc2c(=O)n(C(CO)CO)ccc12,POPXTQJORVQTRM-UHFFFAOYSA-N,POPXTQJORVQTRM,30,6,2.62
COc1ccc(-c2c(F)ccc3c(N)c(C(=O)NC4CC4)nnc23)c(OC)n1,FGOCJZANGVRDDB-UHFFFAOYSA-N,FGOCJZANGVRDDB,28,9,3.37
Clc1ccccc1-c1cnn[nH]1,PINMMJBKQZJEDY-UHFFFAOYSA-N,PINMMJBKQZJEDY,12,4,2.68
NC(=O)c1ccc(Oc2cccc3cccnc23)c([N+](=O)[O-])c1,NTFJJPIFMVYTIW-UHFFFAOYSA-N,NTFJJPIFMVYTIW,23,7,1.7
NC(=O)Nc1cc(-c2cccc(O)c2)sc1C(N)=O,GIDGPFNZBRRNRV-UHFFFAOYSA-N,GIDGPFNZBRRNRV,19,7,2.21
Nc1ccc(S(=O)(=O)Nc2nccs2)cc1,JNMRHUJNCSQMMB-UHFFFAOYSA-N,JNMRHUJNCSQMMB,16,7,-0.37
COC(=O)c1nc2c(N[C@H](C)CO)nc(SCc3cccc(F)c3F)nc2[nH]c1=O,GIORSQFHUSECME-MRVPVSSYSA-N,GIORSQFHUSECME,30,12,2.49
COc1cccc(NC(=O)Cn2cc(Oc3ncnc4cc(OC)c(OC)cc34)cn2)c1,JGFZPZGREYNUPH-UHFFFAOYSA-N,JGFZPZGREYNUPH,32,10,3.11
CC1CCc2cc(F)cc3c(=O)c(C(=O)O)cn1c23,DPSPPJIUMHPXMA-UHFFFAOYSA-N,DPSPPJIUMHPXMA,19,5,0.74
Cc1nc(Cl)c(Cl)n1Cc1sc2c(c1C(=O)N1CC[C@@H](O)C1)c(=O)n(C)c(=O)n2CC(C)C,NEQSVLABUJREKW-GFCCVEGCSA-N,NEQSVLABUJREKW,33,12,1.61
N#Cc1cnc(N2CCN(C(=O)[C@@H]3CCCC[C@H]3C(=O)NC3(C#N)CC3)CC2)s1,OQOOOJVROUBAQY-HZPDHXFCSA-N,OQOOOJVROUBAQY,29,9,1.2
Cc1ccc(NC(=N)N)cc1C,IQTNVAFSMUHIRD-UHFFFAOYSA-N,IQTNVAFSMUHIRD,12,3,-1.34
O=C(NCC1CCCCC1)c1cc(-n2ncc(=O)[nH]c2=O)ccc1Cl,IMCCOPOXIDIESM-UHFFFAOYSA-N,IMCCOPOXIDIESM,25,8,1.26
O=C(Oc1ccccc1)N1CCOCC1,SVWBBVZRYSQHPF-UHFFFAOYSA-N,SVWBBVZRYSQHPF,15,4,1.3
CC(C)(C#N)c1cnc(N2CCN(C(=O)[C@@H]3CCCC[C@H]3C(=O)NC3(C#N)CC3)CC2)s1,GVFZKOCFOOBUQV-IAGOWNOFSA-N,GVFZKOCFOOBUQV,32,9,1.9
FC(F)(F)c1nnc2ccc(N3CCCCC3)nn12,OIIAVBIQRXMPKJ-UHFFFAOYSA-N,OIIAVBIQRXMPKJ,19,8,3.0
Cc1c(Sc2ccc(Cl)cc2)c2c(NS(C)(=O)=O)cccc2n1CC(=O)O,PNYMKZXVOIBSMP-UHFFFAOYSA-N,PNYMKZXVOIBSMP,27,9,0.21
CCCNC(=O)CSc1ccc(S(=O)(=O)N2CCCC2)cn1,LYAULIIFPDSAKW-UHFFFAOYSA-N,LYAULIIFPDSAKW,22,8,1.55
C[C@@H](Oc1cccc2ncnc(Nc3ccc4c(cnn4Cc4ccccn4)c3)c12)C(=O)N1CCOCC1,SMSWJYWJBIOKNH-LJQANCHMSA-N,SMSWJYWJBIOKNH,38,10,2.82
COc1ccc(Cn2cc3c(=O)n(C)c(=O)n(CC(C)C)c3c2)cc1,DTFISVVKXQHVKF-UHFFFAOYSA-N,DTFISVVKXQHVKF,25,6,3.52
COc1cc2c(Nc3ccc(Cl)cc3F)ncnc2cc1OCCn1cncn1,SXCPGBVLGDVEHO-UHFFFAOYSA-N,SXCPGBVLGDVEHO,29,10,3.2
CCN1CCC[C@H]1CNC(=O)c1c(O)c(Cl)cc(Cl)c1OC,WAOQONBSWFLFPE-VIFPVBQESA-N,WAOQONBSWFLFPE,22,7,1.09
CC(=O)Nc1nc(C)c(-c2cnc(F)c(NS(=O)(=O)c3sc(C)nc3C)c2)s1,IGQXOMRFMBZFBD-UHFFFAOYSA-N,IGQXOMRFMBZFBD,28,12,0.55
Cc1ccc2c(c1)c(-c1ccnc3ccc(C(F)(F)F)cc13)c(C)n2CC(=O)O,ZCNGPVKGHKYTQX-UHFFFAOYSA-N,ZCNGPVKGHKYTQX,29,7,1.78
CSc1ncccc1C(=O)Nc1nccs1,WSHGOLKXFFKTHY-UHFFFAOYSA-N,WSHGOLKXFFKTHY,16,6,1.43
CCOc1ncc(C)c2c1[C@H](c1ccc(C#N)cc1OC)C(C(N)=O)=C(C)N2,BTBHLEZXCOBLCY-QGZVFWFLSA-N,BTBHLEZXCOBLCY,28,7,2.51
Cc1nc2ccc(Cl)cn2c1-c1ccnc(N)n1,HLCLCIHQZZSHDC-UHFFFAOYSA-N,HLCLCIHQZZSHDC,18,6,2.49
CC1CC(OC(=O)C(O)c2ccccc2)CC(C)(C)C1,WZHCOOQXZCIUNC-UHFFFAOYSA-N,WZHCOOQXZCIUNC,20,3,2.31
C[C@@H](NC(=O)C1CCCCN1C)c1ccc(Nc2ncc3cc(-c4ccncc4)ccc3n2)cc1,DNLHCDOKNZPOJU-ICCFGIFFSA-N,DNLHCDOKNZPOJU,35,7,3.34
Cc1cc(C)cc(-c2[nH]c3sc(C(C)(C)C(=O)N4C5CCC4CC5)cc3c2CCN2CCN(CC(=O)N(C)C)CC2)c1,VPZCRWKFXSQLLK-UHFFFAOYSA-N,VPZCRWKFXSQLLK,42,8,4.13
CN[C@@H](C)C(=O)N[C@H](C(=O)N[C@H]1CCCN(CCc2ccc(F)cc2)C1)C(C)(C)C,AYWNCKNJOIZDHZ-FFZOFVMBSA-N,AYWNCKNJOIZDHZ,30,7,3.12
NC1(c2ccc(-c3ncc4ccncc4c3-c3ccccc3)cc2)CCC1,LODATPFQIYRJKC-UHFFFAOYSA-N,LODATPFQIYRJKC,27,3,2.2
CC(C)C(NC(=O)Cn1c(-c2ccccc2)ccc(NS(C)(=O)=O)c1=O)C(=O)C(F)(F)F,VPARDDNYEIUZKA-UHFFFAOYSA-N,VPARDDNYEIUZKA,32,12,1.77
C[C@@H]1CN(C(=O)[C@@](C)(O)C(F)(F)F)[C@@H](C)CN1C(=O)c1ccc(C#N)cc1,IWFSHKKFDSWNLZ-BWACUDIHSA-N,IWFSHKKFDSWNLZ,27,9,1.5
CCOc1ccccc1-c1ccc(-c2nc3ccc(F)cc3c(N[C@H](C)C(=O)O)c2C#N)cc1,SXFYSRMCZRZBKE-MRXNPFEDSA-N,SXFYSRMCZRZBKE,34,7,2.5
O=C(NCC12CC3CC(CC(C3)C1)C2)c1cc(CC2CCNCC2)ccc1Cl,VPHJZPZBRPTDJE-UHFFFAOYSA-N,VPHJZPZBRPTDJE,28,4,1.49
CC[C@H](NC(=O)c1c(S(C)(=O)=O)c(-c2ccccc2)nc2ccccc12)c1ccccc1,XUXIBWRIMCCUMW-NRFANRHFSA-N,XUXIBWRIMCCUMW,32,6,3.17
O=C(Nc1ccc(F)cc1)c1cccnc1Oc1ccccc1,AWFHFGVGTBHVPI-UHFFFAOYSA-N,AWFHFGVGTBHVPI,23,5,3.19
Cc1ccc(C(=O)C(C)CN2CCCCC2)cc1,FSKFPVLPFLJRQB-UHFFFAOYSA-N,FSKFPVLPFLJRQB,18,2,1.65
Cc1nc(S(C)(=O)=O)ccc1Nc1ncnc(OC2CCN(C(=O)OC(C)C)CC2)c1C,BTVNNMSDLVBWRW-UHFFFAOYSA-N,BTVNNMSDLVBWRW,32,11,2.8
Cc1ccccc1-c1c(C(=O)O)n(CCCOc2cccc3ccccc23)c2ccccc12,STISJUSFFZAZMP-UHFFFAOYSA-N,STISJUSFFZAZMP,33,4,3.89
C[C@@H](NCc1ccccc1-c1ccc(CCNC[C@H](O)c2ccc(O)c3[nH]c(=O)sc23)cc1)c1ccccc1,XNZJTBRCBWPOTP-PBBNMVCDSA-N,XNZJTBRCBWPOTP,39,7,2.28
Nc1nc(Nc2ccc(F)c(Cl)c2)c2nc[nH]c2n1,WZARUZRRIMOQSV-UHFFFAOYSA-N,WZARUZRRIMOQSV,19,8,2.75
CCCSc1nc(N[C@@H]2C[C@H]2c2ccccc2)c2nnn([C@@H]3C[C@H](O)[C@@H](O)[C@H]3O)c2n1,BJHIZNMMXXDOOK-REVTZOBFSA-N,BJHIZNMMXXDOOK,31,10,3.97
CSc1ccc(N2C(N)=NC(N)=NC2(C)C)cc1,GYXWUBHCYWWAOK-UHFFFAOYSA-N,GYXWUBHCYWWAOK,18,6,-0.84
Cc1ccc(-c2cccc([S@]3(=O)=NC(=O)[C@H](C)N3)c2)cc1,ITZBEQGOAOHOQM-LAJNKCICSA-N,ITZBEQGOAOHOQM,21,5,1.6
Nc1nc(N)nc(-c2cccc(C(F)(F)F)c2)n1,YMIFDDZCSSDQHL-UHFFFAOYSA-N,YMIFDDZCSSDQHL,18,8,2.4
Cc1cccc(CN2CCN(C(c3ccccc3)c3ccc(Cl)cc3)CC2)c1,OCJYIGYOJCODJL-UHFFFAOYSA-N,OCJYIGYOJCODJL,28,3,3.39
O=C(NS(=O)(=O)c1ccc(F)cc1)N1CCC(N2CCC(Oc3ccc(Cl)c(Cl)c3)CC2)CC1,FGWSLMPEBIIYTF-UHFFFAOYSA-N,FGWSLMPEBIIYTF,34,11,1.79
O=C(O)COc1ccc(Cl)cc1CN1CCCN(S(=O)(=O)Cc2ccccc2)CC1,FSYMRBYJPOBPII-UHFFFAOYSA-N,FSYMRBYJPOBPII,30,9,1.01
Clc1cccc(-n2nnnc2NCc2ccccc2Oc2ccccn2)c1Cl,GMVNBKZQJFRFAR-UHFFFAOYSA-N,GMVNBKZQJFRFAR,28,9,3.62
CN1CCCN(C(c2ccccc2)c2ccc(Cl)cc2)CC1,WEUCDJCFJHYFRL-UHFFFAOYSA-N,WEUCDJCFJHYFRL,22,3,2.36
O=C(NCCc1ccccc1Cl)c1cc(-n2ncc(=O)[nH]c2=O)ccc1Cl,KTRDEDJKFRJUOH-UHFFFAOYSA-N,KTRDEDJKFRJUOH,27,9,1.29
O=c1[nH]n(Cc2ccccn2)c(=O)c2c(=O)c3ccc(Cl)cc3[nH]c12,HCXLFCARRRQPOB-UHFFFAOYSA-N,HCXLFCARRRQPOB,25,8,1.1
C[C@@H](NC(=O)[C@H]1CCCCN1)c1ccc(Nc2ncc3cc(-c4ccncc4)ccc3n2)cc1,OQQHJQAFUOXHSI-IQGLISFBSA-N,OQQHJQAFUOXHSI,34,7,2.15
CC(C)Cn1c(=O)n(C)c(=O)c2c(C(=O)N3CC[C@@H](O)C3)c(Cc3cccc4ncccc34)sc21,FHYIMZUERWPLHA-QGZVFWFLSA-N,FHYIMZUERWPLHA,35,9,1.98
C[C@@H](C#N)NC(=O)[C@@H]1CCCC[C@H]1C(=O)N1CCc2[nH]c3ccc(F)cc3c2C1,DPGSGMKMVPXXPU-NUEKZKHPSA-N,DPGSGMKMVPXXPU,29,7,3.5
CC(C)C(NC(=O)Cn1c(-c2ccccc2)ccc(NS(N)(=O)=O)c1=O)C(=O)C(F)(F)F,YGKAYCUQLTYXSM-UHFFFAOYSA-N,YGKAYCUQLTYXSM,32,13,1.17
O=C(NCC1CCCCCC1)c1cc(-c2cccnc2N2CCC(C(=O)O)CC2)ccc1Cl,BIBCEJXKTMYFRC-UHFFFAOYSA-N,BIBCEJXKTMYFRC,33,7,2.53
N=C(NCc1ccc(Cl)cc1)SCCCc1c[nH]cn1,UCAIEVHKDLMIFL-UHFFFAOYSA-N,UCAIEVHKDLMIFL,20,6,1.13
Cc1ccc(-c2cccc(-c3nn[nH]n3)c2)cc1,LSIHYXGBAHHPTI-UHFFFAOYSA-N,LSIHYXGBAHHPTI,18,4,1.3
Cc1ccc2c(n1)c(Sc1ccc(Cl)cc1)c(C)n2CC(=O)O,RGLMTNLVFGMAHA-UHFFFAOYSA-N,RGLMTNLVFGMAHA,23,6,0.35
Cc1ccc(NC(=O)c2ccnc(N3CCOCC3)c2)cc1Nc1ccnc(N(C)C2CCN(C)CC2)n1,NLYDRENNWCTRBV-UHFFFAOYSA-N,NLYDRENNWCTRBV,38,10,1.8
CCCCCC[C@H]1OC(=O)CNC(=O)[C@@H]([C@H](C)O)NC(=O)[C@H](CO)NC(=O)[C@H]([C@H](C)CC)NC(=O)[C@H](CC(C)C)N(C)C(=O)[C@@H]1C,VFGBXFZXJAWPOE-XLHBGBJPSA-N,VFGBXFZXJAWPOE,46,14,3.2
CN[C@@H](C)C(=O)N[C@H](C(=O)N[C@H]1CCN(C(=O)c2ccccc2)C1)C1CCCCC1,UNVXHOVOKUNSOF-VDGAXYAQSA-N,UNVXHOVOKUNSOF,30,7,0.82
Cc1cnc(-c2ccc(C)c(NC(=O)c3ccc(OCc4ccccn4)cc3)c2)[nH]1,GMVNSGUKXHWVSS-UHFFFAOYSA-N,GMVNSGUKXHWVSS,30,6,3.19
O=C(NCCSCc1ccccc1)c1ccccc1,LLVRQLGBXXYQQX-UHFFFAOYSA-N,LLVRQLGBXXYQQX,19,3,3.3
O=C(O)[C@@H](Cc1ccccc1)N1CCC(CN2CCC(Oc3ccc(Cl)c(Cl)c3)CC2)CC1,YDRCHQQFHSPVMO-RUZDIDTESA-N,YDRCHQQFHSPVMO,33,7,2.5
CC(C)Cn1c(=O)n(C)c(=O)c2c(C(=O)N3CC[C@@H](O)C3)c(Cc3c[nH]c4ccccc34)sc21,UHNVWCCKBJDIGZ-MRXNPFEDSA-N,UHNVWCCKBJDIGZ,34,9,2.35
Cc1cc(Nc2nc(N[C@@H](C)c3ccc(F)cn3)cnc2C)n[nH]1,OGOUUWVUPLCXQA-JTQLQIEISA-N,OGOUUWVUPLCXQA,24,8,1.73
c1ccc(-c2ccc(COc3ccc4c(c3)CCC(CCN3CCCCC3)C4)cc2)cc1,ICEDUXJQWPWGLP-UHFFFAOYSA-N,ICEDUXJQWPWGLP,32,2,3.3
Nc1ccccc1NC(=O)c1ccc(C2CCN(Cc3ccc(C(=O)NC4CC4)cc3)CC2)cc1,QBZHGWVJIIGZNU-UHFFFAOYSA-N,QBZHGWVJIIGZNU,35,6,2.31
CC(Cc1cccc(CNCCc2c(Cl)cccc2Cl)c1)NC[C@H](O)c1ccc(O)c2[nH]c(=O)sc12,WONPWDMMWFWEFC-ODOSRFNGSA-N,WONPWDMMWFWEFC,36,9,2.41
OCC[C@]1(c2ccc(Cl)c(Cl)c2)CCCNC1,NFEQUCGNNCYRCD-CYBMUJFWSA-N,NFEQUCGNNCYRCD,17,4,0.61
COc1ccccc1C(C#N)NC(=O)[C@@H]1CCCC[C@H]1C(=O)N1CCN(Cc2ccc(F)cc2)CC1,VBPPTMDMNMVDMW-PSJAQFSKSA-N,VBPPTMDMNMVDMW,36,8,3.57
CN(C)c1nc(N[C@H]2CC[C@@H](NC(=O)c3ccc(F)c(F)c3)CC2)nc2ccccc12,FAIMGWSOSCFGRU-IYBDPMFKSA-N,FAIMGWSOSCFGRU,31,8,3.13
CCCNC[C@@H](O)COc1ccccc1C(=O)CCc1ccccc1,JWHAUXFOSRPERK-GOSISDBHSA-N,JWHAUXFOSRPERK,25,4,1.56
O=c1[nH]n(C(c2ccncc2)C2CC2)c(=O)c2c(O)c3ccc(Cl)cc3nc12,NXVQRUWEBKFIJH-UHFFFAOYSA-N,NXVQRUWEBKFIJH,28,8,0.7
Cc1cc(OC2CCN(CC3CCN([C@@](C)(Cc4ccc(F)cc4)C(=O)O)CC3)CC2)ccc1Cl,LEHDCEDFGAFVGX-NDEPHWFRSA-N,LEHDCEDFGAFVGX,35,7,2.08
O=C(CCc1ccccc1)c1ccccc1,QGGZBXOADPVUPN-UHFFFAOYSA-N,QGGZBXOADPVUPN,16,1,3.77
CCCCc1ncc(/C=C(\Cc2cccs2)C(=O)O)n1Cc1ccc(C(=O)O)cc1,OROAFUQRIXKEMV-LDADJPATSA-N,OROAFUQRIXKEMV,30,7,-0.9
O=C(O)[C@H](Cc1ccccc1)N1CCC(CN2CCC(Oc3ccc(Cl)c(Cl)c3)CC2)CC1,YDRCHQQFHSPVMO-VWLOTQADSA-N,YDRCHQQFHSPVMO,33,7,2.5
C1CCC(C(CC2CCCCN2)C2CCCCC2)CC1,CYXKNKQEMFBLER-UHFFFAOYSA-N,CYXKNKQEMFBLER,20,1,3.02
COc1cc(Nc2nccc(N(C)c3cc(CO)ccc3C)n2)cc(N2CCOCC2)c1,WRFJDMAYWYYANT-UHFFFAOYSA-N,WRFJDMAYWYYANT,32,8,3.9
O=C(Nc1nc2c(=O)[nH]cnc2s1)c1ccccc1,CBEIXCAXMNUYQC-UHFFFAOYSA-N,CBEIXCAXMNUYQC,19,7,1.94
CC[C@H](NC(=O)c1c([S+](C)[O-])c(-c2ccc(F)cc2)nc2ccccc12)c1ccccc1,IOYHGYBXRSVPKS-GIFGLUKTSA-N,IOYHGYBXRSVPKS,32,6,3.72
Cc1cn([C@H]2CCCN(S(=O)(=O)c3ccc(O)c(Oc4cccc(C(F)(F)F)c4)c3)C2)c(=O)[nH]c1=O,RJJLDSDLBNRLKQ-INIZCTEOSA-N,RJJLDSDLBNRLKQ,36,13,2.27
COc1cccc([C@H](O)C2CCN(CCc3ccc(F)cc3)CC2)c1OC,HXTGXYRHXAGCFP-OAQYLSRUSA-N,HXTGXYRHXAGCFP,27,5,1.7
COc1ccc2nc(N[C@H]3CCC[C@H](NCc4ccsc4)C3)ccc2c1,GXTIQFRZCOVCGE-ROUUACIJSA-N,GXTIQFRZCOVCGE,26,5,2.43
Cc1cc(C)c2c(n1)sc1c(N3CCN(C)CC3)ncnc12,JMYTXWSBHSDZNI-UHFFFAOYSA-N,JMYTXWSBHSDZNI,22,6,3.2
CC(C)(C)OC(=O)N1CCN(c2ncc(OCc3ccc(S(C)(=O)=O)cc3)cn2)CC1,IUCMLAGMPMOAKS-UHFFFAOYSA-N,IUCMLAGMPMOAKS,31,10,3.27
O=C(COc1ccccc1)N1CCOCC1,LBEZQIFOXHJHDY-UHFFFAOYSA-N,LBEZQIFOXHJHDY,16,4,0.75
Cc1nnsc1C(=O)Nc1ccccc1,IYKDYRRWHMXJLW-UHFFFAOYSA-N,IYKDYRRWHMXJLW,15,5,0.97
CC[C@H](C)C(=O)O[C@H]1C[C@@H](C)C=C2C=C[C@H](C)[C@H](CC[C@@H](O)C[C@@H](O)CC(=O)O)[C@H]21,QLJODMDSTUBWDW-BXMDZJJMSA-N,QLJODMDSTUBWDW,30,6,1.07
Cc1cn([C@H]2CCCN(Cc3ccc(C(=O)O)c(Oc4cccc(C(F)(F)F)c4)c3)C2)c(=O)[nH]c1=O,SLYIQORXPGMWOF-SFHVURJKSA-N,SLYIQORXPGMWOF,36,11,-0.38
COc1cc(O)cc2occ(-c3ccc(O)cc3)c(=O)c12,YSINCDVRUMTOPK-UHFFFAOYSA-N,YSINCDVRUMTOPK,21,5,2.0
O=C(C1CCCCC1)N1CC(=O)N2CCc3ccccc3C2C1,FSVJFNAIGNNGKK-UHFFFAOYSA-N,FSVJFNAIGNNGKK,23,4,2.43
Cc1ccccc1-n1c(Cn2nc(-c3ccc(O)c(F)c3)c3c(N)ncnc32)nc2cccc(C)c2c1=O,TYLTZPAGUBOPCU-UHFFFAOYSA-N,TYLTZPAGUBOPCU,38,10,3.55
Nc1nc(Nc2ccc3nc(-c4ccc(F)cc4)cc(N)c3c2)cc(-c2cccc(Cl)c2)n1,UTSCTWNJOZBVAE-UHFFFAOYSA-N,UTSCTWNJOZBVAE,33,8,2.5
O=c1[nH]cnc2[nH]ncc12,OFCNXPDARWKPPY-UHFFFAOYSA-N,OFCNXPDARWKPPY,10,5,-0.42
Cc1ccc(S(=O)(=O)Nc2c(C(=O)N[C@@H](C)C(C)(C)C)c(C)nn2C2CCOC2)cc1,WAWWEYNGBNBIMY-BHWOMJMDSA-N,WAWWEYNGBNBIMY,31,9,0.78
O=c1ncn2nc(Sc3ccc(F)cc3F)ccc2c1-c1c(Cl)cccc1Cl,VEPKQEUBKLEPRA-UHFFFAOYSA-N,VEPKQEUBKLEPRA,28,9,2.74
Cc1c(Sc2ccc(Cl)cc2)c2cc(Cl)ccc2n1C(C)C(=O)O,GVHRZHLSKWKBKG-UHFFFAOYSA-N,GVHRZHLSKWKBKG,24,6,3.56
NC(=O)c1sc(-c2ccccc2)cc1N,DYRYDYQWWQHRQE-UHFFFAOYSA-N,DYRYDYQWWQHRQE,15,4,2.33
Cc1ccc2c(c1)c(-c1ccnc3cc(Cl)ccc13)c(C)n2CC(=O)O,HDRZLWOQFMULDF-UHFFFAOYSA-N,HDRZLWOQFMULDF,26,5,1.59
COc1ccc2ncc(F)c(CCN3CCC(NCc4cc5c(cn4)OCCO5)CC3)c2n1,PLGWYGPUULYMBF-UHFFFAOYSA-N,PLGWYGPUULYMBF,33,9,1.46
CS(=O)(=O)c1ccc(-c2cnc(N)c(-c3ccc(C(F)(F)F)nc3)c2)cc1,RTJQABCNNLMCJF-UHFFFAOYSA-N,RTJQABCNNLMCJF,27,9,2.4
O=C1CCOc2nc(CCc3ccccc3)ccc21,JDIGFOXOLFCZMD-UHFFFAOYSA-N,JDIGFOXOLFCZMD,19,3,2.5
O=c1[nH]c2cc(Cl)ccc2o1,TZFWDZFKRBELIQ-UHFFFAOYSA-N,TZFWDZFKRBELIQ,11,4,2.16
CC(C)C(=O)NCCNCC(O)COc1ccc(O)cc1,GQFLZIFVSDQCIK-UHFFFAOYSA-N,GQFLZIFVSDQCIK,21,6,-0.15
NC1(c2ccc(-c3nn4cccc4cc3-c3ccccc3)cc2)CCC1,KIDMFHKRSFOWBW-UHFFFAOYSA-N,KIDMFHKRSFOWBW,26,3,3.3
O=C(O)COc1ccc(C(F)(F)F)cc1CN1CCN(S(=O)(=O)c2ccccc2)CC1,MNRULTNYMVKEMA-UHFFFAOYSA-N,MNRULTNYMVKEMA,31,11,0.4
CSCCC(NC(=O)c1sccc1Cl)c1nc2ccccc2[nH]1,JOBQEJLXPYTGGO-UHFFFAOYSA-N,JOBQEJLXPYTGGO,23,7,3.69
COc1ccnc(CCc2nc3cccnc3[nH]2)c1,YBOCDKFRGBOOFO-UHFFFAOYSA-N,YBOCDKFRGBOOFO,19,5,1.69
O=C(Nc1nc2ccccc2n1CCN1CCOCC1)c1cccc([N+](=O)[O-])c1,QTCFYQHZJIIHBS-UHFFFAOYSA-N,QTCFYQHZJIIHBS,29,9,3.3
CC(C)[C@@H](CO)NS(=O)(=O)c1ccc(Cl)s1,GRJRMBINESMMLU-SSDOTTSWSA-N,GRJRMBINESMMLU,16,7,2.3
CC(C)C(NC(=O)Cn1c(-c2cccnc2)ccc(NC(=O)OCc2ccccc2)c1=O)C(=O)C(F)(F)F,MPUFYLGJTSPHOB-UHFFFAOYSA-N,MPUFYLGJTSPHOB,38,12,3.05
C=CC1CN2CCC1CC2[C@@H](O)c1ccnc2ccc(OC)cc12,LOUPRKONTZGTKE-LHFMAAMQSA-N,LOUPRKONTZGTKE,24,4,2.16
N#CC[C@H](C1CCCC1)n1cc(-c2ncnc3[nH]ccc23)cn1,HFNKQEVNSGCOJV-OAHLLOKOSA-N,HFNKQEVNSGCOJV,23,6,2.55
O=S(=O)(Nc1nccs1)c1cc(Cl)ccc1Cl,DJRKCQFSAXVEED-UHFFFAOYSA-N,DJRKCQFSAXVEED,17,8,1.14
O=C1COC2(CCN(S(=O)(=O)c3ccc(-c4ccc5cnccc5c4)cc3)CC2)CN1C1CC1,VHEFCIONPXNYGE-UHFFFAOYSA-N,VHEFCIONPXNYGE,34,8,3.32
COc1ccc(-c2cc(Nc3ccn(C)n3)n3ncc(C#N)c3n2)cc1,GPDNKMBIWFHBEU-UHFFFAOYSA-N,GPDNKMBIWFHBEU,26,8,2.97
Cc1cc(C(=O)Cn2cc(C(F)(F)F)ccc2=O)c(C)n1Cc1ccccc1,RGSGTUIDJXHTTO-UHFFFAOYSA-N,RGSGTUIDJXHTTO,28,7,3.46
Oc1ccc2nc(-c3ccccc3)sc2c1,QCYZKBYUZYTYEC-UHFFFAOYSA-N,QCYZKBYUZYTYEC,16,3,3.99
NS(=O)(=O)c1nc2ccccc2s1,SDYMYAFSQACTQP-UHFFFAOYSA-N,SDYMYAFSQACTQP,13,6,1.35
CS(=O)(=O)c1ccc(-c2cc(Cl)ccc2OCC(=O)O)c(Cl)c1,RRDSWNIAKIQLQS-UHFFFAOYSA-N,RRDSWNIAKIQLQS,23,8,-0.75
OC[C@H]1C[C@@H](n2nnc3c(N[C@@H]4C[C@H]4c4ccc(F)c(F)c4)nc(SCCC(F)(F)F)nc32)[C@H](O)[C@@H]1O,FSPIRRADWUCBCO-PBIXBGHESA-N,FSPIRRADWUCBCO,37,15,3.99
NC(=O)c1ccccc1OCc1ccccc1,HHKNJUHXNDIVFN-UHFFFAOYSA-N,HHKNJUHXNDIVFN,17,3,2.5
CC1CC(=O)Nc2ccccc2N1,BBPWQLMHOSRDMA-UHFFFAOYSA-N,BBPWQLMHOSRDMA,13,3,0.56
NC(=O)N1c2ccccc2CC(=O)c2ccccc21,CTRLABGOLIVAIY-UHFFFAOYSA-N,CTRLABGOLIVAIY,19,4,1.28
Cc1ccc(F)cc1S(=O)(=O)N[C@@H]1CCN(Cc2ccc(-c3ccccc3)cc2)C1,ZOPZOQTZDFMBGG-HSZRJFAPSA-N,ZOPZOQTZDFMBGG,30,6,4.0
COc1ccc(-c2coc3cc(O)cc(O)c3c2=O)cc1OC,KRJPWSDKKBLTLE-UHFFFAOYSA-N,KRJPWSDKKBLTLE,23,6,2.8
CC(=O)Nc1ccc2c(c1)c(Sc1ccc(Cl)cc1)c(C)n2CC(=O)O,GIKLOMGMVNCZNU-UHFFFAOYSA-N,GIKLOMGMVNCZNU,26,7,0.2
O=C1CCOc2nc(C#CC3CCCC3)ccc21,XIWPULFTGOZCOX-UHFFFAOYSA-N,XIWPULFTGOZCOX,18,3,3.0
CN1CCN2c3ncccc3Cc3ccccc3C2C1,RONZAEMNMFQXRA-UHFFFAOYSA-N,RONZAEMNMFQXRA,20,3,2.82
COc1ccccc1-c1nnc(N)[nH]1,VPYFFIZLDRLOFQ-UHFFFAOYSA-N,VPYFFIZLDRLOFQ,14,5,0.91
COc1ccc(N2CCN(C(=O)[C@@H]3CCCC[C@H]3C(=O)NC3(C#N)CC3)CC2)cc1OC,JZBYJYKJCCEKMS-RTBURBONSA-N,JZBYJYKJCCEKMS,32,8,1.4
CCN(C(=O)Cc1ccc(S(C)(=O)=O)cc1)C1CCN(CCC(c2ccccc2)c2ccc(NS(C)(=O)=O)cc2)CC1,ZIJRVERIGYOJGY-UHFFFAOYSA-N,ZIJRVERIGYOJGY,42,10,1.84
O=c1[nH]c2c(O)ccc([C@@H](O)CNCCSCCCNCCc3ccccc3)c2s1,FMRMQJKRHKYSLD-IBGZPJMESA-N,FMRMQJKRHKYSLD,30,8,0.12
CC(C)(C)NS(=O)(=O)c1cncc(-c2ccc3nc(NC(=O)NCC(=O)N4CCOCC4)nn3c2)c1,YYHMQTWHCVOTAO-UHFFFAOYSA-N,YYHMQTWHCVOTAO,36,14,0.96
CC[C@H](NC(=O)c1c([S+]([O-])C(C)C)c(-c2ccccc2)nc2ccccc12)c1ccccc1,VWQIGNRYSHYIOH-SBYCOZGSSA-N,VWQIGNRYSHYIOH,33,5,3.81
COc1cc(OC)c(S(=O)(=O)N2c3ccccc3CCC2C)cc1NC(=O)COC(C)=O,ATZDFFVQPCJAEU-UHFFFAOYSA-N,ATZDFFVQPCJAEU,32,10,2.07
C[C@@]1(C(=O)Nc2ccc(F)nc2)CCCN1c1nc(Nc2cc(C3CC3)[nH]n2)c2cccn2n1,LQVXSNNAFNGRAH-QHCPKHFHSA-N,LQVXSNNAFNGRAH,34,11,3.16
CC1CN(C(=O)c2ccccc2)c2ccccc2NC1=O,LFJPUUDNDPSUCF-UHFFFAOYSA-N,LFJPUUDNDPSUCF,21,4,1.73
COc1cc2ncn(-c3cc(OCc4ccccc4C(F)(F)F)c(C(=O)O)s3)c2cc1OC,JAMDNXUAYUHJLJ-UHFFFAOYSA-N,JAMDNXUAYUHJLJ,33,11,0.84
O=c1[nH]c2c(O)ccc([C@@H](O)CNCCCSCCNCCc3cccc(Cl)c3Cl)c2s1,VSVCCWQJHSJDMV-SFHVURJKSA-N,VSVCCWQJHSJDMV,32,10,1.74
NC(=O)Nc1cc(-c2cccc(F)c2F)sc1C(=O)N[C@H]1CCCNC1,GPLOHUXGQDIQEW-VIFPVBQESA-N,GPLOHUXGQDIQEW,26,9,1.32
CC(C)C(=O)Nc1nc(-c2ccccn2)cc2ccccc12,MMCKTCYZCHRPQJ-UHFFFAOYSA-N,MMCKTCYZCHRPQJ,22,4,2.7
Nc1nc(N)c2nc(-c3ccccc3)c(N)nc2n1,FNYLWPVRPXGIIP-UHFFFAOYSA-N,FNYLWPVRPXGIIP,19,7,1.16
C=CCNS(=O)(=O)c1ccc(NC(=O)[C@@](C)(O)C(F)(F)F)c(Cl)c1,VVLCJIFBCLQQDO-GFCCVEGCSA-N,VVLCJIFBCLQQDO,24,11,3.07
COc1ccc(C(=O)NCc2cn(-c3cc(C)nc4ccc(OC)cc34)nn2)cc1,UJBBXJZFCDYIQF-UHFFFAOYSA-N,UJBBXJZFCDYIQF,30,8,3.5
O=S(=O)(CCCNCCc1ccc(O)c2nc(O)sc12)NCCOCCc1cccc(Cl)c1,MTHQDAGFQRXREH-UHFFFAOYSA-N,MTHQDAGFQRXREH,33,11,1.92
NC12CC3CC(CC(C3)C1)C2,DKNWSYNQZKUICI-UHFFFAOYSA-N,DKNWSYNQZKUICI,11,1,-0.98
CNC(=O)c1cc(-c2nc(N3CCOCC3)cc(C3(S(C)(=O)=O)CC3)n2)c2cc[nH]c2c1,KSYBZGYFUCTFLA-UHFFFAOYSA-N,KSYBZGYFUCTFLA,32,10,1.7
O=c1ccc(=O)c2ccccc2[nH]1,CIVZHVZUMZYFJP-UHFFFAOYSA-N,CIVZHVZUMZYFJP,13,3,1.02
CC[C@@H](Nc1c(Nc2cccc(C(=O)N(C)C)c2O)c(=O)c1=O)c1ccc(C)o1,RXIUEIPPLAFSDF-CYBMUJFWSA-N,RXIUEIPPLAFSDF,29,8,2.32
Fc1ccc(CN2CCN(C3=Nn4c(nnc4C(F)(F)F)CC3)CC2)cc1,INIIDTFMHZRHDG-UHFFFAOYSA-N,INIIDTFMHZRHDG,27,10,2.8
O=C(Nc1ccc(N2CCOCC2)cc1)c1nnc(NC(=O)C2(c3ccc(Cl)cc3)CCCC2)o1,XHQCVTXKMOCNKV-UHFFFAOYSA-N,XHQCVTXKMOCNKV,35,10,3.72
CC[C@H](NC(=O)c1c(CN(C)C)c(-c2ccccc2)nc2ccccc12)c1ccccc1,SRCSBMBYPRHSJZ-DEOSSOPVSA-N,SRCSBMBYPRHSJZ,32,4,4.18
CCOC(=O)Nc1cccc([C@@H](c2ccc(C(=O)N(C)CC)cc2)N2CCN(Cc3nc[nH]c3C)CC2)c1,ZLMMTVJZWSOPAL-HHHXNRCGSA-N,ZLMMTVJZWSOPAL,38,9,2.32
Nc1nc(-c2ccccc2)cs1,PYSJLPAOBIGQPK-UHFFFAOYSA-N,PYSJLPAOBIGQPK,12,3,2.43
COc1ccnc(CCc2nc3cc(Br)cnc3[nH]2)c1,NCNCDRDHFQNSFX-UHFFFAOYSA-N,NCNCDRDHFQNSFX,20,6,2.92
Nc1nnc(-c2cccc(Cl)c2Cl)c(N)n1,PYZRQGJRPPTADH-UHFFFAOYSA-N,PYZRQGJRPPTADH,16,7,1.38
CCOc1ccc2oc(C(=O)NC(CCSC)c3nc4ncccc4[nH]3)c(C)c2c1,XOQVIIRWRLDGDX-UHFFFAOYSA-N,XOQVIIRWRLDGDX,30,8,4.23
CCOC(=O)C(CCc1ccccc1)NC1CCc2ccccc2N(CC(=O)O)C1=O,XPCFTKFZXHTYIP-UHFFFAOYSA-N,XPCFTKFZXHTYIP,31,7,-0.2
COc1ccc(Cl)c(Nc2ncnc3cc(OCC4CCN(C)CC4)c(OC)cc23)c1,WPOXAFXHRJYEIC-UHFFFAOYSA-N,WPOXAFXHRJYEIC,31,8,2.0
CS(=O)(=O)C1(c2cc(N3CCOCC3)nc(-c3cccc(N)c3)n2)CC1,SKBWNZQKMZNBCV-UHFFFAOYSA-N,SKBWNZQKMZNBCV,26,8,1.35
Nc1ncc(-c2ccc(S(=O)(=O)N3CCOCC3)cc2)nc1C(=O)Nc1cccnc1,XNDBMYMVADOBNP-UHFFFAOYSA-N,XNDBMYMVADOBNP,31,11,2.83
CS(=O)(=O)NCC(NC(=O)C1(N)CCN(c2ncnc3[nH]ccc23)CC1)c1ccc(Cl)cc1,NZHFMDCYXYDUQJ-UHFFFAOYSA-N,NZHFMDCYXYDUQJ,33,12,2.1
CN1CCN(c2ccc(NC(=O)c3nnc(Nc4ccccc4F)o3)cn2)CC1,DLBKGVUOCQAPRH-UHFFFAOYSA-N,DLBKGVUOCQAPRH,29,10,2.36
CC[C@H](NC(=O)c1c([S+](C)[O-])c(-c2ccccc2)nc2cc(Br)ccc12)c1ccccc1,CUMXLCHFGJCMGC-GIFGLUKTSA-N,CUMXLCHFGJCMGC,32,6,3.18
COc1cc(N2CCN(C(C)=O)CC2)ccc1Nc1ncc(Cl)c(-c2cnc3c(F)cc(F)cn23)n1,AOUATNRHHSRWML-UHFFFAOYSA-N,AOUATNRHHSRWML,36,12,3.2
CON(C)C(=O)c1c(Cn2c(C)nc(Cl)c2Cl)sc2c1c(=O)n(C)c(=O)n2CC(C)C,CMLJYPLKIKPWDF-UHFFFAOYSA-N,CMLJYPLKIKPWDF,31,12,2.23
NC1(C(=O)NC(c2ccc(Cl)cc2)C2CC2)CCN(c2ncnc3[nH]ccc23)CC1,BMNSOVCKJXEHNM-UHFFFAOYSA-N,BMNSOVCKJXEHNM,30,8,3.4
O=C(NC[C@@H](O)CN1CCC(Oc2ccc(Cl)c(Cl)c2)CC1)c1n[nH]c2ccccc12,RGQXJYRGDMABLT-CQSZACIVSA-N,RGQXJYRGDMABLT,31,9,2.95
COc1cc(N2CCN(C)CC2)c2nc(C(=O)Nc3ccc(N4CCOCC4)cc3)cc(N(C)C)c2c1,TVVMFPCZWFJVGN-UHFFFAOYSA-N,TVVMFPCZWFJVGN,37,9,3.3
Cc1nn(C2CCN(C)CC2)cc1-c1cnc(N)c(-c2nc3ccccc3o2)c1,VDLPZFPQISBPJF-UHFFFAOYSA-N,VDLPZFPQISBPJF,29,7,3.4
CC1C(=O)Nc2ccccc2N1C(=O)c1ccccc1,VVHPUMNUAYHQIT-UHFFFAOYSA-N,VVHPUMNUAYHQIT,20,4,2.11
CC(C)N1CCN(Cc2cnc(-c3cc(-c4cccc5[nH]ccc45)cc4[nH]ncc34)o2)CC1,MCIDWGZGWVSZMK-UHFFFAOYSA-N,MCIDWGZGWVSZMK,33,7,3.49
CC(C)C(NC(=O)Cn1c(-c2ccccc2)ncc(NC(=O)OCC(F)(F)F)c1=O)C(=O)C(F)(F)F,SDJJCNOHFIHVDP-UHFFFAOYSA-N,SDJJCNOHFIHVDP,36,15,2.37
Cc1ccc(Cl)c(Nc2ccccc2C(=O)O)c1Cl,SBDNJUWAMKYJOX-UHFFFAOYSA-N,SBDNJUWAMKYJOX,19,5,2.33
COc1ccc2ncc(=O)n(CCN3CC[C@@H](NCc4cc5c(cn4)OCCO5)[C@@H](O)C3)c2c1,CWTNGAPXMSGUOV-CTNGQTDRSA-N,CWTNGAPXMSGUOV,34,10,0.78
CCOc1cc2nccc(Oc3cnc(CC(=O)Nc4n[nH]c(CC)c4C)c(OC)c3)c2cc1OC,LQNNUQKZSZVOBC-UHFFFAOYSA-N,LQNNUQKZSZVOBC,36,10,3.29
CCNc1nc(C#N)nc(Nc2ccccc2)n1,FHCGJKYYSNANOR-UHFFFAOYSA-N,FHCGJKYYSNANOR,18,6,3.11
O=C1CCOc2nc(/C=C/c3ccccc3)ccc21,SCGMBYSQQNHWDV-VOTSOKGWSA-N,SCGMBYSQQNHWDV,19,3,3.2
COc1cc2ncnc(Nc3cc(NC(=O)c4ccnc(N5CCOCC5)c4)ccc3C)c2cc1OCCN1CCCC1,LGTPGGBSDIEHKM-UHFFFAOYSA-N,LGTPGGBSDIEHKM,43,11,2.7
NS(=O)(=O)c1cc2c(cc1C(F)(F)F)NC(Cc1ccccc1)NS2(=O)=O,HDWIHXWEUNVBIY-UHFFFAOYSA-N,HDWIHXWEUNVBIY,27,12,1.78
c1ccc(CNCCNCc2ccccc2)cc1,JUHORIMYRDESRB-UHFFFAOYSA-N,JUHORIMYRDESRB,18,2,0.73
CNCC[C@@H](Oc1ccc(C(F)(F)F)cc1)c1ccccc1,RTHCYVBBDHJXIQ-MRXNPFEDSA-N,RTHCYVBBDHJXIQ,22,5,1.96
Cc1cc(Oc2ccc3c(c2)OCO3)nc(Oc2ccc(-n3ccnc3)cc2)n1,QQBNDYARFVOEGW-UHFFFAOYSA-N,QQBNDYARFVOEGW,29,8,3.47
CS(=O)(=O)Cc1cc(N2CCOCC2)nc(-c2cnc3[nH]ccc3c2)n1,ZQAXZFDFIFNDJG-UHFFFAOYSA-N,ZQAXZFDFIFNDJG,26,9,1.92
COC(=O)CCCC(=O)Nc1ccc2c(c1)-c1ccccc1C(=O)C2=O,PJJXXIKXRGBYLU-UHFFFAOYSA-N,PJJXXIKXRGBYLU,26,6,2.96
C[C@@H]1CN(c2noc(C3CC3)n2)CCN1c1ncc(OCc2ccncc2C#N)cn1,NEUZVFSMXDYIRA-CQSZACIVSA-N,NEUZVFSMXDYIRA,31,10,3.1
CCN(CC)S(=O)(=O)c1ccc(-c2nnc(SCC(=O)N3CCc4ccccc43)o2)cc1,SNOGKFRNPQRXAJ-UHFFFAOYSA-N,SNOGKFRNPQRXAJ,32,10,3.9
O=C(O)C[C@@H]1c2ccccc2C[C@H]1NC(=O)c1cc2sc(Cl)c(Cl)c2[nH]1,HMEJFKBSLZUVMF-GHMZBOCLSA-N,HMEJFKBSLZUVMF,26,8,2.53
Cc1ccc(C(=O)Nc2ccon2)cc1NC(=O)c1cnn(-c2ccccc2F)c1N,HFTDLOVSQHYBFJ-UHFFFAOYSA-N,HFTDLOVSQHYBFJ,31,10,2.6
CN1CCN(c2cc(F)cc3c(=O)cc(C(=O)Nc4ccc(N5CCOCC5)cc4)[nH]c23)CC1,DCLJCEMLLBKMNJ-UHFFFAOYSA-N,DCLJCEMLLBKMNJ,34,9,2.7
CC(C)Oc1cc(OCCc2cccnc2)cc(C(=O)Nc2ccc(C(=O)O)cn2)c1,FEQMDFMPPPXPCM-UHFFFAOYSA-N,FEQMDFMPPPXPCM,31,8,0.81
Cn1c(-c2ccc(O)nc2)nc2ccccc21,LWCUVEXXGCXPHP-UHFFFAOYSA-N,LWCUVEXXGCXPHP,17,4,1.2
CCOC(=O)C1(c2cccc(O)c2)CCCN(CC2CC2)C1,OXUKUIWKYBCOTM-UHFFFAOYSA-N,OXUKUIWKYBCOTM,22,4,1.89
O=C(Nc1nc2ccccc2n1CCCO)c1cccc([N+](=O)[O-])c1,VBIYDORVDCFKHM-UHFFFAOYSA-N,VBIYDORVDCFKHM,25,8,3.0
CCC(CC)NC(=O)c1cnn(-c2ccccc2Cl)c1NS(=O)(=O)c1ccc(C)cc1,GZGDVCWRIYBOCH-UHFFFAOYSA-N,GZGDVCWRIYBOCH,31,9,0.65
O=c1[nH]n(Cc2ccsc2)c(=O)c2c(=O)c3ccc(Cl)cc3[nH]c12,AFEOUEVRAOUNCG-UHFFFAOYSA-N,AFEOUEVRAOUNCG,24,8,1.11
Cc1cc2cc(C)c3nnc(SCC(=O)N4CCN(C(=O)c5ccco5)CC4)n3c2cc1C,GFYYWSNSKOTGCA-UHFFFAOYSA-N,GFYYWSNSKOTGCA,33,9,2.8
Cc1cc(NC(=O)Nc2ccc(Cl)cc2)n(C)n1,YMMUKIDEWJJILX-UHFFFAOYSA-N,YMMUKIDEWJJILX,18,6,2.96
CC1(C)C(=O)N(c2ccc(SC(F)(F)F)cc2)C(=O)N1Cc1ccnc(N2CCOCC2)c1,SRFRSMVSHJQQRM-UHFFFAOYSA-N,SRFRSMVSHJQQRM,33,11,3.73
Cc1ccc(Cl)c(Nc2cc(Nc3ccc(OCC(O)CN(C)C)cc3)ncn2)c1,UOOGYXHQWUAUFW-UHFFFAOYSA-N,UOOGYXHQWUAUFW,30,8,2.16
CN(C)S(=O)(=O)c1ccc2c(C(=O)NC[C@@H](O)CN3CCC(Oc4ccc(Cl)c(Cl)c4)CC3)c[nH]c(=O)c2c1,JPDUMUHTXIBGHJ-MRXNPFEDSA-N,JPDUMUHTXIBGHJ,39,13,3.13
C[C@@H](Oc1cccc2ncnc(Nc3ccc(OCc4ccccn4)c(Cl)c3)c12)C(=O)N(C)C,QPPYSOHWFOUKPX-MRXNPFEDSA-N,QPPYSOHWFOUKPX,34,9,3.67
CC(CN(C)C)CN1c2ccccc2CCc2ccccc21,ZSCDBOWYZJWBIY-UHFFFAOYSA-N,ZSCDBOWYZJWBIY,22,2,2.95
Cc1cc(C)c(CNC(=O)c2cc(C3CC3)nc3c2cnn3C(C)C)c(O)n1,HNHUNRACMOTTER-UHFFFAOYSA-N,HNHUNRACMOTTER,28,7,3.8
Cc1cc(Cl)ccc1OC1CCN(C[C@H](O)CNC(=O)c2c[nH]nc2C(F)(F)F)CC1,LSHDMKHXFDYKLP-CQSZACIVSA-N,LSHDMKHXFDYKLP,31,11,3.02
O=C(Nc1ccc(S(=O)(=O)N2CCOCC2)cc1)c1cc(Cl)ccc1NS(=O)(=O)c1ccc(Cl)s1,PQHLRGARXNPFCF-UHFFFAOYSA-N,PQHLRGARXNPFCF,35,14,3.02
CN(C)CC(O)COc1ccc(Nc2cc(N(CC#N)c3cc(Cl)ccc3Cl)ncn2)cc1,UHPKVNVPEONGAY-UHFFFAOYSA-N,UHPKVNVPEONGAY,33,10,2.1
CCN1CCC[C@H]1CNC(=O)c1c(OC)ccc(Br)c1OC,GUJRSXAPGDDABA-NSHDSACASA-N,GUJRSXAPGDDABA,22,6,0.05
Cc1cc2c(C(=O)NC[C@H](C)c3ccccc3)c(O)c(O)cc2c(O)c1-c1c(C)cc2c(C(=O)NC[C@H](C)c3ccccc3)c(O)c(O)cc2c1O,RAYNZUHYMMLQQA-ZEQRLZLVSA-N,RAYNZUHYMMLQQA,52,10,3.48
COc1ccc(-c2ccc3c(N4CCOC[C@@H]4C)nc(N4CCOC[C@@H]4C)nc3n2)cc1C(N)=O,TUDAPCLGABKYQN-HOTGVXAUSA-N,TUDAPCLGABKYQN,35,10,2.82
O=C(Nc1ccc([N+](=O)[O-])cc1O)Nc1ccccc1Br,MQBZVUNNWUIPMK-UHFFFAOYSA-N,MQBZVUNNWUIPMK,21,8,3.9
COc1ccc(S(=O)(=O)NC(=O)N2CCC(N3CCC(Oc4ccc(Cl)c(Cl)c4)CC3)CC2)cc1,ZLPRNWIDJZJYMH-UHFFFAOYSA-N,ZLPRNWIDJZJYMH,35,11,1.39
C[C@H](CN(C)C(=O)CO)Oc1cccc2ncnc(Nc3ccc(OCc4ccccn4)c(Cl)c3)c12,ZROBAJVGRYCCGH-QGZVFWFLSA-N,ZROBAJVGRYCCGH,36,10,3.22
O=C(NCC12CC3CC(CC(C3)C1)C2)c1cc(O[C@H]2CCCNC2)ccc1Cl,VXFCQJMLQVJIKZ-UVLALUNPSA-N,VXFCQJMLQVJIKZ,28,5,2.18
COCCS(=O)(=O)N1CCN(c2ccc(Nc3nccc(-c4cnc(C)n4C(C)C)n3)cc2)CC1,PBZUWKJLMGWBDP-UHFFFAOYSA-N,PBZUWKJLMGWBDP,35,11,2.75
O=c1cc(-c2ccc(O)cc2)oc2cc(O)ccc12,LCAWNFIFMLXZPQ-UHFFFAOYSA-N,LCAWNFIFMLXZPQ,19,4,3.2
Cc1cccc(Nc2ccccc2C(=O)O)c1C,HYYBABOKPJLUIN-UHFFFAOYSA-N,HYYBABOKPJLUIN,18,3,1.89
CCCc1c(OCc2ccc(C(=O)O)c(Br)c2)ccc(C(C)=O)c1O,ZJRYYRGHQYOJOS-UHFFFAOYSA-N,ZJRYYRGHQYOJOS,25,6,2.3
CC1CCC(CC(=O)Nc2cccc3ncccc23)CC1,JMCBXQUHXRJEAX-UHFFFAOYSA-N,JMCBXQUHXRJEAX,21,3,3.56
CCCN[C@H]1CCc2nc(N)sc2C1,FASDKYOPVNHBLU-ZETCQYMHSA-N,FASDKYOPVNHBLU,14,4,3.15
Nc1nc(OCc2nccs2)nc2c1ncn2[C@@H]1O[C@H](CF)[C@@H](O)[C@H]1O,ODYWKMFMZNYCNS-ZRFIDHNTSA-N,ODYWKMFMZNYCNS,26,12,0.47
CCNC(=O)C[C@@H]1N=C(c2ccc(Cl)cc2)c2cc(OC)ccc2-n2c(C)nnc21,AAAQFGUYHFJNHI-SFHVURJKSA-N,AAAQFGUYHFJNHI,30,8,2.46
Nc1ccccc1NC(=O)c1ccc(-c2ncc(CN3CCC3)cc2F)cc1,XVTXDYYRTNAOLL-UHFFFAOYSA-N,XVTXDYYRTNAOLL,28,6,1.69
O=C(c1cccc(Cc2n[nH]c(=O)c3ccccc23)c1)N1CCN(c2ncccn2)CC1,SFUJPZOVEJALDI-UHFFFAOYSA-N,SFUJPZOVEJALDI,32,8,2.13
O=c1[nH]c2c(O)ccc([C@@H](O)CNCCCSCCNCCc3ccccc3Cl)c2s1,GVHLBPYEIBTYRR-IBGZPJMESA-N,GVHLBPYEIBTYRR,31,9,0.99
Cc1ccc(NC(=O)c2cccc(C(F)(F)F)c2)cc1NC(=O)c1ccc2ncccc2c1,MPBVMNIUVWBOBF-UHFFFAOYSA-N,MPBVMNIUVWBOBF,33,8,3.87
c1ccc(-c2nnc(-c3ccccc3)s2)cc1,LKZWCRGTHNZTQN-UHFFFAOYSA-N,LKZWCRGTHNZTQN,17,3,4.2
CC(C)(C)NCC(O)COc1nsnc1N1CCOCC1,BLJRIMJGRPQVNF-UHFFFAOYSA-N,BLJRIMJGRPQVNF,21,8,-0.35
Cc1ccc(S(=O)(=O)Nc2c(C(=O)NCc3ccccc3)cnn2-c2ccccc2)cc1,SRQAUOYUAKGJIN-UHFFFAOYSA-N,SRQAUOYUAKGJIN,32,8,1.9
CN1CCCC(CN2CCN(C(=O)Nc3ccc(Cl)c(Cl)c3)CC2)C1,ZXBGDMYNCLFGDV-UHFFFAOYSA-N,ZXBGDMYNCLFGDV,25,7,1.98
CCCCN(CCNC[C@H](O)c1ccc(O)c2[nH]c(=O)sc12)C(=O)CCOCCc1ccccc1,SEPMRQHFLHXBBG-QFIPXVFZSA-N,SEPMRQHFLHXBBG,35,9,2.51
Cc1ccc(S(=O)(=O)NC(=O)N2CCC(N3CCC(Oc4ccc(Cl)cc4)CC3)CC2)cc1,RUMOWLXMMCFECC-UHFFFAOYSA-N,RUMOWLXMMCFECC,33,9,1.6
C[C@@]1(c2cc(-c3cncnc3)c(F)cc2F)CCSC(N)=N1,MJQMRGWYPNIERM-HNNXBMFYSA-N,MJQMRGWYPNIERM,22,7,0.8
CC(C)Oc1cc(-n2cnc3cnc(N[C@@H](C)c4ncc(F)cn4)nc32)n[nH]1,ORGZROPLWGSXRB-JTQLQIEISA-N,ORGZROPLWGSXRB,28,11,2.41
Nc1[nH]ncc1-c1cc(Cl)ccc1Oc1cc(F)c(S(=O)(=O)Nc2cscn2)cc1Cl,ZYSCOUXLBXGGIM-UHFFFAOYSA-N,ZYSCOUXLBXGGIM,31,13,2.3
Cc1cnc(C(=O)NCCc2ccc(S(=O)(=O)NC(=O)NC3CCCCC3)cc2)cn1,ZJJXGWJIGJFDTL-UHFFFAOYSA-N,ZJJXGWJIGJFDTL,31,10,0.31
O=C(O)c1ccccc1Cn1nnc(-c2cccc(OCc3ccc4ccccc4n3)c2)n1,CRZGCEYTNMJWPK-UHFFFAOYSA-N,CRZGCEYTNMJWPK,33,8,2.1
O=C(c1ccc(Cl)cc1)C1CCN(C(=O)C2CC2)CC1,SOAKHLPBQXCYOE-UHFFFAOYSA-N,SOAKHLPBQXCYOE,20,4,2.72
COCCNCc1cccc(CCNC[C@H](O)c2ccc(O)c3[nH]c(=O)sc23)c1,BGLYKONMLBFSGK-SFHVURJKSA-N,BGLYKONMLBFSGK,29,8,0.01
COc1cc2ncc(C(N)=O)c(Nc3ccc(F)cc3)c2cc1OC,IDQBBASBPGPXKK-UHFFFAOYSA-N,IDQBBASBPGPXKK,25,7,2.82
O=C(Nc1cccc(NC(=O)c2ccccc2)n1)c1ccccc1,MDZVTIKZFXVYCJ-UHFFFAOYSA-N,MDZVTIKZFXVYCJ,24,5,4.02
N#Cc1ccc(Cl)cc1O[C@H](CCN)c1ccccc1,GPCXUXJZOSOVLY-OAHLLOKOSA-N,GPCXUXJZOSOVLY,20,4,0.76
CCc1[nH]nc(NC(=O)Cc2ncc(Oc3ccnc4cc(OC)c(OC)cc34)cc2OC)c1C,OVKRRHLOFQLWRN-UHFFFAOYSA-N,OVKRRHLOFQLWRN,35,10,2.79
C#CCN(c1cc(Nc2ccc(OCC(O)CN(C)C)cc2)ncn1)c1cc(Cl)ccc1Cl,JRTSBKRFLSGRIV-UHFFFAOYSA-N,JRTSBKRFLSGRIV,33,9,2.8
Nc1ccc2ncccc2c1,RJSRSRITMWVIQT-UHFFFAOYSA-N,RJSRSRITMWVIQT,11,2,1.33
CN[C@@H](C)C(=O)N[C@H](C(=O)N[C@H]1CCN(CCc2ccccc2)C1)C1CCCCC1,YEYRAODZSYSNEM-NYVOZVTQSA-N,YEYRAODZSYSNEM,30,6,1.65
Cc1c(Sc2ccc(Cl)cc2)c2c(Cl)nccc2n1CC(=O)O,XEYDGQLGRXJVCH-UHFFFAOYSA-N,XEYDGQLGRXJVCH,23,7,0.92
O=C1COc2ccc(CNC3CCN(CCN4C(=O)COc5ccc(Br)cc54)CC3)nc2N1,IOTQMKWKQPFOSC-UHFFFAOYSA-N,IOTQMKWKQPFOSC,33,10,1.42
CC(C)N1CCN(Cc2cnc(-c3ccc(C(=O)Nc4ccccc4N)cc3)c(Cl)c2)CC1,ZCCQJRPGTUXMST-UHFFFAOYSA-N,ZCCQJRPGTUXMST,33,7,1.68
CC(C)CNc1nc(C#N)nc(N2CCNCC2)c1N,PCCGUZVUPBIHJH-UHFFFAOYSA-N,PCCGUZVUPBIHJH,20,7,0.7
C[C@@H](O)[C@H](NC(=O)c1ccc(C#Cc2ccc(CN3CCOCC3)cc2)cc1)C(=O)NO,FQYBTYFKOHPWQT-VGSWGCGISA-N,FQYBTYFKOHPWQT,32,8,2.03
O=C(NC[C@@H](O)CN1CCC(Oc2ccc(Cl)c(Cl)c2)CC1)n1c(=O)[nH]c2ccccc21,CLQMFOOMFPNKNA-CQSZACIVSA-N,CLQMFOOMFPNKNA,32,10,4.46
Cc1c(Oc2ccc(Cl)cc2)c2cc(C(F)(F)F)ccc2n1CC(=O)O,MOMVCWJBFVNKBI-UHFFFAOYSA-N,MOMVCWJBFVNKBI,26,8,2.28
CC(C)(F)C[C@H](N[C@@H](c1ccc(-c2ccc(S(C)(=O)=O)cc2)cc1)C(F)(F)F)C(=O)NC1(C#N)CC1,FWIVDMJALNEADT-SFTDATJTSA-N,FWIVDMJALNEADT,36,11,2.9
CN(C)CCCN1c2ccccc2CCc2ccccc21,BCGWQEUPMDMJNV-UHFFFAOYSA-N,BCGWQEUPMDMJNV,21,2,2.49
CN1CCOc2cc(COC3CCCCC3)cnc21,WCXABTLZPMLWGG-UHFFFAOYSA-N,WCXABTLZPMLWGG,19,4,3.1
CC(C)C(NC(=O)Cn1c(-c2ccccc2)ccc(NC(=O)CN2CCOCC2)c1=O)C(=O)C(F)(F)F,DLHJWVOSADZOLP-UHFFFAOYSA-N,DLHJWVOSADZOLP,37,12,2.0
COc1ccc(CCN(C)CCCC(C#N)(c2ccc(OC)c(OC)c2)C(C)C)cc1OC,SGTNSNPWRIOYBX-UHFFFAOYSA-N,SGTNSNPWRIOYBX,33,6,2.61
COc1ccccc1Nc1cc(Oc2cc(C)c(C)nc2-c2ccccn2)ccn1,TWHDGQOWPWNNCU-UHFFFAOYSA-N,TWHDGQOWPWNNCU,30,6,3.37
O=C(Nc1cccc(-c2nnn[nH]2)c1)c1cc(F)cc2[nH]cnc12,LGMSKMVKZURFLF-UHFFFAOYSA-N,LGMSKMVKZURFLF,24,9,0.29
O=c1n(CCCN2CCN(c3cccc(Cl)c3)CC2)nc2ccccn12,PHLBKPHSAVXXEF-UHFFFAOYSA-N,PHLBKPHSAVXXEF,26,7,2.67
CC(C)Cn1c(=O)n(C)c(=O)c2c(C(=O)N3CC[C@@H](O)C3)c(Cc3ccccc3C(F)(F)F)sc21,NSWICKVFAPQAMB-OAHLLOKOSA-N,NSWICKVFAPQAMB,35,11,2.74
CC(=O)c1ncccc1NC(=O)[C@H]1CC[C@H](N2C(=O)[C@@H]3[C@@H]4CC[C@@H](C4)[C@@H]3C2=O)CC1,OETCLXZXWZTAOY-FSIGGGPRSA-N,OETCLXZXWZTAOY,30,7,3.01
CC(=O)Nc1ccc2nc(-c3cccc(F)c3)cc(O)c2c1,SNJDIYIRSGAION-UHFFFAOYSA-N,SNJDIYIRSGAION,22,5,2.41
COc1ccc2nc(N[C@H]3CCC[C@H](NCc4ccsc4)C3)cc(C)c2c1,FELFFDCWHKHTBL-ROUUACIJSA-N,FELFFDCWHKHTBL,27,5,2.41
COc1cc(N2CCN(C(C)=O)CC2)ccc1Nc1ncc(Cl)c(-c2cnc3c(F)cccn23)n1,VOSCTWFEMFHHLL-UHFFFAOYSA-N,VOSCTWFEMFHHLL,35,11,3.5
C=CCOc1ccccc1OCC(O)CNC(C)C,CEMAWMOMDPGJMB-UHFFFAOYSA-N,CEMAWMOMDPGJMB,19,4,0.2
COc1ccc2ncc(=O)n(CCN3CCC(NCc4cc5c(cn4)OCCO5)CC3)c2n1,WCBQIGVMQVCDAV-UHFFFAOYSA-N,WCBQIGVMQVCDAV,33,10,0.83
O=C(c1scc2c1CCCC2)N1CCCCC1,YUXAASKJLIZBMK-UHFFFAOYSA-N,YUXAASKJLIZBMK,17,3,3.16
NC(=O)Nc1sc(-c2ccc(OCCN3CCCCC3)cc2)cc1C(N)=O,SCBVWSFCSHHZTA-UHFFFAOYSA-N,SCBVWSFCSHHZTA,27,8,1.2
CC(C)C(NC(=O)Cn1c(-c2cccs2)ncc(NC(=O)OCc2ccccc2)c1=O)C(=O)C(F)(F)F,NDYHIYRSABAECL-UHFFFAOYSA-N,NDYHIYRSABAECL,37,13,2.02
CS(=O)(=O)c1ccc2nc(N3CCN(C(=O)[C@@H]4CCCC[C@H]4C(=O)NC4(C#N)CC4)CC3)sc2c1,MSHULPIKNRKAQH-QZTJIDSGSA-N,MSHULPIKNRKAQH,35,11,1.49
Oc1ccc(C2CNCCc3c2cc(O)c(O)c3Cl)cc1,TVURRHSHRRELCG-UHFFFAOYSA-N,TVURRHSHRRELCG,21,5,0.87
CS(=O)(=O)c1cccc(Nc2nccc(Nc3c(Cl)ccc4c3OCO4)n2)c1,QTFCKBFCXDAZIU-UHFFFAOYSA-N,QTFCKBFCXDAZIU,28,10,3.13
CCS(=O)(=O)c1ccc2c(c1)N(CCN1CCC(NCc3ccc4c(n3)NC(=O)CO4)CC1)C(=O)CO2,RHKBXXBUIGYJKK-UHFFFAOYSA-N,RHKBXXBUIGYJKK,37,12,-0.11
COc1ccc(OC)c(-c2cccc3c(N)c(C(=O)NC(C)C)nnc23)c1,YTPPBAYYHIGVLQ-UHFFFAOYSA-N,YTPPBAYYHIGVLQ,27,7,3.65
O=c1cc(N2CCOCC2)oc2c(-c3cccc(-c4ccsc4)c3)cccc12,BUCASDFNMADOQL-UHFFFAOYSA-N,BUCASDFNMADOQL,28,5,4.2
CC(C)(C)c1cc2nc3c(c(O)n2n1)CN(Cc1ccccc1)C3=O,HCCZYSHZNRQNIN-UHFFFAOYSA-N,HCCZYSHZNRQNIN,25,6,1.9
Cc1ncc(-c2ccnc(Nc3ccccc3)n2)n1C(C)C,IXGNQQMKOJKKCS-UHFFFAOYSA-N,IXGNQQMKOJKKCS,22,5,3.58
[O-]c1c2c(nn1-c1ccc(Cl)cc1)c1ccccc1c[n+]2Cc1ccccc1,OJYYOWALIBFIND-UHFFFAOYSA-N,OJYYOWALIBFIND,28,5,4.5
N#CC1(NC(=O)[C@@H]2CCCC[C@H]2C(=O)N2CCc3oc4ccccc4c3C2)CC1,YKCUNHHFUOCOEH-IAGOWNOFSA-N,YKCUNHHFUOCOEH,29,6,3.01
COc1ccc(CNC(=O)Nc2ncc([N+](=O)[O-])s2)cc1,YAEMHJKFIIIULI-UHFFFAOYSA-N,YAEMHJKFIIIULI,21,9,2.9
O=c1c(-c2ccc(O)c(O)c2)coc2cc(O)cc(O)c12,IOYHCQBYQJQBSK-UHFFFAOYSA-N,IOYHCQBYQJQBSK,21,6,2.45
CO[C@H]1CC[C@]2(CC1)Cc1ccc(-c3cncc(Br)c3)cc1C21N=C(C)C(N)=N1,UMCUVZSSUIPNCL-SCTJWGJOSA-N,UMCUVZSSUIPNCL,29,6,3.4
O=c1[nH]c2c(O)ccc([C@@H](O)CNCCc3cccc(CN4CCCC4)c3)c2s1,QWWLVVDOGURJDF-IBGZPJMESA-N,QWWLVVDOGURJDF,29,7,-0.28
COc1ccc(-c2c(C)c3ccc(OC)cc3oc2=O)cc1,QKTZSGVZWBCCAP-UHFFFAOYSA-N,QKTZSGVZWBCCAP,22,4,3.31
CC[C@H]1OC(=O)[C@H](C)[C@@H](O[C@H]2C[C@@](C)(OC)[C@@H](O)[C@H](C)O2)[C@H](C)[C@@H](O[C@@H]2O[C@H](C)C[C@H](N(C)C)[C@H]2O)[C@](C)(O)C[C@@H](C)/C(=N\OCOCCOC)[C@H](C)[C@@H](O)[C@]1(C)O,RXZBMPWDPOLZGW-XMRMVWPWSA-N,RXZBMPWDPOLZGW,58,17,1.8
COc1cc2ncc(C(N)=O)c(Nc3ccc(F)cc3F)c2cc1OC,UVENYMMUFIZZMB-UHFFFAOYSA-N,UVENYMMUFIZZMB,26,8,2.95
CC(C)(C)OC(=O)N1CCN(c2ncc(OCc3ccncc3)cn2)CC1,GYLVPMDDUCFZCW-UHFFFAOYSA-N,GYLVPMDDUCFZCW,27,8,3.4
CC(C)C[C@H](CO)Nc1nc(SCc2ccccc2F)nc2nc(N)sc12,HVAOCXFQAGCNQP-GFCCVEGCSA-N,HVAOCXFQAGCNQP,27,9,4.5
CNC(=O)[C@H]1CCCN1Cc1cc2c(Nc3cccc(Cl)c3F)ncnc2cc1OC,QMGNNNRCEMYKNG-GOSISDBHSA-N,QMGNNNRCEMYKNG,31,9,3.65
CCn1nc(C)c(C(=O)N[C@@H](C)C(C)(C)C)c1NS(=O)(=O)c1ccc(C)cc1,HNEVUPPOOWAXPS-HNNXBMFYSA-N,HNEVUPPOOWAXPS,28,8,0.95
Cc1ccc(O)c(O)c1,ZBCATMYQYDCTIZ-UHFFFAOYSA-N,ZBCATMYQYDCTIZ,9,2,1.37
CCc1c2c(nc3ccc(O)cc13)-c1cc3c(c(=O)n1C2)COC(=O)[C@]3(O)CC,FJHBVJOVLFPMQE-QFIPXVFZSA-N,FJHBVJOVLFPMQE,29,7,1.6
COc1cc2ncnc(Nc3ccc(F)c(Cl)c3)c2cc1NC(=O)/C=C/CN1CCCCC1,LVXJQMNHJWSHET-AATRIKPKSA-N,LVXJQMNHJWSHET,33,9,4.1
Nc1n[nH]cc1-c1cc(C(F)(F)F)ccc1Oc1cc(F)c(S(=O)(=O)Nc2cscn2)cc1Cl,QCDLGAPJZJODRJ-UHFFFAOYSA-N,QCDLGAPJZJODRJ,34,15,2.65
N#Cc1cc(S(=O)(=O)NCC(c2ccccc2)N2CCCCCC2)ccc1F,WWBKHCQCWSZSGY-UHFFFAOYSA-N,WWBKHCQCWSZSGY,28,7,2.71
CC(=O)Nc1ccc2ccn(-c3cc(NC4COC4)n4ncc(C#N)c4n3)c2c1,DGZDPMXIIKQRKT-UHFFFAOYSA-N,DGZDPMXIIKQRKT,29,9,2.24
CCNC(=O)C[C@H]1N=C(c2ccc(Cl)cc2)c2cc(OC)ccc2-n2c(C)nnc21,AAAQFGUYHFJNHI-GOSISDBHSA-N,AAAQFGUYHFJNHI,30,8,2.42
COc1ccc(S(=O)(=O)NCC(c2ccccc2)N2CCCCCC2)cc1,YYLULTMLGCKKSZ-UHFFFAOYSA-N,YYLULTMLGCKKSZ,27,6,3.13
Cc1ncc(CO)c(CO)c1O,LXNHXLLTXMVWPM-UHFFFAOYSA-N,LXNHXLLTXMVWPM,12,4,-0.58
NC(=O)Nc1sc(-c2ccc(CNC3CCCC3)cc2)cc1C(N)=O,XGEGUPDDIPKVKO-UHFFFAOYSA-N,XGEGUPDDIPKVKO,25,7,1.22
CCCSc1nc2ccc(NC(=O)CCC(=O)O)cc2s1,WXPAWXCZGXNAFZ-UHFFFAOYSA-N,WXPAWXCZGXNAFZ,21,7,0.5
CS(=O)(=O)Nc1ccc(CCOCCCS(=O)(=O)CCNCCc2ccc(O)c3nc(O)sc23)cc1,MAAOWWNLDLETQH-UHFFFAOYSA-N,MAAOWWNLDLETQH,36,13,1.34
Cc1cccc(S(=O)(=O)NC(=O)N2CCC(N3CCC(Oc4ccc(Cl)c(Cl)c4)CC3)CC2)c1,PHHPFXWDLDXLPN-UHFFFAOYSA-N,PHHPFXWDLDXLPN,34,10,1.84
Cc1nnc(C)c2cc(N3CCN(C(=O)[C@@H]4CCCC[C@H]4C(=O)NC4(C#N)CC4)[C@H](C)C3)ccc12,SQBHNGLRWQXEGU-NLSFWIRASA-N,SQBHNGLRWQXEGU,35,8,1.93
CC(=O)Nc1ccc2c(c1)N(c1cc(NC3CC3)n3ncc(C#N)c3n1)CC2,JBLXCCVARALZCK-UHFFFAOYSA-N,JBLXCCVARALZCK,28,8,3.3
Fc1cc(F)cc(-c2cc(N(CCCN3CCCCCC3)Cc3ccc4c(c3)OCO4)on2)c1,HCNUDUBKUTYRBU-UHFFFAOYSA-N,HCNUDUBKUTYRBU,34,8,3.84
COc1ccc2nc(C)cc(N3CC(CNC(=O)C4CC4)OC3=O)c2c1,HKUDWHCDPNNLCH-UHFFFAOYSA-N,HKUDWHCDPNNLCH,26,7,1.55
CC(C)c1ccccc1Nc1nc(SCc2cccs2)n[nH]1,QMNSHLAPQLBIGP-UHFFFAOYSA-N,QMNSHLAPQLBIGP,22,6,4.21
Nc1nc2ccc(F)cc2s1,CJLUXPZQUXVJNF-UHFFFAOYSA-N,CJLUXPZQUXVJNF,11,4,2.2
COc1cc(N2CC[C@@H](N(C)C)C2)c2[nH]c(C(=O)Nc3ccc(N4CCOCC4)cc3)cc(=O)c2c1,CYIRKLFDCHLBJQ-HXUWFJFHSA-N,CYIRKLFDCHLBJQ,36,9,2.7
O=S(=O)(Nc1nccs1)c1ccc(O)cc1,JBACAGZMXLDQCR-UHFFFAOYSA-N,JBACAGZMXLDQCR,16,7,0.36
Clc1cccc(Nc2ncnc3ccccc23)c1,ZKKVUIPXPPDIRD-UHFFFAOYSA-N,ZKKVUIPXPPDIRD,18,4,3.9
O=C(c1ccc(C(=C2CCN(Cc3cscn3)CC2)c2cccc3cccnc23)cc1)N1CCCC1,CNYAJGPNURAWNB-UHFFFAOYSA-N,CNYAJGPNURAWNB,36,6,2.75
NC(=O)c1cnc(N[C@H]2CCCNC2)c2cc(-c3ccc(F)c(Cl)c3)sc12,VROQKFSIHOTUBP-NSHDSACASA-N,VROQKFSIHOTUBP,27,8,2.94
O=C(NC1CCCC1)C(c1ccncc1)N(Cc1ccco1)C(=O)c1ccc(-c2ccccc2)[nH]1,ZHGKLQWTGOPORR-UHFFFAOYSA-N,ZHGKLQWTGOPORR,35,7,4.36
Cn1c(=N)n(CC(=O)c2ccc(Cl)cc2)c2ccccc21,JMTJJCUAYVXGER-UHFFFAOYSA-N,JMTJJCUAYVXGER,21,5,1.63
CN1CCN(C(=O)c2cc3cc(Br)ccc3[nH]2)CC1,UNZKXQGDHWYPDV-UHFFFAOYSA-N,UNZKXQGDHWYPDV,19,5,2.79
COc1cccc(C(=O)N2CCC(n3c(=O)[nH]c4ccccc43)CC2)c1,WRQSOZOBFWMCFA-UHFFFAOYSA-N,WRQSOZOBFWMCFA,26,6,2.65
CCCS(=O)(=O)N1CCCC(C(=O)N2CCC(Cc3ccccc3)CC2)C1,ANDSXDKABIYGPB-UHFFFAOYSA-N,ANDSXDKABIYGPB,27,6,3.44
COC1(c2ccc(NC(=O)c3cc(=O)c4cc(F)cc(-c5c(C)nn(C)c5C)c4o3)cn2)CCOCC1,NWXMOGAAGJJIMH-UHFFFAOYSA-N,NWXMOGAAGJJIMH,37,10,2.98
CNC(=O)c1ccc(CCC(COc2ccc(-c3cccc([N+](=O)[O-])c3)cc2)N2C(=O)CSC2=O)cc1,VYPHRFDTPMBXEN-UHFFFAOYSA-N,VYPHRFDTPMBXEN,37,10,3.5
CN1CCCC1c1cccnc1,SNICXCGAKADSCV-UHFFFAOYSA-N,SNICXCGAKADSCV,12,2,0.5
Oc1nc2cc(Cl)cc(Cl)c2c(O)c1-c1ccccc1,ZIMBGBQTQUNKLP-UHFFFAOYSA-N,ZIMBGBQTQUNKLP,20,5,1.6
CN(C)c1cccc2c(S(=O)(=O)Nc3cnccn3)cccc12,NRLWXFWPCBEKRI-UHFFFAOYSA-N,NRLWXFWPCBEKRI,23,7,0.9
O=C1CC(c2ccc(O)cc2)Oc2cc(O)ccc21,FURUXTVZLHCCNA-UHFFFAOYSA-N,FURUXTVZLHCCNA,19,4,2.4
NCc1nc2ccccc2[nH]1,UCOSRTUSVXHIMK-UHFFFAOYSA-N,UCOSRTUSVXHIMK,11,3,0.4
O=C(O)c1cc(-c2ccncc2)nc2ccc(F)cc12,IUBJPGMCQPRKGK-UHFFFAOYSA-N,IUBJPGMCQPRKGK,20,5,-0.8
Nc1nccc(-c2ccccc2)n1,DMEGQEWPMXDRMO-UHFFFAOYSA-N,DMEGQEWPMXDRMO,13,3,2.0
OCCN1CC=CC[C@H](c2ccc(Cl)c(Cl)c2)C1,ODFLDWCDMOARBM-LBPRGKRZSA-N,ODFLDWCDMOARBM,18,4,2.37
Cc1ccc(CO)cc1N(C)c1ccnc(Nc2cc(N3CCCCC3)cc(N3CCOCC3)c2)n1,FMDRTNXPTYKXSY-UHFFFAOYSA-N,FMDRTNXPTYKXSY,36,8,4.2
Oc1ccc(-c2cnc3ccccc3n2)cc1,QGECDAQWBBZAAZ-UHFFFAOYSA-N,QGECDAQWBBZAAZ,17,3,3.3
COc1ccc2[nH]c3c(c2c1)CN(C(=O)[C@@H]1CCCC[C@H]1C(=O)NC1(C#N)CC1)CC3,UKAKUYCJZPXURE-IAGOWNOFSA-N,UKAKUYCJZPXURE,31,7,2.4
CC(CCc1cccc(OCc2ccc3ccccc3n2)c1)CC(=O)O,XEIIXTAJMRZBKQ-UHFFFAOYSA-N,XEIIXTAJMRZBKQ,26,4,2.4
O=C(NCc1ccc(OC(F)(F)F)cc1)C1c2ccccc2C(=O)N1CC1CC(F)(F)C1,AQAVDXGUHCVGJN-UHFFFAOYSA-N,AQAVDXGUHCVGJN,32,10,3.9
CC(C)Cn1c(=O)n(C)c(=O)c2c(C(=O)N(C)C)c(Cc3ccccc3C(F)(F)F)sc21,SMWYZKVDOWWISU-UHFFFAOYSA-N,SMWYZKVDOWWISU,32,10,2.9
CN[C@@H](C)C(=O)N[C@H](C(=O)N[C@H]1C[C@@H]2CC[C@H]1N(CCc1ccccc1)C2)C1CCCCC1,GBQXNBCXOOCMBG-GILAWRQCSA-N,GBQXNBCXOOCMBG,33,6,1.64
N#CC1(NC(=O)[C@@H]2CCCC[C@H]2C(=O)N2CCc3[nH]c4ccc(C(F)(F)F)cc4c3C2)CC1,DQIAQOULNLHSCO-HZPDHXFCSA-N,DQIAQOULNLHSCO,33,9,4.2
CCCc1c(OCCCSc2ccc(CC(=O)O)cc2Cl)ccc2c(CC)noc12,LBEYMGDIPDOUKK-UHFFFAOYSA-N,LBEYMGDIPDOUKK,30,7,3.92
O=C(O)c1cc(-c2ccc(F)cc2F)ccc1O,HUPFGZXOMWLGNK-UHFFFAOYSA-N,HUPFGZXOMWLGNK,18,5,0.59
CCOc1ccc(Oc2ccc(S(=O)(=O)NC(=O)c3cccc(-c4ccc(Cl)c(Cl)c4)c3)cc2)cc1,NTOKZWCGGSZEAX-UHFFFAOYSA-N,NTOKZWCGGSZEAX,36,9,2.94
O=c1c(O)cccc2cc(O)c(O)c(O)c12,WDGFFVCWBZVLCE-UHFFFAOYSA-N,WDGFFVCWBZVLCE,16,5,2.03
Cc1cn([C@H]2CCCN(S(=O)(=O)c3ccc(O)c(Oc4cc(F)cc(Cl)c4)c3)C2)c(=O)[nH]c1=O,QEKSOIKPWDSAHL-INIZCTEOSA-N,QEKSOIKPWDSAHL,34,12,2.35
O=c1[nH]c2c(O)ccc([C@@H](O)CNCCSCCCNCCc3cccc(C(F)(F)F)c3)c2s1,FKVLSJZELYFVGN-IBGZPJMESA-N,FKVLSJZELYFVGN,34,11,1.21
Cc1c(Sc2ccc(Cl)cc2)c2cc(Cl)ccc2n1CC(=O)O,XYCNWYSSGJBPJP-UHFFFAOYSA-N,XYCNWYSSGJBPJP,23,6,2.87
Cc1ccc(-c2cn(C)c(C)n2)cc1NC(=O)c1ccc(OCc2ccccn2)cc1,IXUDEFMPPSTAGQ-UHFFFAOYSA-N,IXUDEFMPPSTAGQ,31,6,2.71
CCN(C(=O)NCc1ccccc1)C1CCN(CCC(c2ccccc2)c2ccccc2)CC1,SIVKXCGNYRNTBX-UHFFFAOYSA-N,SIVKXCGNYRNTBX,34,4,4.0
CN1[C@@H]2CC[C@H]1C[C@@H](OC(c1ccccc1)c1ccccc1)C2,GIJXKZJWITVLHI-PMOLBWCYSA-N,GIJXKZJWITVLHI,23,2,1.49
O=c1[nH]c2c(O)ccc([C@@H](O)CNCCc3cccc(CN4CCC(c5ccccc5)CC4)c3)c2s1,QLAUZPPGGRVYJJ-SANMLTNESA-N,QLAUZPPGGRVYJJ,36,7,1.99
O=C1c2ccc(O)cc2C(=O)N1c1cccc(O)c1,NJZLXWGGEPGTLA-UHFFFAOYSA-N,NJZLXWGGEPGTLA,19,5,2.0
NS(=O)(=O)c1ccc(NCc2ccccc2)cc1,HLIBJQGJVDHCNB-UHFFFAOYSA-N,HLIBJQGJVDHCNB,18,5,1.7
CCCN(c1cccnc1)P(=O)(c1ccccc1)c1ccccc1,PRXWWJUWFYAFRK-UHFFFAOYSA-N,PRXWWJUWFYAFRK,24,4,2.6
CC1(C)[C@@H]2CC[C@@]1(CS(=O)(=O)NC1CCN(c3ccc(C(F)(F)F)cn3)CC1)C(=O)C2,AFNJCMOFGZACSP-JLTOFOAXSA-N,AFNJCMOFGZACSP,31,10,3.84
O=C(NCC1CCCCN1)c1cc(OCC(F)(F)F)ccc1OCC(F)(F)F,DJBNUMBKLMJRSA-UHFFFAOYSA-N,DJBNUMBKLMJRSA,28,11,1.13
CN1CC=CCC(c2cc3ccccc3o2)C1,LBMMBEDCUJAMIZ-UHFFFAOYSA-N,LBMMBEDCUJAMIZ,17,2,2.47
CCN(C(=O)Cc1ccc(S(C)(=O)=O)cc1)C1CCN(CCC(c2ccc(NC(C)=O)cc2)c2cccc(F)c2)CC1,DZYPRLBOUVHBFD-UHFFFAOYSA-N,DZYPRLBOUVHBFD,42,9,2.41
CC(=O)Nc1ccc2ccn(-c3cc(Nc4ccn(C)n4)n4ncc(C#N)c4n3)c2c1,DDSXGXPBOKBKAJ-UHFFFAOYSA-N,DDSXGXPBOKBKAJ,31,10,3.57
COc1ccc(-c2cc(C(F)F)nn2-c2ccc(S(N)(=O)=O)cc2)cc1F,WAZQAZKAZLXFMK-UHFFFAOYSA-N,WAZQAZKAZLXFMK,27,10,2.8
O=C(Nc1nnn[nH]1)c1cc(Oc2ccccc2)c2ccccn2c1=O,ZUPLNRDTYQWUHP-UHFFFAOYSA-N,ZUPLNRDTYQWUHP,26,9,0.67
COc1cccc2c(O)cc(-c3ccccc3)nc12,ITBOMYQKVMBJAP-UHFFFAOYSA-N,ITBOMYQKVMBJAP,19,3,2.3
Cc1ccc(N2CC(COc3ccc(-c4noc(C)n4)cc3)C2)nn1,HCOIQQJHIUTQMB-UHFFFAOYSA-N,HCOIQQJHIUTQMB,25,7,2.62
c1ccc(CN(Cc2ccccc2)c2nn[nH]n2)cc1,ZSZANQKJLIZZAT-UHFFFAOYSA-N,ZSZANQKJLIZZAT,20,5,1.37
Cc1sc(N2CCN(C)CC2)nc1CCOc1ccc(C[C@H](Nc2ccccc2C(=O)c2ccccc2)C(=O)O)cc1,BCIXVEZFKFKQET-PMERELPUSA-N,BCIXVEZFKFKQET,42,9,2.58
CC(=O)c1ccc(N2CCN(S(=O)(=O)C[C@]34CC[C@H](CC3=O)C4(C)C)CC2)nc1,PQZARRWRPXKNAY-DYESRHJHSA-N,PQZARRWRPXKNAY,29,8,2.21
O=c1cc(N2CCOCC2)nc2n(Cc3cccc(Cl)c3Cl)ccn12,YGCPMTVIAJZRNZ-UHFFFAOYSA-N,YGCPMTVIAJZRNZ,25,8,3.3
C[C@@H](NC1=CC(=O)NCC1)c1ccc(Nc2ncc3cc(-c4ccncc4)ccc3n2)cc1,WXHTZLXDTNQRJE-QGZVFWFLSA-N,WXHTZLXDTNQRJE,33,7,3.02
C[C@H]1CN(Cc2cc(Cl)ccc2CCC(=O)O)CCN1C(=O)Cc1ccccc1,MFELOIQWSKQMLV-KRWDZBQOSA-N,MFELOIQWSKQMLV,29,6,1.52
O=C1NC(=O)/C(=C/c2cccc(Cl)c2N2CCNCC2)S1,RCQQWKQETBJWOO-FLIBITNWSA-N,RCQQWKQETBJWOO,21,7,0.68
CSc1nc(-c2ccccc2)nn1Cc1ccccc1,MHWQFWUYBKZWOI-UHFFFAOYSA-N,MHWQFWUYBKZWOI,20,4,3.83
Nc1ccc2c(c1)C(=O)C(=O)c1ccccc1-2,HENHQTJCDFNZOI-UHFFFAOYSA-N,HENHQTJCDFNZOI,17,3,2.23
Nc1ccccc1NC(=O)c1ccc(C2CCN(CCC(=O)Nc3ccccc3F)CC2)cc1,BMMXYTGQGZIMDY-UHFFFAOYSA-N,BMMXYTGQGZIMDY,34,7,2.76
Cc1ncc(-c2ccnc(Nc3ccc(N4CCOCC4)cc3)n2)n1C(C)C,DFCUTNCAGIEUFG-UHFFFAOYSA-N,DFCUTNCAGIEUFG,28,7,2.88
Cc1ccc(CO)cc1N(C)c1ccnc(Nc2cc(CN3CCOCC3)cc(N3CCOCC3)c2)n1,JQTSMXRKIUPZQM-UHFFFAOYSA-N,JQTSMXRKIUPZQM,37,9,3.0
NC(=O)c1cc(O)cc2nc(-c3ccc(O)cc3)oc12,IEVRVWMQNQJHHK-UHFFFAOYSA-N,IEVRVWMQNQJHHK,20,6,2.3
COc1ccc(N(C(=O)c2ccco2)C(C(=O)NC2CCCC2)c2ccccc2F)c(OC)c1,QPVXGDQEVHBJSA-UHFFFAOYSA-N,QPVXGDQEVHBJSA,34,8,3.09
Cc1cccc([C@H](C)c2c[nH]c(=S)[nH]2)c1C,WQXVKEDUCPMRRI-JTQLQIEISA-N,WQXVKEDUCPMRRI,16,3,2.9
CC[C@H](NC(=O)c1c([S+](C)[O-])c(-c2ccccc2)nc2cc(F)ccc12)c1ccccc1,ODKOWENRVMPUNY-GIFGLUKTSA-N,ODKOWENRVMPUNY,32,6,3.62
CCc1ccccc1-c1ccc(-c2nc3ccncc3c(O)c2C#N)cc1,VWCWZRYTBYQNGZ-UHFFFAOYSA-N,VWCWZRYTBYQNGZ,27,4,3.5
CN(C)CCOc1cc(NS(=O)(=O)c2c(Cl)cc(C(F)(F)F)cc2Cl)ccc1Cl,UIZHOFJFIOCYLH-UHFFFAOYSA-N,UIZHOFJFIOCYLH,29,12,2.99
O=c1oc2cc(O)ccc2cc1-c1ccc(O)cc1,FLVROUNAFWXBQG-UHFFFAOYSA-N,FLVROUNAFWXBQG,19,4,2.9
COc1cc(C)c(S(=O)(=O)N(C)CCOCC(=O)N2CCN(C3CCN(C)CC3)CC2)c(C)c1,TYDKAHFZLFMNQX-UHFFFAOYSA-N,TYDKAHFZLFMNQX,34,10,-0.4
CC(C)(C)c1cc(O)n2nc(N)nc2n1,HAHXYPDRFMSLBJ-UHFFFAOYSA-N,HAHXYPDRFMSLBJ,15,6,-0.2
COc1ccc(-c2cc(O)c3cc(Cl)ccc3n2)cc1,RJLIRWCQLYBRNB-UHFFFAOYSA-N,RJLIRWCQLYBRNB,20,4,2.7
Oc1ccc(-c2csc(-c3ccc(O)cc3)n2)cc1,DXKHZCDTFUMXPK-UHFFFAOYSA-N,DXKHZCDTFUMXPK,19,4,3.7
C[C@]12Cc3cnn(-c4ccc(F)cc4)c3C=C1CC[C@@]2(O)CCc1ccc(F)cc1C(N)=O,USAOJXKZYFGDCJ-UIOOFZCWSA-N,USAOJXKZYFGDCJ,33,7,3.8
COc1cc(N2CCN(C(C)=O)CC2)ccc1Nc1ncc(Cl)c(-c2cnc3cc(N4CCCC4)ccn23)n1,QNEXUFYNUMBJSS-UHFFFAOYSA-N,QNEXUFYNUMBJSS,39,11,3.5
Cc1ccc2[nH]ccc2c1-c1nc(N2CCOCC2)cc(C2(S(C)(=O)=O)CC2)n1,OCJGFBNNPTYFNE-UHFFFAOYSA-N,OCJGFBNNPTYFNE,29,8,1.7
Nc1ccc(Cl)c(C(=O)NCC23CC4CC(CC(C4)C2)C3)c1,OOZYHAYVTFPQGA-UHFFFAOYSA-N,OOZYHAYVTFPQGA,22,4,3.45
O=C(Nc1cccc2cccnc12)c1ccc(N2C(=O)[C@@H]3[C@H](C2=O)[C@@H]2C=C[C@H]3C2)cc1,ZGSXEXBYLJIOGF-ALFLXDJESA-N,ZGSXEXBYLJIOGF,31,6,3.28
CCCCSc1nc(N)c2ncn([C@@H]3O[C@H](CO)[C@@H](O)[C@H]3O)c2n1,JUZWTKSKLZRPBL-QYVSTXNMSA-N,JUZWTKSKLZRPBL,24,10,1.51
Oc1ccc(-c2ccc3cc(O)ccc3c2)cc1,SKPPZWVFPOQPOT-UHFFFAOYSA-N,SKPPZWVFPOQPOT,18,2,4.0
N#Cc1cnn2c(N)cc(-c3cccs3)nc12,BUZJMSXTYXPIDN-UHFFFAOYSA-N,BUZJMSXTYXPIDN,17,6,2.3
CCC(c1nc2ccsc2c(=O)n1Cc1ccccc1)N(CCCN)C(=O)c1ccc(OC)cc1,BGZZDTDZGABGIV-UHFFFAOYSA-N,BGZZDTDZGABGIV,35,8,1.39
Cc1cc(N)c2cc(NC(=O)CCCCC(=O)Nc3ccc4nc(C)cc(N)c4c3)ccc2n1,OYOBXWLKVCUSDI-UHFFFAOYSA-N,OYOBXWLKVCUSDI,34,8,0.53
Cc1ccc(N(CC#N)c2cc(Nc3ccc(OCC(O)CN(C)C)cc3)ncn2)c(Br)c1,UUISESFNPSRBFN-UHFFFAOYSA-N,UUISESFNPSRBFN,33,9,2.24
NC(=O)c1ccc(=O)n(Cc2ccc(F)c(F)c2)c1,YLGHTWPQHBGBJX-UHFFFAOYSA-N,YLGHTWPQHBGBJX,19,6,1.37
COc1ccc(-c2cccc3c(N)c4c(nc23)CN(C2CCC2)C4=O)c(C)n1,PTZYAMKMZPOADN-UHFFFAOYSA-N,PTZYAMKMZPOADN,28,6,3.92
O=C(O)c1ccc(-c2ccc(Cl)c(C(=O)NCC34CC5CC(CC(C5)C3)C4)c2)cc1,XSLRDELRVIJSAN-UHFFFAOYSA-N,XSLRDELRVIJSAN,30,5,2.48
COc1cc2c(Nc3ncc(CC(=O)Nc4cccc(F)c4)s3)ncnc2cc1OCCCN1CCC(CO)CC1,QNJAKUMXJFWQOG-UHFFFAOYSA-N,QNJAKUMXJFWQOG,41,12,2.89
C[C@H]1CN(Cc2cc(Cl)ccc2OC(C)(C)C(=O)O)CCN1S(=O)(=O)c1ccccc1,SNMDUARWLPWWOD-INIZCTEOSA-N,SNMDUARWLPWWOD,31,9,0.54
CCCSc1nc(NC[C@H]2CC[C@H](C(=O)O)CC2)ccc1C(=O)NC1CCCCC1,DXCCQDZRHQWJET-QAQDUYKDSA-N,DXCCQDZRHQWJET,30,7,2.61
Cc1ccccc1Cn1ccn2c(=O)cc(N3CCOCC3)nc12,NIKZHXWCQGUKKR-UHFFFAOYSA-N,NIKZHXWCQGUKKR,24,6,2.3
CNC(=O)c1c(F)cccc1Nc1nc(Nc2cc3c(cc2OC)CCN3C(=O)CN(C)C)nc2[nH]ccc12,HZTYDQRUAWIZRE-UHFFFAOYSA-N,HZTYDQRUAWIZRE,39,12,2.61
O=C(NC1CCCS(=O)(=O)C1)c1ccc(Oc2ccc(C#C[C@]3(O)CN4CCC3CC4)cc2)cc1,IOEYWFCDGXVEFG-JVHFYALYSA-N,IOEYWFCDGXVEFG,35,8,1.4
CCCCN(CCCC)CCCOC(=O)c1ccc(N)cc1,HQFWVSGBVLEQGA-UHFFFAOYSA-N,HQFWVSGBVLEQGA,22,4,1.93
O=C(O)C(c1ccccc1)N1CCC(CN2CCC(Oc3ccc(Cl)c(Cl)c3)CC2)CC1,JHJPBZPNRYMQKP-UHFFFAOYSA-N,JHJPBZPNRYMQKP,32,7,2.17
OCC[C@@]1(c2cc3ccccc3o2)CCCNC1,QLSUBNPMUSWHLS-HNNXBMFYSA-N,QLSUBNPMUSWHLS,18,3,0.06
CC(C)Cn1c(=O)n(C)c(=O)c2c(C(=O)N3CC(C)(O)C3)c(Cc3ccccc3C(F)(F)F)sc21,UVIGRBNLWYPDGL-UHFFFAOYSA-N,UVIGRBNLWYPDGL,35,11,3.18
O=c1oc2ccc(O)cc2cc1-c1ccccc1,CYKDIFJDBMRWNV-UHFFFAOYSA-N,CYKDIFJDBMRWNV,18,3,3.12
CN(C(=O)Cc1ccc(-n2cnnn2)cc1)C1CCN(Cc2ccc(C(F)(F)F)cn2)CC1,RNCKTWHQXIORDB-UHFFFAOYSA-N,RNCKTWHQXIORDB,33,11,1.9
Nc1n[nH]c(Nc2ccccc2)n1,SFXBTXYONCDQJY-UHFFFAOYSA-N,SFXBTXYONCDQJY,13,5,1.06
CN1CCN(CC/C=C2/c3ccccc3Sc3ccc(S(=O)(=O)N(C)C)cc32)CC1,GFBKORZTTCHDGY-UWVJOHFNSA-N,GFBKORZTTCHDGY,30,7,3.16
Cc1ccc(CO)cc1N(C)c1ccnc(Nc2cc(N3CCOCC3)cc(N3CCN(C)CC3)c2)n1,KRHCFMCQXRZKHH-UHFFFAOYSA-N,KRHCFMCQXRZKHH,37,9,2.61
CN(C)CC(O)COc1ccc(Nc2nccc(Nc3ccccc3C#N)n2)cc1,JZXIDVJITODWRO-UHFFFAOYSA-N,JZXIDVJITODWRO,30,8,1.2
Oc1c(I)cc(I)c2cccnc12,UXZFQZANDVDGMM-UHFFFAOYSA-N,UXZFQZANDVDGMM,13,4,2.19
O=c1[nH]n(CC#Cc2ccccc2)c(=O)c2c(=O)c3ccc(Cl)cc3[nH]c12,CDEGIIIGFZCIJQ-UHFFFAOYSA-N,CDEGIIIGFZCIJQ,27,7,1.78
O=c1[nH]c2c(O)ccc([C@@H](O)CNCCc3ccc(CNCCc4ccccc4F)cc3)c2s1,KVPZYDQQJGCISF-QHCPKHFHSA-N,KVPZYDQQJGCISF,34,8,1.3
CN[C@H]1CC[C@@H](c2ccc(Cl)c(Cl)c2)c2ccccc21,VGKDLMBJGBXTGI-SJCJKPOMSA-N,VGKDLMBJGBXTGI,20,3,3.15
Cc1cc(COc2cnc(N3CCN(C(=O)OC(C)(C)C)CC3)nc2)ccn1,SEFGCAWIEXGQET-UHFFFAOYSA-N,SEFGCAWIEXGQET,28,8,3.7
CCCN(C)c1nc(N2CCC[C@@H](CC(=O)O)C2)ccc1C(=O)NC1CCCCC1,DBVAIWWZAHIRPF-KRWDZBQOSA-N,DBVAIWWZAHIRPF,30,7,2.28
NC12CCC(c3ccccc3)(CC1)CC2,JXMVQBDHMBOHDH-UHFFFAOYSA-N,JXMVQBDHMBOHDH,15,1,0.29
COc1cc(-c2nn[nH]n2)ccc1Cn1ccc2ccc(NC(=O)OC3CCCC3)cc21,XHOAFDVVRSLKGI-UHFFFAOYSA-N,XHOAFDVVRSLKGI,32,9,2.7
CCc1nc2c(N)nc3ccccc3c2n1CCCCNS(C)(=O)=O,YZOQZEXYFLXNKA-UHFFFAOYSA-N,YZOQZEXYFLXNKA,25,8,1.24
CNc1nc2ccccc2n1Cc1sc2c(c1C(=O)N1CC[C@@H](O)C1)c(=O)n(C)c(=O)n2CC(C)C,YCHYUPBHYYIHNM-OAHLLOKOSA-N,YCHYUPBHYYIHNM,36,11,1.61
Cc1ccc(NC(=O)c2cccc(N(C)C)c2)cc1NC(=O)c1ccc(OC(C)C)cc1,LKYAZIWQMLWADO-UHFFFAOYSA-N,LKYAZIWQMLWADO,32,6,3.1
CC(=O)Nc1nnc(S(N)(=O)=O)s1,BZKPWHYZMXOIDC-UHFFFAOYSA-N,BZKPWHYZMXOIDC,13,9,-0.78
CCC[C@H]1CN(Cc2cc(Cl)ccc2OCC(=O)O)CCN1S(=O)(=O)c1ccccc1,SZXBYKZAJAJDDC-IBGZPJMESA-N,SZXBYKZAJAJDDC,31,9,1.02
CC(=O)Nc1ccc(CC(=O)N(C)C2CCN(CCC(c3ccccc3)c3ccccc3)CC2)cc1,HYIPAFGYQGEMML-UHFFFAOYSA-N,HYIPAFGYQGEMML,36,5,2.9
Nc1ncnc2sc(-c3c(-c4ccccc4)ncn3C[C@H]3CCCO3)nc12,XFQVAGHLSGFVLY-CYBMUJFWSA-N,XFQVAGHLSGFVLY,27,8,2.65
CC(C)C(NC(=O)Cn1c(C2CCCCC2)ncc(NC(=O)OCc2ccccc2)c1=O)C(=O)C(F)(F)F,FDJOVVMWHJYSLR-UHFFFAOYSA-N,FDJOVVMWHJYSLR,38,12,2.87
NC1(c2ccc(-c3ncc4ncccc4c3-c3ccccc3)cc2)CCC1,OAVFNCRJWQAXCI-UHFFFAOYSA-N,OAVFNCRJWQAXCI,27,3,2.0
CC(=O)Nc1ccc2ccn(-c3cc(NCCCCO)n4ncc(C#N)c4n3)c2c1,NUDFPMSBYIFHBD-UHFFFAOYSA-N,NUDFPMSBYIFHBD,30,9,2.58
COC1=CC(c2cc3ccccc3[nH]2)=N/C1=C\c1[nH]c(C)cc1C,RFTSSZJZXOSICM-GRSHGNNSSA-N,RFTSSZJZXOSICM,24,4,2.55
Nc1ccccc1NC(=O)c1ccc(N2CCOCC2)cc1,BRBWRHWPBGPXQR-UHFFFAOYSA-N,BRBWRHWPBGPXQR,22,5,1.2
CCC(CCNC)Oc1cc(Cl)ccc1C#N,VJGKGXRSJKSLFP-UHFFFAOYSA-N,VJGKGXRSJKSLFP,17,4,0.38
O=C(Nc1ccccc1)c1cc2ccccc2o1,JJZXIMHWWAENGR-UHFFFAOYSA-N,JJZXIMHWWAENGR,18,3,3.44
COc1cc2ncnc(Nc3ccc(OCc4ccccn4)c(C)c3)c2cc1OC,NDHNEUUBLJKLCP-UHFFFAOYSA-N,NDHNEUUBLJKLCP,30,7,3.6
COCCC(=O)N[C@H](C)c1ccc(Nc2ncc3cc(-c4ccncc4)ccc3n2)cc1,IDMVTOZYZLLLTD-QGZVFWFLSA-N,IDMVTOZYZLLLTD,32,7,3.08
CC(C)C(NC(=O)Cn1c(-c2ccc(F)cc2)ncc(NC(=O)OCc2ccncc2)c1=O)C(=O)C(F)(F)F,ZCSSBKPWYBEIFP-UHFFFAOYSA-N,ZCSSBKPWYBEIFP,39,14,2.22
COc1cc2c(Nc3cc(CC(=O)Nc4cccc(F)c4)[nH]n3)ncnc2cc1OCCCN1CCC(CO)CC1,JLBXEVHWZFQSBL-UHFFFAOYSA-N,JLBXEVHWZFQSBL,41,12,2.11
Cc1ccc2c(c1)c(-c1ccnc3c(F)cccc13)c(C)n2CC(=O)O,XONPFUGOIKOYNU-UHFFFAOYSA-N,XONPFUGOIKOYNU,26,5,0.53
CN[C@@H](C)C(=O)N[C@H](C(=O)N[C@H]1CCN(C(=O)Cc2ccccc2)C1)C1CCCCC1,QBQUBJUVXAGSSR-XJABCFGWSA-N,QBQUBJUVXAGSSR,31,7,0.81
CCC(C)NC(=O)c1c(C)nn(-c2ccccc2)c1NS(=O)(=O)c1ccc(C)cc1,WFJBUKXLKMXFQU-UHFFFAOYSA-N,WFJBUKXLKMXFQU,30,8,0.66
Cc1c(Cl)ccc(OC2CCN(C3CCN(C(=O)NS(=O)(=O)c4ccc(N(C)C)cc4)CC3)CC2)c1Cl,CYAXTHULEFHIMG-UHFFFAOYSA-N,CYAXTHULEFHIMG,37,11,2.0
COc1ccc2c(c1)c(CC(=O)O)c(C)n2-c1ccnc2cc(Cl)ccc12,VJXYIASUBZUHMU-UHFFFAOYSA-N,VJXYIASUBZUHMU,27,6,1.68
N=C(N)Nc1cc(Cl)nc(-c2ccccc2)n1,DPTWAGJLIDIXLY-UHFFFAOYSA-N,DPTWAGJLIDIXLY,17,6,2.16
COc1cccc(Nc2nnc(C(=O)Nc3ccc(N4CCOCC4)nc3)o2)c1,RGBYOBYZQMONMB-UHFFFAOYSA-N,RGBYOBYZQMONMB,29,10,2.8
CC(C)Oc1cc(OCCCN2CCCC2)cc2ncnc(Nc3c(Cl)ccc4c3OCO4)c12,DVAZOVKPBNZYLL-UHFFFAOYSA-N,DVAZOVKPBNZYLL,34,9,3.1
CCN(CC)CCOc1ccc(N(C)C(=O)c2ccc(-c3ccc(C(F)(F)F)cc3)cc2)cc1OC,JAIIZWCZERLWEK-UHFFFAOYSA-N,JAIIZWCZERLWEK,36,8,3.13
Cc1ccc(S(=O)(=O)Nc2c(C(=O)N[C@@H](C)C(C)(C)C)c(C)nn2C(C)(C)C)cc1,RVYSGEXWPGHSKN-INIZCTEOSA-N,RVYSGEXWPGHSKN,30,8,1.84
Cc1ccc2c(c1)c(-c1ccnc3c(Cl)cccc13)c(C)n2CC(=O)O,IGAKOCYZIOYZOG-UHFFFAOYSA-N,IGAKOCYZIOYZOG,26,5,1.27
COc1ccc(C(=O)C2CCN(C(=O)c3ccco3)CC2)cc1,NFYUQVQNSZEYOD-UHFFFAOYSA-N,NFYUQVQNSZEYOD,23,5,2.42
COc1cc(Nc2ncnc3cccc(O[C@H](C)C(=O)N4CCOCC4)c23)ccc1Oc1ccc(C)nc1,WZACCHHDKDZYQO-LJQANCHMSA-N,WZACCHHDKDZYQO,38,10,3.6
COc1ccc(C=NN=Cc2ccc(OC)c(OC)c2)cc1OC,DCROUMFSOORFPU-UHFFFAOYSA-N,DCROUMFSOORFPU,24,6,3.38
CS(=O)(=O)c1ccccc1C(=O)NCC(O)CNC1CCN(Cc2ccc(Cl)c(Cl)c2)CC1,KXSMUDWNWWFRRE-UHFFFAOYSA-N,KXSMUDWNWWFRRE,33,10,1.21
CN(C(=O)Cc1ccc(-n2cnnn2)cc1)C1CCN(Cc2nc3c(s2)CCCC3)CC1,BIXKSWBUHPYYET-UHFFFAOYSA-N,BIXKSWBUHPYYET,32,9,2.5
C[C@H](Oc1ccc(Cl)cc1CN1CCN(C(=O)Cc2ccc(Cl)cc2)[C@@H](C)C1)C(=O)O,FDGBGRZYIGYTBW-HOTGVXAUSA-N,FDGBGRZYIGYTBW,31,8,1.66
Cn1sc(NCc2ccccc2)nc1=O,SBWJZIDQESAGHF-UHFFFAOYSA-N,SBWJZIDQESAGHF,15,5,1.2
Cc1nc2ccc(-c3ccc(Cl)cc3)cc2c(=O)n1C[C@H]1CCCN(C(C)C)C1,ARLXUYKHWSHMLR-SFHVURJKSA-N,ARLXUYKHWSHMLR,29,5,3.3
N#CC1(NC(=O)[C@@H]2CCCC[C@H]2C(=O)N2CCc3[nH]c4ccc(Cl)cc4c3C2)CC1,XQUAGZLGGXLBJT-HZPDHXFCSA-N,XQUAGZLGGXLBJT,30,7,3.65
COc1cccc(CNCc2cccc(CCNC[C@H](O)c3ccc(O)c4[nH]c(=O)sc34)c2)c1,PLKYHUCBRLEYME-QHCPKHFHSA-N,PLKYHUCBRLEYME,34,8,0.91
Nc1ncc2cc(-c3c(Br)cccc3Br)c(N)nc2n1,HGIPWJYTPOHUGK-UHFFFAOYSA-N,HGIPWJYTPOHUGK,20,7,2.06
O=C(O)c1cccc(CN2CCC(CN3CCC(Oc4ccc(Cl)c(Cl)c4)CC3)CC2)c1,JVDFBAQLTSMMBQ-UHFFFAOYSA-N,JVDFBAQLTSMMBQ,32,7,1.26
Cc1cc(C)c2c(N)c(C(=O)NCc3ccccc3)sc2n1,TVPQYKDHFUUDKK-UHFFFAOYSA-N,TVPQYKDHFUUDKK,22,5,3.41
C[C@H]1CN(C(=O)OC(C)(C)C)CCN1c1ncc(OCc2ccc(S(C)(=O)=O)cc2)cn1,LMLPLWPZYOTASZ-INIZCTEOSA-N,LMLPLWPZYOTASZ,32,10,3.5
Cn1ncnc1-c1c2c(=O)n(C)c(=O)n(CC3CC3)c2nn1Cc1ccnc2ccc(Cl)cc12,CBXIPFKHWZNEAX-UHFFFAOYSA-N,CBXIPFKHWZNEAX,34,11,3.8
CCN(CC)c1ccc(-c2nn3c(-c4[nH]nc5c4CCC5)nnc3s2)cc1,IHNSNLDESXQRAG-UHFFFAOYSA-N,IHNSNLDESXQRAG,27,8,3.37
Nc1ncnc2sccc12,DYTQGJLVGDSCLF-UHFFFAOYSA-N,DYTQGJLVGDSCLF,10,4,1.19
CC(O)(C(=O)Nc1ccc2c(c1)-c1ccccc1S2(=O)=O)C(F)(F)F,GZWMDPGUFOOZAX-UHFFFAOYSA-N,GZWMDPGUFOOZAX,25,9,3.0
CC(C)(C(=O)O)c1ccc(C(O)CCCN2CCC(C(O)(c3ccccc3)c3ccccc3)CC2)cc1,RWTNPBWLLIMQHL-UHFFFAOYSA-N,RWTNPBWLLIMQHL,37,5,0.42
Nc1c(C(=O)NC2CC2)nnc2c(-c3ncccn3)c(F)ccc12,PFWJGELUMKPKOA-UHFFFAOYSA-N,PFWJGELUMKPKOA,24,8,1.59
N=C(N)NCCC[C@H](NC(=O)COCC(c1ccccc1)c1ccccc1)C(=O)O,RRKKJYBCPXAJAO-IBGZPJMESA-N,RRKKJYBCPXAJAO,30,8,0.18
O=C([C@@H](O)CO)N1CC=C(c2ccc(N3C[C@H](COc4ccon4)OC3=O)cc2F)CC1,GVYOPGVBTFTTBR-QAPCUYQASA-N,GVYOPGVBTFTTBR,32,11,1.09
Cc1nc(C)c(-c2ccc3c(c2)CC[C@]32CC[C@@H](C(=O)O)CC2)nc1C(N)=O,QZOAOSNSNYIGEZ-CAJLXGCNSA-N,QZOAOSNSNYIGEZ,28,6,1.2
COc1c2occc2cc2ccc(=O)oc12,QXKHYNVANLEOEG-UHFFFAOYSA-N,QXKHYNVANLEOEG,16,4,1.97
CC(C)CNCc1ccc(-c2ccccc2S(=O)(=O)N2CCCC2)cc1,OWVIKBRKPCTDEP-UHFFFAOYSA-N,OWVIKBRKPCTDEP,26,5,1.9
O=C(COCc1ccncc1)N1CCN(c2ccc(Cl)cc2F)CC1,OARMBUFDWXNMIR-UHFFFAOYSA-N,OARMBUFDWXNMIR,25,7,2.55
OCCNCc1cc(Br)ccc1OCc1ccc(Cl)cc1,AVTGWJNSLCDMMD-UHFFFAOYSA-N,AVTGWJNSLCDMMD,21,5,2.98
O=C(Nc1c(Cl)cncc1Cl)c1ccc(OC(F)F)c(OCC2CC2)c1,MNDBXUUTURYVHR-UHFFFAOYSA-N,MNDBXUUTURYVHR,26,9,3.95
Cc1cccc(C(N)=O)c1NC(=O)c1ccccc1,OKKDRJRENIHJDI-UHFFFAOYSA-N,OKKDRJRENIHJDI,19,4,1.09
Cc1nnc(N)s1,HMPUHXCGUHDVBI-UHFFFAOYSA-N,HMPUHXCGUHDVBI,7,4,-0.4
Cc1cc(Cl)ccc1OC1CCN(C[C@H](O)CNC(=O)c2c[nH]c(=O)c3c(F)cccc23)CC1,GWVFJNPANMKQSY-QGZVFWFLSA-N,GWVFJNPANMKQSY,34,9,3.0
N=C(N)c1ccc(C(=O)N2CCN(S(=O)(=O)c3ccc4cc(Br)ccc4c3)CC2)cc1,LBCUUCWBGBAERQ-UHFFFAOYSA-N,LBCUUCWBGBAERQ,31,9,0.36
CC(c1ccccn1)n1[nH]c(=O)c2nc3cc(Cl)ccc3c(O)c2c1=O,MQHPWUBVLJTMGV-UHFFFAOYSA-N,MQHPWUBVLJTMGV,26,8,0.51
c1cn(-c2ccc(Oc3nccc(Oc4ccc5c(c4)OCO5)n3)cc2)cn1,XPXGYINSBORUMM-UHFFFAOYSA-N,XPXGYINSBORUMM,28,8,3.27
CC(C)Oc1cc(Oc2ccc(S(C)(=O)=O)cc2)cc(C(=O)Nc2nccs2)c1,IBDWQXAELRUGCY-UHFFFAOYSA-N,IBDWQXAELRUGCY,29,9,3.61
NS(=O)(=O)c1ccc(CCNc2ccc3nnc(-c4ccccc4)n3n2)cc1,DIDVYKHDKJBUNI-UHFFFAOYSA-N,DIDVYKHDKJBUNI,28,9,2.19
C[C@H]1COc2c(N3CCN(C)CC3)c(F)cc3c(=O)c(C(=O)O)cn1c23,GSDSWSVVBLHKDQ-JTQLQIEISA-N,GSDSWSVVBLHKDQ,26,8,-0.35
CCc1ccc(CCOc2ccc(CC3SC(=O)NC3=O)cc2)nc1,HYAFETHFCAUJAY-UHFFFAOYSA-N,HYAFETHFCAUJAY,25,6,2.8
CC[C@H](NC(=O)c1c(N)c(-c2cccc(F)c2)nc2ccccc12)c1ccccc1,NVWGATMYFMKIAB-FQEVSTJZSA-N,NVWGATMYFMKIAB,30,5,4.05
COc1cc2c(Nc3ccc(F)cc3F)c(C(N)=O)cnc2cc1N1CCN(C)CC1,LRFIHKNBXARJMM-UHFFFAOYSA-N,LRFIHKNBXARJMM,31,9,1.75
CNC(=O)c1ccc(Oc2ccc(C#C[C@]3(O)CN4CCC3CC4)cc2)cc1,CWFNNQMBLVACQD-QHCPKHFHSA-N,CWFNNQMBLVACQD,28,5,1.99
N#Cc1nc(NC2CCOC2)c(N)c(N2CCOCC2)n1,WOCQYAHWWSPUDN-UHFFFAOYSA-N,WOCQYAHWWSPUDN,21,8,1.6
Cn1c(N)nc(CCc2ccccc2)cc1=O,MALAKURYZJFBLT-UHFFFAOYSA-N,MALAKURYZJFBLT,17,4,2.0
CS(=O)(=O)N1CCN(Cc2cc3nc(-c4cccc5[nH]ncc45)nc(N4CCOCC4)c3s2)CC1,LHNIIDJUOCFXAP-UHFFFAOYSA-N,LHNIIDJUOCFXAP,35,12,3.3
CC1(C)Oc2ncnc(N)c2N=C1c1ccc([C@H]2CC[C@H](CC(=O)O)CC2)cc1,FUIYMYNYUHVDPT-HDJSIYSDSA-N,FUIYMYNYUHVDPT,29,7,1.32
CN(C)c1ccc(S(=O)(=O)NC(=O)N2CCC(N3CCC(Oc4ccc(Cl)c(Cl)c4)CC3)CC2)cc1,GDRRHBZSXZXDLL-UHFFFAOYSA-N,GDRRHBZSXZXDLL,36,11,1.7
COCCC(=O)Nc1ccc(Nc2ncc3cc(-c4ccncc4)ccc3n2)cc1,MCKPLODGBCOICL-UHFFFAOYSA-N,MCKPLODGBCOICL,30,7,2.78
Cc1cc(OC2CCN(CC3CCN([C@@H](Cc4ccc(F)cc4)C(=O)O)CC3)CC2)ccc1Cl,HLXZPGHNFUSVMT-SANMLTNESA-N,HLXZPGHNFUSVMT,34,7,2.54
COc1cc2ncnc(Nc3ccc(Cl)c(O)c3)c2cc1OC,CEQUQTKEVIQAMX-UHFFFAOYSA-N,CEQUQTKEVIQAMX,23,7,3.3
CS(=O)(=O)NCCC(NC(=O)C1(N)CCN(c2ncnc3[nH]ccc23)CC1)c1ccc(Cl)cc1,GHETXRUUPUTFCN-UHFFFAOYSA-N,GHETXRUUPUTFCN,34,12,2.2
CS(=O)(=O)N1CCc2c(-c3cnc(N)nc3)nc(N3CCOCC3)nc21,JEGHXKRHKHPBJD-UHFFFAOYSA-N,JEGHXKRHKHPBJD,26,11,1.2
Nc1nc(N)c2cc(NCc3ccc(Cl)c(Cl)c3)ccc2n1,LTSQDQVTNREIAO-UHFFFAOYSA-N,LTSQDQVTNREIAO,22,7,2.22
Cc1c(Sc2ccc(Cl)cc2)c2ccc(S(C)(=O)=O)cc2n1CC(=O)O,VBNVWLWDXYXHRY-UHFFFAOYSA-N,VBNVWLWDXYXHRY,26,8,0.79
COc1cc(-c2c(F)ccc3c(N)c(C(=O)NC4CC4)nnc23)c(OC)nn1,KJDDJAPSHCVDDC-UHFFFAOYSA-N,KJDDJAPSHCVDDC,28,10,2.75
CN1CCN(c2ccc3ncc(C(N)=O)c(Nc4ccc(F)cc4F)c3c2)CC1,ZOSVYXDRJYOICQ-UHFFFAOYSA-N,ZOSVYXDRJYOICQ,29,8,2.3
CCn1c(-c2ccnc(Nc3ccc(C(=O)NC)cc3)n2)cnc1C,HBGBNRBGCBVAFP-UHFFFAOYSA-N,HBGBNRBGCBVAFP,25,7,2.53
OC1(c2ccc(Cl)cc2)CCN(Cc2c[nH]c3ccccc23)CC1,LLBLNMUONVVVPG-UHFFFAOYSA-N,LLBLNMUONVVVPG,24,4,2.25
CCCc1cc(Nc2nc(NCc3cc(C)no3)ncc2Br)n[nH]1,IMXLKPSPRSVIRB-UHFFFAOYSA-N,IMXLKPSPRSVIRB,24,9,3.63
CCNCc1cnc(-c2ccc(C(=O)Nc3ccccc3N)cc2)s1,BTWYENOIXSPNND-UHFFFAOYSA-N,BTWYENOIXSPNND,25,6,0.95
N#CCNC(=O)[C@@H]1CCCC[C@H]1C(=O)N1CCc2[nH]c3ccc(F)cc3c2C1,FLFQFDSLOURIOC-HUUCEWRRSA-N,FLFQFDSLOURIOC,28,7,2.77
O=S(=O)(Cc1cc(Cl)cc(Cl)c1)NCC(c1ccccc1)N1CCCCCC1,GIMVWSSMBYUNSF-UHFFFAOYSA-N,GIMVWSSMBYUNSF,28,7,3.23
CS(=O)(=O)c1ccc(N2CCN(C(=O)[C@@H]3CCCC[C@H]3C(=O)NCC#N)CC2)cc1,VNQPOUUFPRFJLK-RTBURBONSA-N,VNQPOUUFPRFJLK,30,9,0.67
N#Cc1ccc(CN2CCN(c3ccc4nnc(C(F)(F)F)n4n3)CC2)cc1,WGKJEPNCSMEMQS-UHFFFAOYSA-N,WGKJEPNCSMEMQS,28,10,2.9
COc1ccnc(C[S+]([O-])c2nc3cc(OC(F)F)ccc3[nH]2)c1OC,IQPSEEYGBUAQFF-UHFFFAOYSA-N,IQPSEEYGBUAQFF,26,10,2.0
FC(F)c1nc2ccccc2n1-c1nc(N2CCOCC2)nc(N2CCOCC2)n1,HGVNLRPZOWWDKD-UHFFFAOYSA-N,HGVNLRPZOWWDKD,30,11,3.04
CN[C@@H](C)C(=O)N[C@H](C(=O)N[C@H]1CCCN(CCc2ccccc2)C1)C(C)(C)C,FGMGPEMCJNZRKA-YSIASYRMSA-N,FGMGPEMCJNZRKA,29,6,1.46
CC1CCN(C(=O)c2scc3c2OCCO3)CC1,DDRLGEHQIRZJQA-UHFFFAOYSA-N,DDRLGEHQIRZJQA,18,5,2.26
C[C@H](NC1=NC(=O)C(C)(C(F)(F)F)S1)c1ccccc1F,KNHNFKZUNFPPQE-KAJCPDDVSA-N,KNHNFKZUNFPPQE,21,8,3.1
COc1ccc(Cl)cc1NC(=O)CCS(=O)(=O)c1ccc(Br)cc1,NIABXQNAUHOSTJ-UHFFFAOYSA-N,NIABXQNAUHOSTJ,24,8,3.4
COCCNCc1ccc(Nc2ncc3cc(-c4ccncc4)ccc3n2)cc1,UKKAXPVDQSQDFB-UHFFFAOYSA-N,UKKAXPVDQSQDFB,29,6,1.86
Nc1ccc(S(=O)(=O)N2CCCC2)cc1,JTIWXDLCUZTDFM-UHFFFAOYSA-N,JTIWXDLCUZTDFM,15,5,0.98
CC[C@H](NC(=O)c1c(N)c(-c2ccccc2)nc2ccccc12)c1ccccc1,WHYVQTNGHLVEHF-FQEVSTJZSA-N,WHYVQTNGHLVEHF,29,4,3.89
N#CC1(NC(=O)[C@@H]2CCCC[C@H]2C(=O)N2CCN(c3ccccc3)CC2)CC1,COZCJUWJQAPZFH-RTBURBONSA-N,COZCJUWJQAPZFH,28,6,1.99
COc1cc2ncnc(N3CC[C@@H](Oc4cnc5ccccc5n4)C3)c2cc1OC,UBIIFKJMNRPNMT-CQSZACIVSA-N,UBIIFKJMNRPNMT,30,8,4.04
CCc1csc(N2CCN(C(=O)[C@@H]3CCCC[C@H]3C(=O)NC3(C#N)CC3)CC2)n1,LABRGLYROLKYDZ-IAGOWNOFSA-N,LABRGLYROLKYDZ,29,8,2.1
Cc1ccc(-n2c(C)cc(C(=O)NS(=O)(=O)c3ccc(C)cc3)c2C)cc1,IXDHWCZBBOOEKO-UHFFFAOYSA-N,IXDHWCZBBOOEKO,27,6,2.5
O=C(Nc1ccccc1-c1ccccc1)OC1CCN(CCCCCCCCCNC[C@H](O)c2ccc(O)c3[nH]c(=O)ccc23)CC1,NVEMUJANQDPDSC-DHUJRADRSA-N,NVEMUJANQDPDSC,47,9,2.16
CNc1c(Cl)cnc2[nH]c(-c3ccc(OCCN4CCOCC4)cc3)nc12,LUAFLHQGGFUREA-UHFFFAOYSA-N,LUAFLHQGGFUREA,27,8,2.63
COc1c(N2CCO[C@@H](CN(C)C)C2)c(F)cc2c(=O)c(C(=O)O)cn(C3CC3)c12,HPXHHPSHSQYSGC-ZDUSSCGKSA-N,HPXHHPSHSQYSGC,30,9,-0.62
O=C(NC1CCCCC1)c1cccnc1Sc1ccccc1,HKVUCJJWNPPILK-UHFFFAOYSA-N,HKVUCJJWNPPILK,22,4,3.01
C[C@]12CC[C@@H]3c4ccc(O)cc4CC[C@H]3[C@@H]1CC[C@@H]2O,VOXZDWNPVJITMN-ZBRFXRBCSA-N,VOXZDWNPVJITMN,20,2,3.72
C[C@]12CC[C@@H]3c4ccc(O)cc4CC[C@H]3[C@@H]1CCC2=O,DNXHEGUUPJUMQT-CBZIJGRNSA-N,DNXHEGUUPJUMQT,20,2,3.4
CCS(=O)(=O)c1ccc(-c2cc(C(F)(F)F)ccc2OCC(N)=O)c(C)c1,IIMHZOFZEZTKQT-UHFFFAOYSA-N,IIMHZOFZEZTKQT,27,9,2.77
C[C@H](CO)Nc1nc(SCc2cccc(F)c2F)nc2nc(NC3CC3)sc12,HPEZMJRVQAFZQC-SECBINFHSA-N,HPEZMJRVQAFZQC,28,10,4.37
O=C(CSc1ccncc1)Nc1ccc(C(=O)c2ccccc2)cc1,YFONOXVYUGNQML-UHFFFAOYSA-N,YFONOXVYUGNQML,25,5,3.6
O=c1c(-c2ccc([N+](=O)[O-])cc2)coc2cc(O)cc(O)c12,MBIGOEQMRVYLDL-UHFFFAOYSA-N,MBIGOEQMRVYLDL,22,7,3.24
CC(C)Cn1c(=O)n(C)c(=O)c2c(C(=O)N3CCC3)c(Cc3ccccc3C(F)(F)F)sc21,WISBCZMGDULQTO-UHFFFAOYSA-N,WISBCZMGDULQTO,33,10,3.46
C[C@@H](O)[C@H]1C(=O)N2C(C(=O)OCOC(=O)C(C)(C)C)=C(SC3CN(C4=NCCS4)C3)[C@H](C)[C@H]12,SNUDIPVBUUXCDG-QHSBEEBCSA-N,SNUDIPVBUUXCDG,33,11,2.1
Cc1oc(C#N)cc1-c1c2c(=O)n(C)c(=O)n(CC3CC3)c2nn1Cc1ccnc2ccc(Cl)cc12,TTYXLWOKFASPTH-UHFFFAOYSA-N,TTYXLWOKFASPTH,36,10,4.26
COc1cc2c(NC(=O)Nc3c(Cl)cccc3Cl)ncnc2cc1OCC1CCN(C)CC1,LFKKTLUGAAHREA-UHFFFAOYSA-N,LFKKTLUGAAHREA,33,10,2.7
Cc1c(S(=O)(=O)c2ccc(Cl)cc2)c2c(NS(C)(=O)=O)cccc2n1CC(=O)O,CNMKJYVZCCEGHW-UHFFFAOYSA-N,CNMKJYVZCCEGHW,29,11,-0.83
C[C@H](Nc1ccc2ncn(-c3cc(C4CC4)[nH]n3)c2n1)c1ncc(F)cn1,YKPNHIXFGPKGEI-JTQLQIEISA-N,YKPNHIXFGPKGEI,27,9,2.74
Cc1cc(N(C)S(C)(=O)=O)ccc1-c1cc(C(F)(F)F)ccc1OCC(=O)O,ZDNBNAYDTFTYCS-UHFFFAOYSA-N,ZDNBNAYDTFTYCS,28,10,-0.59
CC/C(=C(\c1ccccc1)c1ccc(/C=C/C(=O)O)cc1)c1ccccc1,HJQQVNIORAQATK-DDJBQNAASA-N,HJQQVNIORAQATK,27,2,3.89
CN[C@@H](C)C(=O)N[C@H](C(=O)N[C@H]1CCCN(CCc2ccc(C(F)(F)F)cc2)C1)C(C)(C)C,ALFIBOPSIAUNIQ-FFZOFVMBSA-N,ALFIBOPSIAUNIQ,33,9,2.85
CCCCC1C(=O)N(c2ccccc2)N(c2ccccc2)C1=O,VYMDGNCVAMGZFE-UHFFFAOYSA-N,VYMDGNCVAMGZFE,23,4,0.45
CC(=O)NC1CC2CCCC(C1)N2C(=O)Nc1ccc(Cl)c(C(F)(F)F)c1,OWBWYJOKGKPNOZ-UHFFFAOYSA-N,OWBWYJOKGKPNOZ,27,9,2.79
COc1c(Nc2ccc(S(C)(=O)=O)nc2C)ncnc1OC1CCN(C(=O)OC(C)C)CC1,WPDCHTSXOPUOII-UHFFFAOYSA-N,WPDCHTSXOPUOII,33,12,2.4
CC(=O)Nc1ccc(-c2ccnc(Nc3ccc(N4CCOCC4)cc3)n2)cc1,RMBHIVQOFNFWFU-UHFFFAOYSA-N,RMBHIVQOFNFWFU,29,7,2.91
O=C(O)c1[nH]c2ccccc2c1CCCOc1cccc2ccccc12,IQTBMDSOBZUIII-UHFFFAOYSA-N,IQTBMDSOBZUIII,26,4,2.75
C[C@H]1CN(Cc2cc(Cl)ccc2OCC(=O)O)CCN1C(=O)Cc1ccc(Cl)cc1,BHZNGMOMDQDTGT-HNNXBMFYSA-N,BHZNGMOMDQDTGT,30,8,1.21
Cc1nc2nc(-c3cccnc3)nn2c(O)c1Cc1ccccc1,OAHGUYPGVBVADC-UHFFFAOYSA-N,OAHGUYPGVBVADC,24,6,1.52
Cc1cc(Nc2cc(N3CCOCC3)nc(N[C@@H](C)c3ncc(F)cn3)n2)n[nH]1,VQLGDEFHXMDXJG-LBPRGKRZSA-N,VQLGDEFHXMDXJG,29,11,1.91
COc1ccc(NC(=O)CSc2nnc(C)n2-c2ccc(C)cc2)cc1,BLFIPZVBOASUFB-UHFFFAOYSA-N,BLFIPZVBOASUFB,26,7,2.94
CC1CC(CN)CC(CO)C1,OCRWQOBBCGSFAT-UHFFFAOYSA-N,OCRWQOBBCGSFAT,11,2,-1.4
FC(F)(F)c1nnc2ccc(NCc3cccnc3)nn12,JGDSCYIABDRGOA-UHFFFAOYSA-N,JGDSCYIABDRGOA,21,9,2.06
COc1cc2nnc(C(N)=O)c(Nc3ccc(C)cc3F)c2cc1N1CCN(C)CC1,KJJSJXRRMHWDBJ-UHFFFAOYSA-N,KJJSJXRRMHWDBJ,31,9,2.36
CC(C)c1nc2ccccc2n1-c1nc(N2CCOCC2)c2nc(OC3CN(C4CCS(=O)(=O)CC4)C3)n(C)c2n1,XRLOEZGWBZHADC-UHFFFAOYSA-N,XRLOEZGWBZHADC,41,13,2.9
CCN(CC)CCOC(=O)C1(c2ccccc2)CCCC1,OFAIGZWCDGNZGT-UHFFFAOYSA-N,OFAIGZWCDGNZGT,21,3,2.3
OC1(c2ccccc2)CNCCc2ccccc21,XIWKEQAHMUGEMX-UHFFFAOYSA-N,XIWKEQAHMUGEMX,18,2,1.38
CC(=O)NC[C@H]1CN(c2ccc(N3CCOCC3)c(F)c2)C(=O)O1,TYZROVQLWOKYKF-ZDUSSCGKSA-N,TYZROVQLWOKYKF,24,8,0.67
C[C@@H]1CN(c2ncc(F)cn2)CCN1c1ncc(OCc2ccncc2C#N)cn1,AMHHRGZLTPMKNL-CQSZACIVSA-N,AMHHRGZLTPMKNL,30,10,3.4
Cc1cnc(NC(=O)Cc2ccccc2)s1,BZGKXQSOFFPEDI-UHFFFAOYSA-N,BZGKXQSOFFPEDI,16,4,2.9
c1ccc2ncncc2c1,JWVCLYRUEFBMGU-UHFFFAOYSA-N,JWVCLYRUEFBMGU,10,2,1.0
CS(=O)(=O)Cc1cc(N2CCOCC2)nc(-c2cccc3cc[nH]c23)n1,PIPOUPBWXJODLO-UHFFFAOYSA-N,PIPOUPBWXJODLO,26,8,2.8
CC(C)(C)NS(=O)(=O)c1cncc(-c2ccc3nc(N)nn3c2)c1,YKJGGEMOMSRCDT-UHFFFAOYSA-N,YKJGGEMOMSRCDT,24,9,1.41
O=c1[nH]c2c(O)ccc([C@@H](O)CNCCSCCCOCCc3ccccc3)c2s1,UOORDUXSYBHJCF-IBGZPJMESA-N,UOORDUXSYBHJCF,30,8,2.54
CCC(C)(C)C(=O)O[C@H]1C[C@@H](C)C=C2C=C[C@H](C)[C@H](CC[C@@H]3C[C@@H](O)CC(=O)O3)[C@H]21,RYMZZMVNJRMUDD-HGQWONQESA-N,RYMZZMVNJRMUDD,30,5,3.7
C[C@H]1CN(Cc2cc(Cl)ccc2OCC(=O)O)CCN1C(=O)Cc1ccccc1Cl,KVMMUHZNDVGFAI-HNNXBMFYSA-N,KVMMUHZNDVGFAI,30,8,1.1
CC[C@@H](Nc1c(Nc2cccc(C(=O)N(C)C)c2O)c(=O)c1=O)c1ccccc1,ILEJORXRDPNPIM-OAHLLOKOSA-N,ILEJORXRDPNPIM,29,7,2.14
Cc1cc2n[nH]c(=O)n2c2cc(-c3ccccc3CO)ccc12,JLSGSESEQCTASV-UHFFFAOYSA-N,JLSGSESEQCTASV,23,5,3.18
Cc1ccc(NC(=O)c2cccc(N3CCOCC3)c2)cc1NC(=O)c1ccc(OCc2ccccn2)cc1,SVRHUWKSZKNYFQ-UHFFFAOYSA-N,SVRHUWKSZKNYFQ,39,8,3.2
NC1=NC(c2ccco2)Nc2c(F)ccc(F)c21,CEFKRUHXJVFJLI-UHFFFAOYSA-N,CEFKRUHXJVFJLI,18,6,1.2
CC(C)NC(=O)c1cnc(N2CCC(N3C(=O)OCc4ccccc43)CC2)c(Cl)c1,OSYLNBLYJPTPGS-UHFFFAOYSA-N,OSYLNBLYJPTPGS,30,8,3.57
CC(=O)CC(c1ccccc1)c1c(O)c2ccccc2oc1=O,PJVWKTKQMONHTI-UHFFFAOYSA-N,PJVWKTKQMONHTI,23,4,0.86
CC(C)C(C#N)(CCCN(C)CCc1ccccc1)c1ccccc1,DWAWDSVKAUWFHC-UHFFFAOYSA-N,DWAWDSVKAUWFHC,25,2,3.6
O=S(=O)(CCCOCCSc1ccccc1)CCNCCc1ccc(O)c2nc(O)sc12,IUIKXJWXDRVIPG-UHFFFAOYSA-N,IUIKXJWXDRVIPG,32,10,2.68
C[C@@H](O)[C@@H](CO)Nc1nc(SCc2cccc(F)c2F)nc2nc(N)sc12,ODRDLOQNIXEHKT-GMSGAONNSA-N,ODRDLOQNIXEHKT,27,11,2.83
O=C(c1ccc(F)cc1)C1CCN(CCn2c(=O)[nH]c3ccccc3c2=O)CC1,FPCCSQOGAWCVBH-UHFFFAOYSA-N,FPCCSQOGAWCVBH,29,7,2.9
O=C(NCc1ccncc1)c1ccc(Oc2ccc(C#CC3(O)CN4CCC3CC4)cc2)cc1,FEOIBPWKGPFSTB-UHFFFAOYSA-N,FEOIBPWKGPFSTB,34,6,2.48
CS(=O)(=O)c1ccc2c3c([nH]c2c1)CCN(C(=O)[C@@H]1CCCC[C@H]1C(=O)NC1(C#N)CC1)C3,YXSHPPFCJPOWHN-QZTJIDSGSA-N,YXSHPPFCJPOWHN,33,9,1.5
CC(=O)N[C@H](C)c1ccc(Nc2ncc3cc(-c4ccncc4)c(C)cc3n2)cc1,HHCGZHIZMMSLLF-MRXNPFEDSA-N,HHCGZHIZMMSLLF,30,6,3.45
CC[C@@H](c1ccc(C(=O)O)c(Oc2cccc(Cl)c2)c1)N1CCC[C@H](n2cc(C)c(=O)[nH]c2=O)C1,VDQATBOWGVKJCS-UGKGYDQZSA-N,VDQATBOWGVKJCS,35,9,0.22
O=c1ccc2ccccc2[nH]1,LISFMEBWQUVKPJ-UHFFFAOYSA-N,LISFMEBWQUVKPJ,11,2,1.32
CN(CCO)Cc1ccc(-c2cc(C(N)=O)c(NC(N)=O)s2)cc1,ICZRNYYZRCEUCF-UHFFFAOYSA-N,ICZRNYYZRCEUCF,24,8,0.97
COc1ccc(C=C2SC(=O)NC2=O)cc1OC,ARJGUVIAPHIKLE-UHFFFAOYSA-N,ARJGUVIAPHIKLE,18,6,1.17
O=C(O)COc1ccccc1N1CCC(CN2CCC(Oc3ccc(Cl)c(Cl)c3)CC2)CC1,MNSGCVNHLLGCDG-UHFFFAOYSA-N,MNSGCVNHLLGCDG,33,8,2.0
COc1ccc(CNC(=O)c2sc3nc(C)cc(C)c3c2N)cc1,MDNWGCQSCGNTKH-UHFFFAOYSA-N,MDNWGCQSCGNTKH,24,6,3.85
CCCc1c(OCc2cccc(NC(=O)c3ccccc3C(=O)O)c2)ccc(C(C)=O)c1O,LVEFGWOODGSMBV-UHFFFAOYSA-N,LVEFGWOODGSMBV,33,7,1.9
Cc1c(Cl)ccc(OC2CCN(C[C@H](O)CNC(=O)c3c[nH]c(=O)c4cc(S(C)(=O)=O)ccc34)CC2)c1Cl,LQCZDIMQFUOGJG-MRXNPFEDSA-N,LQCZDIMQFUOGJG,38,12,2.83
COc1ccc(C(=O)C2CCN(C(=O)c3ccc(F)cc3)CC2)cc1,BTMQRLRMKQWTCL-UHFFFAOYSA-N,BTMQRLRMKQWTCL,25,5,2.92
CC(C)NC[C@@H](C(=O)N1CCN(c2ncnc3c2[C@H](C)C[C@H]3O)CC1)c1ccc(Cl)cc1,GRZXWCHAXNAUHY-NSISKUIASA-N,GRZXWCHAXNAUHY,32,8,1.3
Cc1cn([C@H]2CCCN(Cc3ccc(C(=O)O)c(Oc4cccc(Br)c4)c3)C2)c(=O)[nH]c1=O,SBYPHCXTWMCGOV-SFHVURJKSA-N,SBYPHCXTWMCGOV,33,9,-0.51
COc1cc(C(=O)NS(=O)(=O)c2ccccc2)ccc1Cn1ncc2ccc(NC(=O)OC3CCCC3)cc21,YRCPIXCRSAKRGM-UHFFFAOYSA-N,YRCPIXCRSAKRGM,39,11,1.8
O=C(NC[C@@H](O)CN1CCC(Oc2ccc(Cl)c(Cl)c2)CC1)c1c[nH]c(=O)c2cc(S(=O)(=O)NC3CC3)ccc12,DTYDZUZTWZDAGL-QGZVFWFLSA-N,DTYDZUZTWZDAGL,40,13,3.67
Cc1ccc(NC(=O)c2ccc(C#N)cc2)cc1-n1cnc2ccc(N3CCN(C)CC3)cc2c1=O,SIIRMPMJLBEIDY-UHFFFAOYSA-N,SIIRMPMJLBEIDY,36,8,2.73
N#CC1(NC(=O)[C@@H]2CCCC[C@H]2C(=O)N2CCc3[nH]c4cccc(F)c4c3C2)CC1,XHSHPTAZQWFHLY-HUUCEWRRSA-N,XHSHPTAZQWFHLY,30,7,3.2
NC1C2CN(c3nc4c(cc3F)c(=O)c(C(=O)O)cn4-c3ccc(F)cc3F)CC12,WVPSKSLAZQPAKQ-UHFFFAOYSA-N,WVPSKSLAZQPAKQ,30,10,0.3
O=[N+]([O-])c1ccc2c(c1)nc1n2CCCCC1,QNZVMYVXYISBET-UHFFFAOYSA-N,QNZVMYVXYISBET,17,5,2.58
O=C1COc2ccc(CNC3CCN(CCN4C(=O)COc5ccc(O)cc54)CC3)nc2N1,LUGYILCUTNOWCZ-UHFFFAOYSA-N,LUGYILCUTNOWCZ,33,10,0.52
CC1(c2c(C(=O)NC3C4CC5CC(C4)CC3C5)cnn2-c2ccc(C(=O)O)cc2)CC1,VDIFOBFULIDFKJ-UHFFFAOYSA-N,VDIFOBFULIDFKJ,31,6,1.11
COc1ccc2c(C)cc(N[C@H]3CCC[C@H](NCc4ccsc4)C3)nc2c1,QUSHDRQZFJGEQA-ROUUACIJSA-N,QUSHDRQZFJGEQA,27,5,2.46
OCC[C@]1(c2cc3ccccc3o2)CCCNC1,QLSUBNPMUSWHLS-OAHLLOKOSA-N,QLSUBNPMUSWHLS,18,3,0.12
Oc1ccc(-c2nc3ccc(O)cc3s2)cc1,UNCMKVXDLXKQDH-UHFFFAOYSA-N,UNCMKVXDLXKQDH,17,4,3.65
CC[C@H](NC(=O)c1c([S+](C)[O-])c(-c2ccccc2)nc2cc(CN(C)C)ccc12)c1ccccc1,LOKNKYMQCNMPOQ-FRIBFZOTSA-N,LOKNKYMQCNMPOQ,35,6,2.75
CC(=O)c1ccc2[nH]c(-c3cccnc3)cc(=O)c2c1,PPHGEAMSSVITHL-UHFFFAOYSA-N,PPHGEAMSSVITHL,20,4,1.41
O=C(O)c1cccc(C(=O)N2CCC(N3CCC(Oc4ccc(Cl)c(Cl)c4)CC3)CC2)c1,CSSKAGWIWQOQME-UHFFFAOYSA-N,CSSKAGWIWQOQME,32,8,1.23
Cc1c(Sc2ccc(Cl)cc2)c2cc(F)ccc2n1CC(=O)O,URTJMIVKGVYGCU-UHFFFAOYSA-N,URTJMIVKGVYGCU,23,6,1.84
COc1ccc2c(C)cc(N[C@H]3CCC[C@H](NCc4cccc(OC(F)(F)F)c4)C3)nc2c1,RIMABVFMBXYCGG-OALUTQOASA-N,RIMABVFMBXYCGG,33,8,3.61
COc1cccc(Nc2nc(NCC3CCCO3)c3ccccc3n2)c1,FBWZAFQEOKNGQL-UHFFFAOYSA-N,FBWZAFQEOKNGQL,26,6,3.9
CCOc1cc2nnc(C(N)=O)c(Nc3cccc(Cl)c3F)c2cc1N1CCN(C)CC1,RFGZHWGKKIBYCG-UHFFFAOYSA-N,RFGZHWGKKIBYCG,32,10,1.99
COc1ccc(C(C)NC(=O)C2(N)CCN(c3ncnc4[nH]ccc34)CC2)cc1OC,IYQIOQXDNPZMSK-UHFFFAOYSA-N,IYQIOQXDNPZMSK,31,9,1.8
Cc1ccc(NC(=O)c2cccc(N(C)S(C)(=O)=O)c2)cc1NC(=O)c1ccc2ncccc2c1,DQFMRMLWLAESEZ-UHFFFAOYSA-N,DQFMRMLWLAESEZ,35,9,2.8
Cc1ccc(C(=O)N(CCCN)[C@H](c2nc3cc(Cl)ccc3c(=O)n2Cc2ccccc2)C(C)C)cc1,QJZRFPJCWMNVAV-MHZLTWQESA-N,QJZRFPJCWMNVAV,37,7,2.88
Cc1ccsc1Cn1[nH]c(=O)c2[nH]c3cc(Cl)ccc3c(=O)c2c1=O,LLDSQULRNCBYBR-UHFFFAOYSA-N,LLDSQULRNCBYBR,25,8,1.15
CC(=O)N1CCN(CCOc2ccc(C3CCN(c4ccc5nnc(C(F)(F)F)n5n4)CC3)cc2)CC1,QSZCQZXVVCYKLQ-UHFFFAOYSA-N,QSZCQZXVVCYKLQ,37,12,3.2
Cc1cc(C)c2c(N)c(C(=O)NC3CC3)sc2n1,UUPIXVFXQKCVSJ-UHFFFAOYSA-N,UUPIXVFXQKCVSJ,18,5,2.53
Cn1c(-c2ccncc2)cc2onc(-c3ccccc3)c2c1=O,LJFFXXBCMTXSHN-UHFFFAOYSA-N,LJFFXXBCMTXSHN,23,5,2.61
Cc1ccc(Nc2c(F)cccc2Cl)c(CC(=O)O)c1,KHPKQFYUPIUARC-UHFFFAOYSA-N,KHPKQFYUPIUARC,20,5,1.02
COC(=O)CCC(=O)Nc1ccc2c(c1)-c1ccccc1C(=O)C2=O,NKSFSHDRSDYECZ-UHFFFAOYSA-N,NKSFSHDRSDYECZ,25,6,2.72
NC(=O)c1cnc(N[C@H]2CCCNC2)c2cc(-c3ccncc3)sc12,BFNCPOVPMNPESI-LBPRGKRZSA-N,BFNCPOVPMNPESI,25,7,0.77
Cc1cccc(N(Cc2cc(F)c(F)cc2F)C(=O)O[C@H]2CN3CCC2CC3)c1,WRQCVLFZYUVEBT-NRFANRHFSA-N,WRQCVLFZYUVEBT,29,7,2.24
CCCC(=O)N1CCN(c2nnc(-c3ccccc3)c3ccccc23)CC1,ZMNRORDFSGFGRV-UHFFFAOYSA-N,ZMNRORDFSGFGRV,27,5,3.2
C[C@@H]1CN(Cc2ccc(F)cc2)[C@@H](C)CN1C(=O)c1cc2c(C(=O)C(=O)N(C)C)cn(C)c2cc1Cl,ZMELOYOKMZBMRB-DLBZAZTESA-N,ZMELOYOKMZBMRB,36,9,3.6
N#Cc1ccc2c(c1)N(CCN1CCC(NCc3ccc4c(n3)NC(=O)CO4)CC1)C(=O)CO2,ILRMRAZASPTXGW-UHFFFAOYSA-N,ILRMRAZASPTXGW,34,10,0.23
Cn1sc(NC(=O)c2ccccc2)nc1=O,SSBKUYCZYQBQFN-UHFFFAOYSA-N,SSBKUYCZYQBQFN,16,6,1.13
C[C@@H]1c2c([nH]c3ccc(C(F)(F)F)cc23)C[C@@H]2CCN(CCN3CCOCC3)C[C@H]21,OQOGMEFNRHFVDB-BXWFABGCSA-N,OQOGMEFNRHFVDB,30,7,2.87
CC(C)NCC(O)COc1cccc2[nH]ccc12,JZQKKSLKJUAGIC-UHFFFAOYSA-N,JZQKKSLKJUAGIC,18,4,-0.12
Cc1cc(Nc2nc(N[C@@H](C)c3ncc(F)cn3)ncc2C)n[nH]1,QNBLPUFFJOANGD-JTQLQIEISA-N,QNBLPUFFJOANGD,24,9,1.75
CN(C)CCNCc1ccc(Nc2ncc3cc(-c4ccncc4)ccc3n2)cc1,IHNDVQAJDJUVJJ-UHFFFAOYSA-N,IHNDVQAJDJUVJJ,30,6,1.4
Cc1ccccc1Nc1ncnc2ccccc12,VWWYLLUFLOPSFF-UHFFFAOYSA-N,VWWYLLUFLOPSFF,18,3,2.85
Cn1c(CN2CCN(c3ccccc3)CC2)nc2ccccc21,SPANKRVWSHQPRS-UHFFFAOYSA-N,SPANKRVWSHQPRS,23,4,3.11
CC(C)Cn1c(=O)n(C)c(=O)c2c(C(=O)N3CCCCC3)c(Cc3ccccc3C(F)(F)F)sc21,DPXDDCHGEHPRRW-UHFFFAOYSA-N,DPXDDCHGEHPRRW,35,10,4.07
N#Cc1nc(NC2CCCC2)c(N)c(N2CCOCC2)n1,WFZYTAPCBPHQFC-UHFFFAOYSA-N,WFZYTAPCBPHQFC,21,7,2.59
c1ccc([C@H]2CN3CCSC3=N2)cc1,HLFSDGLLUJUHTE-SNVBAGLBSA-N,HLFSDGLLUJUHTE,14,3,0.81
CCCCOc1nc(N)c2[nH]c(=O)n(Cc3cccc(CC(=O)OC)c3)c2n1,MXILFZWMVNDOIZ-UHFFFAOYSA-N,MXILFZWMVNDOIZ,28,9,3.76
CC(C)(C)OC(=O)N1CCN(c2ccc(OCc3ccc(S(C)(=O)=O)cc3)cc2)CC1,XEVQTJQCJMBCQP-UHFFFAOYSA-N,XEVQTJQCJMBCQP,31,8,3.9
COc1cc(N2CCN(C(C)=O)CC2)ccc1Nc1ncc(Cl)c(-c2cnc3ccc(N(C)C)cn23)n1,FQVBSUZPKJKZTD-UHFFFAOYSA-N,FQVBSUZPKJKZTD,37,11,4.1
N#CC1(NC(=O)[C@@H]2CCCC[C@H]2C(=O)N2CCc3[nH]c4ccc(F)cc4c3C2)CC1,HGJTURTZFKNELD-HZPDHXFCSA-N,HGJTURTZFKNELD,30,7,3.0
COc1ccc(NC(=O)c2ccnc(N)n2)cc1,ZLVHGTLQVQBWAG-UHFFFAOYSA-N,ZLVHGTLQVQBWAG,18,6,1.72
O=C(NC[C@@H](O)CN1CCC(Oc2ccc(Cl)c(Cl)c2)CC1)c1c[nH]c(=O)c2cc(S(=O)(=O)N3CCC3)ccc12,NZFSPDVTABQASR-QGZVFWFLSA-N,NZFSPDVTABQASR,40,13,3.02
CC(C)c1ccccc1Cc1cc(C(=O)Nc2ccc(S(=O)(=O)c3ccccc3C(C)(C)C)cc2)c(O)c(O)c1O,PQAPVTKIEGUPRN-UHFFFAOYSA-N,PQAPVTKIEGUPRN,41,8,3.44
COc1cccc(-c2cc(O)c3cc(NC(C)=O)ccc3n2)c1,XMMCHNWXMDDRGJ-UHFFFAOYSA-N,XMMCHNWXMDDRGJ,23,5,2.41
CCC(CC)C[C@H](c1ccc(C(=O)O)c(Oc2cccc(Cl)c2)c1)N1CCC[C@H](n2cc(C)c(=O)[nH]c2=O)C1,UYBHFPHFNCWVMH-JYFHCDHNSA-N,UYBHFPHFNCWVMH,39,9,1.68
CN(c1ccnc(Nc2cccc(S(C)(=O)=O)c2)n1)c1cccc2[nH]ncc12,JOABAWGYHATDTA-UHFFFAOYSA-N,JOABAWGYHATDTA,28,9,3.21
O=C(N[C@H]1CN2CCC1CC2)c1ccc(-c2ccccn2)s1,UUSSDOJBSVGPEU-AWEZNQCLSA-N,UUSSDOJBSVGPEU,22,5,0.7
Cc1cc(Nc2nc(N[C@@H](C)c3ncc(F)cn3)c(C#N)nc2C)n[nH]1,DCQUEYKYABNNDA-VIFPVBQESA-N,DCQUEYKYABNNDA,26,10,1.92
O=C(Nc1cccc(CCO)c1)c1cc2cc(Cl)ccc2[nH]1,VRXWVOGQHOAHKW-UHFFFAOYSA-N,VRXWVOGQHOAHKW,22,5,3.83
COc1cc(F)ccc1-c1cncc(CNC(=O)c2ccccc2)c1,RAXPLTCGWAHZCE-UHFFFAOYSA-N,RAXPLTCGWAHZCE,25,5,3.76
COc1cc(OC)c(S(=O)(=O)N2c3ccccc3CCC2C)cc1NC(=O)CSc1ccncc1,IDDCPHFFEUOPTQ-UHFFFAOYSA-N,IDDCPHFFEUOPTQ,35,10,2.82
Cc1cc(Nc2ccccc2)n(CCC#N)n1,MHJFZJJXUXOKHM-UHFFFAOYSA-N,MHJFZJJXUXOKHM,17,4,2.3
CNC(=O)c1ccccc1Sc1ccc2c(/C=C/c3ccccn3)n[nH]c2c1,RITAVMQDGBJQJZ-FMIVXFBMSA-N,RITAVMQDGBJQJZ,28,6,3.8
COc1cc(OC)nc(-n2ncc(Cl)c(Cl)c2=O)n1,LJECWHXUEMRNDY-UHFFFAOYSA-N,LJECWHXUEMRNDY,19,9,1.4
O=S(=O)(CCCOCCc1cc2ccccc2o1)CCNCCc1ccc(O)c2nc(O)sc12,ZZPIHHKVQNVOOR-UHFFFAOYSA-N,ZZPIHHKVQNVOOR,34,10,2.86
Cc1ccc(S(=O)(=O)Nc2c(C(=O)N[C@@H](C)C(C)(C)C)c(C)nn2C2CCN(C)CC2)cc1,GXDQNCBLCCWUMQ-SFHVURJKSA-N,GXDQNCBLCCWUMQ,33,9,0.8
NC1(c2ccc(-c3c(-c4ccccc4)ccn4ncnc34)cc2)CCC1,SVMKTIMVFDYDLB-UHFFFAOYSA-N,SVMKTIMVFDYDLB,26,4,1.7
CN1CCN(C(=O)c2cc3ccccc3n2C)CC1,WORMLKIVBHMAJN-UHFFFAOYSA-N,WORMLKIVBHMAJN,19,4,1.71
CN(C)CC(O)COc1ccc(Nc2nccc(Nc3ccc(Cl)cc3)n2)cc1,NSBUFSWCDJEGDQ-UHFFFAOYSA-N,NSBUFSWCDJEGDQ,29,8,2.6
CC(C)Cn1c(=O)n(C)c(=O)c2c(C(=O)N3C[C@H](O)CO3)c(Cc3ccnc4ccccc34)sc21,FOUGTHXAKKBTGL-INIZCTEOSA-N,FOUGTHXAKKBTGL,35,10,2.14
COc1cc(N2CCN(C(C)=O)CC2)ccc1Nc1ncc(Cl)c(-c2cnc3c(OC)cccn23)n1,MAMCKHRKAMEQIM-UHFFFAOYSA-N,MAMCKHRKAMEQIM,36,11,3.5
CCCSc1c(C(=O)N(C)C2CCCCC2)cnn1-c1ccc(C(=O)O)cc1,BICVKEYNPZYVKI-UHFFFAOYSA-N,BICVKEYNPZYVKI,28,7,0.59
O=S(=O)(Cc1cc(N2CCOCC2)nc(-c2ccccn2)n1)c1ccccc1,YHWWKRCQPVDEBT-UHFFFAOYSA-N,YHWWKRCQPVDEBT,28,8,1.34
CCN(CC)C(=O)N[C@H]1C[C@@H]2c3cccc4[nH]cc(c34)C[C@H]2N(C)C1,JOAHPSVPXZTVEP-YXJHDRRASA-N,JOAHPSVPXZTVEP,25,5,2.73
CCOC(=O)C1(c2ccccc2)CCN(C)CC1,XADCESSVHJOZHK-UHFFFAOYSA-N,XADCESSVHJOZHK,18,3,1.4
O=C(Nc1cc(-c2ccncc2)c[nH]c1=O)[C@H](Cc1ccccc1)NC1(c2ccccn2)CC1,QQQMLGGCBKAPKW-QHCPKHFHSA-N,QQQMLGGCBKAPKW,34,7,3.44
CNC(=O)C[C@H](Nc1ncc(Cl)c(Nc2cc(C3CC3)[nH]n2)n1)c1ccc(F)cc1,SDYJEUJNTJEGGY-HNNXBMFYSA-N,SDYJEUJNTJEGGY,30,10,2.23
Cc1cc(O[C@H]2C[C@H]3CC[C@@H](C2)N3Cc2ccccc2)cc(C(N)=O)c1,LJTNAYABPZKATH-KXTWHKPSSA-N,LJTNAYABPZKATH,26,4,2.08
Oc1cc(O)cc(/C=C/c2ccc(O)c(O)c2)c1,CDRPUGZCRXZLFL-OWOJBTEDSA-N,CDRPUGZCRXZLFL,18,4,2.11
CCCSc1ncccc1C(=O)N(C)[C@@H]1[C@@H]2CC3C[C@H]1C[C@@](O)(C3)C2,MYUWJGFKFGXFOP-ACCPSQPCSA-N,MYUWJGFKFGXFOP,25,5,2.49
CS(=O)(=O)c1ccc([C@@H](O)[C@@H](CF)NC(=O)C(Cl)Cl)cc1,AYIRNRDRBQJXIF-NXEZZACHSA-N,AYIRNRDRBQJXIF,21,9,0.44
COCCNC(=O)c1ccc(Nc2ncc3cc(-c4ccncc4)ccc3n2)cc1C,XFIMTFTVMLQKMX-UHFFFAOYSA-N,XFIMTFTVMLQKMX,31,7,2.78
Cc1cccc2c3c([nH]c12)CCN(C(=O)[C@@H]1CCCC[C@H]1C(=O)NC1(C#N)CC1)C3,DKGVOSFCHAMVHO-QZTJIDSGSA-N,DKGVOSFCHAMVHO,30,6,2.99
Cc1cc(N)c2cc(NC(=O)CCC(=O)Nc3ccc4nc(C)cc(N)c4c3)ccc2n1,RMBQEANXKMPNGQ-UHFFFAOYSA-N,RMBQEANXKMPNGQ,32,8,1.39
COc1cccc2c(-c3c(C)n(CC(=O)O)c4ccc(C)cc34)ccnc12,CUMXSLBXLLYSHN-UHFFFAOYSA-N,CUMXSLBXLLYSHN,27,5,0.49
CCN(CCO)CCCC(C)Nc1ccnc2cc(Cl)ccc12,XXSMGPRMXLTPCZ-UHFFFAOYSA-N,XXSMGPRMXLTPCZ,23,5,0.77
c1ccc(-c2nnc3ccc(NC4CC4)nn23)cc1,RCJWOHKIDMXOTM-UHFFFAOYSA-N,RCJWOHKIDMXOTM,19,5,3.15
CC(=O)NCC(NC(=O)C1(N)CCN(c2ncnc3[nH]ccc23)CC1)c1ccc(Cl)cc1,TWNSSIKWSGKQOP-UHFFFAOYSA-N,TWNSSIKWSGKQOP,32,10,2.4
CC(=O)N1CCN(c2ccc(Nc3nccc(-c4cnc5ccccn45)n3)cc2)CC1,CCEAKNFETFDIHE-UHFFFAOYSA-N,CCEAKNFETFDIHE,31,8,2.82
Cc1c(Cl)ccc(OC2CCN(C[C@H](O)CNC(=O)c3c[nH]nc3C(F)(F)F)CC2)c1Cl,IBTMKWBYOYIWBF-GFCCVEGCSA-N,IBTMKWBYOYIWBF,32,12,3.66
NC1(c2ccc(-c3c(-c4ccccc4)ncc4nccn34)cc2)CCC1,CPPCFBQZCSSDSL-UHFFFAOYSA-N,CPPCFBQZCSSDSL,26,4,1.7
CCc1c(C)[nH]c2c1C(=O)C(CN1CCOCC1)CC2,KLPWJLBORRMFGK-UHFFFAOYSA-N,KLPWJLBORRMFGK,20,4,1.54
NC1(c2ccc(-c3ncc4cccnc4c3-c3ccccc3)cc2)CCC1,JJYHGGFMSOGVHA-UHFFFAOYSA-N,JJYHGGFMSOGVHA,27,3,1.7
O=[N+]([O-])c1ccc(C=NO)o1,PTBKFATYSVLSSD-UHFFFAOYSA-N,PTBKFATYSVLSSD,11,6,1.31
CC(C)OC(=O)c1cn(Cc2c(F)cccc2F)c2sc(-c3ccc(NC(=O)C(C)C)cc3)c(CN(C)Cc3ccccc3)c2c1=O,RANJJVIMTOIWIN-UHFFFAOYSA-N,RANJJVIMTOIWIN,47,10,3.5
O=C(c1cccc(Cl)c1Cl)N1CCN(c2ccccn2)CC1,LWJCPHYISVLVAT-UHFFFAOYSA-N,LWJCPHYISVLVAT,22,6,2.98
CC(=O)Nc1ccc2[nH]cc(-c3cc(NC4CC4)n4ncc(C#N)c4n3)c2c1,UZZGMJZTCZOSGC-UHFFFAOYSA-N,UZZGMJZTCZOSGC,28,8,2.65
c1cc2c(cc1-c1cnc3n1CCC3)OCCO2,KTMZVNFEULYZQH-UHFFFAOYSA-N,KTMZVNFEULYZQH,18,4,2.33
CNC1=Nc2ncccc2C(c2ccco2)=NC1c1cccs1,DPMRHTYMAOIWBU-UHFFFAOYSA-N,DPMRHTYMAOIWBU,23,6,1.85
N#Cc1c(-c2ccc(-c3ccccc3C(F)(F)F)cc2)nc2ccncc2c1O,BXLPQFBBUFOISP-UHFFFAOYSA-N,BXLPQFBBUFOISP,29,7,3.3
C[Si](C)(C)C#Cc1cn(C[C@H]2CN(c3ccc(C4=CCS(=O)(=O)CC4)c(F)c3)C(=O)O2)nn1,HNNPINAAJQXWMJ-IBGZPJMESA-N,HNNPINAAJQXWMJ,33,11,1.26
CC(=O)N[C@H](C)c1ccc(Nc2ncc3cc(-c4ccncc4)cc(C)c3n2)cc1,XQQGBYZGHLCQFB-MRXNPFEDSA-N,XQQGBYZGHLCQFB,30,6,3.46
CN1CCN(S(=O)(=O)c2ccc(-c3cnc(N)c(C(=O)Nc4cccnc4)n3)c(C(F)(F)F)c2)CC1,OBMADRXYXXTZEF-UHFFFAOYSA-N,OBMADRXYXXTZEF,36,14,3.25
CCC(CC)NC(=O)c1cnn(-c2ccccc2)c1NS(=O)(=O)c1ccc(C)cc1,URRMAIUCAFIYAR-UHFFFAOYSA-N,URRMAIUCAFIYAR,30,8,0.79
CC(=O)c1cn(Cc2ccccc2)c(=O)n(Cc2ccc(F)cc2)c1=O,ZEZQMOYXCIVDNR-UHFFFAOYSA-N,ZEZQMOYXCIVDNR,26,6,3.2
Cc1nc(C)c(-c2ccc(C34CCC(C(=O)O)(CC3)CC4)cc2)nc1C(N)=O,NEDBHMQQFZHPAR-UHFFFAOYSA-N,NEDBHMQQFZHPAR,28,6,1.3
Cc1sc2ncnc(SCC(=O)N3CCN(C(=O)c4ccco4)CC3)c2c1C,GBNBUVHNJXEXDE-UHFFFAOYSA-N,GBNBUVHNJXEXDE,28,9,2.7
O=C(O)CCCS(=O)(=O)c1cccc(C(=O)N2CCC(N3CCC(Oc4ccc(Cl)c(Cl)c4)CC3)CC2)c1,PDJBLXDNFLXACI-UHFFFAOYSA-N,PDJBLXDNFLXACI,38,11,0.66
CN(C)CC(O)COc1ccc(Nc2ncc(Cl)c(Nc3ccccc3)n2)cc1,WVTQEDQHWYJROA-UHFFFAOYSA-N,WVTQEDQHWYJROA,29,8,2.25
CCOC(=O)[C@H](Cc1ccc([N+](=O)[O-])cc1)NC(=O)c1ccccc1,BEZXGSZPWXRHIN-INIZCTEOSA-N,BEZXGSZPWXRHIN,25,7,2.79
CCc1cccc(N(C)C(=N)Nc2cccc3ccccc23)c1,BFNCJMURTMZBTE-UHFFFAOYSA-N,BFNCJMURTMZBTE,23,3,1.57
CC[S+]([O-])c1ncccc1C1(O)CCN(CC23CC(c4ccccc42)c2ccccc23)CC1,LVMVFEHQMHETDS-UHFFFAOYSA-N,LVMVFEHQMHETDS,33,5,2.0
C[C@]12CCC(=O)C=C1CC[C@@H]1[C@@H]2C(=O)C[C@@]2(C)[C@H]1CC[C@]2(O)C(=O)CO,MFYSYFVPBJMHGN-ZPOLXVRWSA-N,MFYSYFVPBJMHGN,26,5,1.4
Cn1c(N)nc(CCc2cccc(-c3ccccc3)c2)cc1=O,OJPMWSXHQIEAMR-UHFFFAOYSA-N,OJPMWSXHQIEAMR,23,4,3.8
Cc1cc2n[nH]c(=O)n2c2cc(-c3ccco3)ccc12,PZXXJIFQPOXWJV-UHFFFAOYSA-N,PZXXJIFQPOXWJV,20,5,2.07
C[C@@H](NC1=CC(=O)CC1)c1ccc(Nc2ncc3cc(-c4ccncc4)ccc3n2)cc1,SLXBPJKJXMRHKG-QGZVFWFLSA-N,SLXBPJKJXMRHKG,32,6,3.2
CCCSc1ncccc1C(=O)NC1CCCCC1,DGJDGJQCZWAUMC-UHFFFAOYSA-N,DGJDGJQCZWAUMC,19,4,3.24
Cc1ccc(S(=O)(=O)Nc2c(C(=O)N[C@H](C)C(C)(C)C)c(C)nn2-c2ccccc2)cc1,MYHHDENZOVCZAX-GOSISDBHSA-N,MYHHDENZOVCZAX,32,8,1.2
COc1cc2ncnc(Nc3cc(NC(=O)c4ccnc(N5CCOCC5)c4)ccc3C)c2cc1OCCN1CCOCC1,PCKQYQGEALHHPW-UHFFFAOYSA-N,PCKQYQGEALHHPW,44,12,3.19
COc1ccc2ncc(=O)n(CCN3CC[C@H](NCc4cc5c(cn4)OCCO5)[C@H](O)C3)c2c1,CWTNGAPXMSGUOV-PZJWPPBQSA-N,CWTNGAPXMSGUOV,34,10,0.77
O=C(NCc1ccnc2ccccc12)c1ccc(Oc2ccc(C#C[C@]3(O)CN4CCC3CC4)cc2)cc1,BLVTYAOGMSRRPZ-YTTGMZPUSA-N,BLVTYAOGMSRRPZ,38,6,3.88
CCCNCC(O)COc1ccccc1C(=O)CCc1ccccc1,JWHAUXFOSRPERK-UHFFFAOYSA-N,JWHAUXFOSRPERK,25,4,1.72
CCN(CC)c1ccc2cc(C(=O)O)c(=O)oc2c1,WHCPTFFIERCDSB-UHFFFAOYSA-N,WHCPTFFIERCDSB,19,5,-0.2
CC(C)N1CCN[C@@H](C(=O)N2CCN(C(=O)Nc3ccc(Cl)c(Cl)c3)CC2)C1,OOGWCCRYNCAIBK-QGZVFWFLSA-N,OOGWCCRYNCAIBK,28,9,2.21
CCOC(=O)/C=C/[C@H](C[C@@H]1CCNC1=O)NC(=O)[C@@H](CC(=O)[C@@H](NC(=O)c1cc(C)on1)C(C)C)Cc1ccc(F)cc1,CAYJBRBGZBCZKO-BHGBQCOSSA-N,CAYJBRBGZBCZKO,43,12,2.8
C[C@@H]1CN(c2nc(N3CCOC[C@@H]3C)c3ccc(-c4ccccc4)nc3n2)C[C@H](C)O1,DHNYYLLBXSIDFH-OKZBNKHCSA-N,DHNYYLLBXSIDFH,31,7,3.75
Cc1cc(=O)n(-c2ccccc2)n1C,VEQOALNAAJBPNY-UHFFFAOYSA-N,VEQOALNAAJBPNY,14,3,0.11
Cc1cn([C@H]2CCCN(Cc3ccc(C(=O)O)c(Oc4cccc(F)c4)c3)C2)c(=O)[nH]c1=O,VKKBIMQBPPRDGK-SFHVURJKSA-N,VKKBIMQBPPRDGK,33,9,-1.03
CC(C)[C@H](N)C(=O)OCCOCn1cnc2c(=O)nc(N)[nH]c21,HDOVUKNUBWVHOX-QMMMGPOBSA-N,HDOVUKNUBWVHOX,23,10,-1.3
CN[C@@H](C)C(=O)N[C@H](C(=O)N[C@H]1CCCN(CCc2ccccc2)C1)C1CCCCC1,BLJRIUMEKILZNZ-VJBMBRPKSA-N,BLJRIUMEKILZNZ,31,6,1.65
CNc1c(Br)cnc2[nH]c(-c3ccc(S(C)(=O)=O)cc3)nc12,JWPPHAQXCHYGAE-UHFFFAOYSA-N,JWPPHAQXCHYGAE,22,8,2.88
O=C(NCC12CC3CC(CC(C3)C1)C2)c1cc(CN2C[C@@H]3C[C@H]2CN3)ccc1Cl,FKPPLJXVWARJKB-XQIWWWIASA-N,FKPPLJXVWARJKB,29,5,1.45
O=C1CN2Cc3c(ccc(Cl)c3Cl)N=C2N1,OTBXOEAOVRKTNQ-UHFFFAOYSA-N,OTBXOEAOVRKTNQ,16,6,1.86
O=C(O)c1cccnc1N1CCC(CN2CCC(Oc3ccc(Cl)c(Cl)c3)CC2)CC1,ROQGCKBWSKAVEH-UHFFFAOYSA-N,ROQGCKBWSKAVEH,31,8,1.71
CC(=O)Nc1nc(N)n(-c2ccccc2)n1,LHPUTVJZYYLZDW-UHFFFAOYSA-N,LHPUTVJZYYLZDW,16,6,-0.2
CC(C)NC[C@H](O)COc1cccc2ccccc12,AQHHHDLHHXJYJD-AWEZNQCLSA-N,AQHHHDLHHXJYJD,19,3,0.99
CC(C)C(NC(=O)Cn1c(-c2ccccc2)ccc(NC(=O)Cc2ccccc2C(=O)O)c1=O)C(=O)C(F)(F)F,ADVHGQZABZVPCA-UHFFFAOYSA-N,ADVHGQZABZVPCA,40,12,1.14
CCN(CC)c1ccc2cc(C(C)=O)c(=O)oc2c1,JQYDECSZBZCKFQ-UHFFFAOYSA-N,JQYDECSZBZCKFQ,19,4,2.0
CCOC(=O)c1c(-c2ccccc2)nc2cc(C)ccn12,ZFVHFQJRAAKKTD-UHFFFAOYSA-N,ZFVHFQJRAAKKTD,21,4,3.8
CN(c1ccc(-c2cc(C(F)(F)F)ccc2OCC(=O)O)cc1)S(C)(=O)=O,DRFYLNDYPJDLJQ-UHFFFAOYSA-N,DRFYLNDYPJDLJQ,27,10,-0.81
CN(c1ccccc1)c1ccnc(Nc2cc(N3CCOCC3)cc(N3CCOCC3)c2)n1,SPIWOLIEUWRHGI-UHFFFAOYSA-N,SPIWOLIEUWRHGI,33,8,3.47
Nc1ncnc2c1ncn2[C@@H]1O[C@H](CSCCCNC(=O)NCc2ccccc2)[C@@H](O)[C@H]1O,LXPZLICTVQWCKP-WVSUBDOOSA-N,LXPZLICTVQWCKP,33,12,0.9
COc1cc2ncnc(Nc3cc4ccccc4cn3)c2cc1OC,TWVXDJSEKDRXKV-UHFFFAOYSA-N,TWVXDJSEKDRXKV,25,6,3.9
Oc1ccc2c3c1O[C@H]1c4[nH]c5ccccc5c4C[C@@]4(O)[C@@H](C2)N(CC2CC2)CC[C@]314,WIYUZYBFCWCCQJ-IFKAHUTRSA-N,WIYUZYBFCWCCQJ,31,5,2.7
CNC(=O)c1cnn(-c2ccccc2)c1NS(=O)(=O)c1ccc(C)cc1,NVXNUPIATWBYSF-UHFFFAOYSA-N,NVXNUPIATWBYSF,26,8,-0.54
COCCNC(=O)c1ccc(Nc2ncc3cc(-c4ccnc(C)c4)ccc3n2)cc1,KFLXEKIKIYSSNO-UHFFFAOYSA-N,KFLXEKIKIYSSNO,31,7,3.56
CC(C)Cn1c(=O)n(C)c(=O)c2c(C(=O)N3C[C@H](O)CO3)c(Cc3c[nH]c4ncccc34)sc21,HMICMRQBKBXVSC-AWEZNQCLSA-N,HMICMRQBKBXVSC,34,11,2.04
O=S(=O)(Nc1nc(-c2ccccc2)nn1Cc1ccccc1)c1ccccc1,KYRCFGCGHCJWNS-UHFFFAOYSA-N,KYRCFGCGHCJWNS,28,7,1.25
CNC(=O)Nc1nc2ccc(-c3cncc(S(=O)(=O)NC(C)(C)C)c3)cn2n1,MMOOFFFQYJLTLQ-UHFFFAOYSA-N,MMOOFFFQYJLTLQ,28,11,1.58
COc1cc(N2CCN(CCO)CC2)ccc1Nc1ncc(Cl)c(-c2cnc3ccccn23)n1,JEFFNXSQZCCYRI-UHFFFAOYSA-N,JEFFNXSQZCCYRI,34,10,3.2
NC1(c2ccc(-n3c(-c4ccccc4)nc4ccccc4c3=O)cc2)CCC1,VBDPGNXPOVBUGQ-UHFFFAOYSA-N,VBDPGNXPOVBUGQ,28,4,1.6
CC(=O)c1ccc2c(c1)N(CCN1CCC(NCc3ccc4c(n3)NC(=O)CO4)CC1)C(=O)CO2,HJOYSJFIOFFFHQ-UHFFFAOYSA-N,HJOYSJFIOFFFHQ,35,10,0.37
CCN(CC)CCOC(=O)c1ccc(N)cc1,MFDFERRIHVXMIY-UHFFFAOYSA-N,MFDFERRIHVXMIY,17,4,0.0
Cc1ncc(-c2ccnc(Nc3ccc(S(=O)(=O)CC4CCCO4)cc3)n2)n1C(C)C,VELBXKDYGYBFSC-UHFFFAOYSA-N,VELBXKDYGYBFSC,31,9,2.82
CC1(O)CN(S(=O)(=O)c2ccc3c(C(=O)NC[C@@H](O)CN4CCC(Oc5ccc(Cl)c(Cl)c5)CC4)c[nH]c(=O)c3c2)C1,QQODNMGQNZBOAF-QGZVFWFLSA-N,QQODNMGQNZBOAF,42,14,2.54
NC(Cc1cc(I)c(Oc2ccc(O)c(I)c2)c(I)c1)C(=O)O,AUYYCJSJGJYCDS-UHFFFAOYSA-N,AUYYCJSJGJYCDS,23,8,0.97
O=C1C(=O)c2ccccc2-c2ccccc21,YYVYAPXYZVYDHN-UHFFFAOYSA-N,YYVYAPXYZVYDHN,16,2,2.6
O=C(NCC12CC3CC(CC(C3)C1)C2)c1cc(CN2CCNCC2)ccc1Cl,VGXCGVFXXLXIIY-UHFFFAOYSA-N,VGXCGVFXXLXIIY,28,5,1.84
CC1(C)CCC(c2ccc(Cl)cc2)=C(CN2CCN(c3ccc(C(=O)NS(=O)(=O)c4ccc(N[C@H](CCN5CCOCC5)CSc5ccccc5)c(S(=O)(=O)C(F)(F)F)c4)cc3)CC2)C1,JLYAXFNOILIKPP-KXQOOQHDSA-N,JLYAXFNOILIKPP,65,18,0.64
Fc1ccc(-n2cc(C3CCNCC3)c3cc(Cl)ccc32)cc1,YCXCLZSLZGBCTA-UHFFFAOYSA-N,YCXCLZSLZGBCTA,23,4,2.4
CS(=O)(=O)c1cccc(Nc2nccc(Nc3cccc4ccoc34)n2)c1,URINSIYUETWWNG-UHFFFAOYSA-N,URINSIYUETWWNG,27,8,3.52
CC#Cc1ccnc(-c2cccc([C@@]3(c4cc(C)c(=O)n(CC)c4)N=C(N)c4c(F)cccc43)c2)c1,GTAHYWCJADHESY-PMERELPUSA-N,GTAHYWCJADHESY,36,6,4.4
COC(=O)Nc1cnc(-c2ccc(F)cc2)n(CC(=O)NC(C(=O)C(F)(F)F)C(C)C)c1=O,WRYIHTCWDNVQMS-UHFFFAOYSA-N,WRYIHTCWDNVQMS,33,13,1.82
CCCCNc1nc(N)c2[nH]c(=O)n(Cc3ccc(OCCN(C)C)nc3)c2n1,SSZHESNDOMBSRV-UHFFFAOYSA-N,SSZHESNDOMBSRV,29,10,1.9
Cc1cccc(C)c1NC(=O)C(C)N,BUJAGSGYPOAWEI-UHFFFAOYSA-N,BUJAGSGYPOAWEI,14,3,-0.15
NC1CCN(c2nccc(C(=O)NCC34CC5CC(CC(C5)C3)C4)c2Cl)CC1,DCWLWVQKMUBEHU-UHFFFAOYSA-N,DCWLWVQKMUBEHU,28,6,1.19
COc1ccc(C(=O)N2CCC(C(=O)c3ccc(F)cc3)CC2)cc1,CZAGTVFDMNEGGN-UHFFFAOYSA-N,CZAGTVFDMNEGGN,25,5,2.92
Cc1ccc(OC(=O)N2CCN3CCC2CC3)cc1,ARTYZBLKDXNPKZ-UHFFFAOYSA-N,ARTYZBLKDXNPKZ,19,4,1.02
CC(=O)Nc1ccc2cnn(-c3cc(NC4CC4)n4ncc(C#N)c4n3)c2c1,FQGPBKNLANMDDC-UHFFFAOYSA-N,FQGPBKNLANMDDC,28,9,3.44
CCN(CC)C(=O)c1ccc(C2=CC3(CCNCC3)Oc3ccccc32)c(O)c1,ALGHKWSXJUQNJJ-UHFFFAOYSA-N,ALGHKWSXJUQNJJ,29,5,0.77
CN1CCOc2nc(C#Cc3ccccc3)ccc21,YAJOQWSFSHQIJQ-UHFFFAOYSA-N,YAJOQWSFSHQIJQ,19,3,3.8
CCOC(=O)CN(c1ccccc1C)S(=O)(=O)c1ccc(Cl)cc1,HEDQLFZYHLYQGI-UHFFFAOYSA-N,HEDQLFZYHLYQGI,24,7,4.03
CN[C@@H](C)C(=O)N[C@H](C(=O)N[C@H]1CCCN(C(=O)Cc2ccccc2)C1)C1CCCCC1,LOYZMWUPYFKNEM-HARLFGEKSA-N,LOYZMWUPYFKNEM,32,7,1.32
O=C(Nc1ccc(F)cc1)c1ccc(Cl)[n+]([O-])c1,MEWOMDUCJFJDGL-UHFFFAOYSA-N,MEWOMDUCJFJDGL,18,6,1.38
N#Cc1ccc(Nc2nccc(NC3CC3)n2)cc1,TWMRGRJGIHFSRC-UHFFFAOYSA-N,TWMRGRJGIHFSRC,19,5,3.01
N#Cc1cc(CN2CCC2)cnc1-c1ccc(C(=O)Nc2ccccc2N)cc1,MGOAWIRTPOOEAO-UHFFFAOYSA-N,MGOAWIRTPOOEAO,29,6,1.22
C[C@@H]1CN(C(=O)OCC(F)F)CCN1c1ncc(OCc2ccncc2C#N)cn1,REVHGAGSNKNWNB-CYBMUJFWSA-N,REVHGAGSNKNWNB,30,11,2.3
CN(C)CC(O)COc1ccc(Nc2nccc(N(CC#N)c3cc(Cl)ccc3Cl)n2)cc1,XOZQJBAUFVCEOP-UHFFFAOYSA-N,XOZQJBAUFVCEOP,33,10,2.4
Cc1ccc(CO)cc1N(C)c1ccnc(Nc2cc(N3CCCC3)cc(N3CCOCC3)c2)n1,AVAKJOKXFVECHP-UHFFFAOYSA-N,AVAKJOKXFVECHP,35,8,3.8
Cn1nc(C(C)(C)C)cc1NC(=O)Nc1ccc(Cl)cc1,FWIJKWMXNHRSRO-UHFFFAOYSA-N,FWIJKWMXNHRSRO,21,6,3.97
Cc1ccccc1N1C(=O)c2cc(S(N)(=O)=O)c(Cl)cc2NC1C,AQCHWTWZEMGIFD-UHFFFAOYSA-N,AQCHWTWZEMGIFD,24,8,1.64
Cn1cnc(-c2ccccc2)c1C#Cc1ccnc(N)n1,AJIWUDBHBFFZCY-UHFFFAOYSA-N,AJIWUDBHBFFZCY,21,5,2.94
CNC(=O)c1cc(C(=O)c2ccc(Cl)cc2)c(Br)[nH]1,YRNZURLLCOVYRH-UHFFFAOYSA-N,YRNZURLLCOVYRH,19,6,3.1
CN1CC(n2nccc2-c2cc(Cl)ccc2Oc2cc(F)c(S(=O)(=O)Nc3ncns3)cc2F)C1,QESPTBXFDDSHIF-UHFFFAOYSA-N,QESPTBXFDDSHIF,35,14,1.0
N#Cc1ccc(-c2csc(Nc3ccc(O)cc3)n2)cc1,PFVFUDWXQNURLV-UHFFFAOYSA-N,PFVFUDWXQNURLV,21,5,4.1
CCN(C(=O)Cc1ccc(S(C)(=O)=O)cc1)C1CCN(CCC(c2ccccc2)c2ccc(NC(C)=O)cc2)CC1,VNXYBRUSQZZOGE-UHFFFAOYSA-N,VNXYBRUSQZZOGE,41,8,2.09
Cc1ccc(S(=O)(=O)c2ccccc2)cc1,YBRXHRWLEFCFEG-UHFFFAOYSA-N,YBRXHRWLEFCFEG,16,3,2.74
CC(NC(=O)C1(N)CCN(c2ncnc3[nH]ccc23)CC1)c1ccc(F)cc1,NYQLHIXUWWCSBD-UHFFFAOYSA-N,NYQLHIXUWWCSBD,28,8,2.4
COc1cc2ncc(C(N)=O)c(Nc3ccc(F)cc3F)c2cc1NCCN1CCCCC1,IQRQPBXCRBANDP-UHFFFAOYSA-N,IQRQPBXCRBANDP,33,9,2.52
COc1ccc(Sc2c(C)n(CC(=O)O)c3ccc(C)cc23)cc1,RDWNQKGVOHYXCK-UHFFFAOYSA-N,RDWNQKGVOHYXCK,24,5,1.01
Cc1ccc(S(=O)(=O)Nc2c(C(=O)NC(C)C(C)(C)C)c(C)nn2-c2ccccc2)cc1,MYHHDENZOVCZAX-UHFFFAOYSA-N,MYHHDENZOVCZAX,32,8,1.21
Cc1ccc2c(c1)c(Sc1ccc(Cl)cc1)c(C)n2CC(=O)O,BVKCMKBKPMUHOY-UHFFFAOYSA-N,BVKCMKBKPMUHOY,23,5,2.18
O=C(Nc1cccc(Cl)c1)c1ccccn1,SUYUTNCKIOLMAJ-UHFFFAOYSA-N,SUYUTNCKIOLMAJ,16,4,3.4
CCC1=C(C)CN(C(=O)NCCc2ccc(S(=O)(=O)NC(=O)N[C@H]3CC[C@H](C)CC3)cc2)C1=O,WIGIZIANZCJQQY-RUCARUNLSA-N,WIGIZIANZCJQQY,34,10,1.73
O=C(c1ccc(-c2ccc(Cl)cc2)o1)N(Cc1ccccn1)c1ccc(N2CCNCC2)cc1,LIPNXDIBECKOMJ-UHFFFAOYSA-N,LIPNXDIBECKOMJ,34,7,3.0
O=c1[nH]cnc2scc(-c3cccs3)c12,LFUBTAOTPHKKOS-UHFFFAOYSA-N,LFUBTAOTPHKKOS,15,5,2.18
CC(C)n1c(=O)c2c(-c3cncn3C)n(Cc3ccnc4ccc(Cl)cc34)nc2n(CC2CC2)c1=O,OPPFBQURLKSKMJ-UHFFFAOYSA-N,OPPFBQURLKSKMJ,36,10,4.02
OCCN1CCN(CCCN2c3ccccc3Sc3ccc(Cl)cc32)CC1,RGCVKNLCSQQDEP-UHFFFAOYSA-N,RGCVKNLCSQQDEP,27,6,3.6
N#CC1(NC(=O)[C@@H]2CCCC[C@H]2C(=O)N2CCN(c3nc4ncccc4s3)CC2)CC1,AOXOTPFMIVMRQI-HZPDHXFCSA-N,AOXOTPFMIVMRQI,31,9,1.4
Nc1ccccc1NC(=O)c1ccc(-c2nccs2)cc1,QMKZKPHUXAXYLU-UHFFFAOYSA-N,QMKZKPHUXAXYLU,21,5,2.3
CCN1CCOc2cc(COc3ccccc3)cnc21,BNPYZSLINHTRBZ-UHFFFAOYSA-N,BNPYZSLINHTRBZ,20,4,3.7
Nc1ncc(-c2ccc(F)cc2)[nH]1,ANHNVGOEKUWHGJ-UHFFFAOYSA-N,ANHNVGOEKUWHGJ,13,4,1.39
Clc1cc(Nc2ncnc3[nH]nc(OCCN4CCCC4)c23)ccc1OCc1ccccn1,KOQXIMMOAUHZFN-UHFFFAOYSA-N,KOQXIMMOAUHZFN,33,10,2.87
COc1ccc(-c2ccc3nc(N)sc3c2)cn1,CBBGVZCNBLEQID-UHFFFAOYSA-N,CBBGVZCNBLEQID,18,5,3.2
COc1ccc(-c2ccnc(N)n2)cc1,GHSMJZASRNAUBJ-UHFFFAOYSA-N,GHSMJZASRNAUBJ,15,4,2.08
N#CC1(NC(=O)[C@@H]2CCCC[C@H]2C(=O)N2CCc3[nH]c4ccccc4c3C2)CC1,YOIFKTNHQMFUDH-IAGOWNOFSA-N,YOIFKTNHQMFUDH,29,6,2.66
NC(=O)NC(=O)C(Nc1ccc2c(c1)CCC2)c1ccccc1,YHAMWDFRLHXMHG-UHFFFAOYSA-N,YHAMWDFRLHXMHG,23,5,3.3
COc1cc2nnc(C(N)=O)c(Nc3cccc(Cl)c3F)c2cc1N1CCN(C)CC1,WQSAHRZHKPUJHY-UHFFFAOYSA-N,WQSAHRZHKPUJHY,31,10,2.35
CS(=O)(=O)Cc1cc(N2CCOCC2)nc(-c2cccc(CO)c2)n1,SDAVLBYUVPQGLR-UHFFFAOYSA-N,SDAVLBYUVPQGLR,25,8,1.0
Cc1ccc2c(c1)c(-c1ccnc3c(C#N)cccc13)c(C)n2CC(=O)O,XUGPSRPVEIUUDA-UHFFFAOYSA-N,XUGPSRPVEIUUDA,27,5,0.52
CCCSc1ccc2nc(NC(=O)OC)[nH]c2c1,HXHWSAZORRCQMX-UHFFFAOYSA-N,HXHWSAZORRCQMX,18,6,3.24
CCOc1ccc2nc(N)sc2c1,KOYJWFGMEBETBU-UHFFFAOYSA-N,KOYJWFGMEBETBU,13,4,2.4
c1ccc(Nc2ccnc3ccccc23)cc1,NRTUTGBOQZQBMB-UHFFFAOYSA-N,NRTUTGBOQZQBMB,17,2,2.78
C[C@]12N[C@H](Cc3ccccc31)c1ccccc12,LBOJYSIDWZQNJS-CVEARBPZSA-N,LBOJYSIDWZQNJS,17,1,1.6
COc1cc(C(=O)NS(=O)(=O)c2ccccc2)ccc1Cn1ccc2ccc(C(=O)NCC3CCCC3)cc21,QCTJTVNREKXYNV-UHFFFAOYSA-N,QCTJTVNREKXYNV,39,9,1.93
NC1=NN(c2cccc(C(F)(F)F)c2)CC1,CPXGGWXJNQSFEP-UHFFFAOYSA-N,CPXGGWXJNQSFEP,16,6,2.55
O=c1[nH]c2c(O)ccc([C@@H](O)CNCCCOCCNCCc3cccc(Cl)c3)c2s1,CQRZBEVGLZUXHH-IBGZPJMESA-N,CQRZBEVGLZUXHH,31,9,-0.03
CC(C)(C(=O)Nc1nnc(C(=O)Nc2ccc(N3CCOCC3)cc2)o1)c1ccc(Cl)cc1,PQAPOLUOGYUHFT-UHFFFAOYSA-N,PQAPOLUOGYUHFT,33,10,2.96
Cc1ccc(C(=O)N2CCC(C(=O)c3ccc(Cl)cc3)CC2)cc1,KWBXMNSXNFYLAM-UHFFFAOYSA-N,KWBXMNSXNFYLAM,24,4,3.79
c1ccc(-c2nc3ccccc3[nH]2)nc1,YNFBMDWHEHETJW-UHFFFAOYSA-N,YNFBMDWHEHETJW,15,3,2.5
CCN(CC)C(=O)c1ccc(C(=C2CCN(Cc3ccc(F)cc3)CC2)c2cccnc2)cc1,UJKDKDBDMKMBRK-UHFFFAOYSA-N,UJKDKDBDMKMBRK,34,5,3.65
O=C(O)CO[C@@H]1c2ccccc2C[C@H]1NC(=O)c1cc2sc(Cl)c(Cl)c2[nH]1,WUYZDFKSZDFMGV-QLJPJBMISA-N,WUYZDFKSZDFMGV,27,9,1.38
COc1cc(CCc2cc(Nc3ccnc(NCc4ccccn4)n3)n[nH]2)cc(OC)c1,OGJAKSRIKBDGTD-UHFFFAOYSA-N,OGJAKSRIKBDGTD,32,9,3.5
O=C(NS(=O)(=O)c1ccc(NCCSc2ccccc2)c([N+](=O)[O-])c1)c1ccc(N2CCNCC2)cc1,UKYYFKDMDRZTMY-UHFFFAOYSA-N,UKYYFKDMDRZTMY,37,12,-0.04
Nc1nc(Nc2ccc3nc(-c4ccc(F)cc4)cc(N)c3c2)cc(-c2ccc(C(F)(F)F)cc2)n1,IJEFSMSYMCCEGW-UHFFFAOYSA-N,IJEFSMSYMCCEGW,36,10,1.54
O=C(Nc1ncc(F)s1)[C@H](CC1CCOCC1)c1ccc(S(=O)(=O)C2CC2)cc1,DBMFNEZMJWKKPU-QGZVFWFLSA-N,DBMFNEZMJWKKPU,29,9,3.19
N=C(N)SCc1ccc(Cl)c(Cl)c1,LZTCFLDZLBOLDW-UHFFFAOYSA-N,LZTCFLDZLBOLDW,13,5,1.28
N#Cc1ccc(C(c2ccc(C#N)cc2)n2cncn2)cc1,HPJKCIUCZWXJDR-UHFFFAOYSA-N,HPJKCIUCZWXJDR,22,5,1.7
Cc1ccc(COC(=O)N2CCC(CNc3ncccn3)CC2)cc1,IQBMPJYFQVSHLG-UHFFFAOYSA-N,IQBMPJYFQVSHLG,25,6,3.6
COC[C@H](C)Oc1cc(O[C@@H](C)Cc2ccccc2)cc(C(=O)Nc2ccc(C(=O)O)cn2)c1,OCBMECSFDVUYQN-ROUUACIJSA-N,OCBMECSFDVUYQN,34,8,1.5
Oc1ncc(NCc2ccccc2)c(O)n1,PBRBBWKUUQNONR-UHFFFAOYSA-N,PBRBBWKUUQNONR,16,5,0.82
COc1cc(-c2ccc(Nc3ccccc3C(=O)O)c(OC)c2)ccc1Nc1ccccc1C(=O)O,IQZIRNIZQHVBMB-UHFFFAOYSA-N,IQZIRNIZQHVBMB,36,8,1.8
COc1cc(C(=O)c2cc(Cl)ccc2N)cc(OC)c1OC,XNXGUYDYCYSOCU-UHFFFAOYSA-N,XNXGUYDYCYSOCU,22,6,3.38
N#Cc1cccnc1-c1ccc(C(=O)Nc2ccccc2N)cc1,ZQPGFKNMOSRNOQ-UHFFFAOYSA-N,ZQPGFKNMOSRNOQ,24,5,1.58
CN(C)CC1CCn2c(c(C3=C(c4cn(C)c5ccccc45)C(=O)NC3=O)c3ccccc32)C1,FXGHOAZJQNLNFD-UHFFFAOYSA-N,FXGHOAZJQNLNFD,34,6,2.88
COc1ccc2cc(CCC(C)=O)ccc2c1,BLXXJMDCKKHMKV-UHFFFAOYSA-N,BLXXJMDCKKHMKV,17,2,3.06
Cc1noc2cc(N3CCN(C(=O)[C@@H]4CCCC[C@H]4C(=O)NC4(C#N)CC4)[C@H](C)C3)ccc12,MVLVSSYWLGSAFE-MAODMQOUSA-N,MVLVSSYWLGSAFE,33,8,2.67
CN[C@@H](C)C(=O)N[C@H](C(=O)N[C@H]1CCN(Cc2ccccc2)C1)C1CCCCC1,OIKYOABFOPRPEZ-YYWHXJBOSA-N,OIKYOABFOPRPEZ,29,6,1.49
O=C(Nc1ccc(O)cc1)c1ccc(O)cc1,WCTPJCYSFNTVKJ-UHFFFAOYSA-N,WCTPJCYSFNTVKJ,17,4,1.5
COC(=O)[C@H](Cc1ccc([N+](=O)[O-])cc1)NC(=O)c1cccc2ccccc12,VMFGCGRAIBLAFY-IBGZPJMESA-N,VMFGCGRAIBLAFY,28,7,3.58
COc1cc(C(=O)NC2CCN(C)CC2)ccc1Nc1ncc2c(n1)N(C1CCCCC1)CCC(=O)N2C,LRDRLMCOSRRVKE-UHFFFAOYSA-N,LRDRLMCOSRRVKE,38,10,2.87
Cc1ncc(-c2ccnc(Nc3ccc(C(N)=O)cc3)n2)n1C(C)C,NQOBQXGFENCWJP-UHFFFAOYSA-N,NQOBQXGFENCWJP,25,7,2.39
Cc1ccc(OCC(=O)O)c(-n2nc3ccccc3n2)c1,GXUSNSHJHHHTQR-UHFFFAOYSA-N,GXUSNSHJHHHTQR,21,6,-0.84
Cc1ccc(-c2ccc3c(ccc4sc5c(c43)NC[C@@H](C)NC5=O)n2)cn1,CMWRPDHVGMHLSZ-GFCCVEGCSA-N,CMWRPDHVGMHLSZ,27,6,3.6
Cc1[nH]c2nc(NCc3ccc(Cl)cc3)nn2c(=O)c1Cc1ccccc1,PUPVNKBNWWGHOF-UHFFFAOYSA-N,PUPVNKBNWWGHOF,27,7,3.7
O=C1COc2ccc(CNC3CCN(CCN4C(=O)COc5ccc(F)cc54)CC3)nc2N1,YENDMGDQIBLVIY-UHFFFAOYSA-N,YENDMGDQIBLVIY,33,10,0.9
c1ccc(Nc2ccccc2)cc1,DMBHHRLKUKUOEG-UHFFFAOYSA-N,DMBHHRLKUKUOEG,13,1,3.2
CSCCC(NC(=O)c1ccccc1)c1nc2ccccc2n1Cc1ccc(C#N)cc1,DHNKGZRZFTXMAC-UHFFFAOYSA-N,DHNKGZRZFTXMAC,32,6,4.24
C[C@@H]1CN(C(=O)OC(C)(C)C)CCN1c1ncc(OCc2ccncc2C#N)cn1,SWOVRIONHBWLMV-OAHLLOKOSA-N,SWOVRIONHBWLMV,30,9,3.33
Oc1cccc2ccccc12,KJCVRFUGPWSIIH-UHFFFAOYSA-N,KJCVRFUGPWSIIH,11,1,2.5
CCN1CCN(C(=O)c2cc3cc(Cl)ccc3[nH]2)CC1,ZOCFDPXVIYLYCH-UHFFFAOYSA-N,ZOCFDPXVIYLYCH,20,5,3.14
COc1cccc2c1c(NS(=O)(=O)c1ccc(Cl)s1)nn2Cc1cccc(CNC(=O)[C@@H]2COCCN2)c1,BRKCAVQLAJCUTK-SFHVURJKSA-N,BRKCAVQLAJCUTK,38,13,1.61
COc1ccc2c(c1)cc(C(=O)O)n2Cc1ccc(Cl)c(Cl)c1,YVHGTJBUUUTIDE-UHFFFAOYSA-N,YVHGTJBUUUTIDE,23,6,1.66
NC(=O)c1cccc(O[C@H]2C[C@H]3CC[C@@H](C2)N3Cc2ccccc2)c1,NBLFFMILGMAYPO-RUYXUALKSA-N,NBLFFMILGMAYPO,25,4,1.61
C[C@H](N)C(=O)N[C@H](/C=C/S(=O)(=O)c1ccccc1)CCc1ccccc1,PEGWSSHEIIFLNB-YARQWZEPSA-N,PEGWSSHEIIFLNB,26,6,1.66
CN1CCNc2nc(CCOc3ccc(C[C@H](NC(=O)c4c(Cl)cccc4Cl)C(=O)O)cc3)ccc21,OEPVDEQVNNISKB-NRFANRHFSA-N,OEPVDEQVNNISKB,36,10,0.07
c1ccc(CSc2nc3cccnc3[nH]2)cc1,XVUSYXIMPHYNBT-UHFFFAOYSA-N,XVUSYXIMPHYNBT,17,4,3.22
O=S(=O)(c1ccccc1)N(CC(F)(F)F)c1ccc(C(O)(C(F)(F)F)C(F)(F)F)cc1,SGIWFELWJPNFDH-UHFFFAOYSA-N,SGIWFELWJPNFDH,31,14,4.5
C[C@H](Nc1nc(Nc2ncc(C#N)s2)cc(N2CCOCC2)n1)c1ncc(F)cn1,KMLNYUOSFLLLQP-NSHDSACASA-N,KMLNYUOSFLLLQP,30,12,2.26
CCN(CC)CCNC(=O)c1ccc(N)cc1,REQCZEXYDRLIBE-UHFFFAOYSA-N,REQCZEXYDRLIBE,17,4,-0.92
CC(C)Oc1cc(OCCc2ccsc2)cc(C(=O)Nc2ccc(C(=O)O)cn2)c1,PTEMBHHJYAKKNK-UHFFFAOYSA-N,PTEMBHHJYAKKNK,30,8,1.74
O=C(Nc1ccc(Nc2ccc(NC(=O)c3ccccc3)c3c2C(=O)c2ccccc2C3=O)c2c1C(=O)c1ccccc1C2=O)c1ccccc1,OZMARZSNLQTLII-UHFFFAOYSA-N,OZMARZSNLQTLII,51,9,2.63
COc1ccc(C(=O)Nc2cc(NC(=O)c3cccc(N(C)C)c3)ccc2Br)cc1OC,RMQIZEHVBNACLF-UHFFFAOYSA-N,RMQIZEHVBNACLF,32,8,3.49
COc1ccccc1CN[C@H]1CCCN[C@H]1c1ccccc1,DTQNEFOKTXXQKV-HKUYNNGSSA-N,DTQNEFOKTXXQKV,22,3,1.5
NC(=O)c1cccc(O[C@@H]2C[C@H]3CC[C@@H](C2)N3CC2CC2)c1,AQEIRYQRLMXQPR-SCAQPMJSSA-N,AQEIRYQRLMXQPR,22,4,0.07
Cc1cc(COC(=O)Nc2ccc(-c3ccccc3)n(CC(=O)NC(C(=O)C(F)(F)F)C(C)C)c2=O)cc(C)n1,PPKJSOZGHGROOV-UHFFFAOYSA-N,PPKJSOZGHGROOV,40,12,2.38
COCCCNS(=O)(=O)c1ccc(Nc2nccc(-c3cnc4ccccn34)n2)cc1,JDXDUTOQTGQWJD-UHFFFAOYSA-N,JDXDUTOQTGQWJD,31,10,3.41
CN[C@@H](C)[C@H](O)c1ccccc1,KWGRBVOPPLSCSI-WPRPVWTQSA-N,KWGRBVOPPLSCSI,12,2,-1.15
N#CC1(NC(=O)[C@@H]2CCCC[C@H]2C(=O)N2CCc3[nH]c4c(C(F)(F)F)cccc4c3C2)CC1,YRLSAGVJGNJNON-HZPDHXFCSA-N,YRLSAGVJGNJNON,33,9,3.75
O=C(N[C@@H](Cc1ccc(OCCNc2nc3ccccc3[nH]2)cc1)C(=O)O)c1c(Cl)cccc1Cl,IFDCMTYFWOPBHL-NRFANRHFSA-N,IFDCMTYFWOPBHL,35,10,0.6
COc1nc(N)nc2c1ncn2[C@@H]1O[C@H](CO)[C@@H](O)[C@H]1O,IXOXBSCIXZEQEQ-KQYNXXCUSA-N,IXOXBSCIXZEQEQ,21,10,-0.58
C[C@@H]1NC(C)(C)CO[C@@]1(O)c1cccc(Cl)c1,RCOBKSKAZMVBHT-TVQRCGJNSA-N,RCOBKSKAZMVBHT,17,4,1.69
CCN(C(=O)Cc1ccc(S(C)(=O)=O)cc1)C1CCN(CCC(c2ccccc2)N2CCN(c3ccccc3)CC2)CC1,JYULPTUAHQIXEE-UHFFFAOYSA-N,JYULPTUAHQIXEE,43,8,2.67
CN1CCN(C(=O)[C@@H]2CCCC[C@H]2C(=O)NCC#N)CC1,AMBNSCOYCMLIBF-CHWSQXEVSA-N,AMBNSCOYCMLIBF,21,6,-0.1
Fc1ccc(C2CC=CCNC2)cc1Cl,PTKQUPHPZRJQRH-UHFFFAOYSA-N,PTKQUPHPZRJQRH,15,3,1.33
O=S(=O)(NCC(c1ccccc1)N1CCCCCC1)c1cc(Cl)cc(Cl)c1,ZIJBDKVFXXBXSL-UHFFFAOYSA-N,ZIJBDKVFXXBXSL,27,7,3.36
CN1CCC(c2cc(N3CCOCC3)nc(-c3cccc4[nH]ccc34)n2)(S(C)(=O)=O)CC1,ZGDNSSKAULWLPM-UHFFFAOYSA-N,ZGDNSSKAULWLPM,32,9,1.9
C[C@@H](NC(=O)c1cccnc1Oc1ccccc1)c1ccccc1,VBVRORJVJBTVBX-OAHLLOKOSA-N,VBVRORJVJBTVBX,24,4,3.14
Cc1cn([C@H]2CCCN(S(=O)(=O)c3ccc(O)c(Oc4ccc(Cl)cc4)c3)C2)c(=O)[nH]c1=O,JYMOWFPJMLEQTQ-INIZCTEOSA-N,JYMOWFPJMLEQTQ,33,11,2.12
CCN(C(=O)Cc1ccc(S(C)(=O)=O)cc1)C1CCN(CC[C@@H](c2cc(C)cc(C)c2)C2CCN(S(C)(=O)=O)CC2)CC1,IKWARAQMGAFTPX-JGCGQSQUSA-N,IKWARAQMGAFTPX,43,10,1.93
CN[C@@H](C)C(=O)N[C@H](C(=O)N[C@H]1CCCN(CCc2ccc(OC)cc2)C1)C(C)(C)C,ATHKJBIDRCZNEI-HFSMHLIXSA-N,ATHKJBIDRCZNEI,31,7,1.45
COC(=O)COc1ccc(O)cc1,OITXOTZGDJLEBU-UHFFFAOYSA-N,OITXOTZGDJLEBU,13,4,0.92
C(=C\c1nn[nH]n1)/c1ccccc1,UHYGCMNTYAEAHI-VOTSOKGWSA-N,UHYGCMNTYAEAHI,13,4,-0.4
CN(C)CCC=C1c2ccccc2C=Cc2ccccc21,JURKNVYFZMSNLP-UHFFFAOYSA-N,JURKNVYFZMSNLP,21,1,2.83
O=C(NCCCCCCNCCc1ccc(O)c2nc(O)sc12)Nc1ccccc1,HFZQHWABRPOZHE-UHFFFAOYSA-N,HFZQHWABRPOZHE,30,8,1.26
CC1Sc2c(C(=O)O)c(=O)c3cc(F)c(N4CCNCC4)cc3n21,SUXQDLLXIBLQHW-UHFFFAOYSA-N,SUXQDLLXIBLQHW,24,8,-1.1
COc1ccccc1S(=O)(=O)NC(=O)N1CCC(N2CCC(Oc3ccc(Cl)c(Cl)c3)CC2)CC1,UOWPMQNCLJZBEA-UHFFFAOYSA-N,UOWPMQNCLJZBEA,35,11,0.89
O=C(N[C@@H](Cc1ccccc1)[C@@H](O)C(=O)N1C[C@@H](O)[C@@H](O)C1)c1cc2cc(Cl)ccc2[nH]1,GVDRRZOORHCTAN-MJUUVYJYSA-N,GVDRRZOORHCTAN,32,9,2.8
CCOc1ccc(-n2c([C@@H](C)N(CC3CCN(C)CC3)C(=O)Cc3ccc(F)c(C(F)(F)F)c3)nc3ncccc3c2=O)cc1,CRCUNMKTEAUDDB-OAQYLSRUSA-N,CRCUNMKTEAUDDB,45,12,1.4
CC1(C)Cc2c(-c3ccccc3)c(-c3ccc(Cl)cc3)c(CC(=O)O)n2C1,UAWXGRJVZSAUSZ-UHFFFAOYSA-N,UAWXGRJVZSAUSZ,27,4,3.07
CC(C)Cn1c(=O)n(C)c(=O)c2c(C(=O)N3CC[C@@H](O)C3)c(Oc3cccc4ccccc34)sc21,KGGUBHJOEDSZBC-QGZVFWFLSA-N,KGGUBHJOEDSZBC,35,9,2.87
O=C(Nc1ccccc1)c1ccc(OCCCN2CCCC2)cc1OCc1ccccc1F,VGLMPJVZYHYTNL-UHFFFAOYSA-N,VGLMPJVZYHYTNL,33,6,3.85
CCC(=O)NCC[C@@H]1CCc2ccc3c(c21)CCO3,YLXDSYKOBKBWJQ-LBPRGKRZSA-N,YLXDSYKOBKBWJQ,19,3,2.57
CN(CCOc1ccc(CC2SC(=O)NC2=O)cc1)c1ccccn1,YASAKCUCGLMORW-UHFFFAOYSA-N,YASAKCUCGLMORW,25,7,2.5
O=C(Cc1ccc(O)cc1)c1ccc(O)cc1O,KLFCJXAPIFIIFR-UHFFFAOYSA-N,KLFCJXAPIFIIFR,18,4,2.54
Clc1cccc(Cl)c1-c1nnc2cccc(Cl)n12,JOHBKUWNNBRRRX-UHFFFAOYSA-N,JOHBKUWNNBRRRX,18,6,2.66
CNCCCN1c2ccccc2CCc2ccccc21,HCYAFALTSJYZDH-UHFFFAOYSA-N,HCYAFALTSJYZDH,20,2,1.24
Cc1cn([C@H]2CCCN([C@H](C)c3ccc(C(=O)O)c(Oc4cccc(Cl)c4)c3)C2)c(=O)[nH]c1=O,TWYJYZNEFGIPER-APWZRJJASA-N,TWYJYZNEFGIPER,34,9,-0.3
O=c1[nH]c2c(O)ccc([C@@H](O)CNCCc3cccc(CNCCc4ccccn4)c3)c2s1,WWEHZPFFGZLBOV-QFIPXVFZSA-N,WWEHZPFFGZLBOV,33,8,-0.07
CC(=O)NC[C@H]1CN(c2ccc(-n3ccc(C#N)c3)c(F)c2)C(=O)O1,AUSXUKWTTCOLJV-AWEZNQCLSA-N,AUSXUKWTTCOLJV,25,8,1.6
CS(=O)(=O)C1(c2cc(N3CCOCC3)nc(-c3ccccc3)n2)CC1,DBEQXNURMUQEER-UHFFFAOYSA-N,DBEQXNURMUQEER,25,7,2.6
COc1ccc2ncc(=O)n(CCN3CC[C@H](NCc4ccc5c(n4)NC(=O)CO5)[C@H](O)C3)c2c1,JSYFJFPXKDQANW-AZUAARDMSA-N,JSYFJFPXKDQANW,35,11,0.39
O=S(=O)(Nc1nnc(-c2ccccc2)s1)c1ccc(Cl)cc1,SWLAKVCPDFLJCT-UHFFFAOYSA-N,SWLAKVCPDFLJCT,22,8,1.14
Cn1sc(=O)c2cc(S(=O)(=O)NC3CC3)ccc21,QFTYONXEHAAWFH-UHFFFAOYSA-N,QFTYONXEHAAWFH,18,7,1.3
COc1ccc(-c2cc(NC(=O)Cc3ccc4ccccc4c3)[nH]n2)cc1OC,MWDDVVWQCWTAJY-UHFFFAOYSA-N,MWDDVVWQCWTAJY,29,6,3.1
CN(C(=O)Cc1ccc(-n2cnnn2)cc1)[C@@H]1CCN(Cc2ccc(C(F)(F)F)nc2)C[C@@H]1F,FFVOALNBSADVPY-RBUKOAKNSA-N,FFVOALNBSADVPY,34,12,1.8
COc1cc2nc(N3CCN(C(=O)C4CCCO4)CC3)nc(N)c2cc1OC,VCKUSRYTPJJLNI-UHFFFAOYSA-N,VCKUSRYTPJJLNI,28,9,0.9
Cc1nc(N2CCN(c3ncc(OCc4ccncc4C#N)cn3)[C@H](C)C2)no1,QIRMKHKIAOSXTB-CYBMUJFWSA-N,QIRMKHKIAOSXTB,29,10,2.6
COc1cc(C(=O)NS(=O)(=O)c2ccccc2)ccc1Cn1ccc2ccc(NC(=O)OC3CCCC3)cc21,UAIHNHZCLSTVIR-UHFFFAOYSA-N,UAIHNHZCLSTVIR,39,10,2.2
CCCc1c(OCc2ccc(C(=O)O)cc2)ccc(C(C)=O)c1O,AJEIZQFXOOTMAN-UHFFFAOYSA-N,AJEIZQFXOOTMAN,24,5,2.1
Clc1ccc(-c2nnc3cccc(Cl)n23)c(Cl)c1,BVHWCNSBWPSOLG-UHFFFAOYSA-N,BVHWCNSBWPSOLG,18,6,2.88
CCn1c(-c2ccnc(Nc3ccc(S(=O)(=O)NCCOC)cc3)n2)cnc1C,KVJXNCXRESCVKS-UHFFFAOYSA-N,KVJXNCXRESCVKS,29,10,2.44
O=C(NO)c1ccc(NS(=O)(=O)c2ccccc2)cc1,ZSIKBIFOAPITGF-UHFFFAOYSA-N,ZSIKBIFOAPITGF,20,7,0.75
CN1CCCCC1CCN1c2ccccc2Sc2ccc([S+](C)[O-])cc21,SLVMESMUVMCQIY-UHFFFAOYSA-N,SLVMESMUVMCQIY,26,5,1.6
Nc1ccnc(-c2cccnc2)n1,USBDVWRRXXQEOL-UHFFFAOYSA-N,USBDVWRRXXQEOL,13,4,0.44
Cc1nc(C)c(-c2ccc([C@H]3CC[C@H](CC(N)=O)CC3)cc2)nc1C(N)=O,AUAYEZNPJOOJDS-SHTZXODSSA-N,AUAYEZNPJOOJDS,27,6,2.7
O=c1[nH]n(C(c2ccccn2)C2CCCC2)c(=O)c2c(O)c3ccc(Cl)cc3nc12,VIURRUCEASJZMV-UHFFFAOYSA-N,VIURRUCEASJZMV,30,8,1.9
Cc1cccc(NS(=O)(=O)c2ccc(-c3ccc(C#N)cc3)cc2)n1,OWYWZVRZIUBCOM-UHFFFAOYSA-N,OWYWZVRZIUBCOM,25,6,2.42
C[C@@H](Oc1cc(-c2cnn(C3CCNCC3)c2)cnc1N)c1c(Cl)ccc(F)c1Cl,KTEIFNKAUNYNJU-GFCCVEGCSA-N,KTEIFNKAUNYNJU,30,9,2.33
Cc1noc(C)c1CCC1CCN(S(=O)(=O)CC2(N(O)C=O)CCOCC2)CC1,ISHINUUQDKDNHQ-UHFFFAOYSA-N,ISHINUUQDKDNHQ,29,10,0.9
Cc1ccccc1C(=O)NCC12CC3CC(CC(C3)C1)C2,PFIKYMCZQKTDKR-UHFFFAOYSA-N,PFIKYMCZQKTDKR,21,2,4.28
CN1CCN(C(=O)c2ccc(C(=C3CCN(Cc4cscn4)CC3)c3cccc4cccnc34)cc2)CC1,WZEKVKYZWVQTGZ-UHFFFAOYSA-N,WZEKVKYZWVQTGZ,38,7,1.98
CC1(C)N=C(N)N=C(N)N1c1ccc(Oc2ccc(Cl)cc2)c(Cl)c1,DQGSSSLXBXDNFM-UHFFFAOYSA-N,DQGSSSLXBXDNFM,25,8,0.79
COc1ccc(-n2cnc3cc(NS(=O)(=O)c4ccccc4)ccc32)cc1,JREVTXZNJDBREG-UHFFFAOYSA-N,JREVTXZNJDBREG,27,7,3.7
O=C(O)c1ccccc1CN1CCC(CN2CCC(Oc3ccc(Cl)c(Cl)c3)CC2)CC1,DMQWGZFKPDYZCH-UHFFFAOYSA-N,DMQWGZFKPDYZCH,32,7,2.48
CNc1nc(C)c(-c2nc(Nc3cccc(N4CCCN(C(C)=O)CC4)c3)ncc2C#N)s1,DZHBFQMOLIUZMP-UHFFFAOYSA-N,DZHBFQMOLIUZMP,33,10,3.2
Fc1cc(-c2cccc3ncc(-c4cnn(C5CCNCC5)c4)nc23)cc(F)c1CN1CCOCC1,IBPVXAOOVUAOKJ-UHFFFAOYSA-N,IBPVXAOOVUAOKJ,36,9,1.86
CCC(c1nc2ccsc2c(=O)n1Cc1cccnc1)N(CCCN)C(=O)c1ccc(C)cc1,PYZJEBUGEMSRBU-UHFFFAOYSA-N,PYZJEBUGEMSRBU,34,8,0.01
O=C(O)c1cc2cc(OCc3ccccc3)ccc2[nH]1,MVCLSAMNMAWXFQ-UHFFFAOYSA-N,MVCLSAMNMAWXFQ,20,4,0.4
O=C(O)c1ccccc1C(=O)N1CCC(N2CCC(Oc3ccc(Cl)c(Cl)c3)CC2)CC1,RIEFZSRXHBEIFW-UHFFFAOYSA-N,RIEFZSRXHBEIFW,32,8,1.73
Cc1nc(-c2ccc(C)c(NC(=O)c3ccc(OCc4ccccn4)cc3)c2)c[nH]1,VHCKBVYAKAYQCA-UHFFFAOYSA-N,VHCKBVYAKAYQCA,30,6,2.97
CCc1c(C)nc(SCC(=O)Nc2nc(-c3ccc(OC)cc3)cs2)nc1O,QSIYTNYMBWYHAA-UHFFFAOYSA-N,QSIYTNYMBWYHAA,28,9,3.78
CO[C@H]1CN(CCn2c(=O)ccc3ccc(C#N)cc32)CC[C@H]1NCc1cc2c(cn1)OCCO2,XMIYZMBRDBBHKC-BWKNWUBXSA-N,XMIYZMBRDBBHKC,35,9,0.63
Nc1cc(C(F)(F)F)c(-c2cc(N3CCOCC3)nc(N3CCOCC3)n2)cn1,CWHUFRVAEUJCEF-UHFFFAOYSA-N,CWHUFRVAEUJCEF,29,11,2.7
O=C(O)CCc1ccc(OCc2cc(Cl)ccc2-c2ccccc2)cc1,WROWNDRSPMCZLY-UHFFFAOYSA-N,WROWNDRSPMCZLY,26,4,3.22
COc1ccc2c3c1OC1C(O)C=CC4C(C2)N(C)CCC341,OROGSEYTTFOCAN-UHFFFAOYSA-N,OROGSEYTTFOCAN,22,4,0.8
CNC(=O)c1cc(-c2ccccc2)sc1NC(N)=O,XUMVGDNPUZOUSZ-UHFFFAOYSA-N,XUMVGDNPUZOUSZ,19,6,3.19
C[C@H](NC(=O)Cc1cc(F)cc(F)c1)C(=O)NC1C(=O)N(C)c2ccccc2-c2ccccc21,QSHGISMANBKLQL-FZADBTJQSA-N,QSHGISMANBKLQL,34,8,3.6
C[C@H](NC(=O)c1cccc2c1N(Cc1ccc(Cl)cc1)CC2)c1ccc(C(=O)O)cc1,CMCWSTGGSPSOCO-INIZCTEOSA-N,CMCWSTGGSPSOCO,31,6,1.47
CC(=O)Nc1cccc(Nc2ncnc(N3CCC(OCc4ccc(OC(F)(F)F)cc4)CC3)n2)c1C,QLKAFHZJICDACE-UHFFFAOYSA-N,QLKAFHZJICDACE,37,12,4.4
CC(O)(C(=O)Nc1ccc(S(=O)(=O)c2ccc(F)cc2)cc1)C(F)(F)F,ZGRQGEXXUUJWQS-UHFFFAOYSA-N,ZGRQGEXXUUJWQS,26,10,3.12
C[C@@H]1CN(c2c(F)c(N)c3c(=O)c(C(=O)O)cn(C4CC4)c3c2F)C[C@H](C)N1,DZZWHBIBMUVIIW-DTORHVGOSA-N,DZZWHBIBMUVIIW,28,9,-0.15
Cc1sc2c(c1C)C(c1ccc(Cl)cc1)=N[C@@H](CC(=O)OC(C)(C)C)c1nnc(C)n1-2,DNVXATUJJDPFDM-KRWDZBQOSA-N,DNVXATUJJDPFDM,31,8,3.82
CSc1ccc(OCc2ccccc2)c(C(=O)Nc2ccc(C(=O)O)cn2)c1,SGVBMRQPHGWPCB-UHFFFAOYSA-N,SGVBMRQPHGWPCB,28,7,1.6
Oc1ccc(-c2nc3ccccc3s2)cc1,ODMDLCWSMSFWCW-UHFFFAOYSA-N,ODMDLCWSMSFWCW,16,3,4.1
COc1cc(Nc2nc(N[C@@H](C)c3ncc(F)cn3)nc(N3CCOCC3)c2Cl)n[nH]1,UXPJEUHRPHLFQP-JTQLQIEISA-N,UXPJEUHRPHLFQP,31,13,2.85
O=C(NNc1cccc(Cl)c1)c1cccnc1Cl,ZRJBRTSDQJUITB-UHFFFAOYSA-N,ZRJBRTSDQJUITB,18,6,1.87
Cc1ccc(NC(=O)CCC2CCCCC2)cc1NC(=O)c1ccc(O)cc1,RBPUOJLMVIWULQ-UHFFFAOYSA-N,RBPUOJLMVIWULQ,28,5,4.13
CCc1c(C(=O)C(N)=O)c2c(OCC(N)=O)cccc2n1Cc1ccccc1,HJPAGOZVVSAGKR-UHFFFAOYSA-N,HJPAGOZVVSAGKR,28,7,2.1
Nc1cccc2c1-c1ccccc1C(=O)C2=O,GNQVNMOALCQXTO-UHFFFAOYSA-N,GNQVNMOALCQXTO,17,3,2.31
COc1ccc2cc(C(C)C(=O)O)ccc2c1,CMWTZPSULFXXJA-UHFFFAOYSA-N,CMWTZPSULFXXJA,17,3,0.23
CCOC(=O)Nc1cccc([C@@H](c2ccc(C(=O)N3CCC3)cc2)N2CCN(Cc3cccnc3)CC2)c1,XSFBTECQJYZXLG-MUUNZHRXSA-N,XSFBTECQJYZXLG,38,8,3.02
c1ccc(C2Cc3ccccc3CN2)cc1,RFLDHZLAQOBNRW-UHFFFAOYSA-N,RFLDHZLAQOBNRW,16,1,1.9
CCN(CC)S(=O)(=O)c1ccc(-c2cc(C(F)(F)F)ccc2OCC(=O)O)cc1,AJOOJNSIVXELDW-UHFFFAOYSA-N,AJOOJNSIVXELDW,29,10,0.67
CN(C)CCOC(C)(c1ccccc1)c1ccccn1,HCFDWZZGGLSKEP-UHFFFAOYSA-N,HCFDWZZGGLSKEP,20,3,-0.2
NCCc1ccc(O)c2nc(O)sc12,YPLJLRNXOFWVTL-UHFFFAOYSA-N,YPLJLRNXOFWVTL,14,5,0.33
COc1ccc(C(=O)Nc2c(Cl)cncc2Cl)c2cccnc12,UBYNBZKQYLBKFN-UHFFFAOYSA-N,UBYNBZKQYLBKFN,23,7,2.09
C#CCN(c1ccnc(Nc2ccc(OCC(O)CN(C)C)cc2)n1)c1cc(Cl)ccc1Cl,VWDQVVDIPMQNAP-UHFFFAOYSA-N,VWDQVVDIPMQNAP,33,9,3.2
COc1ccc(Cl)cc1C(=O)NCCc1ccc(S(=O)(=O)NC(=O)NC2CCCCC2)cc1,ZNNLBTZKUZBEKO-UHFFFAOYSA-N,ZNNLBTZKUZBEKO,33,10,2.23
O=C(CO)N1CCC[C@@H]1COc1cccc2ncnc(Nc3ccc(OCc4ccccn4)c(Cl)c3)c12,FSHWIHXFSFIOAL-HXUWFJFHSA-N,FSHWIHXFSFIOAL,37,10,3.71
CCN(CC)C(C)C(=O)c1ccccc1,XXEPPPIWZFICOJ-UHFFFAOYSA-N,XXEPPPIWZFICOJ,15,2,1.18
CCCN(CCC)C(=O)c1cccc(C(=O)N[C@@H](Cc2ccccc2)[C@H](O)CNCc2cccc(OC)c2)c1,WPRACYICKOKGTO-XZWHSSHBSA-N,WPRACYICKOKGTO,39,7,2.7
Oc1cc(-c2ccccc2)nc2ccccc12,JGABMVVOXLQCKZ-UHFFFAOYSA-N,JGABMVVOXLQCKZ,17,2,2.54
Cc1cc(O)ccc1N1C(=O)c2ccc(O)cc2C1=O,FURJOGJMQIOPCI-UHFFFAOYSA-N,FURJOGJMQIOPCI,20,5,2.0
FC(F)(F)c1cc(COCC(c2cccc(Cl)c2)N2CCNCC2)cc(C(F)(F)F)c1,XPQVVEFXDFZVJS-UHFFFAOYSA-N,XPQVVEFXDFZVJS,31,10,4.2
COc1cc2ncnc(Nc3cc(NC(=O)c4cccc(N(C)C)c4)ccc3Cl)c2cc1OC,CXXCKESOBLFJAE-UHFFFAOYSA-N,CXXCKESOBLFJAE,34,9,4.26
C[C@H]1O[C@@H](n2cnc3c(N)nc(OCC45CC6CC(CC(C6)C4)C5)nc32)[C@H](O)[C@@H]1O,GQLSAKFMFOQMDM-NQUDBJTRSA-N,GQLSAKFMFOQMDM,30,9,3.58
Cc1ccc(C(=O)NC(C)C)cc1-n1cnc2ccc(N3CCN(C)CC3)cc2c1=O,HEQNUTDAQBNSDS-UHFFFAOYSA-N,HEQNUTDAQBNSDS,31,7,1.56
Cc1cnc(Nc2nc(N[C@@H](C)c3ncc(F)cn3)nc(N3CCOCC3)c2F)s1,NOLJFJNOWXBGKG-NSHDSACASA-N,NOLJFJNOWXBGKG,30,12,3.27
O=C(O)c1ccc(-c2nnn(Cc3ccccc3F)n2)cc1,OFSQCVVIRPDWRO-UHFFFAOYSA-N,OFSQCVVIRPDWRO,22,7,0.3
CC(C)NCC(O)COc1nccs1,DREVJBVJBRSSDL-UHFFFAOYSA-N,DREVJBVJBRSSDL,14,5,-0.97
CNC(=O)c1cccc(O[C@H]2C[C@H]3CC[C@@H](C2)N3Cc2ccccc2)c1,ANRXIHXQFLKMRJ-KXTWHKPSSA-N,ANRXIHXQFLKMRJ,26,4,1.93
C=CCc1ccccc1OCC(O)CNC(C)C,PAZJSJFMUHDSTF-UHFFFAOYSA-N,PAZJSJFMUHDSTF,18,3,0.99
CC(=O)Nc1ccc2c(c1)c(-c1cc(NC3CC3)n3ncc(C#N)c3n1)cn2CCO,KGMKLEHOPKHACL-UHFFFAOYSA-N,KGMKLEHOPKHACL,31,9,2.71
O=C(O)c1ccccc1O,YGSDEFSMJLZEOE-UHFFFAOYSA-N,YGSDEFSMJLZEOE,10,3,-1.36
Cn1cnc(-c2ccccc2)c1-c1cc2c(N)ncnc2s1,NTRDNLUCOPAXFK-UHFFFAOYSA-N,NTRDNLUCOPAXFK,22,6,2.94
CCCCNC(=O)NS(=O)(=O)c1ccc(C)cc1,JLRGJRBPOGGCBT-UHFFFAOYSA-N,JLRGJRBPOGGCBT,18,6,0.44
Cc1cn([C@H]2CCCN([C@H](CC(C)C)c3ccc(C(=O)O)c(Oc4cccc(Cl)c4)c3)C2)c(=O)[nH]c1=O,DUMBOKZAFBZKLT-XUZZJYLKSA-N,DUMBOKZAFBZKLT,37,9,0.91
COc1ccc(Cl)c(Nc2ncnc3cc(OC)cc(OC4CCN(C)CC4)c23)c1,UDMCXVWGJLMNDD-UHFFFAOYSA-N,UDMCXVWGJLMNDD,30,8,3.6
CCOC(=O)c1ccc(OCCC2CCN(c3ccc(C)nn3)CC2)nc1,FHGFXYCEEMCXMW-UHFFFAOYSA-N,FHGFXYCEEMCXMW,27,7,3.76
Cc1ccc2nc(CCNCCCO)ccc2c1NC(=O)CC12CC3CC(CC(C3)C1)C2,DGOSBQFZHGXKLM-UHFFFAOYSA-N,DGOSBQFZHGXKLM,32,5,1.18
OCC(CO)Nc1nc(SCc2cccc(F)c2F)nc2nc(NC3CC3)sc12,PAUMNFOGCBXNRU-UHFFFAOYSA-N,PAUMNFOGCBXNRU,29,11,3.11
CCN(C(=O)Cc1ccc(S(C)(=O)=O)cc1)C1CCN(CCC(c2ccccc2)c2ccc(C#N)cc2)CC1,DIPLNRQADIPKHH-UHFFFAOYSA-N,DIPLNRQADIPKHH,39,7,2.76
C[C@@H](COCCCS(=O)(=O)CCNCCc1ccc(O)c2nc(O)sc12)c1ccccc1,UBJQXZATVZYJCB-KRWDZBQOSA-N,UBJQXZATVZYJCB,32,9,2.32
Cc1cnc(Nc2ccc(OCC(O)CN(C)C)cc2)nc1Nc1ccccc1,RDLYLDRPPNVESE-UHFFFAOYSA-N,RDLYLDRPPNVESE,29,7,2.0
CCCSc1nc(N2CCCC(C(=O)O)C2)ccc1C(=O)NC1CCCCC1,MFQPYWLVPWCPPR-UHFFFAOYSA-N,MFQPYWLVPWCPPR,28,7,1.72
C[C@@H]1CCCN1CCc1cc2cc(-c3ccc(C#N)cc3)ccc2o1,KFHYZKCRXNRKRC-MRXNPFEDSA-N,KFHYZKCRXNRKRC,25,3,3.51
COc1cc2ncc(C(N)=O)c(Nc3cccc(Cl)c3)c2cc1OC,PDHPVHXEKOECNM-UHFFFAOYSA-N,PDHPVHXEKOECNM,25,7,3.5
O=S(=O)(NCC(c1ccccc1)N1CCCCCC1)c1ccc(Br)cc1,JHFBTSRKDIWNFH-UHFFFAOYSA-N,JHFBTSRKDIWNFH,26,6,3.21
O=C(CCc1ccccc1O)Nc1ccccc1,IQLBYXYIRNJHIM-UHFFFAOYSA-N,IQLBYXYIRNJHIM,18,3,2.71
CC1=C2C[C@H]3[C@@H](CC=C4C[C@@H](O)CC[C@@]43C)[C@@H]2CC[C@]12O[C@@H]1C[C@H](C)CN[C@H]1[C@H]2C,QASFUMOKHFSJGL-LAFRSMQTSA-N,QASFUMOKHFSJGL,30,3,2.63
NC(=O)N1c2ccccc2C[C@H](O)c2ccccc21,BMPDWHIDQYTSHX-AWEZNQCLSA-N,BMPDWHIDQYTSHX,19,4,0.79
Nc1nnc(-c2ccccc2)s1,UHZHEOAEJRHUBW-UHFFFAOYSA-N,UHZHEOAEJRHUBW,12,4,1.8
Fc1ccc(C2CCN(C(=S)COCc3ccncc3)CC2)c(Cl)c1,VPTJFSRBGMCJRH-UHFFFAOYSA-N,VPTJFSRBGMCJRH,25,6,4.23
COc1ncnc(NS(=O)(=O)c2ccc(N)cc2)c1OC,PJSFRIWCGOHTNF-UHFFFAOYSA-N,PJSFRIWCGOHTNF,21,9,-0.73
C[C@H]1CCCN1CCc1cc2cc(-c3ccc(C#N)cc3)ccc2o1,KFHYZKCRXNRKRC-INIZCTEOSA-N,KFHYZKCRXNRKRC,25,3,3.25
COc1cc(Nc2nc(N[C@@H](C)c3ncc(F)cn3)ncc2Cl)n[nH]1,KWKMYGPZQBMLGC-ZETCQYMHSA-N,KWKMYGPZQBMLGC,25,11,2.53
CC(c1ccsc1)n1[nH]c(=O)c2[nH]c3cc(Cl)ccc3c(=O)c2c1=O,VZHWNSMTILBIFF-UHFFFAOYSA-N,VZHWNSMTILBIFF,25,8,0.9
CCN1CCN(C(=O)c2cc3cc(F)ccc3[nH]2)CC1,NFFFSCCYVBXGOJ-UHFFFAOYSA-N,NFFFSCCYVBXGOJ,20,5,2.28
CC(C)C[C@H](CO)Nc1nc(SCc2ccccc2)nc2nc(N)sc12,XCVNKDBFHMYYDO-CYBMUJFWSA-N,XCVNKDBFHMYYDO,26,8,4.2
CN1CCC[C@@H]1CCO[C@](C)(c1ccccc1)c1ccc(Cl)cc1,YNNUSGIPVFPVBX-NHCUHLMSSA-N,YNNUSGIPVFPVBX,24,3,3.48
O=C(N[C@H]1CN2CCC1CC2)c1ccc(-c2ccccc2)s1,LEUSUHAAYXEGAO-HNNXBMFYSA-N,LEUSUHAAYXEGAO,22,4,1.9
CC(NCC(O)c1ccc([N+](=O)[O-])cc1)C12CC3CC(CC(C3)C1)C2,OEZYOXZAUKYBEC-UHFFFAOYSA-N,OEZYOXZAUKYBEC,25,5,3.53
Cc1ccc(Oc2cccc(CN3CCCC(n4cc(C)c(=O)[nH]c4=O)C3)c2)cc1,YMESTQZRALYQOC-UHFFFAOYSA-N,YMESTQZRALYQOC,30,6,3.38
CCCN(CCNCCc1ccc(O)c2[nH]c(=O)sc12)C(=O)CCOCCc1ccccc1,SEVGGLORRBRKBR-UHFFFAOYSA-N,SEVGGLORRBRKBR,33,8,2.23
O=c1nc(NCc2ccccc2)sn1Cc1ccccc1,AIYGFUWNGMGUCQ-UHFFFAOYSA-N,AIYGFUWNGMGUCQ,21,5,3.01
COc1cc(OC)c(S(=O)(=O)N2c3ccccc3Oc3ccccc32)cc1NC(=O)Cc1ccnc(F)c1,NLSAEFKWDAMZCC-UHFFFAOYSA-N,NLSAEFKWDAMZCC,38,11,3.37
O=C(O)c1ccc2c(c1)nc(Nc1cccc(Cl)c1)c1ccncc12,MUOKSQABCJCOPU-UHFFFAOYSA-N,MUOKSQABCJCOPU,25,6,1.29
N=C(N)Nc1nc(CSCCC(=N)NS(N)(=O)=O)cs1,XUFQPHANEAPEMJ-UHFFFAOYSA-N,XUFQPHANEAPEMJ,20,12,-0.6
CN(CCO)C(=O)c1ccc([C@H](c2cccc(NC(=O)C3CC3)c2)N2CCN(Cc3ccc(F)cc3)CC2)cc1,PSKBLTTURNPFTI-SSEXGKCCSA-N,PSKBLTTURNPFTI,40,8,3.38
CCN(C(=O)Cc1ccc(S(C)(=O)=O)cc1)C1CCN(CC[C@@H](c2cccc(C(F)(F)F)c2)C2CCN(S(C)(=O)=O)CC2)CC1,VVWTYHCFZJLFJA-SSEXGKCCSA-N,VVWTYHCFZJLFJA,45,13,1.9
Cc1ccc(NC(=O)c2ccnc(N3CCOCC3)c2)cc1Nc1ccnc(OCC2CCCN(C)C2)n1,MCWZJZOROQSPHT-UHFFFAOYSA-N,MCWZJZOROQSPHT,38,10,1.9
O=C(NC[C@@H](O)CN1CCC(Oc2ccc(Cl)c(Cl)c2)CC1)c1c[nH]c(=O)c2c(F)cccc12,SUYKBMCECCINPJ-CQSZACIVSA-N,SUYKBMCECCINPJ,34,10,3.15
CN(C)CCCN(C)S(=O)(=O)c1ccc(Nc2nccc(-c3cnc4ccccn34)n2)cc1,RNLFZYRGFMHTMW-UHFFFAOYSA-N,RNLFZYRGFMHTMW,33,10,2.16
O=c1cc(O)oc2c1c(=O)n(Cc1ccccc1)c1ccccc21,OUQLVFIVQQFUGE-UHFFFAOYSA-N,OUQLVFIVQQFUGE,24,5,1.97
CC(O)(C(=O)Nc1ccc(S(=O)(=O)c2ccc(O)cc2)cc1)C(F)(F)F,KXHZZAYXTPZNDJ-UHFFFAOYSA-N,KXHZZAYXTPZNDJ,26,10,2.78
CCCSc1ncccc1C(=O)N(C)[C@H]1[C@@H]2CC3C[C@H]1C[C@@](O)(C3)C2,MYUWJGFKFGXFOP-AGSNQCHPSA-N,MYUWJGFKFGXFOP,25,5,2.48
Cn1cncc1-c1c2c(=O)n(CC#CCO)c(=O)n(CC3CC3)c2nn1Cc1ccnc2ccc(Cl)cc12,OIDADUCTRUNBRG-UHFFFAOYSA-N,OIDADUCTRUNBRG,38,11,2.55
O=S(=O)(Cc1c(F)cccc1F)N1CCN(c2ncccc2C(F)(F)F)CC1,GYDBKPLWJWNBHX-UHFFFAOYSA-N,GYDBKPLWJWNBHX,28,11,3.9
CS(=O)(=O)c1ccc(-c2cc(C(=O)N[C@H]3CCCNC3)c(NC(N)=O)s2)cc1,RJXXPEOYQWYUIP-LBPRGKRZSA-N,RJXXPEOYQWYUIP,28,10,0.68
Cc1onc(C(N)=O)c1C(=O)Nc1nccs1,OXSKIHCDHQSZBA-UHFFFAOYSA-N,OXSKIHCDHQSZBA,17,8,1.63
CNCCC(Oc1ccc(C(F)(F)F)cc1)c1ccccc1,RTHCYVBBDHJXIQ-UHFFFAOYSA-N,RTHCYVBBDHJXIQ,22,5,1.92
CCn1cnc(-c2ccccc2)c1-c1nc2c(N)ncnc2s1,OHGPGKGZFDVHSY-UHFFFAOYSA-N,OHGPGKGZFDVHSY,23,7,2.97
CCCc1c(OCCCCSCC(=O)O)ccc(C(C)=O)c1O,XAMINTBJWYIJGB-UHFFFAOYSA-N,XAMINTBJWYIJGB,23,6,1.3
CN(c1ncccc1CNc1nc(Nc2ccc3c(c2)CC(=O)N3)ncc1C(F)(F)F)S(C)(=O)=O,MZDKLVOWGIOKTN-UHFFFAOYSA-N,MZDKLVOWGIOKTN,35,14,2.63
CCc1nc2cc(O)ccc2c(Oc2ccc(/C=C/C(=O)O)cc2)c1-c1ccccc1,XOLNOXKBNUFEQH-XNTDXEJSSA-N,XOLNOXKBNUFEQH,31,5,3.0
Cc1ccc(C(NC(=O)c2ccccc2O)C(=O)Nc2c(C)cccc2C)s1,AHTURLVFIJHCLS-UHFFFAOYSA-N,AHTURLVFIJHCLS,28,6,4.05
COCCOc1nc(N)c2[nH]c(=O)n(Cc3cccc(CC(=O)OC)c3)c2n1,UICNECIXFRNYJM-UHFFFAOYSA-N,UICNECIXFRNYJM,28,10,1.86
C[S+]([O-])c1ccc(-c2nc(-c3ccc(F)cc3)c(-c3ccncc3)[nH]2)cc1,CDMGBJANTYXAIV-UHFFFAOYSA-N,CDMGBJANTYXAIV,27,6,3.34
CCC(CC)n1nc(C)c(C(=O)N[C@@H](C)C(C)(C)C)c1NS(=O)(=O)c1ccc(C)cc1,OJRNTTNUFPSZAN-KRWDZBQOSA-N,OJRNTTNUFPSZAN,31,8,1.88
CN1CCN(CC(=O)Nc2ccc(-c3cccn4c(=O)cc(N5CCOCC5)nc34)c3sc4ccccc4c23)CC1,ZULRBZHDVNLEGO-UHFFFAOYSA-N,ZULRBZHDVNLEGO,41,10,2.6
N#Cc1ccc(C(=O)N2CCC3(CC2)N=C(N)c2c(F)ccc(F)c2N3)cn1,GIZYIOOBBUHOBS-UHFFFAOYSA-N,GIZYIOOBBUHOBS,28,9,0.79
CC(=O)NC[C@H]1CN(c2ccc(N3Cc4cccnc4C3)c(F)c2)C(=O)O1,CODRSYHZEISSJM-HNNXBMFYSA-N,CODRSYHZEISSJM,27,8,2.88
CC[C@H](NC(=O)c1c([S+](C)[O-])c(-c2ccccc2)nc2ccccc12)c1cccnc1,WSWJJUWOTZHKGX-MFYZJFEASA-N,WSWJJUWOTZHKGX,31,6,2.2
O=C(CO)N1CCC(c2[nH]nc(-c3ccc(Cl)cc3F)c2-c2ccncn2)CC1,IGGNAIYXGIUMQZ-UHFFFAOYSA-N,IGGNAIYXGIUMQZ,29,9,1.79
CC(C)Oc1cc(-n2cnc3ccc(N[C@@H](CO)c4ccc(F)cn4)nc32)n[nH]1,CEDQYWYBSMPQAF-HNNXBMFYSA-N,CEDQYWYBSMPQAF,29,10,2.79
NC(=O)c1cnc2[nH]c(-c3ccc(OCCN4CCCCC4)cc3)nc2c1NCCCNC(=O)C1CCC1,IUDBEIQBJIEKNX-UHFFFAOYSA-N,IUDBEIQBJIEKNX,38,10,2.48
CNC(=O)OC[C@@H](C)N(c1cc(Cl)ccc1CO)S(=O)(=O)c1ccc(Cl)cc1,ANCQOSJSIUWCQF-GFCCVEGCSA-N,ANCQOSJSIUWCQF,28,10,3.0
Cc1ncc(-c2ccnc(Nc3ccc(C(=O)NCCN(C)C)c(F)c3)n2)n1C(C)C,CNSXYUZUUPJMQL-UHFFFAOYSA-N,CNSXYUZUUPJMQL,31,9,1.96
CC1(C(=O)NC2CCCCC2)CCC(=O)N1Cc1cccs1,FBLLCIGGJBIRKZ-UHFFFAOYSA-N,FBLLCIGGJBIRKZ,22,5,2.15
COc1cc(N2CCN(C(N)=O)CC2)ccc1Nc1ncc(Cl)c(-c2cnc3ccccn23)n1,AFEDHDLLXVXFNK-UHFFFAOYSA-N,AFEDHDLLXVXFNK,34,11,3.3
NC(=O)c1cccc([S+]([O-])[C@H]2C[C@H]3CC[C@@H](C2)N3Cc2ccccc2)c1,HQXYMUSPACPKSH-JHSBFPNCSA-N,HQXYMUSPACPKSH,26,5,1.1
CN(C)c1nc(Cc2ccc(NC(=O)c3ccc(C(F)(F)F)cc3)cc2)nc(N(C)C)c1CC(=O)O,XEOSTBFUCNZKGS-UHFFFAOYSA-N,XEOSTBFUCNZKGS,36,11,1.46
CCC(CC)NC(=O)c1nnn(-c2ccccc2)c1NS(=O)(=O)c1ccc(C)cc1,ZAEOSRJQGLBEGF-UHFFFAOYSA-N,ZAEOSRJQGLBEGF,30,9,0.46
Nc1nc(SCc2ccccc2)nc2c1ncn2[C@@H]1O[C@H](CO)[C@@H](O)[C@H]1O,NHKVVDFZMRMNRB-XNIJJKJLSA-N,NHKVVDFZMRMNRB,27,10,1.24
Cn1c(=O)c2nc(-c3cccnc3)[nH]c2n(C)c1=O,XUYWNICQFANXQY-UHFFFAOYSA-N,XUYWNICQFANXQY,19,7,0.7
CO[C@@H]1CN(Cc2ccc(C(F)(F)F)cc2)CC[C@@H]1N(C)C(=O)Cc1ccc(-n2cnnn2)cc1,MTJFPNPDPMDLQJ-FCHUYYIVSA-N,MTJFPNPDPMDLQJ,35,11,3.1
COc1ccc2cc([C@H](C)C(=O)O)ccc2c1,CMWTZPSULFXXJA-VIFPVBQESA-N,CMWTZPSULFXXJA,17,3,0.13
Cc1c(N(C)C)c(=O)n(-c2ccccc2)n1C,RMMXTBMQSGEXHJ-UHFFFAOYSA-N,RMMXTBMQSGEXHJ,17,4,0.78
CCC(CC)CNC(=O)c1ccc2c(c1)c(Cc1ccc(C(=O)NS(=O)(=O)c3ccccc3C)cc1OC)cn2C,BBKGKXNPYBEWIO-UHFFFAOYSA-N,BBKGKXNPYBEWIO,41,9,2.7
NC(=O)c1cncc(-c2ccc([C@H]3CC[C@H](CC(=O)O)CC3)cc2)c1,IZCLZTYQBWLSOM-HDJSIYSDSA-N,IZCLZTYQBWLSOM,25,5,0.22
CC(C(=O)O)c1ccc(-c2ccccc2)c(F)c1,SYTBZMRGLBWNTM-UHFFFAOYSA-N,SYTBZMRGLBWNTM,18,3,0.85
COc1cc(N2CCN(C(C)=O)CC2)ccc1Nc1ncc(C(F)(F)F)c(-c2cnc3ccccn23)n1,JSPJZRZQPACRSQ-UHFFFAOYSA-N,JSPJZRZQPACRSQ,37,12,3.7
NC1(c2ccc(-c3ncc4nccn4c3-c3ccccc3)cc2)CCC1,YNWTXEUYEFVUCD-UHFFFAOYSA-N,YNWTXEUYEFVUCD,26,4,1.3
COC[C@H](C)Oc1cc(Oc2cc(F)cc(F)c2)cc(C(=O)Nc2ccc(C(=O)O)cn2)c1,ONHAZCJPHPIFHW-ZDUSSCGKSA-N,ONHAZCJPHPIFHW,33,10,1.36
CCC(C)(C)C[C@H](c1ccc(C(=O)O)c(Oc2cccc(Cl)c2)c1)N1CCC[C@H](n2cc(C)c(=O)[nH]c2=O)C1,OOIGDEFCNHECCO-WIOPSUGQSA-N,OOIGDEFCNHECCO,39,9,1.37
Fc1cccc(C(COCc2cc(C(F)(F)F)cc(C(F)(F)F)c2)N2CCNCC2)c1,VTGZPWMFTWGIQB-UHFFFAOYSA-N,VTGZPWMFTWGIQB,31,10,3.2
COc1cc(F)ccc1-c1cncc(CNC(=O)c2ccccn2)c1,XEKZQVZQOZRWEJ-UHFFFAOYSA-N,XEKZQVZQOZRWEJ,25,6,3.2
CSCc1cc(N2CCOCC2)nc(-c2ccccc2)n1,MLNZIJKKSLNUDK-UHFFFAOYSA-N,MLNZIJKKSLNUDK,21,5,3.26
CC(=O)Nc1ccc2ccn(-c3cc(NCCCN(C)C)n4ncc(C#N)c4n3)c2c1,LGAQZKSRZOPELW-UHFFFAOYSA-N,LGAQZKSRZOPELW,31,9,1.62
CC(=O)Nc1ccc2ccn(-c3cc(NCCN4CCCC4)n4ncc(C#N)c4n3)c2c1,VROBSOYWNQARKV-UHFFFAOYSA-N,VROBSOYWNQARKV,32,9,2.24
N#CC1(NC(=O)[C@@H]2CCCC[C@H]2C(=O)N2CCc3[nH]c4c(Cl)cccc4c3C2)CC1,GPRFWQGDRLPCOZ-HZPDHXFCSA-N,GPRFWQGDRLPCOZ,30,7,3.59
O=c1c(-c2ccc(O)cc2)coc2cc(O)ccc12,ZQSIJRDFPHDXIC-UHFFFAOYSA-N,ZQSIJRDFPHDXIC,19,4,2.46
Nc1ccc2[nH]c(Cc3ccc(Oc4ccccc4)cc3)nc2c1,KVTYWLATLSZWKO-UHFFFAOYSA-N,KVTYWLATLSZWKO,24,4,3.8
Cn1c(=O)c(Oc2ccc(F)cc2F)cc2cnc(NC(CCO)CCO)nc21,JYYLVUFNAHSSFE-UHFFFAOYSA-N,JYYLVUFNAHSSFE,29,10,1.5
CCc1ccc(NC(=O)c2ccc3cc(C(=N)N)ccc3c2)cc1,SHHNTNYQWYJYKN-UHFFFAOYSA-N,SHHNTNYQWYJYKN,24,4,1.1
CC#Cc1ccnc(-c2cc(C3(C4CC4)N=C(C)C(N)=N3)ccc2O)c1,FXVJITQJGQEANW-UHFFFAOYSA-N,FXVJITQJGQEANW,26,5,3.6
O=C(CC1CCN(Cc2ccn(-c3ccc(C(F)(F)F)cc3)c2)CC1)NC(c1ccc(F)cc1)c1c[nH]c(=O)c(Cl)c1,ACHAGBFZZOHGJZ-UHFFFAOYSA-N,ACHAGBFZZOHGJZ,42,11,3.12
CC(C)C(NC(=O)Cn1c(-c2ccccc2)ccc(NC=O)c1=O)C(=O)C(F)(F)F,GSCUBJMYASAITB-UHFFFAOYSA-N,GSCUBJMYASAITB,30,10,1.84
COc1cc(N2CCN(C(C)=O)CC2)ccc1Nc1ncc(C)c(-c2cnc3ccccn23)n1,HXLFOHIDCPNVHE-UHFFFAOYSA-N,HXLFOHIDCPNVHE,34,9,2.9
Nc1cccc2c1C(=O)N(Cc1cccc(Cl)c1)C2=O,MBAXYDNQLXXKNL-UHFFFAOYSA-N,MBAXYDNQLXXKNL,20,5,3.18
NC(=O)Nc1cc(-c2ccccc2)sc1C(=O)N[C@H]1CCCNC1,KZWJNCUHHASMNZ-LBPRGKRZSA-N,KZWJNCUHHASMNZ,24,7,1.04
Nc1nc(Cl)nc(NCc2ccccc2)n1,XSDWOOUKAMFWTM-UHFFFAOYSA-N,XSDWOOUKAMFWTM,16,6,2.26
COc1cccc(COCC(O)CN2CCC(C(N)=O)CC2)c1,UFBGSYVEMPFLMM-UHFFFAOYSA-N,UFBGSYVEMPFLMM,23,6,-0.5
Oc1nc2c(O)ccc(CCNCCCCCCOCCc3ccccc3)c2s1,ZMVSQESVVQLQPQ-UHFFFAOYSA-N,ZMVSQESVVQLQPQ,29,6,2.21
COC[C@H](C)Oc1cc(Oc2ccccc2)cc(C(=O)Nc2ccc(C(=O)O)cn2)c1,OAHXKGMOXATJDV-HNNXBMFYSA-N,OAHXKGMOXATJDV,31,8,0.95
Clc1ccc2ncc(-c3cccc(NC4CNC4)n3)n2c1,RDTAHMIMQLRAMR-UHFFFAOYSA-N,RDTAHMIMQLRAMR,21,6,1.19
N=C(N)Nc1ccc(C(=O)Oc2ccccc2)cc1,PXPIXLVXGYQMFM-UHFFFAOYSA-N,PXPIXLVXGYQMFM,19,5,-0.21
NC1(c2ccc(-c3nn4ccc(=O)nc4cc3-c3ccccc3)cc2)CCC1,KTGRXAXPOKGURD-UHFFFAOYSA-N,KTGRXAXPOKGURD,28,5,0.2
CCOc1ccc(NC(C)=O)cc1,CPJSUEIXXCENMM-UHFFFAOYSA-N,CPJSUEIXXCENMM,13,3,1.5
O=C(CC12CC3CC(CC(C3)C1)C2)Nc1ccc2[nH]ncc2c1,BIGMDHWABCUPQT-UHFFFAOYSA-N,BIGMDHWABCUPQT,23,4,4.03
O=C(O)Cc1csc(-c2ccc(Cl)cc2)n1,APBSKHYXXKHJFK-UHFFFAOYSA-N,APBSKHYXXKHJFK,16,5,-0.22
Cc1ccc(-c2ccc(S(=O)(=O)N3CCC[C@H]3C(=O)N3CC[C@@H](N)C3)cc2F)o1,VNINLMKBPVLEPL-KDOFPFPSSA-N,VNINLMKBPVLEPL,29,9,1.2
Cc1cc([C@H](O)[C@](C)(OCc2ccc(-c3ccccc3)cc2)C(=O)NO)no1,GFLUBJYGGPWVEV-FPOVZHCZSA-N,GFLUBJYGGPWVEV,28,7,2.88
COc1cccc(Oc2cncnc2O)c1,BBZIPONMDZDZAD-UHFFFAOYSA-N,BBZIPONMDZDZAD,16,5,0.59
CC(C)Oc1cc(Nc2nc3c(cc2F)ncn3[C@@H](CO)c2ccc(F)cn2)n[nH]1,BXERIDNAQJVEFF-HNNXBMFYSA-N,BXERIDNAQJVEFF,30,11,2.97
O=C(O)c1cccc(-c2ccc3c(C(=O)NCC45CC6CC(CC(C6)C4)C5)c(Cl)ccc3n2)c1,VEXQDRCYDJOVGB-UHFFFAOYSA-N,VEXQDRCYDJOVGB,34,6,2.84
Nc1nc(N)c(C(=O)Nc2ccccn2)nc1Cl,UIOINPHYMCOKNA-UHFFFAOYSA-N,UIOINPHYMCOKNA,18,8,2.67
CN1CCN(C(=O)c2cc3cc(Cl)ccc3[nH]2)CC1,HUQJRYMLJBBEDO-UHFFFAOYSA-N,HUQJRYMLJBBEDO,19,5,2.4
CCn1c(C)c(C(=O)O)c(-c2cccc(N3CCN(c4ccc(NS(=O)(=O)c5ccc(N[C@H](CCN6CCC(O)CC6)CSc6ccccc6)c(S(=O)(=O)C(F)(F)F)c5)cc4)CC3)c2)c1-c1ccc(Cl)cc1,WQCBFZDVUJBJNR-RRHRGVEJSA-N,WQCBFZDVUJBJNR,72,20,4.2
CC1CN(C(=O)c2nnc3c(-c4ncccn4)cccc3c2N)C1,QFDFMEFCBWDRHN-UHFFFAOYSA-N,QFDFMEFCBWDRHN,24,7,1.21
OC[C@H](Nc1ncc(Cl)c(Nc2cc(C3CC3)[nH]n2)n1)c1ccc(F)cc1,FXSOVNSBVDXYOV-HNNXBMFYSA-N,FXSOVNSBVDXYOV,27,9,3.75
C[C@H]1COCCN1c1cc(CS(C)(=O)=O)nc(-c2ccc3[nH]ccc3c2)n1,XMHSFTLIAYTIQQ-ZDUSSCGKSA-N,XMHSFTLIAYTIQQ,27,8,2.38
COCCCc1cc(Nc2nc(NCc3cc(C)no3)ncc2Br)n[nH]1,GRMVXENVVBTWDY-UHFFFAOYSA-N,GRMVXENVVBTWDY,26,10,3.07
O=C(O)[C@H](Cc1ccccc1)N1CCC(CN2CCC(Oc3ccc(CO)c(Cl)c3)CC2)CC1,VDHDXBKDWKOEOB-SANMLTNESA-N,VDHDXBKDWKOEOB,34,7,0.8
O=C(O)CNCCNc1ccc(Cl)c(C(=O)NCC23CC4CC(CC(C4)C2)C3)c1,LMSXXLMCKQJXQH-UHFFFAOYSA-N,LMSXXLMCKQJXQH,29,7,1.94
COc1cc(N2CCN(C(=O)[C@@H]3CCCC[C@H]3C(=O)NC3(C#N)CC3)[C@H](C)C2)ccc1C1CC1,XJSVWCQEXZGLLO-SXSPYAJSSA-N,XJSVWCQEXZGLLO,34,7,3.49
CCNC(=O)c1ccc(C)c(-n2cnc3ccc(N4CCN(C)CC4)cc3c2=O)c1,NIKKNJOVUYAOTG-UHFFFAOYSA-N,NIKKNJOVUYAOTG,30,7,1.47
O=C(Nc1nc(-c2ccccc2)cs1)c1cccnc1,ZSZBVMKJFQWIFV-UHFFFAOYSA-N,ZSZBVMKJFQWIFV,20,5,3.62
CS(=O)(=O)n1c2ccccc2c2cc(NC(=O)CCc3ccncc3)ccc21,IXOGWBZUTOHTBT-UHFFFAOYSA-N,IXOGWBZUTOHTBT,28,7,3.4
C[C@@H]1CN(C(=O)OCC(F)(F)F)CCN1c1ncc(OCc2ccncc2C#N)cn1,UFJZVFBUUIBTHV-CYBMUJFWSA-N,UFJZVFBUUIBTHV,31,12,3.0
Nc1nnc(Cc2ccc(Cl)cc2)s1,BFEQYHQYYNNVEL-UHFFFAOYSA-N,BFEQYHQYYNNVEL,14,5,2.34
N#Cc1c(C(=O)O)n(Cc2ccc(Cl)c(Cl)c2)c2ccccc12,GZFVSBWRIHKSNM-UHFFFAOYSA-N,GZFVSBWRIHKSNM,23,6,1.26
O=c1[nH]c2c(O)ccc([C@@H](O)CNCCc3cccc(-c4cccc(CNCc5ccccc5)c4)c3)c2s1,HXHAEKRMZXMRER-NDEPHWFRSA-N,HXHAEKRMZXMRER,38,7,2.32
Cc1ncc(-c2ccnc(Nc3ccc(S(=O)(=O)CCCN4CCOCC4)cc3)n2)n1C(C)C,XIXCDPUONOFFOT-UHFFFAOYSA-N,XIXCDPUONOFFOT,34,10,2.43
C[C@H](CO)Nc1nc(SCc2ccccc2F)nc2nc(N)sc12,FFSHAZBWGKKFBM-MRVPVSSYSA-N,FFSHAZBWGKKFBM,24,9,3.12
OCC[C@@]1(c2ccc(Cl)c(Cl)c2)CCCNC1,NFEQUCGNNCYRCD-ZDUSSCGKSA-N,NFEQUCGNNCYRCD,17,4,0.62
C=CCN(C(=O)Nc1ccccc1)C1CCN(CCC(c2ccccc2)c2ccccc2)CC1,GQOOTJLFAHNWHQ-UHFFFAOYSA-N,GQOOTJLFAHNWHQ,34,4,3.6
Cc1nn(-c2ccc(F)cc2)c(NS(=O)(=O)c2ccc(C#N)cc2)c1C(=O)N[C@@H](C)C(C)(C)C,VTFOIOURAFZEDM-INIZCTEOSA-N,VTFOIOURAFZEDM,34,10,0.45
O=C(O)[C@H](Cc1ccc(F)cc1)N1CCC(CN2CCC(Oc3ccc(Cl)c(Cl)c3)CC2)CC1,UJDYUOWUTALBPP-VWLOTQADSA-N,UJDYUOWUTALBPP,34,8,2.98
CS(=O)(=O)c1cccc(Nc2nccc(Nc3cccc4ncoc34)n2)c1,KZCPXMFKBLMRRN-UHFFFAOYSA-N,KZCPXMFKBLMRRN,27,9,2.5
COCCC(=O)N(C)c1ccc(Nc2ncc3cc(-c4ccncc4)ccc3n2)cc1,MFQLVAIMTGXBSE-UHFFFAOYSA-N,MFQLVAIMTGXBSE,31,7,3.23
C[C@@H]1CN(C(=O)OC(C)(C)C)CCN1c1ncc(OCc2ccc(C#N)cc2)cn1,WUECHLZWIPEXMU-MRXNPFEDSA-N,WUECHLZWIPEXMU,30,8,2.89
Cc1ncc(-c2ccnc(Nc3ccc(N4CCN(S(=O)(=O)CCN(C)C)CC4)cc3)n2)n1C(C)C,SFQJTSXHVUPLIV-UHFFFAOYSA-N,SFQJTSXHVUPLIV,36,11,2.52
Nc1ccc2ccccc2n1,GCMNJUJAKQGROZ-UHFFFAOYSA-N,GCMNJUJAKQGROZ,11,2,1.7
CCCCN1Cc2c(nc3cc(-c4ccco4)nn3c2O)C1=O,VTZIKJMBHSRBMV-UHFFFAOYSA-N,VTZIKJMBHSRBMV,23,7,0.8
Cn1cc(C(=O)NC[C@@H](O)CN2CCC(Oc3ccc(Cl)c(Cl)c3)CC2)c(C(F)(F)F)cc1=O,FLTAIVXWWOKLBO-CYBMUJFWSA-N,FLTAIVXWWOKLBO,34,12,2.76
Nc1nc2ccc(-c3cccc(O)c3)cc2s1,RHVQMWASYJPMIL-UHFFFAOYSA-N,RHVQMWASYJPMIL,17,4,3.1
CC#CCn1c(=O)c2c(-c3cncn3C)n(Cc3ccnc4ccc(Cl)cc34)nc2n(CC2CC2)c1=O,QGIIIBPDCXUOKY-UHFFFAOYSA-N,QGIIIBPDCXUOKY,37,10,3.61
Cc1nn(C)c2cc(N3CCN(C(=O)[C@@H]4CCCC[C@H]4C(=O)NC4(C#N)CC4)[C@H](C)C3)ccc12,DKJNJGMFODPLQX-ZPMCFJSWSA-N,DKJNJGMFODPLQX,34,8,2.7
Cc1nccc(-c2ccc(-c3nc4ccncc4c(O)c3C#N)cc2)c1Cl,CISUHHMWKWDMFJ-UHFFFAOYSA-N,CISUHHMWKWDMFJ,27,6,2.0
O=c1cc(N2CCOCC2)oc2c(-c3ccccc3)cccc12,CZQHHVNHHHRRDU-UHFFFAOYSA-N,CZQHHVNHHHRRDU,23,4,2.9
COc1ncc2ccc(=O)n(CCN3CCC(NCc4cc5c(cn4)OCCO5)CC3)c2n1,LPHSTAIXRBFEFQ-UHFFFAOYSA-N,LPHSTAIXRBFEFQ,33,10,0.2
COc1cc(C(=O)O)ccc1Cc1cn(C)c2ccc(NC(=O)CC3CCCC3)cc12,GTQPMBLLIWJEJZ-UHFFFAOYSA-N,GTQPMBLLIWJEJZ,31,6,2.0
Cc1c(S(=O)(=O)c2ccc(Cl)cc2)c2cc(F)ccc2n1CC(=O)O,AQXNOXJAJOOFPU-UHFFFAOYSA-N,AQXNOXJAJOOFPU,25,8,-0.16
NS(=O)(=O)c1ccc(Nc2nccc(Nc3c(Cl)ccc4c3OCO4)n2)cc1,ORPLKVBNBJSMGV-UHFFFAOYSA-N,ORPLKVBNBJSMGV,28,11,2.7
CCC(C)(CC)C[C@H](c1ccc(C(=O)O)c(Oc2cccc(Br)c2)c1)N1CCC[C@H](n2cc(C)c(=O)[nH]c2=O)C1,KOUBAHNTPUBTSW-JYFHCDHNSA-N,KOUBAHNTPUBTSW,40,9,1.97
CC1(C)[C@@H]2CC[C@@]1(CS(=O)(=O)N1CCN(c3ccc(C#N)cn3)CC1)C(=O)C2,KGOUMVFYXYCYPF-OXQOHEQNSA-N,KGOUMVFYXYCYPF,28,8,2.46
NS(=O)(=O)c1cc2c(cc1Cl)NC(C(Cl)Cl)NS2(=O)=O,LMJSLTNSBFUCMU-UHFFFAOYSA-N,LMJSLTNSBFUCMU,20,12,0.37
Cc1nc2ncnn2c(O)c1CCOC(=O)c1ccccc1F,DIYAIZWRVOIBCZ-UHFFFAOYSA-N,DIYAIZWRVOIBCZ,23,8,0.99
N#Cc1cccc(S(=O)(=O)NC[C@@H](O)CN2CCC(Oc3ccc(Cl)c(Cl)c3)CC2)c1,RHDOFWFMSRHNFN-MRXNPFEDSA-N,RHDOFWFMSRHNFN,31,10,3.42
O=C(NCCCCc1ccccc1)c1ccccc1,XFYLFLMGYOQLSS-UHFFFAOYSA-N,XFYLFLMGYOQLSS,19,2,3.8
CC(C)C[C@H](NC(=O)N1CCOCC1)C(=O)NCC#N,OEGABHQAWDXQMV-NSHDSACASA-N,OEGABHQAWDXQMV,20,7,0.08
NC(=O)C1CCCCC1,PNZXMIKHJXIPEK-UHFFFAOYSA-N,PNZXMIKHJXIPEK,9,2,0.9
CN(C)c1ncnc2nc[nH]c12,BVIAOQMSVZHOJM-UHFFFAOYSA-N,BVIAOQMSVZHOJM,12,5,0.95
Nc1nonc1/C(=N/O)Nc1ccc(F)c(Cl)c1,HGXSLPIXNPASGZ-UHFFFAOYSA-N,HGXSLPIXNPASGZ,18,9,2.7
COc1ccc(S(=O)(=O)Nc2ccccn2)cc1,LKYSZEMWNWCNAM-UHFFFAOYSA-N,LKYSZEMWNWCNAM,18,6,0.87
Cc1ccc(-c2csc3ncnc(O)c23)cc1,JYFIHIWXQSVJIL-UHFFFAOYSA-N,JYFIHIWXQSVJIL,17,4,2.59
CCOc1ccccc1-c1ccc(-c2nc3ccncc3c(O)c2C#N)cc1,IMYDUDGJIZQSHN-UHFFFAOYSA-N,IMYDUDGJIZQSHN,28,5,3.0
C=CC(=O)Nc1ccc(OC)cc1,YMHDGRAROYGJLT-UHFFFAOYSA-N,YMHDGRAROYGJLT,13,3,1.68
Cc1cn([C@H]2CCCN(S(=O)(=O)c3ccc(O)c(Oc4cccc(Br)c4)c3)C2)c(=O)[nH]c1=O,GLYVZMPKAAPUCS-INIZCTEOSA-N,GLYVZMPKAAPUCS,33,11,2.3
CS(=O)(=O)c1ccc2c(C(=O)NC[C@@H](O)CN3CCC(Oc4ccc(Cl)c(Cl)c4)CC3)c[nH]c(=O)c2c1,YGYJEYXHZXOPGM-OAHLLOKOSA-N,YGYJEYXHZXOPGM,37,12,2.63
CN1CCC[C@H]1c1ccccn1,AQCRXZYYMOXFAN-JTQLQIEISA-N,AQCRXZYYMOXFAN,12,2,0.44
Oc1ccc(-c2nc3cc(O)ccc3o2)cc1,DPAMLAKLEWYMGF-UHFFFAOYSA-N,DPAMLAKLEWYMGF,17,4,3.4
CC[C@H](Nc1ncnc2[nH]cnc12)c1nc2cccc(F)c2c(=O)n1-c1ccccc1,IFSDAJWBUCMOAH-HNNXBMFYSA-N,IFSDAJWBUCMOAH,31,9,2.72
Cn1c(Nc2ccc(C(F)(F)F)cc2)nc2cc(Oc3ccnc(-c4ncc(C(F)(F)F)[nH]4)c3)ccc21,YABJJWZLRMPFSI-UHFFFAOYSA-N,YABJJWZLRMPFSI,37,13,3.45
Nc1nc(-c2ccccc2)ns1,OYAHSBDYBOBAAQ-UHFFFAOYSA-N,OYAHSBDYBOBAAQ,12,4,2.2
N#C/C(=C(\N)Sc1ccc(N)cc1)c1ccccc1C(F)(F)F,JLOXTZFYJNCPIS-SQFISAMPSA-N,JLOXTZFYJNCPIS,23,7,3.4
CC(c1cc2ccccc2s1)N(O)C(N)=O,MWLSOWXNZPKENC-UHFFFAOYSA-N,MWLSOWXNZPKENC,16,5,2.05
Cc1cc(C)nc(SCC(=O)Nc2cc(C)on2)n1,HZJYOKODVJEGCS-UHFFFAOYSA-N,HZJYOKODVJEGCS,19,7,1.52
COc1c(C#N)cc2ccccc2c1C(=O)N(C)C[C@@H](CCN1CCC(N2CCCNC2=O)CC1)c1ccc(Cl)c(Cl)c1,CNNIPRDMDODXLC-XMMPIXPASA-N,CNNIPRDMDODXLC,43,10,3.0
CNC1=Nc2ncccc2C(c2ccco2)=NC1c1ccns1,JHZNPXQNXMABTG-UHFFFAOYSA-N,JHZNPXQNXMABTG,23,7,1.44
Cn1c(=O)c2c(ncn2CC(O)CO)n(C)c1=O,KSCFJBIXMNOVSH-UHFFFAOYSA-N,KSCFJBIXMNOVSH,18,8,-1.25
CN1C(=O)CC(C)(CCc2cccc(-c3ccccc3)c2)N=C1N,CWIATWAMZSVNNY-UHFFFAOYSA-N,CWIATWAMZSVNNY,24,4,2.03
COc1cc(C(=O)NS(=O)(=O)c2ccccc2C)ccc1Cc1cn(C)c2ccc(C(=O)NCCc3ccccc3)cc12,RWEGDXKLFXEPAN-UHFFFAOYSA-N,RWEGDXKLFXEPAN,43,9,2.51
Cc1ccc(-c2nn(C(C)(C)C)c3ncnc(N)c23)cc1,ZVPDNRVYHLRXLX-UHFFFAOYSA-N,ZVPDNRVYHLRXLX,21,5,4.1
COc1cc2ncnc(Nc3cccc(Cl)c3F)c2cc1OC1CCN(CC(N)=O)CC1,DIBGTMXGHUALIU-UHFFFAOYSA-N,DIBGTMXGHUALIU,32,10,3.1
NC(=O)c1ccc(Br)cc1,ZRWNRAJCPNLYAK-UHFFFAOYSA-N,ZRWNRAJCPNLYAK,10,3,1.75
c1nc(N2CCCCC2)c2nc[nH]c2n1,OXCZAXJFRBPQRP-UHFFFAOYSA-N,OXCZAXJFRBPQRP,15,5,1.84
CCOc1cccc(Nc2nnc(C(=O)Nc3ccc(N4CCOCC4)nc3)o2)c1,IOZZFCHJROZWLY-UHFFFAOYSA-N,IOZZFCHJROZWLY,30,10,3.6
Cc1nc(C(=O)[C@H](C)Oc2ccc(SCCCCCc3ccccc3)cc2)sc1CCCC(=O)O,RWIZIVMQIZHTSD-NRFANRHFSA-N,RWIZIVMQIZHTSD,35,7,2.03
O=C(Nc1cccc([C@@H](c2ccc(C(=O)N3CCC3)cc2)N2CCN(Cc3ccc(F)cc3)CC2)c1)C1CC1,LYTCXQWSMLSBBT-SSEXGKCCSA-N,LYTCXQWSMLSBBT,39,7,3.58
N[C@H](Cc1c[nH]c2ccccc12)C(=O)O,QIVBCDIJIAJPQS-SECBINFHSA-N,QIVBCDIJIAJPQS,15,4,-0.92
CC(C)Cn1c(=O)n(C)c(=O)c2c(SCCCO)c(Cc3ccccc3C(F)(F)F)sc21,NZCREMNPFKLVGX-UHFFFAOYSA-N,NZCREMNPFKLVGX,32,10,4.05
Cn1c(=O)c2c(-c3oc(S(C)(=O)=O)cc3Cl)n(Cc3ccnc4ccc(Cl)cc34)nc2n(CC2CC2)c1=O,GBLUNAZCSSKSEV-UHFFFAOYSA-N,GBLUNAZCSSKSEV,38,13,3.97
Cc1ccc(S(=O)(=O)Nc2c(C(=O)N[C@@H](C)C(C)(C)C)c(C)nn2C2CCC2)cc1,DPTNZCSNVMOOAE-INIZCTEOSA-N,DPTNZCSNVMOOAE,30,8,1.57
O=c1[nH]n(Cc2cccs2)c(=O)c2c(=O)c3ccc(Cl)cc3[nH]c12,KMAKOKCMJADPKV-UHFFFAOYSA-N,KMAKOKCMJADPKV,24,8,1.52
COc1ccc2ncc(=O)n(CCN3CC[C@@H](NCc4ccc5c(n4)NC(=O)CO5)[C@@H](F)C3)c2c1,KCQSATGYEXNLEM-ZWKOTPCHSA-N,KCQSATGYEXNLEM,35,11,0.83
N#Cc1ccc(C(=O)Nc2ccc(-n3ccnc3)nc2)cc1,SARQAYXDOCYKSE-UHFFFAOYSA-N,SARQAYXDOCYKSE,22,6,2.2
Nc1[nH]ncc1S(=O)(=O)c1ccccc1,PWCMYVJXHPBJNZ-UHFFFAOYSA-N,PWCMYVJXHPBJNZ,15,6,1.1
Cc1ccc(S(=O)(=O)Nc2c(C(=O)NCC(C)(C)C)c(C)nn2-c2ccccc2)cc1,LXYSCROSLDLXCB-UHFFFAOYSA-N,LXYSCROSLDLXCB,31,8,1.46
CS(=O)(=O)Cc1cc(N2CCOCC2)nc(-c2cccc3[nH]ccc23)n1,YXULRTVZRGHXHN-UHFFFAOYSA-N,YXULRTVZRGHXHN,26,8,1.7
C[C@H]1O[C@@H](n2cnc3c(N)nc(OCC4CCC(F)(F)CC4)nc32)[C@H](O)[C@@H]1O,FFBXVMUCTAHDQI-PMXXHBEXSA-N,FFBXVMUCTAHDQI,28,11,1.72
CCn1c2ccccc2c2cc(NC(=O)CCc3ccncc3)ccc21,STJCFOPXJIECBK-UHFFFAOYSA-N,STJCFOPXJIECBK,26,4,3.75
CCS(=O)(=O)c1ccc(-c2cc(Cl)ccc2OCC(=O)O)c(C(F)(F)F)c1,PZPVQKKTULQJKR-UHFFFAOYSA-N,PZPVQKKTULQJKR,27,10,0.62
COc1ccccc1C[C@@H](C(=O)O)N1CCC(CN2CCC(Oc3ccc(Cl)c(Cl)c3)CC2)CC1,VOPUEJLKUSXAOZ-VWLOTQADSA-N,VOPUEJLKUSXAOZ,35,8,2.77
COc1cc2nnc(C(N)=O)c(Nc3ccc(F)cc3F)c2cc1N1CCN(C)CC1,HETJBEPGHHRWCC-UHFFFAOYSA-N,HETJBEPGHHRWCC,31,10,2.36
Fc1ccc2cn[nH]c2c1,CFMZDEQEVCDMRN-UHFFFAOYSA-N,CFMZDEQEVCDMRN,10,3,2.3
CC(C)N(CCCNC(=O)Nc1ccc(C(C)(C)C)cc1)C[C@H]1O[C@@H](n2ccc3c(N)ncnc32)[C@H](O)[C@@H]1O,WXRGFPHDRFQODR-ICLZECGLSA-N,WXRGFPHDRFQODR,39,11,2.4
CCC1(c2ccc(N)cc2)CCC(=O)NC1=O,ROBVIMPUHSLWNV-UHFFFAOYSA-N,ROBVIMPUHSLWNV,17,4,0.6
O=C(O)CCCc1ccc(N(CCCl)CCCl)cc1,JCKYGMPEJWAADB-UHFFFAOYSA-N,JCKYGMPEJWAADB,19,5,1.47
N#Cc1ccc(C(=O)N2CCC3(CC2)N=C(N)c2c(F)cccc2N3)cc1,GROLIDJOEMLLED-UHFFFAOYSA-N,GROLIDJOEMLLED,27,7,0.66
Cc1ccc(C(=O)NC2CC2)cc1-c1ccc(C(=O)NCC2CC2)nc1,FEFYXGFJVNPYLY-UHFFFAOYSA-N,FEFYXGFJVNPYLY,26,5,3.36
CC(C)N=c1cc2n(-c3ccc(Cl)cc3)c3ccccc3nc-2cc1Nc1ccc(Cl)cc1,WDQPAMHFFCXSNU-UHFFFAOYSA-N,WDQPAMHFFCXSNU,33,6,3.17
COc1ccc2ncc(=O)n(CCN3CC[C@@H](NCc4ccc5c(n4)NC(=O)CO5)[C@H](OC)C3)c2c1,OPFCNFCPNQBDKS-DENIHFKCSA-N,OPFCNFCPNQBDKS,36,11,0.97
Oc1cc(OCc2ccccc2)ccn1,DOVNUEPFPBWTSV-UHFFFAOYSA-N,DOVNUEPFPBWTSV,15,3,1.69
CN(C)CC(O)COc1ccc(Nc2cc(Nc3cc(Cl)ccc3Cl)ncn2)cc1,QNIZBMDMEQUCHR-UHFFFAOYSA-N,QNIZBMDMEQUCHR,30,9,2.6
CC(C)Cn1c(=O)n(C)c(=O)c2c(C(=O)N3C[C@H](O)CO3)c(Cc3ccccc3C(F)(F)F)sc21,GOSZMIDOMHVHDD-AWEZNQCLSA-N,GOSZMIDOMHVHDD,35,12,3.15
Cc1cnc(Nc2ccc(N3CCN(C)CC3)cc2)nc1Nc1cccc(S(=O)(=O)NC(C)(C)C)c1,JVDOKQYTTYUYDV-UHFFFAOYSA-N,JVDOKQYTTYUYDV,36,10,2.84
COc1cc2ncnc(Nc3ccncc3)c2cc1OC,HJBJRPSIVVAUEY-UHFFFAOYSA-N,HJBJRPSIVVAUEY,21,6,2.22
c1ccc(Nc2[nH]nnc2-c2ccccc2)cc1,ACLZPKMBZBHXJZ-UHFFFAOYSA-N,ACLZPKMBZBHXJZ,18,4,3.37
N#CC1(NC(=O)[C@@H]2CCCC[C@H]2C(=O)N2CCN(c3nc4cnccc4s3)CC2)CC1,VSLVCMQLWKKHKL-HZPDHXFCSA-N,VSLVCMQLWKKHKL,31,9,1.66
O=c1[nH]c2c(O)ccc([C@@H](O)CNCCc3ccc(CNCCc4ccccc4)cc3)c2s1,IYDIXGIHBUITOM-QHCPKHFHSA-N,IYDIXGIHBUITOM,33,7,1.11
NS(=O)(=O)c1cc(Cl)c(Cl)c(S(N)(=O)=O)c1,GJQPMPFPNINLKP-UHFFFAOYSA-N,GJQPMPFPNINLKP,16,10,0.92
Fc1ccc(-c2cn3ccccc3n2)cc1,PNOFVTHZVLYOFR-UHFFFAOYSA-N,PNOFVTHZVLYOFR,16,3,3.1
O=C1CCC(=O)N1c1cc(Cc2n[nH]c(=O)c3ccccc23)ccc1F,YQSZNYLPVBOGPO-UHFFFAOYSA-N,YQSZNYLPVBOGPO,26,7,1.0
N#Cc1cccc(C(=O)Nc2cc(-c3ccccc3)nn2-c2ccccc2)c1,BKUIZWILNWHFHD-UHFFFAOYSA-N,BKUIZWILNWHFHD,28,5,3.82
CN(C)c1cccc2c(S(=O)(=O)N(C)CC(=O)O)cccc12,BRLJKBOXIVONAG-UHFFFAOYSA-N,BRLJKBOXIVONAG,22,7,-1.45
Cc1cc(-c2ccc(N3C[C@H](Cn4ccnn4)OC3=O)cc2F)on1,DRXNKVLCADIDHI-LBPRGKRZSA-N,DRXNKVLCADIDHI,25,9,1.99
COc1ccnc(NC2CCN(C(=O)c3ccccc3)CC2)c1,ULYAVZFGXSQWBB-UHFFFAOYSA-N,ULYAVZFGXSQWBB,23,5,2.06
CCC(=O)N[C@H]1CC[C@@H](C(=O)N(C)c2ccc(-c3nc4ccccc4o3)cc2)C1,YNFDIGJKJPNFFD-SJORKVTESA-N,YNFDIGJKJPNFFD,29,6,3.4
Nc1c(C(=O)c2cccc(OC[C@H](O)CO)c2)cnn1-c1ccc(F)cc1,IJDQETGUEUJVTB-OAHLLOKOSA-N,IJDQETGUEUJVTB,27,8,1.94
O=c1cc(N2CCOCC2)nc2n(Cc3cccc4ccccc34)ccn12,QWHPGKXSNCLNSL-UHFFFAOYSA-N,QWHPGKXSNCLNSL,27,6,3.3
COc1cc2ncnc(Nc3ccc(F)c(Cl)c3)c2cc1OCCN1CCN(C)CC1,UEWRHTSERXIBRC-UHFFFAOYSA-N,UEWRHTSERXIBRC,31,9,3.3
O=C1NCCc2[nH]c(-c3ccncc3)cc21,DKXHSOUZPMHNIZ-UHFFFAOYSA-N,DKXHSOUZPMHNIZ,16,4,1.49
CCN(C(=O)Cc1ccc(S(C)(=O)=O)cc1)C1CCN(CCC(c2ccccc2)c2ccccc2)CC1,FBCOMGDKGBJAAS-UHFFFAOYSA-N,FBCOMGDKGBJAAS,37,6,3.0
COc1cc(-n2cnc3cc(-c4ccc(Cl)cc4)sc3c2=O)ccc1OCCN1CCCC1,MWULMTACIBZPGN-UHFFFAOYSA-N,MWULMTACIBZPGN,33,8,2.74
CN(C)c1ccnc2sc3c(=O)n(-c4ccccc4)cnc3c12,ADOZDJQXPOGXEV-UHFFFAOYSA-N,ADOZDJQXPOGXEV,23,6,2.34
CN1CCc2c1nc1ccccc1c2NC(=O)Cc1ccccc1,VAIOARLOBOUMHD-UHFFFAOYSA-N,VAIOARLOBOUMHD,24,4,2.8
C[C@H]1O[C@@H](n2cnc3c(N)nc(OC(C4CC4)C(F)(F)F)nc32)[C@H](O)[C@@H]1O,WCCXSIPIPFVPLO-JNCSJYHUSA-N,WCCXSIPIPFVPLO,27,12,1.83
Cc1c[nH]c(/C=C2\C(=O)Nc3ccccc32)c1CCC(=O)O,JNDVEAXZWJIOKB-JYRVWZFOSA-N,JNDVEAXZWJIOKB,22,5,1.2
COc1ccc(Nc2nccc(-c3cnc(C)n3C(C)C)n2)cc1,DILAVBXKBLNCME-UHFFFAOYSA-N,DILAVBXKBLNCME,24,6,3.43
Cc1cc(Nc2nc(O[C@@H](C)c3ncc(F)cn3)ncc2Cl)n[nH]1,WZPILCWIFRRMQR-QMMMGPOBSA-N,WZPILCWIFRRMQR,24,10,1.82
O=C(NCC12CC3CC(CC(C3)C1)C2)c1cc(N2CCNCC2)ncc1Cl,PVEBIFFVXUQSFZ-UHFFFAOYSA-N,PVEBIFFVXUQSFZ,27,6,2.09
Cc1c(Sc2ccc(Cl)cc2)c2cc(Cl)ccc2n1Cc1nnn[nH]1,IHWBEKKAAGZHBT-UHFFFAOYSA-N,IHWBEKKAAGZHBT,25,8,3.25
CC1=C(C(=O)O)N2C(=O)[C@@H](NC(=O)[C@H](N)c3ccc(O)cc3)[C@H]2SC1,BOEGTKLJZSQCCD-UEKVPHQBSA-N,BOEGTKLJZSQCCD,25,9,-0.86
Cc1ccccc1C(OCCN(C)C)c1ccccc1,QVYRGXJJSLMXQH-UHFFFAOYSA-N,QVYRGXJJSLMXQH,20,2,1.47
CC(C)c1noc(N2CCN(c3ncc(OCc4ccncc4C#N)cn3)[C@H](C)C2)n1,FZVZKIUKIXHKNV-OAHLLOKOSA-N,FZVZKIUKIXHKNV,31,10,3.1
C[C@H](c1nc2ncccc2c(=O)n1-c1ccc(Cl)cc1)N(CC1CCS(=O)(=O)CC1)C(=O)Cc1ccc(C(F)(F)F)c(F)c1,CTEITUDGLRIHMG-GOSISDBHSA-N,CTEITUDGLRIHMG,44,14,2.9
CCOc1ccc2nc(NC(=O)CC)sc2c1,KLFQIGFTUVFWRQ-UHFFFAOYSA-N,KLFQIGFTUVFWRQ,17,5,3.4
Cc1cn([C@H]2CCCN(S(=O)(=O)c3ccc(C(=O)O)c(Oc4cccc(Cl)c4)c3)C2)c(=O)[nH]c1=O,MKIYJEDSNQWWFD-INIZCTEOSA-N,MKIYJEDSNQWWFD,35,12,-1.28
O=c1[nH]c(-c2ccc([N+](=O)[O-])cc2)nc2ccccc12,PDSXUXCWTDUVSZ-UHFFFAOYSA-N,PDSXUXCWTDUVSZ,20,6,2.5
O=C(NCc1ccccn1)c1ccc(Oc2ccccc2)cc1,HVLSCZSVTCNAQX-UHFFFAOYSA-N,HVLSCZSVTCNAQX,23,4,2.7
CN1CCN(S(=O)(=O)c2ccc(-c3cnc(N)c(C(=O)Nc4cccnc4)n3)cc2F)CC1,AFLCJXMOBVSHJB-UHFFFAOYSA-N,AFLCJXMOBVSHJB,33,12,2.66
COc1ccccc1-c1coc2cc(O)ccc2c1=O,AHLHZSCENKUUSF-UHFFFAOYSA-N,AHLHZSCENKUUSF,20,4,2.55
Cn1cc(CN2CCc3cc4nc(N)sc4cc3CC2)cn1,MGAPVOBBWDUNPY-UHFFFAOYSA-N,MGAPVOBBWDUNPY,22,6,1.06
O=C(CSc1nccn(-c2ccc(F)c(F)c2)c1=O)NC1CCCC1,QBXWKLRTAKMZIN-UHFFFAOYSA-N,QBXWKLRTAKMZIN,25,8,2.0
CC(C)C(NC(=O)Cn1c(-c2ccccc2)ccc(NC(=O)OCc2ccccn2)c1=O)C(=O)C(F)(F)F,UQFRBUDGHOGQRJ-UHFFFAOYSA-N,UQFRBUDGHOGQRJ,38,12,1.91
Cn1c(SCc2c(Cl)cccc2Cl)nnc1-c1ccc2nonc2c1,YLCJOOXIGBWUFG-UHFFFAOYSA-N,YLCJOOXIGBWUFG,25,9,3.35
COc1ccc(C(=O)CS(=O)(=O)c2ccccc2)cc1,ZVVAUSXHYOKZSR-UHFFFAOYSA-N,ZVVAUSXHYOKZSR,20,5,1.96
CN(C)CC/C=C1\c2ccccc2Sc2ccc(Cl)cc21,WSPOMRSOLSGNFJ-VGOFMYFVSA-N,WSPOMRSOLSGNFJ,21,3,3.42
O=C(Nc1ccc(N2CCOCC2)cc1)c1nnc(NC(=O)C2(c3ccc(Cl)cc3)CCC2)o1,SGNDVLKBECZULH-UHFFFAOYSA-N,SGNDVLKBECZULH,34,10,3.2
C[C@H](CO)Nc1nc(SCc2ccccc2)nc2[nH]c(=O)[nH]c12,RURRPCNSHIMRGD-SECBINFHSA-N,RURRPCNSHIMRGD,23,8,2.75
COCCN(C)Cc1ccc(Nc2ncc3cc(-c4ccncc4)ccc3n2)cc1,ZNKBTWMPGNYFEX-UHFFFAOYSA-N,ZNKBTWMPGNYFEX,30,6,2.65
CC(COc1ccccc1)NC(C)C(O)c1ccc(O)cc1,BMUKKTUHUDJSNZ-UHFFFAOYSA-N,BMUKKTUHUDJSNZ,22,4,0.56
CC(=O)Nc1ccc(CC(=O)N(C)C2CCN(Cc3ccc(C(F)(F)F)cc3)CC2)cc1,PTFCJKSVMIWRPR-UHFFFAOYSA-N,PTFCJKSVMIWRPR,32,8,2.9
C[C@@H](C[C@@](C)(CS(=O)(=O)N1CCN(CCc2ccc(Cl)cc2Cl)CC1)N(O)C=O)c1ncc(F)cn1,KPFZRWSNHNPUHB-SBUREZEXSA-N,KPFZRWSNHNPUHB,36,13,3.27
Cc1cc(Nc2ncc(F)c(N[C@H]3[C@@H](C(N)=O)[C@@H]4C=C[C@H]3C4)n2)ccc1N1CCN(C)CC1,KSOVGRCOLZZTPF-QMKUDKLTSA-N,KSOVGRCOLZZTPF,33,9,2.9
Cc1ccc2c(c1)c(Sc1ccccc1)c(CC(=O)O)n2C,RFNMMSVHBUVLOM-UHFFFAOYSA-N,RFNMMSVHBUVLOM,22,4,1.74
CC(=O)NC1CN(c2ccc(Nc3ncc(F)c(-c4cnc(C)n4C(C)C)n3)cc2)C1,TUCLZQAUTAVVBA-UHFFFAOYSA-N,TUCLZQAUTAVVBA,31,9,2.76
NC(=O)c1cc2ccccc2nc1N,GXZOXGRLLFZVGF-UHFFFAOYSA-N,GXZOXGRLLFZVGF,14,4,1.07
O=C(c1cc2ccccc2[nH]1)N1CCNCC1,FIVCRRVYLAXYFC-UHFFFAOYSA-N,FIVCRRVYLAXYFC,17,4,0.6
N#CCc1c[nH]c2ccc(OCc3ccccc3)cc12,ADPRFNVFBYHCJQ-UHFFFAOYSA-N,ADPRFNVFBYHCJQ,20,3,3.71
CN(C(=O)Cc1ccc(S(C)(=O)=O)cc1)[C@@H]1CCN(Cc2nc3ccccc3s2)C[C@@H]1F,OWIXGPSLIFEOOY-AZUAARDMSA-N,OWIXGPSLIFEOOY,32,9,2.1
CN[C@@H](C)C(=O)N[C@H](C(=O)N1CC[C@H]2CCN(CCc3ccccc3)C[C@H]21)C1CCCCC1,HCSMRSHIIKPNAK-LSAVBLLPSA-N,HCSMRSHIIKPNAK,33,6,2.47
CC(C)C(NC(=O)Cn1c(-c2ccc(F)cc2)ncc(N)c1=O)C(=O)C(F)(F)F,YFKGOHSTGWLLKN-UHFFFAOYSA-N,YFKGOHSTGWLLKN,29,11,1.05
Cc1cc(Nc2ccnc(NCc3cc(C4CC4)no3)n2)n[nH]1,KRVGQLWKOWWNIE-UHFFFAOYSA-N,KRVGQLWKOWWNIE,23,8,2.5
COc1ccc2c(c1)N(CCN1CCC(NCc3ccc4c(n3)NC(=O)CO4)CC1)C(=O)CC2,QOFAUIFSWFPIDC-UHFFFAOYSA-N,QOFAUIFSWFPIDC,34,9,0.66
COc1cccc(C(=O)NCCCOc2cccc3ccc(N)nc23)c1,OJZKGRACKVPNSG-UHFFFAOYSA-N,OJZKGRACKVPNSG,26,6,2.46
Cc1ccc(-c2ccc(F)cc2COc2ccc(CCC(=O)O)cc2)cc1,LPGBXHWIQNZEJB-UHFFFAOYSA-N,LPGBXHWIQNZEJB,27,4,3.24
CC[C@H](C)[C@H](N)C1=N[C@H](C(=O)N[C@@H](CC(C)C)C(=O)N[C@H](CCC(=O)O)C(=O)N[C@H](C(=O)N[C@H]2CCCCNC(=O)[C@H](CC(N)=O)NC(=O)[C@@H](CC(=O)O)NC(=O)[C@H](Cc3cnc[nH]3)NC(=O)[C@@H](Cc3ccccc3)NC(=O)[C@H]([C@@H](C)CC)NC(=O)[C@@H](CCCN)NC2=O)[C@@H](C)CC)CS1,CLKOFPXJLQSYAH-ABRJDSQDSA-N,CLKOFPXJLQSYAH,100,34,-0.46
COc1cc2ncnc(Nc3cccc(Cl)c3F)c2cc1CN(C)[C@@H](C)C(N)=O,LIXBPKCPMMFCNP-NSHDSACASA-N,LIXBPKCPMMFCNP,29,9,3.42
O=C(/C=C/c1c(C(=O)O)[nH]c2cc(Cl)cc(Cl)c12)Nc1ccccc1,WZBNEZWCNKUOSM-VOTSOKGWSA-N,WZBNEZWCNKUOSM,25,7,1.52
CC(C)C(NC(=O)Cn1c(-c2ccccc2)ccc(NC(=O)NCc2cccnc2)c1=O)C(=O)C(F)(F)F,DDCFYPCDGMUSGV-UHFFFAOYSA-N,DDCFYPCDGMUSGV,38,12,2.84
CC[C@H](NC(=O)c1c([S+]([O-])CC)c(-c2ccccc2)nc2ccccc12)c1ccccc1,XVTICRLZOUARHF-LCUARMQBSA-N,XVTICRLZOUARHF,32,5,3.45
Nc1n[nH]c2c(Cl)cccc12,HNISSRAYDSNHNN-UHFFFAOYSA-N,HNISSRAYDSNHNN,11,4,1.7
NC(=O)c1cccc(OC2CCN(CC3CC3)CC2)c1,BHBYCNZQHBBGHS-UHFFFAOYSA-N,BHBYCNZQHBBGHS,20,4,0.49
Cc1cc(CN2Cc3ccccc3C2C(=O)Nc2ccc(Cl)cc2)ccc1OCC(=O)O,HEIDRJCIGVPEET-UHFFFAOYSA-N,HEIDRJCIGVPEET,32,7,1.38
CC(C)Cn1c(=O)n(C)c(=O)c2c(SC3CCCC3)c(Cc3ccccc3C(F)(F)F)sc21,MNNQEJPFOUFJBU-UHFFFAOYSA-N,MNNQEJPFOUFJBU,33,9,4.21
O=C(O)[C@H](Cc1cccc(F)c1)N1CCC(CN2CCC(Oc3ccc(Cl)c(Cl)c3)CC2)CC1,MANRLQSCJCTMOZ-VWLOTQADSA-N,MANRLQSCJCTMOZ,34,8,2.68
Cc1oc(=O)oc1CN1CCN(c2cc3c(cc2F)c(=O)c(C(=O)O)c2n3C(C)S2)CC1,PWNMXPDKBYZCOO-UHFFFAOYSA-N,PWNMXPDKBYZCOO,32,11,0.47
CN(C(=O)Cc1ccc(-n2cnnn2)cc1)[C@H]1CCN(Cc2ccc(C(F)(F)F)cc2)C[C@H]1F,IFGKACWCWSTXBV-RTWAWAEBSA-N,IFGKACWCWSTXBV,34,11,3.3
CC(=O)NC[C@H]1CN(c2ccc(-n3cc(C#N)nn3)c(F)c2)C(=O)O1,CJSYBLMJOCNMCF-LBPRGKRZSA-N,CJSYBLMJOCNMCF,25,10,0.8
COC(=O)c1ccc2c(c1)N(CCN1CCC(NCc3ccc4c(n3)NC(=O)CO4)CC1)C(=O)CO2,PNCOYZRWNSWTLL-UHFFFAOYSA-N,PNCOYZRWNSWTLL,36,11,0.83
Clc1ccc2c(c1Nc1ccnc(Nc3ccccc3)n1)OCO2,BPBBEBGGGQEHFN-UHFFFAOYSA-N,BPBBEBGGGQEHFN,24,7,3.9
COc1cc(OC2CCN(C)CC2)c2c(Nc3c(Cl)ccc4c3OCO4)ncnc2c1,VVKSFHCTJLSWTD-UHFFFAOYSA-N,VVKSFHCTJLSWTD,31,9,2.98
Cc1cc(CN2Cc3ccccc3C[C@H]2C(=O)Nc2ccc(Cl)cc2Cl)ccc1OCC(=O)O,IFWLWDBQOZCTFZ-QHCPKHFHSA-N,IFWLWDBQOZCTFZ,34,8,2.41
Oc1ccc(C2=Cc3ccc(O)cc3OC2)cc1,ZZUBHVMHNVYXRR-UHFFFAOYSA-N,ZZUBHVMHNVYXRR,18,3,3.8
O=Cc1ccccc1B(O)O,DGUWACLYDSWXRZ-UHFFFAOYSA-N,DGUWACLYDSWXRZ,11,4,0.83
O=C1CN(C(=O)c2ccco2)c2ccccc2N1,MHLBWXVMZIFVDJ-UHFFFAOYSA-N,MHLBWXVMZIFVDJ,18,5,1.21
O=S(=O)(CCCNCCc1ccc(O)c2nc(O)sc12)NCCOCCc1ccc(F)cc1,GGDDCZOIKBYOJT-UHFFFAOYSA-N,GGDDCZOIKBYOJT,33,11,1.57
CCN(C(=O)Cc1ccc(S(C)(=O)=O)cc1)C1CCN(CC[C@H](c2ccc(S(C)(=O)=O)cc2)c2cc(F)c(F)c(F)c2)CC1,KAKJJTGEJYQYHN-MUUNZHRXSA-N,KAKJJTGEJYQYHN,44,12,2.55
C[C@@H]1CN(C(=O)OC(C)(C)C)CCN1c1ncc(OCC2CCN(S(C)(=O)=O)CC2)cn1,GRGQEEUXMIDNPJ-MRXNPFEDSA-N,GRGQEEUXMIDNPJ,32,11,3.5
O=c1ccnc2ccccn12,NYJWYCAHJRGKMI-UHFFFAOYSA-N,NYJWYCAHJRGKMI,11,3,0.2
N#Cc1ccc2ccc(=O)n(CCN3CC[C@H](NCc4ccc5c(n4)NC(=O)CO5)[C@H](O)C3)c2c1,VECMGBHRDUHGHR-PZJWPPBQSA-N,VECMGBHRDUHGHR,35,10,0.11
CNC(=O)c1ccc2c(=O)cc(-c3cccnc3)[nH]c2c1,RCSSNPHJHDEMOZ-UHFFFAOYSA-N,RCSSNPHJHDEMOZ,21,5,1.01
Clc1n[nH]c2cccc(Nc3ccnc(Nc4cc(N5CCOCC5)cc(N5CCOCC5)c4)n3)c12,ITPFTDUSDPSFON-UHFFFAOYSA-N,ITPFTDUSDPSFON,36,11,2.78
Nc1ccccc1NC(=O)c1ccc(-c2ncc(CN3CCCCC3)s2)cc1,MNODIKQCUVLSDW-UHFFFAOYSA-N,MNODIKQCUVLSDW,28,6,2.82
COc1cc(-n2cnc3cc(-c4ccc(Cl)cc4)sc3c2=O)ccc1OC[C@H](OP(=O)(O)O)C1CC1,YDTUJCNTIMWHPJ-NRFANRHFSA-N,YDTUJCNTIMWHPJ,36,12,-0.04
CCCC(=O)Nc1ccc(Cl)c(-c2nc3ncccc3o2)c1,RBHNFGMGFJHNPX-UHFFFAOYSA-N,RBHNFGMGFJHNPX,22,6,3.37
O=C(Nc1cccc(-c2nnn[nH]2)c1)c1cccc2[nH]cnc12,OUXPKPPPOPWHCW-UHFFFAOYSA-N,OUXPKPPPOPWHCW,23,8,-0.05
Cc1c(Sc2ccc(Cl)cc2)c2cc(S(C)(=O)=O)ccc2n1CC(=O)O,SYOJEOWVUQELIW-UHFFFAOYSA-N,SYOJEOWVUQELIW,26,8,0.54
Cc1ccc2c(c1)c(S(=O)(=O)c1ccc(Cl)cc1)c(C)n2CC(=O)O,SFZUWPLSLIVZMS-UHFFFAOYSA-N,SFZUWPLSLIVZMS,25,7,0.06
CCC1(c2cccc(O)c2)CCCCN(C)C1,JLICHNCFTLFZJN-UHFFFAOYSA-N,JLICHNCFTLFZJN,17,2,0.8
COc1ccc(S(=O)(=O)Nc2ccc(-c3ccccc3)n(CC(=O)NC(C(=O)C(F)(F)F)C(C)C)c2=O)cc1,VJJIICSWTNWWPY-UHFFFAOYSA-N,VJJIICSWTNWWPY,39,13,2.5
COc1cc(OC)c(S(=O)(=O)N2c3ccccc3Oc3ccccc32)cc1NC(=O)CCC(=O)O,HXWWKCKINGLXEB-UHFFFAOYSA-N,HXWWKCKINGLXEB,35,11,-0.53
O=S(=O)(CCCNCCc1ccc(O)c2nc(O)sc12)NCCOCCc1cccc(C(F)(F)F)c1,QLRMBWSNYDHPIV-UHFFFAOYSA-N,QLRMBWSNYDHPIV,36,13,2.62
CCCSc1nc2ccc(NC(=O)CCNC(N)=O)cc2s1,BVTLJYZGVOIQHN-UHFFFAOYSA-N,BVTLJYZGVOIQHN,22,8,2.9
CC(C)C[C@H](CO)Nc1nc(S[C@@H](C)c2ccccc2)nc2[nH]c(=O)sc12,IAGWEZFSRRPOSS-GXTWGEPZSA-N,IAGWEZFSRRPOSS,27,8,4.3
CCC(c1cccnc1)n1[nH]c(=O)c2nc3cc(Cl)ccc3c(O)c2c1=O,PQEMCBYJEDCWQJ-UHFFFAOYSA-N,PQEMCBYJEDCWQJ,27,8,0.7
COc1cc(Nc2cc(N3CCOCC3)nc(N[C@@H](C)c3ncc(F)cn3)n2)n[nH]1,QVRNOZLSUAECTA-NSHDSACASA-N,QVRNOZLSUAECTA,30,12,2.18
NC(=O)c1ccc(O[C@H]2C[C@H]3CC[C@@H](C2)N3Cc2ccccc2)c(F)c1,ZLTQSXAPKBXBCJ-PIIMJCKOSA-N,ZLTQSXAPKBXBCJ,26,5,2.1
CN(C(=O)Cc1ccc(Cl)cc1)C1CCN(CCC(c2ccccc2)c2ccccc2)CC1,LOZXEVKVWUWSBV-UHFFFAOYSA-N,LOZXEVKVWUWSBV,33,4,3.5
Nc1ncccc1NCc1cccc(-c2cccnc2)c1,NQSBHBFOOVYRNM-UHFFFAOYSA-N,NQSBHBFOOVYRNM,21,4,3.0
O=C(Nc1ccc(Cl)c(Cl)c1)N1CCN(C[C@@H]2CCCN(C3CC3)C2)CC1,OULRKKBJQGZFKL-HNNXBMFYSA-N,OULRKKBJQGZFKL,27,7,3.57
Nc1nnc(CCSCCc2nnc(N)s2)s1,AOAQKDDVWLOZFV-UHFFFAOYSA-N,AOAQKDDVWLOZFV,17,9,-0.1
CNc1cccc(CCOc2ccc(C[C@H](NC(=O)c3c(Cl)cccc3Cl)C(=O)O)cc2F)n1,RQGAXIDPYFPPMW-IBGZPJMESA-N,RQGAXIDPYFPPMW,34,10,-0.05
CC(=O)N1CCN(c2ccc(Nc3nccc(-c4cnc(C)n4C(C)C)n3)cc2)CC1,YJXDXVFQDXTCIT-UHFFFAOYSA-N,YJXDXVFQDXTCIT,31,8,2.39
Cn1c(=O)c2c(-c3ccc(S(C)(=O)=O)o3)n(Cc3ccnc4ccc(Cl)cc34)nc2n(CC2CC2)c1=O,OOMGQPYWFVFEKS-UHFFFAOYSA-N,OOMGQPYWFVFEKS,37,12,2.71
COCCC(=O)NC(C)c1ccc(Nc2ncc3cc(-c4ccncc4)ccc3n2)cc1,IDMVTOZYZLLLTD-UHFFFAOYSA-N,IDMVTOZYZLLLTD,32,7,2.98
CC(C)Cc1ccc([C@@H](C)C(=O)NS(C)(=O)=O)cc1,KQDRVXQXKZXMHP-LLVKDONJSA-N,KQDRVXQXKZXMHP,19,5,0.51
COC(=O)CCCCCCC(=O)Nc1ccc2c(c1)-c1ccccc1C(=O)C2=O,GMLYZTKKVRASPB-UHFFFAOYSA-N,GMLYZTKKVRASPB,29,6,2.6
O=c1c(-c2ccc(F)cc2)coc2cc(O)cc(O)c12,HLJQVJJPGXGGCH-UHFFFAOYSA-N,HLJQVJJPGXGGCH,20,5,3.6
CC(=O)Nc1cnc2ccn(-c3cc(NC4CC4)n4ncc(C#N)c4n3)c2c1,SYFFUKLBOFFLLY-UHFFFAOYSA-N,SYFFUKLBOFFLLY,28,9,2.69
CC[C@H]1CN(Cc2cc(Cl)ccc2OCC(=O)O)CCN1S(=O)(=O)c1ccccc1,RYDKHFBYSXPMIC-SFHVURJKSA-N,RYDKHFBYSXPMIC,30,9,0.44
c1ccc2[nH]c(CCc3nc4ccccc4[nH]3)nc2c1,IXEHZMUOBBZTNR-UHFFFAOYSA-N,IXEHZMUOBBZTNR,20,4,3.3
CC[C@H](CO)Nc1nc(SCc2ccccc2)nc2[nH]c(=O)sc12,VNUFOKWSYSXHCN-LLVKDONJSA-N,VNUFOKWSYSXHCN,24,8,3.22
O=C(NC1CCS(=O)(=O)C1)c1ccc(Oc2ccc(C#C[C@]3(O)CN4CCC3CC4)cc2)cc1,NMPAJDNRYQXHBH-XGCAABAXSA-N,NMPAJDNRYQXHBH,34,8,1.64
COc1cc(C(=O)Nc2cc(NC(=O)c3cccc(N(C)C)c3)ccc2C)cc(OC)c1OC,PQICLQPXNSRWME-UHFFFAOYSA-N,PQICLQPXNSRWME,34,8,2.54
O=C(Nc1ccccc1)c1ccc(OCCCN2CCCC2)cc1OCc1cccc(F)c1,QVJDNWLZJIZKGA-UHFFFAOYSA-N,QVJDNWLZJIZKGA,33,6,3.67
Cc1ccc(S(=O)(=O)Nc2c(C(=O)N[C@@H](C)C(C)(C)C)c(C(F)(F)F)nn2-c2ccccc2)cc1,XILJXRVCHJZZBR-INIZCTEOSA-N,XILJXRVCHJZZBR,35,11,2.35
NC(=O)c1cn([C@@H]2O[C@H](CO)[C@@H](O)[C@H]2O)c2ncnc(N)c12,OBZJZDHRXBKKTJ-JTFADIMSSA-N,OBZJZDHRXBKKTJ,22,10,-0.87
COc1ccc(Oc2ncccc2C(=O)NCc2ccccc2Cl)cc1,UFVAJULYYUROPZ-UHFFFAOYSA-N,UFVAJULYYUROPZ,26,6,3.59
COc1cc2ncc(C(N)=O)c(Nc3ccccc3F)c2cc1OC,UZANVGMPALOCQJ-UHFFFAOYSA-N,UZANVGMPALOCQJ,25,7,2.81
C=CCc1cc(NC(C)=O)ccc1OCCCNC(C)C,LPFRIUKYXUNQKZ-UHFFFAOYSA-N,LPFRIUKYXUNQKZ,21,4,-0.01
Cc1ncc(-c2nc(Nc3ccc(N4CCOCC4)cc3)ncc2F)n1C(C)C,XCPITERAYNQRGL-UHFFFAOYSA-N,XCPITERAYNQRGL,29,8,3.01
Cc1cnc(NC(=O)c2cc(Oc3cnc(C(=O)N(C)C)nc3)c3cc(C)oc3c2)cn1,MASKQITXHVYVFL-UHFFFAOYSA-N,MASKQITXHVYVFL,32,10,2.1
C(=C\c1c(-c2ccccc2)nc2sccn12)/c1ccncn1,MRJKXXDKYLGLRQ-VOTSOKGWSA-N,MRJKXXDKYLGLRQ,22,5,3.4
CCOc1ccc(-n2c(CC)nc3ccccc3c2=O)cc1,FNOKXXCGURBTND-UHFFFAOYSA-N,FNOKXXCGURBTND,22,4,3.27
CCCc1c(OCCCSc2ccc(CC(=O)O)cc2Cl)ccc(C(=O)CC)c1O,MMUPKVYIRSGJIV-UHFFFAOYSA-N,MMUPKVYIRSGJIV,30,7,3.57
Cc1nc(-c2ccccc2)c(-c2ccc(CN3CCC(n4c(=O)[nH]c5ccccc54)CC3)cc2)[nH]c1=O,JQURUANNPOVYFL-UHFFFAOYSA-N,JQURUANNPOVYFL,37,7,3.9
O=CN(O)C1(CS(=O)(=O)N2CCN(c3ccc(F)cc3)CC2)CCC1,OGLLJVIOQHNPQC-UHFFFAOYSA-N,OGLLJVIOQHNPQC,25,9,1.34
O=C(Nc1ccccn1)c1ccc2[nH]c(-c3ccc(NC(=O)C45CC6CC(CC(C6)C4)C5)cc3)nc2c1,LUPHOOKVGNVAFT-UHFFFAOYSA-N,LUPHOOKVGNVAFT,37,7,4.24
Nc1ccccc1NC(=O)c1ccc(CNc2nccc(-c3cccnc3)n2)cc1,HRNLUBSXIHFDHP-UHFFFAOYSA-N,HRNLUBSXIHFDHP,30,7,2.28
CCCSc1nc(N[C@@H]2C[C@H]2c2ccccc2)c2nnn([C@@H]3C[C@H](C(N)=O)[C@@H](O)[C@H]3O)c2n1,FCAKQNAVWYYTER-SSDGSGIASA-N,FCAKQNAVWYYTER,33,11,2.05
COc1ccc2nc(C)cc(-n3cc(CN4CCN(C(C)=O)CC4)nn3)c2c1,PPOJMXGNCHVKMT-UHFFFAOYSA-N,PPOJMXGNCHVKMT,28,8,1.3
C1=CCC(c2ccc3ccccc3c2)CNC1,APQGMQHBIOJWDO-UHFFFAOYSA-N,APQGMQHBIOJWDO,17,1,1.64
c1ccc(CCNCc2ccccc2)cc1,UPABQMWFWCMOFV-UHFFFAOYSA-N,UPABQMWFWCMOFV,16,1,1.65
CCC1(c2ccccc2)C(=O)NC(=O)NC1=O,DDBREPKUVSBGFI-UHFFFAOYSA-N,DDBREPKUVSBGFI,17,5,0.05
O=C(NCc1ccncn1)c1ccc(Oc2ccc(C#C[C@@]3(O)CN4CCC3CC4)cc2)cc1,YNSKBMXZDCLQIV-HHHXNRCGSA-N,YNSKBMXZDCLQIV,34,7,1.77
Cc1ccc(NC(=O)c2ccccc2F)cc1-n1cnc2ccc(N3CCN(C)CC3)cc2c1=O,ABNSJBVKFVKZEX-UHFFFAOYSA-N,ABNSJBVKFVKZEX,35,8,2.75
O=c1c(-c2ccc(O)cc2)coc2cc(O)cc(O)c12,TZBJGXHYKVUXJN-UHFFFAOYSA-N,TZBJGXHYKVUXJN,20,5,3.06
CCn1cc(NC(=O)Cc2ccc(Oc3ccnc4cc(OC)c(OC)cc34)cc2OC)cn1,NDZHXVIMTDMQGZ-UHFFFAOYSA-N,NDZHXVIMTDMQGZ,34,9,3.42
COCCNS(=O)(=O)c1ccc(Nc2nccc(-c3cnc4cccnn34)n2)cc1,IDWBEUKRUVDEJQ-UHFFFAOYSA-N,IDWBEUKRUVDEJQ,30,11,2.8
Cc1c(Sc2ccc(Cl)cc2)c2c(-c3ccccc3)cccc2n1CC(=O)O,SKJAIFGOCYTZIP-UHFFFAOYSA-N,SKJAIFGOCYTZIP,28,5,2.61
Cc1ccc(CO)cc1N(C)c1ccnc(Nc2cc(N3CCOCC3)cc(S(C)(=O)=O)c2)n1,IVWHSTCJCURGMH-UHFFFAOYSA-N,IVWHSTCJCURGMH,34,10,2.9
CC(C)C(NC(=O)Cn1c(-c2ccc(F)cc2)ncc(NC(=O)OCc2ccccc2)c1=O)C(=O)C(F)(F)F,DDFRKODWAPYUPJ-UHFFFAOYSA-N,DDFRKODWAPYUPJ,39,13,2.47
Cc1nocc1C(=O)Nc1ccc(-c2ccccc2OC(F)(F)F)c(N)n1,LJBDZHNZGFGQNL-UHFFFAOYSA-N,LJBDZHNZGFGQNL,27,10,3.7
CC1(COc2cc(-c3cccc4c(=O)cc(N5CCOCC5)oc34)ccc2NC(=O)CN2CCOCC2)COC1,ZNRCBKKFSNMJEK-UHFFFAOYSA-N,ZNRCBKKFSNMJEK,40,10,2.2
Oc1ccc(-c2nc3ccccc3nc2-c2ccc(O)cc2)cc1,GQKHGBBXRWRNCP-UHFFFAOYSA-N,GQKHGBBXRWRNCP,24,4,2.7
O=C(NCC12CC3CC(CC(C3)C1)C2)c1cc(OC2CCNCC2)ncc1Cl,LHDMWLQERSCKIB-UHFFFAOYSA-N,LHDMWLQERSCKIB,28,6,1.56
Cc1nc(C)c(-c2ccc(C34CCC(CC(=O)O)(CC3)CC4)cc2)nc1C(N)=O,OMVYFOALXOVXMF-UHFFFAOYSA-N,OMVYFOALXOVXMF,29,6,1.6
O=C(Cc1ccccc1)c1ccc(O)cc1O,VFQKAJVKZKHVPD-UHFFFAOYSA-N,VFQKAJVKZKHVPD,17,3,3.09
c1csc(Cn2nnnc2CN2CCN(c3nc4ccccc4s3)CC2)c1,MCRAHMXSTLFMGF-UHFFFAOYSA-N,MCRAHMXSTLFMGF,27,9,3.65
N[C@@H]1CCCN(c2c(/C=C3\SC(=O)NC3=O)cccc2-c2ccncc2)C1,HPGYBULDKFXBFU-QJISPJEISA-N,HPGYBULDKFXBFU,27,7,1.56
Cc1ccc(NC(=O)c2cccc(C(F)(F)F)c2)cc1NC(=O)c1cccnc1,XJXFROJLWMLVQH-UHFFFAOYSA-N,XJXFROJLWMLVQH,29,8,3.11
CCCN(CCC)C(=O)c1cccc(C(=O)N[C@@H](Cc2ccccc2)[C@H](O)CNC2Cc3ccccc3C2)c1,XTABCTLROJIRLG-IOWSJCHKSA-N,XTABCTLROJIRLG,39,6,3.3
O=C(O)c1ccc2cccc(O)c2n1,UHBIKXOBLZWFKM-UHFFFAOYSA-N,UHBIKXOBLZWFKM,14,4,3.3
Cc1cc2n[nH]c(=O)n2c2cc(-c3ccc(C(=O)N4CCOCC4)cc3)ccc12,XMFPSQZAOMEYBN-UHFFFAOYSA-N,XMFPSQZAOMEYBN,29,7,2.77
Nc1[nH]nc2ccccc12,YDTDKKULPWTHRV-UHFFFAOYSA-N,YDTDKKULPWTHRV,10,3,1.0
CS(=O)(=O)NC(=O)CCCc1c(-c2ccc(F)cc2)[nH]c2ccc(C#N)cc12,OVTPSSRHMPJRCX-UHFFFAOYSA-N,OVTPSSRHMPJRCX,28,8,1.5
CCCCCSc1nc(O)c2sc(N)nc2n1,IBZXBNSXCINDKB-UHFFFAOYSA-N,IBZXBNSXCINDKB,17,7,2.86
CC(=O)NC[C@H]1CN(c2ccc(-n3cnc(C#N)c3)c(F)c2)C(=O)O1,NJYRINFVAYVNOI-ZDUSSCGKSA-N,NJYRINFVAYVNOI,25,9,1.51
COc1ncccc1-c1cccc2c(N)c3c(nc12)CN(C1CCC1)C3=O,NRBRKRZMKXLHTR-UHFFFAOYSA-N,NRBRKRZMKXLHTR,27,6,3.26
COCCC(C)n1nc(C)c(C(=O)N[C@@H](C)C(C)(C)C)c1NS(=O)(=O)c1ccc(C)cc1,DXBACYJYMPQCGY-DAFXYXGESA-N,DXBACYJYMPQCGY,32,9,0.78
Nc1ccccc1NC(=O)c1ccc(C2CCN(Cc3ccccc3)CC2)cc1,ITRKUDJHKGMANV-UHFFFAOYSA-N,ITRKUDJHKGMANV,29,4,2.51
CC(C)C[C@H](CO)Nc1nc(SCc2ccncc2)nc2nc(N)sc12,CTLHMCWJWNUSJJ-GFCCVEGCSA-N,CTLHMCWJWNUSJJ,26,9,2.9
CCCc1cc(=O)[nH]c(=S)[nH]1,KNAHARQHSZJURB-UHFFFAOYSA-N,KNAHARQHSZJURB,11,4,0.7
O=c1c2ccccc2nc2n1CCO2,QBEBJBXQJGORQQ-UHFFFAOYSA-N,QBEBJBXQJGORQQ,14,4,0.6
NC(=O)c1cc([N+](=O)[O-])cc([N+](=O)[O-])c1,UUKWKUSGGZNXGA-UHFFFAOYSA-N,UUKWKUSGGZNXGA,15,8,0.81
NC(=O)COc1ccc(OCCNCC(O)COc2ccccc2)cc1,CYHLHUZPQKUJRA-UHFFFAOYSA-N,CYHLHUZPQKUJRA,26,7,0.63
COc1ccc(OC)c(-c2cccc3c(N)c(C(=O)NC4(C)CCC4)nnc23)c1,JUELOSCDPSWDKO-UHFFFAOYSA-N,JUELOSCDPSWDKO,29,7,4.48
CCC1(C)CC(=O)NC1=O,HAPOVYFOVVWLRS-UHFFFAOYSA-N,HAPOVYFOVVWLRS,10,3,0.23
NC(=O)c1ccn2c(-c3ccccc3)c(-c3ccc(C4(N)CCC4)cc3)nc2c1,JBTAEEKPONTXSL-UHFFFAOYSA-N,JBTAEEKPONTXSL,29,5,2.0
Cc1cc2n[nH]c(=O)n2c2cc(-c3ccc[nH]3)ccc12,XHMYMTXQNURDOQ-UHFFFAOYSA-N,XHMYMTXQNURDOQ,20,5,3.29
CC(C)N1CCN(Cc2cnc(-c3ccc(C(=O)Nc4ccccc4N)cc3)c(F)c2)CC1,VMQGBVQYFCUCDZ-UHFFFAOYSA-N,VMQGBVQYFCUCDZ,33,7,1.6
CN(C(=O)Cc1ccc(-n2cnnn2)cc1)[C@@H]1CCN(Cc2ccc(C(F)(F)F)cn2)C[C@@H]1F,BOSVYVGSGZEAPB-VQTJNVASSA-N,BOSVYVGSGZEAPB,34,12,2.1
CCCCCC/N=c1\ccn(Cc2ccccc2)c2cc(Cl)ccc12,WIXOVCHGCCZODL-DARPEHSRSA-N,WIXOVCHGCCZODL,25,3,0.98
CC(C)(C)OC(=O)N[C@@H](Cc1ccccc1)C(=O)O,ZYJPUMXJBDHSIF-NSHDSACASA-N,ZYJPUMXJBDHSIF,19,5,-1.1
O=C(O)CC(=O)N[C@@H]1c2ccccc2C[C@H]1NC(=O)c1cc2sc(Cl)c(Cl)c2[nH]1,ABSBPDLMQGHOJQ-QLJPJBMISA-N,ABSBPDLMQGHOJQ,29,10,1.18
Nc1nc2ccccc2s1,UHGULLIUJBCTEF-UHFFFAOYSA-N,UHGULLIUJBCTEF,10,3,2.0
Cc1ncc(-c2ccnc(Nc3ccc(C(=O)NCCO)cc3)n2)n1C(C)C,CCYZUUUAWLVFFY-UHFFFAOYSA-N,CCYZUUUAWLVFFY,28,8,2.09
Cc1ccc(F)c(Nc2ccnc(Nc3ccc(S(N)(=O)=O)cc3)n2)c1,AZHXFKCTCUPFGL-UHFFFAOYSA-N,AZHXFKCTCUPFGL,26,9,3.1
CCOCc1nc2c(N)nc3ccccc3c2n1CC(C)(C)O,BXNMTOQRYBFHNZ-UHFFFAOYSA-N,BXNMTOQRYBFHNZ,23,6,1.69
FC(F)(F)c1nnc2ccc(-n3ccnc3)nn12,AOEDAVORSZWYLI-UHFFFAOYSA-N,AOEDAVORSZWYLI,18,9,0.91
CCOC(=O)c1ccc(CCN2CCN(c3ccc(C)nn3)CC2)cc1,OVAQFRBRJLIFFI-UHFFFAOYSA-N,OVAQFRBRJLIFFI,26,6,2.58
Cc1cc(-c2ccc(-c3nc4ccncc4c(O)c3C#N)cc2)ccn1,LKTSKFINPOYPKI-UHFFFAOYSA-N,LKTSKFINPOYPKI,26,5,1.6
Cn1cnc(-c2ccccc2)c1/C=C/c1ccnc(N)n1,ZOBMEONPYSLCBL-BQYQJAHWSA-N,ZOBMEONPYSLCBL,21,5,2.61
Cc1cc(C)c(C(=O)N[C@@H](Cc2ccc(OCCCNc3ccccn3)cc2)C(=O)O)c(C)c1,LKEWELOHCDVPMS-QHCPKHFHSA-N,LKEWELOHCDVPMS,34,7,0.49
COc1cc2ncc(C(N)=O)c(Nc3ccc(F)c(Cl)c3)c2cc1OC,ZWCBMLUUBWYSGZ-UHFFFAOYSA-N,ZWCBMLUUBWYSGZ,26,8,3.22
O=C(O)c1cc(-c2ccccc2)nc2ccccc12,YTRMTPPVNRALON-UHFFFAOYSA-N,YTRMTPPVNRALON,19,3,-0.7
N[C@H]1CCN(c2c(Cl)cccc2/C=C2\SC(=O)NC2=O)C1,NJYIOPRYGAGQCB-ISAHRAOESA-N,NJYIOPRYGAGQCB,21,7,1.89
O=C(NCC1(O)CCCCCC1)c1cc(-c2ccccc2C(=O)O)ccc1Cl,KWDRPQHLCCZECW-UHFFFAOYSA-N,KWDRPQHLCCZECW,28,6,-0.34
CC(C)N1CCN(C(=O)NCc2ccc(Cl)c(Cl)c2)CC1,RCZILFGHYKAFJM-UHFFFAOYSA-N,RCZILFGHYKAFJM,21,6,2.75
Cc1cn([C@H]2CCCN([C@@H](C)c3ccc(C(=O)O)c(Oc4cccc(Cl)c4)c3)C2)c(=O)[nH]c1=O,TWYJYZNEFGIPER-LPHOPBHVSA-N,TWYJYZNEFGIPER,34,9,-0.26
COc1ccc(N(C(=O)c2occc2CO)C(C(=O)NC[C@@H](C)O)c2ccccc2F)c(OC)c1,YGOWOHYBSPRLKX-JGHKVMFLSA-N,YGOWOHYBSPRLKX,35,10,1.37
NC1(c2ccc(-c3ncc4cccn4c3-c3ccccc3)cc2)CCC1,QLMXZXJYKSBDBE-UHFFFAOYSA-N,QLMXZXJYKSBDBE,26,3,2.5
NC(Cc1ccc(N(CCCl)CCCl)cc1)C(=O)O,SGDBTWWWUNNDEQ-UHFFFAOYSA-N,SGDBTWWWUNNDEQ,19,6,0.39
CC(C)Nc1nc(NCc2ccccc2)c2sccc2n1,ZVUXQIAPOAVHSE-UHFFFAOYSA-N,ZVUXQIAPOAVHSE,21,5,3.9
CNS(=O)(=O)c1ccc(Oc2ccc(C#C[C@]3(O)CN4CCC3CC4)cc2)cc1,LBUIUPMSHUKSPO-QFIPXVFZSA-N,LBUIUPMSHUKSPO,29,7,2.03
Cc1ccc(Oc2ccnc(Nc3ccc(S(N)(=O)=O)cc3)c2)c(C)n1,UEOZXMAOIHDDQE-UHFFFAOYSA-N,UEOZXMAOIHDDQE,26,8,2.47
CCOC(=O)c1ccc(COCC2CCN(c3ccc(C)nn3)CC2)cc1,YUKJENLWLQCSNO-UHFFFAOYSA-N,YUKJENLWLQCSNO,27,6,2.68
Clc1ccc(COC(Cn2ccnc2)c2ccc(Cl)cc2Cl)cc1,LEZWWPYKPKIXLL-UHFFFAOYSA-N,LEZWWPYKPKIXLL,24,6,2.54
Cc1cc(Oc2ccnc(Nc3ccc(N4CCOCC4)cc3)c2)c(-c2ccccn2)nc1C,IMQLUYVCVAGOQD-UHFFFAOYSA-N,IMQLUYVCVAGOQD,34,7,2.59
CS(=O)(=O)c1ccc2c(C(=O)NC[C@@H](O)CN3CCC(Oc4ccc(C#N)c(Cl)c4)CC3)c[nH]c(=O)c2c1,MBMAQWYADJFPMU-QGZVFWFLSA-N,MBMAQWYADJFPMU,38,12,1.41
C[C@H]1O[C@@H](n2cnc3c(N)nc(OC4CCCC4)nc32)[C@H](O)[C@H]1Cl,VZGXSEDNBVHRPN-KMLHOFEISA-N,VZGXSEDNBVHRPN,24,9,3.18
Nc1ncnc2[nH]ccc12,PEHVGBZKEYRQSX-UHFFFAOYSA-N,PEHVGBZKEYRQSX,10,4,1.78
O=S(=O)(Nc1nncs1)c1cc(Cl)c(Oc2ccc(C(F)(F)F)cc2-c2ccnnc2)cc1F,ZAGGUCLXSCVDCK-UHFFFAOYSA-N,ZAGGUCLXSCVDCK,34,15,1.15
NC(=O)c1cccc(O[C@@H]2C[C@H]3CC[C@@H](C2)N3CCc2ccccc2)c1,LWMPULARVSIYHV-CEQLMSFQSA-N,LWMPULARVSIYHV,26,4,2.0
Cc1ncc(-c2nc(Nc3ccc(C(N)=O)cc3)ncc2F)n1C(C)C,IVFOGWLAPYXYJV-UHFFFAOYSA-N,IVFOGWLAPYXYJV,26,8,2.7
Clc1ccc2[nH]ncc2c1,FVNCILPDWNBPLK-UHFFFAOYSA-N,FVNCILPDWNBPLK,10,3,2.44
CN1CCN(C(=O)c2cc3ccccc3[nH]2)CC1,YHFMZBHLJMFAID-UHFFFAOYSA-N,YHFMZBHLJMFAID,18,4,1.7
NC(=O)c1cccc(S[C@H]2C[C@H]3CC[C@@H](C2)N3Cc2ccccc2)c1,HBVXHJWHKVRGLG-RUYXUALKSA-N,HBVXHJWHKVRGLG,25,4,2.22
NC(=O)C[S+]([O-])C(c1ccccc1)c1ccccc1,YFGHCGITMMYXAQ-UHFFFAOYSA-N,YFGHCGITMMYXAQ,19,4,1.12
CC(=O)Nc1ccc(CNc2[nH]nc3ccnc(Oc4ccccc4)c23)cc1,DTQGUNBOAFMGGB-UHFFFAOYSA-N,DTQGUNBOAFMGGB,28,7,3.03
N=C(N)N1CCc2ccccc2C1,JWPGJSVJDAJRLW-UHFFFAOYSA-N,JWPGJSVJDAJRLW,13,3,-1.01
NC(=O)c1c(OCc2c(F)cc(Br)cc2F)nsc1NC(=O)NCCCCN1CCCC1,HXHAJRMTJXHJJZ-UHFFFAOYSA-N,HXHAJRMTJXHJJZ,32,12,2.5
O=S(=O)(C1CCNCC1)C1(c2cc(N3CCOCC3)nc(-c3cccc4[nH]ccc34)n2)CC1,IAWCCBHFNQNWSY-UHFFFAOYSA-N,IAWCCBHFNQNWSY,33,9,1.1
Cc1ccc2c(-c3ccnc4cc(Cl)ccc34)c(C)n(CC(=O)O)c2c1,BBXFOTRWNRLFBT-UHFFFAOYSA-N,BBXFOTRWNRLFBT,26,5,2.41
Cc1ccc(Nc2nccc(N(C)c3ccc4c(C)n(C)nc4c3)n2)cc1S(N)(=O)=O,CUIHSIWYWATEQL-UHFFFAOYSA-N,CUIHSIWYWATEQL,31,10,3.3
Cc1ccc2nc(NCCN)c3ncc(C)n3c2c1,PSPFQEBFYXJZEV-UHFFFAOYSA-N,PSPFQEBFYXJZEV,19,5,0.88
CNC(=O)c1ccc(C)c(-n2c(C)cc(OCc3ccc(F)cc3F)c(Br)c2=O)c1,KCAJXIDMCNPGHZ-UHFFFAOYSA-N,KCAJXIDMCNPGHZ,30,8,2.8
O=C(Nc1ccccc1)c1cc(Cl)ccc1O,KGYNGVVNFRUOOZ-UHFFFAOYSA-N,KGYNGVVNFRUOOZ,17,4,2.9
CC(C)Cn1c(=O)n(C)c(=O)c2c(C(=O)N3C[C@@H](O)[C@@H](O)C3)c(Cc3ccnc4ccccc34)sc21,QZXVZHLMQIJVHV-KDURUIRLSA-N,QZXVZHLMQIJVHV,36,10,1.18
O=c1c2ccccc2[se]n1-c1ccccc1,DYEFUKCXAQOFHX-UHFFFAOYSA-N,DYEFUKCXAQOFHX,16,3,3.31
COc1ccc2ccc(=O)n(CCN3CCC(NCc4cc5c(cn4)OCCO5)CC3)c2c1,ROIIFEUOHMKQCJ-UHFFFAOYSA-N,ROIIFEUOHMKQCJ,33,8,1.31
CC(C)COc1cc(OC(C)C)cc(C(=O)Nc2ccc(C(=O)O)cn2)c1,RTMFZNZPHCZAFG-UHFFFAOYSA-N,RTMFZNZPHCZAFG,27,7,1.6
O=C1CN(C(=O)c2ccccc2)C(c2ccccc2)c2cc(Cl)ccc2N1,OFMNKAGJQBBBLA-UHFFFAOYSA-N,OFMNKAGJQBBBLA,27,5,3.31
CNC(=O)c1ccc(Nc2nccc(-c3cnc(C4CC4)n3C(C)C)n2)cc1,MNGXBJAUUYRGET-UHFFFAOYSA-N,MNGXBJAUUYRGET,28,7,2.77
CC(C)CC(c1ccccn1)n1[nH]c(=O)c2nc3cc(Cl)ccc3c(O)c2c1=O,FIRFMWADFZBSPE-UHFFFAOYSA-N,FIRFMWADFZBSPE,29,8,1.83
CC(C)C[C@H](NC(=O)N1CCOCC1)C(=O)N[C@H](/C=C/S(=O)(=O)c1ccccc1)CCc1ccccc1,YUMYYTORLYHUFW-MSKIIMLESA-N,YUMYYTORLYHUFW,37,9,3.4
N#Cc1cnn(-c2ccccc2)c1NC(=O)CN1CCOCC1,NWPOVEYUWRUGSY-UHFFFAOYSA-N,NWPOVEYUWRUGSY,23,7,0.5
CC1=C(C2=C(C)C(=O)c3c(cc(O)c(O)c3CCc3ccc(C)cc3)C2=O)C(=O)c2cc(O)c(O)c(CCc3ccc(C)cc3)c2C1=O,KPHBSOQOTONLSS-UHFFFAOYSA-N,KPHBSOQOTONLSS,48,8,3.36
CCN(CC)CC(=O)Nc1c(C#N)cnn1-c1ccccc1,VYLWBNVICNQQLS-UHFFFAOYSA-N,VYLWBNVICNQQLS,22,6,0.4
CCN1CCN(CC(=O)Nc2ccc(-c3cccc4c(=O)cc(N5CCOCC5)[nH]c34)c3sc4ccccc4c23)CC1,FKOYASIKYGJOEG-UHFFFAOYSA-N,FKOYASIKYGJOEG,42,9,2.6
CCC(=O)O[C@H]1CC[C@H]2[C@@H]3CCC4=CC(=O)CC[C@]4(C)[C@H]3CC[C@]12C,PDMMFKSKQVNJMI-BLQWBTBKSA-N,PDMMFKSKQVNJMI,25,3,3.3
CCCC(C)(COC(N)=O)COC(=O)NC(C)C,OFZCIYFFPZCNJE-UHFFFAOYSA-N,OFZCIYFFPZCNJE,18,6,2.01
CC(=O)Nc1ccc(O)cc1OC[C@@H](O)CN1CCC2(CC1)Cc1cc(Cl)ccc1O2,JWMBFLXRBZIVNF-IBGZPJMESA-N,JWMBFLXRBZIVNF,31,8,2.76
O=[N+]([O-])c1ccc2[nH]ncc2c1,WSGURAYTCUVDQL-UHFFFAOYSA-N,WSGURAYTCUVDQL,12,5,2.2
Cc1cc(C)cc(-c2[nH]c3ccccc3c2CCNCCCCc2ccncc2)c1,DTLBVHBEDJEATA-UHFFFAOYSA-N,DTLBVHBEDJEATA,30,3,3.3
COC(Cn1c(=O)[nH]c2c(=O)n(CC(=O)NC(C(=O)C(F)(F)F)C(C)C)c(-c3ccccc3)cc2c1=O)OC,PVGSMWXENOSYHZ-UHFFFAOYSA-N,PVGSMWXENOSYHZ,39,14,1.56
O=S(=O)(Cc1ccccc1)NCC(c1ccccc1)N1CCCCCC1,RHMLLIYDUFMDOX-UHFFFAOYSA-N,RHMLLIYDUFMDOX,26,5,2.83
CCOC(=O)Nc1ccc2c(c1)N(C(=O)CCN1CCOCC1)c1ccccc1S2,FUBVWMNBEHXPSU-UHFFFAOYSA-N,FUBVWMNBEHXPSU,30,8,3.1
N#Cc1ccccc1C[C@@H](C(=O)O)N1CCC(CN2CCC(Oc3ccc(Cl)c(Cl)c3)CC2)CC1,WCXUWQZNCRRRDD-SANMLTNESA-N,WCXUWQZNCRRRDD,35,8,2.12
Cc1ccc(C)c(OCCCC(C)(C)C(=O)O)c1,HEMJJKBWTPKOJG-UHFFFAOYSA-N,HEMJJKBWTPKOJG,18,3,0.72
O=S(=O)(NCC(c1ccccc1)N1CCCCCC1)c1cccnc1,RMTHVVMPPIFDSQ-UHFFFAOYSA-N,RMTHVVMPPIFDSQ,25,6,2.1
CCN(C(=O)Cc1ccc(S(N)(=O)=O)cc1)C1CCN(CCC(c2ccccc2)c2ccccc2)CC1,YOGWOSPRCUIBPH-UHFFFAOYSA-N,YOGWOSPRCUIBPH,37,7,2.4
O=S(=O)(Nc1cccnc1)c1ccccc1,UFVHQLOWDFKPIU-UHFFFAOYSA-N,UFVHQLOWDFKPIU,16,5,0.84
COC(=O)[C@@H]1C2CCC(C[C@@H]1c1ccc(I)cc1)N2CCCF,HXWLAJVUJSVENX-MYBQVCMBSA-N,HXWLAJVUJSVENX,23,5,2.3
COCCOc1cc2nccc(Nc3cc(O)c(Cl)cc3F)c2cc1OC,QGRWLEOULVUBBC-UHFFFAOYSA-N,QGRWLEOULVUBBC,27,8,2.64
CC(C)N1CCN(Cc2cnc(-c3ccc(C(=O)Nc4ccccc4N)cc3)c(C#N)c2)CC1,RLVHHMUTZQQOFZ-UHFFFAOYSA-N,RLVHHMUTZQQOFZ,34,7,1.28
O=C(Nc1nnc(C(=O)Nc2ccc(N3CCOCC3)cc2)o1)c1ccccc1,SIQZBMCHNIQQOL-UHFFFAOYSA-N,SIQZBMCHNIQQOL,29,9,1.02
Cc1ccc(-n2nc(C(C)(C)C)cc2NC(=O)Nc2ccc(OCCN3CCOCC3)c3ccccc23)cc1,MVCOAUNKQVWQHZ-UHFFFAOYSA-N,MVCOAUNKQVWQHZ,39,8,4.49
COc1cc2c(Nc3ccc(F)c(Cl)c3)c(C(N)=O)cnc2cc1OCCCN1CCN(C)CC1,YWVGLEXQTHLLMP-UHFFFAOYSA-N,YWVGLEXQTHLLMP,35,10,1.2
Cn1cnc2cc(C#Cc3ccccc3)cnc21,GOZOOQBAFUIOQS-UHFFFAOYSA-N,GOZOOQBAFUIOQS,18,3,3.5
C[C@H](Nc1ncc(F)c(Nc2cc(N(C)C)[nH]n2)n1)c1ncc(F)cn1,UGAAPUDPSIDFJZ-QMMMGPOBSA-N,UGAAPUDPSIDFJZ,26,11,1.98
O=C1C2=Nc3ccccc3CN2c2ccccc21,VTMDQEHTVKDBHC-UHFFFAOYSA-N,VTMDQEHTVKDBHC,18,3,2.71
CCNc1ccc(-c2ccccc2)n(CC(=O)NC(C(=O)C(F)(F)F)C(C)C)c1=O,SQQPXGCSMFXZSY-UHFFFAOYSA-N,SQQPXGCSMFXZSY,30,9,2.37
Cc1ccc(S(=O)(=O)NC(=O)N2CCC(N3CCC(Oc4ccc(F)c(F)c4)CC3)CC2)cc1,GKKYKABOCZBQRA-UHFFFAOYSA-N,GKKYKABOCZBQRA,34,10,0.75
C[C@H](CO)Nc1nc(SCc2cccc(F)c2F)nc2[nH]c(=O)c(=O)[nH]c12,JKQZCRKCTVGXSM-SSDOTTSWSA-N,JKQZCRKCTVGXSM,27,11,2.48
COc1ccc(Cl)cc1NC(=O)Nc1cnccn1,HLEZAEWHAQFDAK-UHFFFAOYSA-N,HLEZAEWHAQFDAK,19,7,3.63
CCOC(=O)Nc1cccc([C@@H](c2ccc(C(=O)N(C)CC)cc2)N2CCN(Cc3c[nH]c(C)n3)CC2)c1,VPSNPANVSANEOB-HHHXNRCGSA-N,VPSNPANVSANEOB,38,9,2.11
Cc1ccc(NC(=O)c2ccc(Cl)c(C(F)(F)F)c2)cc1C(=O)Nc1cccnc1,JXHSZSYJVKFKDE-UHFFFAOYSA-N,JXHSZSYJVKFKDE,30,9,2.83
CNc1cccc(CCOc2ccc(C[C@H](NC(=O)c3c(F)cccc3Cl)C(=O)O)cc2)n1,NNGZKLHXGWZBQW-FQEVSTJZSA-N,NNGZKLHXGWZBQW,33,9,-0.42
NCc1ccc(NC(=O)c2cc(Nc3ncccn3)c3cc(/C(N)=N/O)ccc3c2)cc1,ICQMZIWOQSJVFD-UHFFFAOYSA-N,ICQMZIWOQSJVFD,32,9,-0.85
CCS(=O)(=O)c1cccc(-c2cc(C(F)(F)F)ccc2OCC(=O)O)c1,RBCQYGNISLBEGG-UHFFFAOYSA-N,RBCQYGNISLBEGG,26,9,-0.66
CCOc1cc2ncc(C(N)=O)c(Nc3ccc(F)cc3F)c2cc1N1CCC(O)CC1,HGMSNMCROLQLSN-UHFFFAOYSA-N,HGMSNMCROLQLSN,32,9,2.74
CN1CCN(c2cc3c(Nc4ccc(F)cc4F)c(C(N)=O)cnc3cc2F)CC1,SOJLFDQBCPADMX-UHFFFAOYSA-N,SOJLFDQBCPADMX,30,9,2.63
COc1cc(N2CC3CN(CCO)CC(C2)O3)ccc1Nc1ncc(Cl)c(-c2cnc3ccccn23)n1,BNYVDZKAMFHMIE-UHFFFAOYSA-N,BNYVDZKAMFHMIE,37,11,2.5
NC1(c2ccc(-c3nn4ccccc4c3-c3ccccc3)cc2)CCC1,RIXXOXWVNANJOX-UHFFFAOYSA-N,RIXXOXWVNANJOX,26,3,3.2
CN(C)C(=O)N[C@H]1CC[C@@H](CCN2[C@@H]3CC[C@H]2C[C@@H](Oc2cccc(C(N)=O)c2)C3)CC1,ZNKQZQCGGXGVRU-AGMAZQPASA-N,ZNKQZQCGGXGVRU,32,7,0.22
COCCNC(=O)c1ccc(Nc2ncc3cc(-c4cccnc4)ccc3n2)cc1,MDUKTARDGADIKR-UHFFFAOYSA-N,MDUKTARDGADIKR,30,7,3.11
CCOC(=O)c1ccc(OCCC2CN(c3ccc(C)nn3)C2)cc1,FHUJXDJZMPSXPE-UHFFFAOYSA-N,FHUJXDJZMPSXPE,25,6,3.22
O=C(N[C@@H](Cc1ccccc1)C(=O)N1CCC(O)CC1)c1cc2cc(Cl)ccc2[nH]1,GNALBMXZWTYWAG-NRFANRHFSA-N,GNALBMXZWTYWAG,30,7,3.6
C=CCOc1cc(-c2cccc3c(=O)cc(N4CCOCC4)oc23)ccc1NC(=O)CN1CCOCC1,NGMBEJKZRRVAGQ-UHFFFAOYSA-N,NGMBEJKZRRVAGQ,37,9,3.0
Cc1cccc(C#Cc2ccccc2)n1,NEWKHUASLBMWRE-UHFFFAOYSA-N,NEWKHUASLBMWRE,15,1,3.6
CCN(C(=O)Cc1ccc(S(C)(=O)=O)cc1)C1CCN(CCC(c2ccccc2)C2CCN(S(=O)(=O)CC)CC2)CC1,HGUBMNSXGREHNN-UHFFFAOYSA-N,HGUBMNSXGREHNN,42,10,1.63
CCc1cccc2c(C#N)cn(CC(=O)NCCOC)c12,CRKQPQAQTCSFTN-UHFFFAOYSA-N,CRKQPQAQTCSFTN,21,5,1.95
COc1cccc2sc(NC(=O)c3ccccc3)nc12,ZDBCPDBLXXFMOZ-UHFFFAOYSA-N,ZDBCPDBLXXFMOZ,20,5,3.96
Nc1nc(-c2ccccc2)nn1Cc1ccccc1,BMGQCYDKLFQJFJ-UHFFFAOYSA-N,BMGQCYDKLFQJFJ,19,4,1.91
COc1ccc2c(c1)N(CCN1CCC(NCc3cc4c(cn3)OCCO4)CC1)C(=O)CO2,SQZVBNXYWIJRNF-UHFFFAOYSA-N,SQZVBNXYWIJRNF,33,9,1.24
CC(NC(=O)c1cc(O)nc2ccccc12)c1ccccc1,BRQMAAYTTNWYKP-UHFFFAOYSA-N,BRQMAAYTTNWYKP,22,4,2.2
COc1ccnc(N(C)c2ccnc(Nc3cc(N4CCOCC4)cc(N4CCOCC4)c3)n2)c1,DNEDXZCYNMEXKI-UHFFFAOYSA-N,DNEDXZCYNMEXKI,35,10,2.23
Nc1nc(OC2CCCC2)nc2c1ncn2[C@@H]1O[C@H](CF)[C@@H](O)[C@H]1O,DZQYPUUPXBXYGL-IDTAVKCVSA-N,DZQYPUUPXBXYGL,25,10,1.5
Oc1nc(-c2ccccc2)c(-c2ccccc2)o1,LDPBTGBWTUWCBU-UHFFFAOYSA-N,LDPBTGBWTUWCBU,18,3,3.42
COc1ccc(/C=C2/CCc3ccccc3C2=O)cc1CN1CCOCC1,BVZSXEHECAAMQQ-RGEXLXHISA-N,BVZSXEHECAAMQQ,27,4,3.8
CC(C)(C)c1ccc(C(O)CCCN2CCC(C(O)(c3ccccc3)c3ccccc3)CC2)cc1,GUGOEEXESWIERI-UHFFFAOYSA-N,GUGOEEXESWIERI,35,3,3.99
NC(=O)c1cnc(N[C@H]2CCCNC2)c2cc(-c3ccc(F)c(F)c3)sc12,GTJMIQXXZXFGFE-NSHDSACASA-N,GTJMIQXXZXFGFE,27,8,2.17
O=c1[nH]c2c(O)ccc([C@@H](O)CNCCCOCCOCCc3ccccc3)c2s1,FMJYIEYLOQSTQE-IBGZPJMESA-N,FMJYIEYLOQSTQE,30,8,1.09
O=C(N[C@@H](c1ccccc1)[C@@H]1CCCCN1)c1cccc(C(F)(F)F)c1Cl,MEZRZVWPLXVLSO-WMZOPIPTSA-N,MEZRZVWPLXVLSO,27,7,2.61
COc1cc(C(=O)Nc2ccc(Cl)c(-c3nc4ccccc4[nH]3)c2)cc(OC)c1OC,WPVPAGJUOPBMCZ-UHFFFAOYSA-N,WPVPAGJUOPBMCZ,31,8,3.83
N#CC1(NC(=O)[C@@H]2CCCC[C@H]2C(=O)N2CCN(c3nc(C(F)(F)F)cs3)CC2)CC1,QVMBVVATXDOAND-ZIAGYGMSSA-N,QVMBVVATXDOAND,31,11,2.4
CC(C)Nc1nc(C#N)nc(N2CCOCC2)c1N,UKQNFXPDHXNYJB-UHFFFAOYSA-N,UKQNFXPDHXNYJB,19,7,2.04
O=c1[nH]ccc2nc(-c3ccc(CN4CCC(c5n[nH]c(-c6ccccn6)n5)CC4)cc3)c(-c3ccccc3)cc12,BTUWHHFNOHVCMQ-UHFFFAOYSA-N,BTUWHHFNOHVCMQ,41,8,3.9
Cc1cc(N)nc(CCNC(=O)c2ccc(C#N)cc2)c1,QINCZVSBLITNRD-UHFFFAOYSA-N,QINCZVSBLITNRD,21,5,1.62
CCNC1=Nc2ccccc2C(c2ccccc2)=NC1c1cccs1,SVPTVRYTBHHYIF-UHFFFAOYSA-N,SVPTVRYTBHHYIF,25,4,3.98
Cc1ccc(-c2nnc(O)c3ccccc23)c(C)c1,VPXCBMLQCAPFLY-UHFFFAOYSA-N,VPXCBMLQCAPFLY,19,3,3.41
N#CC1(NC(=O)[C@@H]2CCCC[C@H]2C(=O)N2CCN(c3ccc(F)cc3)CC2)CC1,GHDIYQHGVKVLJX-RTBURBONSA-N,GHDIYQHGVKVLJX,29,7,2.12
Cc1nc(-c2ccccn2)nc(N2CCCC2)c1Cl,FWOAPYAUZBQNHD-UHFFFAOYSA-N,FWOAPYAUZBQNHD,19,5,3.2
C[C@@H](NC(=O)C1(N)CCN(c2ncnc3[nH]ccc23)CC1)c1ccc(Cl)cc1,RCUDMUZVZCVJCO-CYBMUJFWSA-N,RCUDMUZVZCVJCO,28,8,3.3
COc1ccc(Cl)c(C(=O)NCC23CC4CC(CC(C4)C2)C3)c1,FVGVYAMTXQUAFY-UHFFFAOYSA-N,FVGVYAMTXQUAFY,23,4,4.39
C[C@@H]1CN(Cc2cc(Cl)ccc2OCC(=O)O)C[C@H](C)N1C(=O)Cc1ccccc1,AFHZNYOZSHABDK-CALCHBBNSA-N,AFHZNYOZSHABDK,30,7,0.7
Cc1ccc(C(=O)N(CCCN)Cc2nc3cc(Cl)ccc3c(=O)n2Cc2ccccc2)cc1,IFEVGTALMPLYKA-UHFFFAOYSA-N,IFEVGTALMPLYKA,34,7,1.47
N#CCNC(=O)[C@@H]1CCCC[C@H]1C(=O)N1CCc2ccccc2C1,QOUJDAITQNPNTN-IAGOWNOFSA-N,QOUJDAITQNPNTN,24,5,1.91
C#Cc1cccc(Nc2ncnc3cc(OCCOC)c(OCCOC)cc23)c1,AAKJLRGGTJKAMG-UHFFFAOYSA-N,AAKJLRGGTJKAMG,29,7,3.35
CN(C)C/C=C/C(=O)Nc1cc2c(Nc3ccc(F)c(Cl)c3)ncnc2cc1O[C@H]1CCOC1,ULXXDDBFHOBEHA-CWDCEQMOSA-N,ULXXDDBFHOBEHA,34,10,3.7
CN[C@@H](C)C(=O)N[C@H](C(=O)N[C@H]1CCCN(CCc2ccc(O)cc2)C1)C(C)(C)C,ORLJFZJKOXJMPA-XKGZKEIXSA-N,ORLJFZJKOXJMPA,30,7,0.77
CCOC(=O)c1ccc(OCC2CCN(c3ccc(C)nn3)C2)cc1,QWNZOTGBVZQKIF-UHFFFAOYSA-N,QWNZOTGBVZQKIF,25,6,3.44
O=C(N[C@@H](Cc1ccc(OCCc2ccc3c(n2)NCCO3)cc1)C(=O)O)c1c(Cl)cccc1Cl,VFNZJTWWZVYTGA-FQEVSTJZSA-N,VFNZJTWWZVYTGA,35,10,-0.18
CC(=O)O[C@@]12CO[C@@H]1C[C@H](O)[C@@]1(C)C(=O)[C@H](O)C3=C(C)[C@@H](OC(=O)[C@H](O)[C@@H](NC(=O)OC(C)(C)C)c4ccccc4)C[C@@](O)([C@@H](OC(=O)c4ccccc4)[C@H]21)C3(C)C.O.O.O,XCDIRYDKECHIPE-QHEQPUDQSA-N,XCDIRYDKECHIPE,61,18,3.4
O=C1C(CC[S+]([O-])c2ccccc2)C(=O)N(c2ccccc2)N1c1ccccc1,MBGGBVCUIVRRBF-UHFFFAOYSA-N,MBGGBVCUIVRRBF,29,6,-0.51
COc1ccc(Cc2nccc3cc(OC)c(OC)cc23)cc1OC,XQYZDYMELSJDRZ-UHFFFAOYSA-N,XQYZDYMELSJDRZ,25,5,2.81
COc1ccc(C)c(N(C)c2ccnc(Nc3cc(N4CCOCC4)cc(N4CCOCC4)c3)n2)c1,RIXPLQXGEZCOTA-UHFFFAOYSA-N,RIXPLQXGEZCOTA,36,9,3.18
Clc1ccc(CN(Cc2ccc(Cl)cc2)c2nn[nH]n2)cc1,UOUXILZUBDIWQU-UHFFFAOYSA-N,UOUXILZUBDIWQU,22,7,2.74
Cc1c(F)ccc2c1c(Sc1ccc(Cl)cc1)c(C)n2CC(=O)O,VAJPAWXFYKFUMH-UHFFFAOYSA-N,VAJPAWXFYKFUMH,24,6,2.23
Cc1ccc(CO)cc1N(C)c1ccnc(Nc2cc(N3CCOCC3)cc(N3CCOCC3)c2)n1,BUHNODQEWUMKMH-UHFFFAOYSA-N,BUHNODQEWUMKMH,36,9,2.94
Nc1n[nH]c(N)c1Cc1ccc2c(c1)OCO2,HIZRLSVFOGIWPQ-UHFFFAOYSA-N,HIZRLSVFOGIWPQ,17,6,0.47
CCCCSc1nc(N)c2ncn(Cc3c(F)ccc(C)c3F)c2n1,MGZYECCDJBJINR-UHFFFAOYSA-N,MGZYECCDJBJINR,25,8,3.0
COc1ccc(-c2ccc3c(N4CCOCC4)nc(N4C[C@@H](C)O[C@@H](C)C4)nc3n2)cc1CNCCO,LMXFTHGDSOBFJQ-KDURUIRLSA-N,LMXFTHGDSOBFJQ,37,10,1.31
O=C(O)c1cc2ccccc2n1Cc1ccccc1,DMMXSSBHARRUHS-UHFFFAOYSA-N,DMMXSSBHARRUHS,19,3,0.78
COc1cccc(C(COCc2cc(C(F)(F)F)cc(C(F)(F)F)c2)N2CCNCC2)c1,XMAPNFVXGZVZLY-UHFFFAOYSA-N,XMAPNFVXGZVZLY,32,10,3.1
Nc1ccc2c(c1)-c1ccccc1C(=O)C2=O,UYLSKNZAXKMXKJ-UHFFFAOYSA-N,UYLSKNZAXKMXKJ,17,3,2.39
Cc1cc(CNc2ncc(Br)c(Nc3cc(C)[nH]n3)n2)on1,ITMSGQSFXHYWNM-UHFFFAOYSA-N,ITMSGQSFXHYWNM,22,9,2.92
COc1ccc(CCN2CN=C(SCc3ccc(Cl)cc3)NC2)cc1OC,JRZNGLZDQHVIOO-UHFFFAOYSA-N,JRZNGLZDQHVIOO,27,7,2.41
O=C(Nc1ccc(Cl)c(Cl)c1)N1CCN(C[C@@H]2CCCN(Cc3ccccc3)C2)CC1,XJDNAMFCUOWNRL-FQEVSTJZSA-N,XJDNAMFCUOWNRL,31,7,4.26
CC(=O)Nc1nc(-c2ccccc2)ns1,XIYDDBUZDPBBLE-UHFFFAOYSA-N,XIYDDBUZDPBBLE,15,5,2.8
O=C(N[C@H](CO)[C@H](O)c1ccc([N+](=O)[O-])cc1)C(Cl)Cl,WIIZWVCIJKGZOK-RKDXNWHRSA-N,WIIZWVCIJKGZOK,20,9,1.15
N#Cc1ccc2[nH]c(-c3ccc(F)cc3)c(CCCC(=O)NS(N)(=O)=O)c2c1,REIWJOYRVJTUSV-UHFFFAOYSA-N,REIWJOYRVJTUSV,28,9,1.95
O=c1[nH]c2c(O)ccc([C@@H](O)CNCCSCCCNCCc3cccc(Cl)c3Cl)c2s1,PEVWKBRNDRRBCW-SFHVURJKSA-N,PEVWKBRNDRRBCW,32,10,2.2
C[C@@](Cc1ccc(O)c(O)c1)(NN)C(=O)O,TZFNLOMSOLWIDK-JTQLQIEISA-N,TZFNLOMSOLWIDK,16,6,-0.7
CC(=O)Nc1cccc2c1c(Oc1ccc(Cl)cc1)c(C)n2CC(=O)O,KVULPJIQOUYTAM-UHFFFAOYSA-N,KVULPJIQOUYTAM,26,7,-1.41
COC[C@H](C)Oc1cc(Oc2ccc(S(C)(=O)=O)cc2)cc(C(=O)Nc2ccc(C(=O)O)cn2)c1,RRKOUBJQZMTEAU-HNNXBMFYSA-N,RRKOUBJQZMTEAU,35,11,-0.41
Cc1nc2n(c(=O)c1CCN1CCC(c3noc4cc(F)ccc34)CC1)CCCC2,RAPZEAPATHNIPO-UHFFFAOYSA-N,RAPZEAPATHNIPO,30,7,2.05
Cc1nc(CS(=O)(=O)c2ccc(Cl)cc2)cc(N2CCOCC2)n1,DTVPQOMQZGSJRP-UHFFFAOYSA-N,DTVPQOMQZGSJRP,24,8,1.8
COc1c(N2CCNC(C)C2)c(F)cc2c(=O)c(C(=O)O)cn(C3CC3)c12,XUBOMFCQGDBHNK-UHFFFAOYSA-N,XUBOMFCQGDBHNK,27,8,-0.82
O=C(O)[C@H](Cc1ccc(F)cc1)N1CCC(CN2CCC(Oc3ccc(Cl)cc3)CC2)CC1,BATQCPTUBUKUDO-VWLOTQADSA-N,BATQCPTUBUKUDO,33,7,1.9
COc1ccc2nc(C)cc(OCC(=O)Nc3ccccc3OC)c2c1,FCOCYTOIHCBAPZ-UHFFFAOYSA-N,FCOCYTOIHCBAPZ,26,6,3.9
CCN(CC)C(=O)c1ccc(C(=C2CCN(Cc3ccc(F)cc3)CC2)c2ccccn2)cc1,HYHLRMXRROJIRV-UHFFFAOYSA-N,HYHLRMXRROJIRV,34,5,3.28
CCCCCCCN(CC)CCCC(O)c1ccc(NS(C)(=O)=O)cc1,ALOBUEHUHMBRLE-UHFFFAOYSA-N,ALOBUEHUHMBRLE,26,6,1.2
CC(NC(=O)C1(N)CCN(c2ncnc3[nH]ccc23)CC1)c1ccc(Cl)cc1,RCUDMUZVZCVJCO-UHFFFAOYSA-N,RCUDMUZVZCVJCO,28,8,2.7
C[C@]12CCC(=O)C=C1C=C[C@@H]1[C@@H]2CC[C@@]2(C)[C@H]1CC[C@@]21CCC(=O)O1,UJVLDDZCTMKXJK-WNHSNXHDSA-N,UJVLDDZCTMKXJK,25,3,3.2
Cc1ccc2c(c1)c(Sc1cccc(Cl)c1)c(C)n2CC(=O)O,FFCUWXVMSDAPAN-UHFFFAOYSA-N,FFCUWXVMSDAPAN,23,5,1.85
COc1ccc2c(C)nc(NC(=N)N)nc2c1,ZJBMSSBTCGJZEE-UHFFFAOYSA-N,ZJBMSSBTCGJZEE,17,6,-0.51
CC[C@H](NC(=O)c1c(O)c(-c2ccccc2)nc2ccccc12)c1ccccc1,BIAVGWDGIJKWRM-FQEVSTJZSA-N,BIAVGWDGIJKWRM,29,4,3.91
Fc1ccc(CNc2ncc(Br)c(Nc3cc(C4CC4)[nH]n3)n2)cc1,SDNIEOMSMZTJNX-UHFFFAOYSA-N,SDNIEOMSMZTJNX,25,8,4.28
O=C(O)COc1ccc(C(F)(F)F)cc1-c1ccc(Cl)cc1,DIPRPJOBKLUDNB-UHFFFAOYSA-N,DIPRPJOBKLUDNB,22,7,0.9
COCCCc1cc(Nc2ccnc(NCc3cc(C)no3)n2)n[nH]1,QSABFBQRTHXLQJ-UHFFFAOYSA-N,QSABFBQRTHXLQJ,25,9,2.04
CC(O)(C(=O)c1ccccc1)c1ccccc1,DIVXVZXROTWKIH-UHFFFAOYSA-N,DIVXVZXROTWKIH,17,2,2.92
C[C@@H](c1ncncc1F)[C@](O)(Cn1cncn1)c1ccc(F)cc1F,BCEHBSKCWLPMDN-MGPLVRAMSA-N,BCEHBSKCWLPMDN,25,9,1.7
O=C(c1ccc(-c2noc(=O)[nH]2)cc1)N1CCC(N2CCC(Oc3ccc(Cl)c(Cl)c3)CC2)CC1,QAXGZLPJWOSHHV-UHFFFAOYSA-N,QAXGZLPJWOSHHV,35,10,2.24
COc1cc(CO)cc(N(C)c2ccnc(Nc3cc(N4CCOCC4)cc(N4CCOCC4)c3)n2)c1,LGYDLRSRBICQTP-UHFFFAOYSA-N,LGYDLRSRBICQTP,37,10,3.0
Cc1ccc(S(=O)(=O)Nc2c(C(=O)NC(C)C)c(C)nn2-c2ccccc2)cc1,ZHZJHDVPDAOZPP-UHFFFAOYSA-N,ZHZJHDVPDAOZPP,29,8,0.46
CN1CCC[C@H]1CCN1CCCc2cc(NC(=N)c3cccs3)ccc21,KEMKYEAYSRVURD-SFHVURJKSA-N,KEMKYEAYSRVURD,26,5,0.37
COc1cc2c(c(OC)c1OC)-c1ccc(OC)c(=O)cc1C(NC(C)=O)CC2,IAKHMKGGTNLKSZ-UHFFFAOYSA-N,IAKHMKGGTNLKSZ,29,7,1.12
Cc1ccc(CN2[C@@H]3CC[C@H]2C[C@@H](Oc2cccc(C(N)=O)c2)C3)s1,RLHOWHVHHMGIKE-VQFNDLOPSA-N,RLHOWHVHHMGIKE,25,5,2.39
OB1c2ccccc2N=C(S)N1c1cccnc1,AXKUPHLFUUVGJM-UHFFFAOYSA-N,AXKUPHLFUUVGJM,18,6,-0.62
COc1ccccc1CCNCc1cccc(CCNC[C@H](O)c2ccc(O)c3[nH]c(=O)sc23)c1,PIQKJCGMILEGLT-QHCPKHFHSA-N,PIQKJCGMILEGLT,35,8,0.82
Cn1c(C(=O)O)c(CCCOc2cccc3ccccc23)c2ccccc21,WDWZXNZFJUGMSF-UHFFFAOYSA-N,WDWZXNZFJUGMSF,27,4,2.99
O=S(=O)(c1ccccc1)C1(c2cc(N3CCOCC3)nc(-c3cccc4[nH]ccc34)n2)CC1,JFAPSODMPJFCQW-UHFFFAOYSA-N,JFAPSODMPJFCQW,33,8,3.4
O=S(=O)(NCC(c1ccccc1)N1CCCCCC1)c1ccc(C(F)(F)F)cc1,XISHQUZWDQCLCK-UHFFFAOYSA-N,XISHQUZWDQCLCK,29,8,4.29
CS(=O)(=O)c1ccc(C(=O)Nc2ccc(Cl)c(-c3ccccn3)c2)c(Cl)c1,BPQMGSKTAYIVFO-UHFFFAOYSA-N,BPQMGSKTAYIVFO,27,8,2.84
Cc1nc(N)c2nc(O)n(Cc3ccccc3)c2n1,WPKCIMARMVFGJG-UHFFFAOYSA-N,WPKCIMARMVFGJG,19,6,2.04
CCN(C(=O)Cc1ccc(C#N)cc1)C1CCN(CCC(c2ccccc2)c2ccccc2)CC1,VCGPLRYYPFNQSB-UHFFFAOYSA-N,VCGPLRYYPFNQSB,35,4,3.9
O=C(Nc1ccccc1)c1ccccc1,ZVSKZLHKADLHSD-UHFFFAOYSA-N,ZVSKZLHKADLHSD,15,2,2.8
CCC(CO)NCCNC(CC)CO,AEUTYOVWOVBAKS-UHFFFAOYSA-N,AEUTYOVWOVBAKS,14,4,-1.42
CCCNC(=O)NS(=O)(=O)c1ccc(Cl)cc1,RKWGIWYCVPQPMF-UHFFFAOYSA-N,RKWGIWYCVPQPMF,17,7,-0.33
CCN1CCO[C@@H](CN2CCN(C(=O)Nc3ccc(Cl)c(Cl)c3)CC2)C1,GRFCHFVLEURDEF-OAHLLOKOSA-N,GRFCHFVLEURDEF,26,8,2.68
COC[C@@H](c1ccc(C(F)(F)F)cc1)N1CCN(C2(C)CCN(C(=O)c3c(C)ncnc3C)CC2)C[C@@H]1C,CNPVJJQCETWNEU-CYFREDJKSA-N,CNPVJJQCETWNEU,38,10,2.7
COc1ccc(S(=O)(=O)Nc2ccc(/C=C/C(=O)Nc3ccccc3N)cc2)cc1OC,DNINPOWJJPWIQI-NTEUORMPSA-N,DNINPOWJJPWIQI,32,9,2.56
O=C(O)C(c1ccccc1)N1CCC(N2CCC(Oc3ccc(Cl)c(Cl)c3)CC2)CC1,DWNROPYUHGRJJG-UHFFFAOYSA-N,DWNROPYUHGRJJG,31,7,2.23
CC(=O)[C@@]1(O)CC[C@H]2[C@@H]3C[C@H](C)C4=CC(=O)C=C[C@]4(C)[C@@]3(F)[C@@H](O)C[C@@]21C,FAOZLTXFLGPHNG-KNAQIMQKSA-N,FAOZLTXFLGPHNG,27,5,2.65
O=C(NCc1ccccc1Cl)c1ccccc1Oc1ccccc1,IPICCBCPDIMCHU-UHFFFAOYSA-N,IPICCBCPDIMCHU,24,4,3.58
CC1(COc2ccc3c(c2)ncn3-c2ccc3cccc(N4CCC(N)CC4)c3n2)COC1,DYNHJHQFHQTFTP-UHFFFAOYSA-N,DYNHJHQFHQTFTP,33,7,1.99
O=C(CCCN1CCC(O)(c2ccc(Cl)cc2)CC1)c1ccc(F)cc1,LNEPOXFFQSENCJ-UHFFFAOYSA-N,LNEPOXFFQSENCJ,26,5,2.67
Cc1ccc(S(=O)(=O)Nc2c(C(=O)N[C@@H](C)C(C)(C)C)c(C)nn2-c2ccccc2)cc1,MYHHDENZOVCZAX-SFHVURJKSA-N,MYHHDENZOVCZAX,32,8,1.44
CC(C)C(NC(=O)Cn1c(-c2ccccc2)ccc(NC(=O)Cc2cccc(C(=O)O)c2)c1=O)C(=O)C(F)(F)F,BADPPDCVNKPPEU-UHFFFAOYSA-N,BADPPDCVNKPPEU,40,12,0.68
O=C(O)CCC(=O)c1ccc(-c2ccccc2)cc1,ZPAKPRAICRBAOD-UHFFFAOYSA-N,ZPAKPRAICRBAOD,19,3,0.58
CCCSc1c(C(=O)NC2CCCCC2)cnn1[C@H]1CC[C@@H](C(=O)O)CC1,HLKJXRGYFOSRLT-FZNQNYSPSA-N,HLKJXRGYFOSRLT,27,7,1.39
COc1cc(Nc2c(C#N)cnc3cc(OCCCN4CCN(C)CC4)c(OC)cc23)c(Cl)cc1Cl,UBPYILGKFZZVDX-UHFFFAOYSA-N,UBPYILGKFZZVDX,36,10,3.5
Nc1c(C(=O)NC2CC2)nnc2c(-c3ncccn3)cccc12,SDWDFHCCPWBEKB-UHFFFAOYSA-N,SDWDFHCCPWBEKB,23,7,1.5
Cc1ccc(S(=O)(=O)Nc2c(C(=O)N[C@@H](C)C(C)(C)C)c(C)nn2CC(F)(F)F)cc1,QSWGEOMEAZNPPB-AWEZNQCLSA-N,QSWGEOMEAZNPPB,31,11,0.93
CC(C)(C)OC(=O)N1C[C@@H]2CC[C@H]1CN2c1ncc(OCc2ccc(S(C)(=O)=O)cc2)cn1,ZCTCHPPRMRIPMY-ROUUACIJSA-N,ZCTCHPPRMRIPMY,33,10,3.4
CC[C@@]1(O)C(=O)OCc2c1cc1n(c2=O)Cc2cc3c(CN(C)C)c(O)ccc3nc2-1,UCFGDBYHRUNTLO-QHCPKHFHSA-N,UCFGDBYHRUNTLO,31,8,0.31
CN[C@@H](C)C(=O)N[C@H](C(=O)N[C@H]1CCCN(CCCc2ccccc2)C1)C1CCCCC1,CHTNLBXSBITESO-OYDLWJJNSA-N,CHTNLBXSBITESO,32,6,2.6
COc1cc2c(Nc3c(Cl)ccc4c3OCO4)ncnc2cc1OCC1CCN(C)CC1,UYKYCBACTCRLLP-UHFFFAOYSA-N,UYKYCBACTCRLLP,32,9,1.83
O=C(NCc1ccccc1Cl)c1cccnc1Oc1ccccc1,SALFYSVZWBAPFL-UHFFFAOYSA-N,SALFYSVZWBAPFL,24,5,3.68
NS(=O)(=O)c1cc(C2(O)NC(=O)c3ccccc32)ccc1Cl,JIVPVXMEBJLZRO-UHFFFAOYSA-N,JIVPVXMEBJLZRO,22,8,0.97
Cc1cc(OCCCS(C)(=O)=O)cc(C)c1-c1cccc(COc2ccc3c(c2)OC[C@H]3CC(=O)O)c1,BZCALJIHZVNMGJ-HSZRJFAPSA-N,BZCALJIHZVNMGJ,37,8,2.3
COc1ccc2nc(NC(=O)CCc3ccc(OC)c(OC)c3)sc2c1,BZYGSSOTQLPQLM-UHFFFAOYSA-N,BZYGSSOTQLPQLM,26,7,3.57
Cc1ncc(-c2nc(Nc3ccc(C(=O)NCCN(C)C)c(F)c3)ncc2F)n1C(C)C,YLRRTJLWOJHWFB-UHFFFAOYSA-N,YLRRTJLWOJHWFB,32,10,2.26
Cc1ccc2[nH]c(C(=O)N3CCN(C)CC3)cc2c1,XJMMCJLQDZQDAQ-UHFFFAOYSA-N,XJMMCJLQDZQDAQ,19,4,2.22
CNc1cccc(CCCc2ccc(C[C@H](NC(=O)c3c(Cl)cccc3Cl)C(=O)O)s2)n1,NWOOORGYRVRDTD-IBGZPJMESA-N,NWOOORGYRVRDTD,32,9,0.78
COc1cc(OC)c(S(=O)(=O)N2c3ccccc3CCC2C)cc1NC(=O)CCc1nn[nH]n1,VLDDKUODQSBGGK-UHFFFAOYSA-N,VLDDKUODQSBGGK,34,12,-0.34
CCOC(=O)c1ccc(OCCC2CCN(c3ccc(C)nn3)CC2)cn1,FNWSDRRBMDAENC-UHFFFAOYSA-N,FNWSDRRBMDAENC,27,7,2.63
CC(C)(C(=O)c1cccnc1)c1cccnc1,FJLBFSROUSIWMA-UHFFFAOYSA-N,FJLBFSROUSIWMA,17,3,1.45
CNC(=O)c1ccc(Oc2ccc3c(c2)CCN(C2CCC2)CC3)nc1,WROHEWWOCPRMIA-UHFFFAOYSA-N,WROHEWWOCPRMIA,26,5,1.45
CC(C)(C)OC(=O)N1CCN(c2ccc(OCc3ccc(S(C)(=O)=O)cc3)cn2)CC1,WZPXJWLXZKHFQW-UHFFFAOYSA-N,WZPXJWLXZKHFQW,31,9,3.2
Fc1cccc(-c2cncc(CNCC3CC3)n2)c1F,VRBSVCSTWKWOFR-UHFFFAOYSA-N,VRBSVCSTWKWOFR,20,5,1.82
O=C1Nc2ccc(Cl)cc2C(c2ccccc2Cl)=NC1O,DIWRORZWFLOCLC-UHFFFAOYSA-N,DIWRORZWFLOCLC,21,6,2.38
CCCNC(=O)c1nnc2c(-c3cncc(C(=O)N4CCC4)c3)cccc2c1N,ZRHJFOQMTHUEKL-UHFFFAOYSA-N,ZRHJFOQMTHUEKL,29,8,2.79
CS(=O)(=O)c1cccc2c3c([nH]c12)CCN(C(=O)[C@@H]1CCCC[C@H]1C(=O)NC1(C#N)CC1)C3,VXPOIFZDIIJPQO-IAGOWNOFSA-N,VXPOIFZDIIJPQO,33,9,1.7
CN(C)CCCNS(=O)(=O)c1ccc(Nc2nccc(-c3cnc4cccnn34)n2)cc1,BBZUBCUIVIEBCP-UHFFFAOYSA-N,BBZUBCUIVIEBCP,32,11,1.4
Nc1c2c(nc3ccccc13)CCCC2,YLJREFDVOIBQDA-UHFFFAOYSA-N,YLJREFDVOIBQDA,15,2,0.38
O=C(C1CCN(c2nnc(-n3cccc3)s2)CC1)N1CCc2ccccc2C1,SARNMBSCBINKFU-UHFFFAOYSA-N,SARNMBSCBINKFU,28,7,3.7
COc1ccc(CN2CCc3c([nH]c4ccccc34)C2)cc1OC,MVAKJPBBDFAECM-UHFFFAOYSA-N,MVAKJPBBDFAECM,24,4,3.1
CNC1=Nc2ncccc2C(c2cccs2)=NC1c1cccs1,JBRNKNLCAPYPAD-UHFFFAOYSA-N,JBRNKNLCAPYPAD,23,6,2.63
O=C1CN(C(=O)c2ccco2)C(c2ccccc2)c2cc(Cl)ccc2N1,UGLBELHJKDPTLB-UHFFFAOYSA-N,UGLBELHJKDPTLB,26,6,3.0
CC(C)CNc1nc(C#N)nc(NC2CCS(=O)(=O)C2)c1N,BGDXMJHWJDPFBT-UHFFFAOYSA-N,BGDXMJHWJDPFBT,22,9,2.3
C#CCn1c(=O)c2c(-c3nc(C#N)cn3C)n(Cc3ccnc4ccc(Cl)cc34)nc2n(CC2CC2)c1=O,KWWDLTPCZUCRMW-UHFFFAOYSA-N,KWWDLTPCZUCRMW,38,11,3.4
COc1cc(N2CCN(C(C)=O)CC2)ccc1Nc1ncc(Cl)c(-c2cnc3cc(F)ccn23)n1,IHWMYKUSPDQHOB-UHFFFAOYSA-N,IHWMYKUSPDQHOB,35,11,3.7
O=C(NCc1ccncn1)c1ccc(Oc2ccc(C#C[C@]3(O)CN4CCC3CC4)cc2)cc1,YNSKBMXZDCLQIV-MHZLTWQESA-N,YNSKBMXZDCLQIV,34,7,1.78
CN(C)CCNC(=O)c1ccc(Nc2ncc3cc(-c4ccncc4)ccc3n2)cc1,JSQFSGVDRQVIPG-UHFFFAOYSA-N,JSQFSGVDRQVIPG,31,7,2.29
Cc1cc2n[nH]c(=O)n2c2ccccc12,VPUMZLVLKCMKFQ-UHFFFAOYSA-N,VPUMZLVLKCMKFQ,15,4,2.35
Cc1cc(S(=O)(=O)Nc2nc(Nc3ccc(Cl)cc3)n[nH]2)c(S)cc1Cl,GRYIAOMDOBRKIU-UHFFFAOYSA-N,GRYIAOMDOBRKIU,26,11,2.09
CCCCC[C@H](c1ccc(C(=O)O)c(Oc2cccc(Br)c2)c1)N1CCC[C@H](n2cc(C)c(=O)[nH]c2=O)C1,NBIFTJOTVIZGJA-WIOPSUGQSA-N,NBIFTJOTVIZGJA,38,9,1.69
CCC(c1nc2ccsc2c(=O)n1Cc1ccc(Cl)cc1)N(CCCN)C(=O)c1ccc(C)cc1,NGLKSVAOSNSXCK-UHFFFAOYSA-N,NGLKSVAOSNSXCK,35,8,2.32
CN1CC(=O)N2[C@H](c3ccc4c(c3)OCO4)c3[nH]c4ccccc4c3C[C@@H]2C1=O,WOXKDUGGOYFFRN-IIBYNOLFSA-N,WOXKDUGGOYFFRN,29,7,2.6
CCC(CC)NC(=O)c1cnn(-c2ccccn2)c1NS(=O)(=O)c1ccc(C)cc1,JESJFQSTKPDBFW-UHFFFAOYSA-N,JESJFQSTKPDBFW,30,9,0.27
Cc1occc(=O)c1OCc1ccccc1,LQDVCPYRCOKNMV-UHFFFAOYSA-N,LQDVCPYRCOKNMV,16,3,1.87
O=C(CC12CC3CC(CC(C3)C1)C2)Nc1cccc2ncccc12,DKOFLWJJZBRSBW-UHFFFAOYSA-N,DKOFLWJJZBRSBW,24,3,3.83
O=C1C(=O)c2cccnc2-c2ccccc21,GNSWJLXJCZFOPN-UHFFFAOYSA-N,GNSWJLXJCZFOPN,16,3,1.88
COc1ccccc1OCC(O)CO,HSRJKNPTNIJEKV-UHFFFAOYSA-N,HSRJKNPTNIJEKV,14,4,0.24
CNc1c(Br)cnc2[nH]c(-c3cnn(C4CCN(C)CC4)c3)nc12,MERPPDGMBNDZGS-UHFFFAOYSA-N,MERPPDGMBNDZGS,24,8,2.5
CN(CC[C@@H](Oc1ccc(-c2ccccc2)cc1)c1ccc(F)cc1)CC(=O)O,FDORQEIHOKEJNX-HSZRJFAPSA-N,FDORQEIHOKEJNX,29,5,2.86
CCc1cccc2c3c([nH]c12)C(CC)(CC(=O)O)OCC3,NNYBQONXHNTVIJ-UHFFFAOYSA-N,NNYBQONXHNTVIJ,21,4,0.49
CS(=O)(=O)c1ccc([C@H](CC2CCCC2)C(=O)Nc2nccs2)cc1,NEQSWPCDHDQINX-INIZCTEOSA-N,NEQSWPCDHDQINX,25,7,3.88
CN1Cc2c(N)cccc2C(c2ccccc2)C1,XXPANQJNYNUNES-UHFFFAOYSA-N,XXPANQJNYNUNES,18,2,2.08
Nc1cccc(NC(=O)c2ccc(CNC(=O)OCc3cccnc3)cc2)c1,CCJQRZIECSQVPL-UHFFFAOYSA-N,CCJQRZIECSQVPL,28,7,1.6
CCc1c(C(=O)NC2C3CC4CC(C3)CC2C4)cnn1-c1ccc(C(=O)O)cc1,RZPNNMRUEBKYAY-UHFFFAOYSA-N,RZPNNMRUEBKYAY,29,6,0.9
CC(NC(C)(C)C)C(=O)c1cccc(Cl)c1,SNPPWIUOZRMYNY-UHFFFAOYSA-N,SNPPWIUOZRMYNY,16,3,2.12
CCCSc1nc(N[C@H]2CC[C@H](C(=O)O)CC2)ccc1C(=O)NC1CCCCC1,LSNUPHZZOYTURX-JCNLHEQBSA-N,LSNUPHZZOYTURX,29,7,2.02
NC1(Cc2ccc(Cl)cc2)CCN(c2ncnc3[nH]ccc23)CC1,RZIDZIGAXXNODG-UHFFFAOYSA-N,RZIDZIGAXXNODG,24,6,2.72
CC(C)CCCC(C)/N=c1\ccn(Cc2ccccc2)c2cc(Cl)ccc12,MVLUFSGXUMAUTD-WNAAXNPUSA-N,MVLUFSGXUMAUTD,27,3,1.58
Cc1cc2c(C)cc(=O)oc2c2c1NCCC2,HNBLXGUKCHVXSO-UHFFFAOYSA-N,HNBLXGUKCHVXSO,17,3,2.9
CC#Cc1cncc(-c2cccc(C3(C4CC4)N=C(C)C(N)=N3)c2)c1,TWHSRVVFCICXII-UHFFFAOYSA-N,TWHSRVVFCICXII,25,4,3.3
Cn1cncc1-c1c2c(=O)n(C)c(=O)n(CC3CC3)c2nn1Cc1ccnc2ccc(Cl)cc12,WMRIKRYIKCYRKF-UHFFFAOYSA-N,WMRIKRYIKCYRKF,34,10,2.69
NC(=O)c1cnc(N[C@H]2CCCNC2)c2cc(-c3ccc(F)cc3)sc12,KAMUHXLQJMLNMI-ZDUSSCGKSA-N,KAMUHXLQJMLNMI,26,7,2.01
Cc1c(Sc2ccc(Cl)cc2)c2cccc(Cl)c2n1CC(=O)O,UDYKRMHOQKAQNZ-UHFFFAOYSA-N,UDYKRMHOQKAQNZ,23,6,2.0
OC(CCN1CCCCC1)(c1ccccc1)C1CCCCC1,HWHLPVGTWGOCJO-UHFFFAOYSA-N,HWHLPVGTWGOCJO,22,2,2.68
O=C(COCc1ccncc1)N1CCN(c2ccc(F)cc2Cl)CC1,XNOMHUDLVRWWLV-UHFFFAOYSA-N,XNOMHUDLVRWWLV,25,7,2.63
COc1cc(F)ccc1-c1cncc(CNC[C@@H]2CCCO2)n1,CEASKHRUQMAIIZ-AWEZNQCLSA-N,CEASKHRUQMAIIZ,23,6,2.0
Nc1ncnc2nc(-c3ccc(N4CCOCC4)nc3)cc(-c3cccc(Br)c3)c12,RQCXKDWOCUJWQZ-UHFFFAOYSA-N,RQCXKDWOCUJWQZ,30,8,3.2
Cc1cn(Cc2ccccc2)c(=O)[nH]c1=O,YNHQGNHVHHZPTA-UHFFFAOYSA-N,YNHQGNHVHHZPTA,16,4,1.19
CCCCCc1cc(=O)[nH]c(N)n1,FZOQWSSCUUVBKF-UHFFFAOYSA-N,FZOQWSSCUUVBKF,13,4,1.62
Cc1nn(-c2ccccc2)c(NS(=O)(=O)c2cccc(CN3CCOCC3)c2)c1C(=O)N[C@@H](C)C(C)(C)C,APVDYTYHJFKIEK-NRFANRHFSA-N,APVDYTYHJFKIEK,38,10,0.29
O=c1[nH]n(Cc2ccoc2)c(=O)c2c(=O)c3ccc(Cl)cc3[nH]c12,ZUOVHGAWAKFTQH-UHFFFAOYSA-N,ZUOVHGAWAKFTQH,24,8,0.6
O=C1CCOc2nc(COc3ccccc3)ccc21,RDTNMKBRGQQHLS-UHFFFAOYSA-N,RDTNMKBRGQQHLS,19,4,2.3
Nc1nc2ccccc2n1C(=O)c1ccccc1,RQUFEIGQKKAODE-UHFFFAOYSA-N,RQUFEIGQKKAODE,18,4,1.56
CC(C)c1nnc2ccc(-c3ocnc3-c3cc(F)ccc3F)cn12,UACOXBQBNWQWOK-UHFFFAOYSA-N,UACOXBQBNWQWOK,25,7,2.44
CC(=O)N1CCN(c2ccc(OCC3COC(Cn4ccnc4)(c4ccc(Cl)cc4Cl)O3)cc2)CC1,XMAYWYJOQHXEEK-UHFFFAOYSA-N,XMAYWYJOQHXEEK,36,10,3.7
Cc1cn([C@H]2CCCN(Cc3cccc(Oc4cccc(Br)c4)c3)C2)c(=O)[nH]c1=O,KXZDTTHXGPMWEF-IBGZPJMESA-N,KXZDTTHXGPMWEF,30,7,3.68
C=CC(=O)Nc1cccc(Oc2nc(Nc3ccc(N4CCN(C)CC4)cc3OC)ncc2Cl)c1,ITTRLTNMFYIYPA-UHFFFAOYSA-N,ITTRLTNMFYIYPA,35,10,3.9
CCN(C(=O)Cc1ccc(S(C)(=O)=O)cc1)C1CCN(CC[C@H](c2ccc(S(C)(=O)=O)cc2)c2cccc(Cl)c2)CC1,KDZIBHRPMCHQOB-WJOKGBTCSA-N,KDZIBHRPMCHQOB,42,10,2.37
CCn1cc(NC(=O)Cc2ccc(Oc3ccnc4cc(F)ccc34)cc2OC)cn1,MPZNWDCJFYRKFH-UHFFFAOYSA-N,MPZNWDCJFYRKFH,31,8,3.93
COc1cc(F)ccc1-c1cncc(CNC(=O)C2CC2)c1,HWSSZEHYQJYQQM-UHFFFAOYSA-N,HWSSZEHYQJYQQM,22,5,2.9
C=CCn1c(=O)c2c(-c3cc(C#N)cn3C)n(Cc3ccnc4ccc(Cl)cc34)nc2n(CC2CC2)c1=O,HHATUHUHHIRCFI-UHFFFAOYSA-N,HHATUHUHHIRCFI,38,10,4.27
N#CCNC(=O)c1ccc(-c2ccnc(Nc3ccc(N4CCOCC4)cc3)n2)cc1,ZVHNDZWQTBEVRY-UHFFFAOYSA-N,ZVHNDZWQTBEVRY,31,8,2.37
CNC(=O)C1(N2CCCCC2=O)CCN(CC[C@H](CN(C)C(=O)c2cc(C#N)cc3ccccc23)c2ccc(Cl)c(Cl)c2)CC1,YXCDDVLGDLWZII-HHHXNRCGSA-N,YXCDDVLGDLWZII,45,10,2.5
O=C(Cc1ccc(F)c(C(F)(F)F)c1)Nc1cccc2c(=O)n([C@@H]3CNC[C@H]3O)ccc12,XGXFLZNXZMMWLK-RTBURBONSA-N,XGXFLZNXZMMWLK,32,10,1.33
Cc1ncccc1Oc1ncnc(OC2CCN(C(=O)OC(C)C)CC2)c1C,YHKUMVXEUWUPKX-UHFFFAOYSA-N,YHKUMVXEUWUPKX,28,8,3.8
Cc1ncc2n1-c1ccc(Cl)cc1C(c1ccccc1F)=NC2,DDLIGBOFAVUZHB-UHFFFAOYSA-N,DDLIGBOFAVUZHB,23,5,3.4
CCN(C(=O)Cc1ccc(S(C)(=O)=O)cc1)C1CCN(CC[C@@H](c2ccccc2)C2CCN(S(=O)(=O)C(F)(F)F)CC2)CC1,HFLVCCCLGAIFBB-LJAQVGFWSA-N,HFLVCCCLGAIFBB,44,13,3.39
Cn1c(-c2ccccc2)cc2onc(-c3ccncc3)c2c1=O,BGCDFCJIPDVNPE-UHFFFAOYSA-N,BGCDFCJIPDVNPE,23,5,3.17
Cc1cc(N)n(-c2ccccc2)n1,FMKMKBLHMONXJM-UHFFFAOYSA-N,FMKMKBLHMONXJM,13,3,1.25
C=CCn1c(=O)c2c(-c3nc(C#N)cn3C)n(Cc3ccnc4ccc(Cl)cc34)nc2n(CC2CC2)c1=O,BDAPWZWKTLLUHO-UHFFFAOYSA-N,BDAPWZWKTLLUHO,38,11,3.92
O=C(O)C[C@@H]1c2ccccc2C[C@H]1NC(=O)c1cc2cc(F)ccc2[nH]1,MUKIEMZDXOXEOK-NVXWUHKLSA-N,MUKIEMZDXOXEOK,26,6,1.26
NS(=O)(=O)c1cc2c(cc1Cl)NCNS2(=O)=O,JZUFKLXOESDKRF-UHFFFAOYSA-N,JZUFKLXOESDKRF,17,10,-0.09
CC(=O)N1CCN(CC(O)COc2ccc(Br)cc2)CC1,SMZSWCPZYNELNY-UHFFFAOYSA-N,SMZSWCPZYNELNY,21,6,1.6
Clc1ccc(C2=CSC3=NCCN23)cc1Cl,GHYNKNDPIZBWPJ-UHFFFAOYSA-N,GHYNKNDPIZBWPJ,16,5,1.54
N#Cc1ccc(S(=O)(=O)NCC(c2ccccc2)N2CCCCCC2)cc1,HDTQXGDKHLQISV-UHFFFAOYSA-N,HDTQXGDKHLQISV,27,6,2.86
O=c1ccnc2cc(C#Cc3ccccc3)ccn12,BQUMEJOETXDKQW-UHFFFAOYSA-N,BQUMEJOETXDKQW,19,3,2.9
COc1ncc2ncc(=O)n(CCN3CCC(NCc4cc5c(cn4)OCCO5)CC3)c2n1,BKEOTTYEIUFVNO-UHFFFAOYSA-N,BKEOTTYEIUFVNO,33,11,-0.14
CC(C)N(C(=O)C(c1cccnc1)C(CNC(=O)NCc1ccccc1F)c1ccccc1)C(C)C,QETZKUXEQXKZMN-UHFFFAOYSA-N,QETZKUXEQXKZMN,36,7,4.2
Cc1sc(CN2CCNCC2)cc1C(=O)NCC12CC3CC(CC(C3)C1)C2,GCHQTUDZKHWCSU-UHFFFAOYSA-N,GCHQTUDZKHWCSU,27,5,2.55
Cc1cc(CCCOc2c(C)cc(-c3noc(C(F)(F)F)n3)cc2C)on1,KQOXLKOJHVFTRN-UHFFFAOYSA-N,KQOXLKOJHVFTRN,27,9,3.63
CC(C)C(NC(=O)Cn1c(-c2ccccc2)ncc(NC(=O)OCc2ccccc2)c1=O)C(=O)C(F)(F)F,BFNZFBYPMNQUED-UHFFFAOYSA-N,BFNZFBYPMNQUED,38,12,2.12
COc1cc2ncnc(Nc3cc(NC(=O)c4ccnc(N5CCOCC5)c4)ccc3C)c2cc1OCCN1CCCCC1,GLYCOPUOGKGJKU-UHFFFAOYSA-N,GLYCOPUOGKGJKU,44,11,3.35
NC(=O)c1cncc(O[C@H]2C[C@H]3CC[C@@H](C2)N3Cc2ccccc2)n1,ILSXMIVMEKRQPZ-ZSHCYNCHSA-N,ILSXMIVMEKRQPZ,25,6,1.1
COc1cc2c(Nc3cccc(Cl)c3Cl)c(C(N)=O)cnc2cc1NCCN(C)C,FITSFJVQDQVDRK-UHFFFAOYSA-N,FITSFJVQDQVDRK,30,9,3.41
Cc1cnc(NC(=O)C2C(=O)c3ccccc3S(=O)(=O)N2C)s1,ZAHQBPYQBHTECE-UHFFFAOYSA-N,ZAHQBPYQBHTECE,23,9,0.3
Cc1cn([C@H]2CCCN(Cc3ccc(C(=O)O)c(Oc4cccc(Cl)c4)c3)C2)c(=O)[nH]c1=O,MRLRTMLFJYMOOD-SFHVURJKSA-N,MRLRTMLFJYMOOD,33,9,-0.55
CO[C@H]1/C=C/O[C@@]2(C)Oc3c(C)c(O)c4c(O)c(cc(O)c4c3C2=O)NC(=O)/C(C)=C\C=C\[C@H](C)[C@H](O)[C@@H](C)[C@@H](O)[C@@H](C)[C@H](OC(C)=O)[C@@H]1C,HJYYPODYNSCCOU-ODRIEIDWSA-N,HJYYPODYNSCCOU,50,13,1.19
CCn1cc(C(=O)O)c(=O)c2cc(F)c(N3CCNCC3)nc21,IDYZIJYBMGIQMJ-UHFFFAOYSA-N,IDYZIJYBMGIQMJ,23,8,-0.83
COc1ccc2c(C)cc(N[C@H]3CC[C@H](NCc4cn(C)c5ccccc45)C3)nc2c1,JVZSAWYDIFBBDC-PMACEKPBSA-N,JVZSAWYDIFBBDC,31,5,2.53
Cc1ccn2c(-c3ccnc(N)n3)c(C)nc2c1,OQODWFCIKXTEHB-UHFFFAOYSA-N,OQODWFCIKXTEHB,18,5,2.39
Cc1cc2[nH]c(=O)c(O)cc(=O)c2cc1C,PKYFMTZXTLDNTL-UHFFFAOYSA-N,PKYFMTZXTLDNTL,16,4,1.99
COc1cc(N2CCCN(C)CC2)c2[nH]c(C(=O)Nc3ccc(N4CCOCC4)cc3)cc(=O)c2c1,XFRKJVFIKNDCPI-UHFFFAOYSA-N,XFRKJVFIKNDCPI,36,9,2.1
CC(C)(c1cc(N2CCOCC2)nc(-c2cccc3[nH]ccc23)n1)S(C)(=O)=O,TYPBASYBSGLAOL-UHFFFAOYSA-N,TYPBASYBSGLAOL,28,8,2.65
CC(C)(C)OC(=O)c1ncn2c1[C@@H]1CCCN1C(=O)c1c(Br)cccc1-2,LWUDDYHYYNNIQI-ZDUSSCGKSA-N,LWUDDYHYYNNIQI,26,7,2.48
COc1cc2ncnc(Nc3cccc(O)c3)c2cc1OC,BNDYIYYKEIXHNK-UHFFFAOYSA-N,BNDYIYYKEIXHNK,22,6,2.6
CC[C@H](NC(=O)c1c(CC[S+](C)[O-])c(-c2ccccc2)nc2ccccc12)c1ccccc1,UDAXFGZXXKOVGN-PPVAYSNCSA-N,UDAXFGZXXKOVGN,33,5,3.15
CCS(=O)(=O)c1ccc(-c2cc(Cl)ccc2OCC(=O)O)c(C)c1,LTELLSHJEKDTRM-UHFFFAOYSA-N,LTELLSHJEKDTRM,24,7,-0.65
O=C(Nc1ccc(N2CCOCC2)cc1)c1nnc(Nc2ccccc2F)o1,NDDNIUUHKJMKLD-UHFFFAOYSA-N,NDDNIUUHKJMKLD,28,9,3.05
Nc1ccc2c(c1)C(=O)C(=O)c1cc(N)ccc1-2,FIPYLFQPDJPOKA-UHFFFAOYSA-N,FIPYLFQPDJPOKA,18,4,1.72
COC(=O)N1CCOc2cc(COc3ccccc3)cnc21,CVFJZQMCHKSCEI-UHFFFAOYSA-N,CVFJZQMCHKSCEI,22,6,2.5
CC(C)C(NC(=O)Cn1c(-c2ccccc2)ccc(NS(=O)(=O)c2ccccc2)c1=O)C(=O)C(F)(F)F,YZFRFWFGIWBTRS-UHFFFAOYSA-N,YZFRFWFGIWBTRS,37,12,2.26
N[C@@H]1CCCN(c2c(Cl)cccc2/C=C2\SC(=O)NC2=O)C1,ZLDXTUTZYPVCKG-VPMLRQHESA-N,ZLDXTUTZYPVCKG,22,7,1.97
CC[C@H](NC(=O)c1c([S+](C)[O-])c(-c2cccs2)nc2ccccc12)c1ccccc1,VATQOVACVWBCQL-RZQQEOIVSA-N,VATQOVACVWBCQL,30,6,3.56
CCN(C)C(=O)c1ccc(C(=C2CCN(Cc3ccc(F)cc3)CC2)c2ccccc2NC(C)=O)cc1,YXXTUTAADKSONB-UHFFFAOYSA-N,YXXTUTAADKSONB,37,6,2.79
Nc1nccc(-c2cc3c([nH]2)[C@H](CCF)CNC3=O)n1,LCBAQTCTQXHTJG-SSDOTTSWSA-N,LCBAQTCTQXHTJG,20,7,0.51
CCCc1nc2c(C)cc(-c3nc4ccccc4n3C)cc2n1Cc1ccc(-c2ccccc2C(=O)O)cc1,RMMXLENWKUUMAY-UHFFFAOYSA-N,RMMXLENWKUUMAY,39,6,2.21
C=C[C@H]1CN2CC[C@@H]1C[C@H]2[C@H](O)c1ccnc2ccc(OC)cc12,LOUPRKONTZGTKE-FOEVPDMQSA-N,LOUPRKONTZGTKE,24,4,2.26
O=C(N1CCN(c2ccncc2Cl)CC1)N1CCN(S(=O)(=O)c2ccc(C(F)(F)F)cc2)CC1,DPCVNBMASHOBQO-UHFFFAOYSA-N,DPCVNBMASHOBQO,34,13,3.54
O=C(NC1Cc2ccccc2N(CC(CO)CO)C1=O)c1cc2cc(Cl)sc2[nH]1,YUYUULPQRYMAKE-UHFFFAOYSA-N,YUYUULPQRYMAKE,29,9,3.56
Cn1c(C#N)ccc1-c1ccc2c(c1)C(C)(C)OC(=S)N2,PYVFWTPEBMRKSR-UHFFFAOYSA-N,PYVFWTPEBMRKSR,21,5,3.4
CS(=O)(=O)c1ccc(C(=O)Nc2ccc(F)cc2)c[n+]1[O-],OKQZOGAYHQQAJX-UHFFFAOYSA-N,OKQZOGAYHQQAJX,21,8,0.84
Nc1nccc(-n2ccc3ccccc32)n1,QNZSVEIPQWPBJO-UHFFFAOYSA-N,QNZSVEIPQWPBJO,16,4,2.71
CCN(C(=O)Cc1ccc(S(C)(=O)=O)cc1)C1CCN(CCC(c2ccccc2)N2CCC(C(C)=O)CC2)CC1,KIBDJJXRHBWQSZ-UHFFFAOYSA-N,KIBDJJXRHBWQSZ,40,8,0.9
CCN(CC)C(=O)c1ccc([C@H](c2cccc(NC(=O)C3CC3)c2)N2CCN(Cc3ccc(F)cc3)CC2)cc1,DTQRXXAMMSJGIJ-WJOKGBTCSA-N,DTQRXXAMMSJGIJ,40,7,3.99
CC(C)Cc1ccc(C(C)C(=O)NS(C)(=O)=O)cc1,KQDRVXQXKZXMHP-UHFFFAOYSA-N,KQDRVXQXKZXMHP,19,5,0.78
Cc1cc(NC(=O)c2ccccc2)n[nH]1,RBFPHINFSBMIFN-UHFFFAOYSA-N,RBFPHINFSBMIFN,15,4,1.75
C[C@H](CO)Nc1nc(SCc2cccc(F)c2F)nc2[nH]c(=O)cnc12,LTHIETOWBQBYAF-MRVPVSSYSA-N,LTHIETOWBQBYAF,26,10,3.1
Cc1cn([C@H]2CCCN([C@@H](CC(C)(C)C)c3ccc(C(=O)O)c(Oc4cccc(Br)c4)c3)C2)c(=O)[nH]c1=O,SXYGLXXKMZTVNB-URXFXBBRSA-N,SXYGLXXKMZTVNB,38,9,1.12
C#CC(C)(C)NC(=O)c1sccc1Oc1ccc(F)cc1[N+](=O)[O-],DHUYSCZOCPUTOF-UHFFFAOYSA-N,DHUYSCZOCPUTOF,24,8,3.0
Nc1nc2nc(-c3cccs3)cc(C(F)(F)F)n2n1,SYOWKLYGKDLJIT-UHFFFAOYSA-N,SYOWKLYGKDLJIT,19,9,2.01
Cc1c(OCC(F)(F)F)ccnc1C[S+]([O-])c1nc2ccccc2[nH]1,MJIHNNLFOKEZEW-UHFFFAOYSA-N,MJIHNNLFOKEZEW,25,9,2.7
Nc1cc2n[nH]c(=O)n2c2cc(-c3cccs3)ccc12,IIWDUFIWVWNUQB-UHFFFAOYSA-N,IIWDUFIWVWNUQB,20,6,3.26
Nc1nc2ccc(C(=O)c3ccccc3)cc2[nH]1,GPMHHSJZGVOEFS-UHFFFAOYSA-N,GPMHHSJZGVOEFS,18,4,2.29
Nc1ccn([C@@H]2O[C@H](CO)[C@@H](O)C2(F)F)c(=O)n1,SDUQYLNIPVEERB-QPPQHZFASA-N,SDUQYLNIPVEERB,18,9,-1.5
Cn1cc(-c2ccc(O)cc2)c(=O)c2c(O)cc(O)cc21,ZSTFESIXYYUQRP-UHFFFAOYSA-N,ZSTFESIXYYUQRP,21,5,2.2
CC(C)Oc1ccc2c(=O)c(-c3ccccc3)coc2c1,SFBODOKJTYAUCM-UHFFFAOYSA-N,SFBODOKJTYAUCM,21,3,4.07
NC(=O)c1ccc(N(C(N)=O)c2c(F)cccc2F)nc1-c1ccc(F)cc1F,FYSRKRZDBHOFAY-UHFFFAOYSA-N,FYSRKRZDBHOFAY,29,10,1.6
CCCNC(=O)c1nnc2c(-c3cc(C)ccc3OC)cccc2c1N,GTGGDPMSPFTXEJ-UHFFFAOYSA-N,GTGGDPMSPFTXEJ,26,6,3.99
CNC(=O)c1ccc(CN2CCC(c3ccc(C(=O)Nc4ccccc4N)cc3)CC2)cc1,PPIFUYCFGJGTGQ-UHFFFAOYSA-N,PPIFUYCFGJGTGQ,33,6,1.99
Cc1ccc(S(=O)(=O)Nc2c(C(=O)N[C@@H](C)C(C)(C)C)c(C)nn2C2CCSCC2)cc1,CMBDQWHWALXRNJ-KRWDZBQOSA-N,CMBDQWHWALXRNJ,32,9,1.29
CC[C@@H]1C(=O)OC[C@@H]1Cc1cncn1C,QCHFTSOMWOSFHM-WPRPVWTQSA-N,QCHFTSOMWOSFHM,15,4,-0.37
Nc1cc2n[nH]c(=O)n2c2cc(-c3ccc[nH]3)ccc12,ICNFDCMBNDSPBV-UHFFFAOYSA-N,ICNFDCMBNDSPBV,20,6,2.3
CC(C)Cn1c(=O)n(C)c(=O)c2c(C(=O)N3CC[C@@H](O)C3)c(Cc3c[nH]c4ncccc34)sc21,CKDWXXGKUKOVBA-OAHLLOKOSA-N,CKDWXXGKUKOVBA,34,10,1.71
CCOc1cccc(/C=C2\SC(=O)NC2=O)c1N1CCC[C@@H](N)C1,YPGUAMCIYVJFOJ-OJLMPMFISA-N,YPGUAMCIYVJFOJ,24,7,1.86
CS(=O)(=O)C1(c2cc(N3CCOCC3)nc(-c3cccc4[nH]ccc34)n2)CCOCC1,FMFDMLOLARMKOL-UHFFFAOYSA-N,FMFDMLOLARMKOL,31,9,2.4
CC(C)C(NC(=O)Cn1c(-c2ccccc2)ccc(NC(=O)OCc2ccncc2)c1=O)C(=O)C(F)(F)F,SVIANZQCDOJOQO-UHFFFAOYSA-N,SVIANZQCDOJOQO,38,12,2.41
Cc1ccc(S(=O)(=O)Nc2c(C(=O)NC3CCCCC3)c(C)nn2-c2ccccc2)cc1,NDPIIMOHNSUYSI-UHFFFAOYSA-N,NDPIIMOHNSUYSI,32,8,1.68
Cn1c(=O)c(Oc2ccc(F)cc2F)cc2cnc(NC3CCOCC3)nc21,KKKRKRMVJRHDMG-UHFFFAOYSA-N,KKKRKRMVJRHDMG,28,9,2.76
O=c1oc2ccccc2cc1-c1ccccc1,HWDSXZLYIKESML-UHFFFAOYSA-N,HWDSXZLYIKESML,17,2,3.22
COc1ccccc1C(=O)NCC12CC3CC(CC(C3)C1)C2,SDDFRRUVKINZFF-UHFFFAOYSA-N,SDDFRRUVKINZFF,22,3,4.43
Cc1nc(C(=O)N2CCCC3(CCN(Cc4ccccc4)CC3)C2)cs1,PXZBMRRYQSNJHN-UHFFFAOYSA-N,PXZBMRRYQSNJHN,26,5,0.24
CS(=O)(=O)n1c2ccccc2c2cc(NC(=O)N3CCOCC3)ccc21,XPYOMEVUZBGHLA-UHFFFAOYSA-N,XPYOMEVUZBGHLA,26,8,2.7
CCOc1ccccc1-c1ccc(-c2nc3ccc(F)cc3c(C(=O)O)c2C)cc1,JENSCTHFDKMRBS-UHFFFAOYSA-N,JENSCTHFDKMRBS,30,5,1.18
CC(C)(C)C(=O)Nc1ccc2c(c1)C(=O)C(=O)c1ccccc1-2,VZQDDSYKVYARDW-UHFFFAOYSA-N,VZQDDSYKVYARDW,23,4,2.83
CN1CCN(C(=O)OC2c3nccnc3C(=O)N2c2ccc(Cl)cn2)CC1,GBBSUAFBMRNDJC-UHFFFAOYSA-N,GBBSUAFBMRNDJC,27,10,1.1
Nc1ncnc2oc(-c3ccoc3)c(-c3ccco3)c12,XDRJEBLSQSHMSJ-UHFFFAOYSA-N,XDRJEBLSQSHMSJ,20,6,3.1
O=C(O)c1ccc(Nc2ncc(Br)c(Nc3ccccc3)n2)cc1,VRYYKMWSYKUDID-UHFFFAOYSA-N,VRYYKMWSYKUDID,24,7,1.65
O=C1C=CC(=O)c2c(O)ccc(O)c21,RQNVIKXOOKXAJQ-UHFFFAOYSA-N,RQNVIKXOOKXAJQ,14,4,1.91
CC(=O)Nc1ccc(S(=O)(=O)Nc2ccccn2)cc1,CYLYVXPHAQLXFG-UHFFFAOYSA-N,CYLYVXPHAQLXFG,20,7,0.24
C[C@@H](Oc1cccc2ncnc(Nc3ccc(OCc4ccccn4)c(Cl)c3)c12)C(=O)N(C)CCO,WZEUNGUUUBFSGF-QGZVFWFLSA-N,WZEUNGUUUBFSGF,36,10,3.56
O=c1c(-c2ccc(O)c(O)c2)coc2cc(O)ccc12,DDKGKOOLFLYZDL-UHFFFAOYSA-N,DDKGKOOLFLYZDL,20,5,1.88
O=c1[nH]c([C@@H]2CCCN2)nc2c1oc1ccc(Br)cc12,IFSZNNCMCGMAHD-VIFPVBQESA-N,IFSZNNCMCGMAHD,20,6,2.19
C[C@@H]1CN(C(=O)OC(C)(C)C)CCN1c1ncc(OCc2ccc(S(C)(=O)=O)cc2C#N)cn1,PBWNUNVXZZYHOC-MRXNPFEDSA-N,PBWNUNVXZZYHOC,34,11,3.3
Cc1cc(Nc2cc(N3CCN(C)CC3)nc(Sc3ccc(NC(=O)C4CC4)cc3)n2)n[nH]1,GCIKSSRWRFVXBI-UHFFFAOYSA-N,GCIKSSRWRFVXBI,33,10,3.47
Cc1cnc(NS(=O)(=O)c2ccccc2)c(C)n1,LCRSIPABOTZMFH-UHFFFAOYSA-N,LCRSIPABOTZMFH,18,6,-0.03
CCCC(=O)NCc1cncc(-c2ccc(F)cc2OC)c1,OXVKXTQHPIGIBM-UHFFFAOYSA-N,OXVKXTQHPIGIBM,22,5,2.9
CC(C)C(NC(=O)Cn1c(-c2ccccc2)ccc(NC(=O)Cc2ccc(C(=O)O)cc2)c1=O)C(=O)C(F)(F)F,DQVDGXNVKFNHKC-UHFFFAOYSA-N,DQVDGXNVKFNHKC,40,12,0.35
Cc1nnc2n1-c1ccc(Cl)cc1C(c1ccccc1Cl)=NC2,JOFWLTCLBGQGBO-UHFFFAOYSA-N,JOFWLTCLBGQGBO,23,6,2.34
Cc1nn(C)c2ccc(N3CCN(C(=O)[C@@H]4CCCC[C@H]4C(=O)NC4(C#N)CC4)[C@H](C)C3)cc12,KFZXSMATDSSFDD-DUXKGJEZSA-N,KFZXSMATDSSFDD,34,8,2.8
Cn1cc(C#N)cc1-c1c2c(=O)n(CCO)c(=O)n(CC3CC3)c2nn1Cc1ccnc2ccc(Cl)cc12,LNCMUDVKXPYNMJ-UHFFFAOYSA-N,LNCMUDVKXPYNMJ,38,11,3.0
Cc1cccc(-c2nc3cc(Cl)ccc3[nH]2)n1,DIFHNJNBZCBMEY-UHFFFAOYSA-N,DIFHNJNBZCBMEY,17,4,4.1
COC(=O)c1ccc(CC(=O)N(C)C2CCN(CCC(c3ccccc3)c3ccccc3)CC2)cc1,DNKDGXQNAHLZOH-UHFFFAOYSA-N,DNKDGXQNAHLZOH,36,5,4.0
N#Cc1ccc2ccc(=O)n(CCN3CC[C@@H](NCc4ccc5c(n4)NC(=O)CO5)[C@@H](F)C3)c2c1,XELZYICHKGKZBS-VQTJNVASSA-N,XELZYICHKGKZBS,35,10,0.66
Cc1ccc(S(=O)(=O)Nc2c(C(=O)N[C@@H](C)C(C)(C)C)c(C)nn2C2CCN(CC(F)(F)F)CC2)cc1,ASROBFZJWMKUSD-SFHVURJKSA-N,ASROBFZJWMKUSD,37,12,1.08
C[C@@H]1CN(CC2(C(N)=O)CC2)CCN1S(=O)(=O)c1ccc(C(C)(O)C(F)(F)F)cc1,YJFULAYRAKPBCY-FWJOYPJLSA-N,YJFULAYRAKPBCY,30,11,1.03
c1ccc2[nH]ncc2c1,BAXOFTOLAUCFNW-UHFFFAOYSA-N,BAXOFTOLAUCFNW,9,2,1.9
COCCS(=O)(=O)c1ccc(Nc2nccc(-c3cnc(C)n3C(C)C)n2)cc1,WBPFBRSQEAARNO-UHFFFAOYSA-N,WBPFBRSQEAARNO,29,9,2.56
O=S(=O)(CCCOCCc1ccccc1)CCNCCc1ccc(O)c2nc(O)sc12,DBCKRBGYGMVSTI-UHFFFAOYSA-N,DBCKRBGYGMVSTI,31,9,2.61
COc1ccc(OC(F)(F)F)cc1CN[C@H]1CCCN[C@H]1c1ccccc1,ZIWFCOIGUNPHPM-HKUYNNGSSA-N,ZIWFCOIGUNPHPM,27,7,2.9
Nc1nc(-c2ccc(Cl)cc2)cs1,DWGWNNCHJPKZNC-UHFFFAOYSA-N,DWGWNNCHJPKZNC,13,4,3.31
NS(=O)(=O)c1cc(C(=O)O)c(NCc2ccco2)cc1Cl,ZZUFCTLCJUWOSV-UHFFFAOYSA-N,ZZUFCTLCJUWOSV,21,9,-0.9
CCOC(=O)c1ccc(N)cc1,BLFLLBZGZJTVJG-UHFFFAOYSA-N,BLFLLBZGZJTVJG,12,3,1.83
CCN(C(=O)c1cnn(-c2ccccc2)c1NS(=O)(=O)c1ccc(-c2cnco2)cc1)C1CCCCC1,RVIAYIHTJMJVOV-UHFFFAOYSA-N,RVIAYIHTJMJVOV,37,10,1.46
O=[N+]([O-])c1c(Cl)c(Cl)cc2nc(O)c(O)nc12,CHFSOFHQIZKQCR-UHFFFAOYSA-N,CHFSOFHQIZKQCR,17,9,0.21
CNCC[C@@H](Oc1cc(OC)ccc1C#N)c1ccccc1,YHAUZLJCBAELMT-QGZVFWFLSA-N,YHAUZLJCBAELMT,22,4,0.87
CCc1c(C)nc2sc(C(N)=O)c(N)c2c1C,CWKMPZOEUOYQAU-UHFFFAOYSA-N,CWKMPZOEUOYQAU,17,5,2.62
O=C(COc1ccc(SCCCCCc2ccccc2)cc1)COc1ccc(C(=O)O)cc1,HJJQCMPZMWKMPM-UHFFFAOYSA-N,HJJQCMPZMWKMPM,33,6,3.63
COc1cc2ncc(C(N)=O)c(Nc3ccc(F)cc3F)c2cc1NCCN1CCOCC1,QHTUGHGRDVZBTD-UHFFFAOYSA-N,QHTUGHGRDVZBTD,33,10,2.68
O=C(NC1Cc2ccccc2N(CCCO)C1=O)c1cc2cc(Cl)sc2[nH]1,MPSSPROHBINMSR-UHFFFAOYSA-N,MPSSPROHBINMSR,27,8,3.49
O=C(O)CC[C@@H]1c2ccccc2C[C@H]1NC(=O)c1cc2sc(Cl)c(Cl)c2[nH]1,VWQWOWSMPRPFMU-VXGBXAGGSA-N,VWQWOWSMPRPFMU,27,8,2.84
OCCO[C@H]1C[C@@H](n2nnc3c(N[C@@H]4C[C@H]4c4ccc(F)c(F)c4)nc(SCCC(F)(F)F)nc32)[C@H](O)[C@@H]1O,DABLIZSFXIIDKD-SUWDMQDDSA-N,DABLIZSFXIIDKD,39,16,4.17
Cc1cc(CNc2ncc(Cl)c(Nc3cc(C)[nH]n3)n2)on1,TUBODGMMPFXPHH-UHFFFAOYSA-N,TUBODGMMPFXPHH,22,9,2.68
CCCc1cc(C2=N[C@@H](C(=O)NO)CO2)cc(OC)c1OC,DGGKRIGJIQRXQD-LLVKDONJSA-N,DGGKRIGJIQRXQD,22,7,1.69
O=CN(O)C1(CS(=O)(=O)N2CCN(c3ccc(F)cc3)CC2)CCOCC1,XAXGZPUPBCYAIE-UHFFFAOYSA-N,XAXGZPUPBCYAIE,27,10,0.85
CC(C)[C@@H](CN1CC[C@@](C)(c2cccc(O)c2)[C@@H](C)C1)NC(=O)[C@H]1Cc2ccc(O)cc2CN1,ZLVXBBHTMQJRSX-VMGNSXQWSA-N,ZLVXBBHTMQJRSX,34,6,2.39
N#Cc1cccc(-c2cccc(C(=O)O)c2)c1,BFOFVXTZGJGLES-UHFFFAOYSA-N,BFOFVXTZGJGLES,17,3,0.3
CC1(C)[C@@H]2CC[C@@]1(CS(=O)(=O)N1CCN(c3ccc(C(F)(F)F)cn3)CC1)C(=O)C2,BYVPYJYHCMIHMK-AUUYWEPGSA-N,BYVPYJYHCMIHMK,30,10,3.8
Cc1cn([C@H]2CCCN([C@H](CC(C)(C)C)c3ccc(C(=O)O)c(Oc4cccc(Br)c4)c3)C2)c(=O)[nH]c1=O,SXYGLXXKMZTVNB-XUZZJYLKSA-N,SXYGLXXKMZTVNB,38,9,1.09
COc1cc2ncc(C(N)=O)c(Nc3cc(C)ccc3F)c2cc1OC,DRLAQNVAPJIJNS-UHFFFAOYSA-N,DRLAQNVAPJIJNS,26,7,3.16
COc1cc(Oc2ccnc3ccc(F)cc23)ccc1CC(=O)Nc1noc(C)c1C,JRWDTEMXRPOSNU-UHFFFAOYSA-N,JRWDTEMXRPOSNU,31,8,4.06
Cc1cc(NC(=O)c2ccc(Cl)cc2)n(-c2ccccc2)n1,LRGPGWYXQMQPLR-UHFFFAOYSA-N,LRGPGWYXQMQPLR,22,5,3.25
O=C(O)c1ccc(-n2ncc(C(=O)NC3C4CC5CC(C4)CC3C5)c2C2CCCC2)cc1,YKRNKUQRDVITDV-UHFFFAOYSA-N,YKRNKUQRDVITDV,32,6,1.72
Cc1c(CCC(=O)O)c(=O)oc2cc(O)ccc12,YFGDSAVPKKKVDY-UHFFFAOYSA-N,YFGDSAVPKKKVDY,18,5,-0.7
CC(C)(O)c1ccc(Nc2nc3ccc(C#N)cc3[nH]2)cc1,GQWZYHWBIWTFGP-UHFFFAOYSA-N,GQWZYHWBIWTFGP,22,5,2.73
CN(C)CC(O)COc1ccc(Nc2cc(Nc3ccc(F)cc3F)ncn2)cc1,UDJFNUQDJAQEGK-UHFFFAOYSA-N,UDJFNUQDJAQEGK,30,9,1.48
COc1cc2ncc(C(N)=O)c(Nc3ccccc3Cl)c2cc1OC,HBWPCUHTARMVOQ-UHFFFAOYSA-N,HBWPCUHTARMVOQ,25,7,2.89
c1ccc2sc(C3CCCNC3)nc2c1,PXPKASSSZWCUJE-UHFFFAOYSA-N,PXPKASSSZWCUJE,15,3,1.0
O=[N+]([O-])c1cccc2ccc(C(Cl)(Cl)Cl)nc12,OHDZCTLOHUQTEN-UHFFFAOYSA-N,OHDZCTLOHUQTEN,17,7,3.7
C[C@H](Nc1ncc(Cl)c(Nc2cc(N(C)C)[nH]n2)n1)c1ncc(F)cn1,PPLRBMLMJLUEFX-QMMMGPOBSA-N,PPLRBMLMJLUEFX,26,11,2.33
CN(C)C(=O)CN1C(=O)C(NC(=O)c2cc3cc(Cl)sc3[nH]2)Cc2ccccc21,BDFSITGJCZCMTL-UHFFFAOYSA-N,BDFSITGJCZCMTL,29,9,3.07
CN(C)c1ccccc1S(=O)(=O)NC(=O)N1CCC(N2CCC(Oc3ccc(Cl)c(Cl)c3)CC2)CC1,GSQPHXFZLYFUQD-UHFFFAOYSA-N,GSQPHXFZLYFUQD,36,11,1.74
N#Cc1c(-c2ccccc2)nc(SCc2ccccc2)[nH]c1=O,MNLIWUHXDSRCED-UHFFFAOYSA-N,MNLIWUHXDSRCED,23,5,1.56
CC(C)C(NC(=O)Cn1c(-c2ccccc2)ccc(NC(=O)NCc2ccncc2)c1=O)C(=O)C(F)(F)F,UTKFBCLYFMQFLR-UHFFFAOYSA-N,UTKFBCLYFMQFLR,38,12,2.16
C[C@H](CO)Nc1nc(SCc2cccc(Cl)c2)nc2nc(N)sc12,DOHXZWATHUYWIY-MRVPVSSYSA-N,DOHXZWATHUYWIY,24,9,3.31
CCN1CCN(Cc2ccc(-c3cc4c(N[C@H](C)c5ccccc5)ncnc4[nH]3)cc2)CC1,OONFNUWBHFSNBT-HXUWFJFHSA-N,OONFNUWBHFSNBT,33,6,3.97
OC(CN1CCOCC1)c1ccccc1,CKCUWHAMJDWXOH-UHFFFAOYSA-N,CKCUWHAMJDWXOH,15,3,1.0
OCCN1CCN(CCCN2c3ccccc3Sc3ccc(C(F)(F)F)cc32)CC1,PLDUPXSUYLZYBN-UHFFFAOYSA-N,PLDUPXSUYLZYBN,30,8,3.8
CC(=O)Nc1ccc2ccn(-c3cc(NCCCN4CCCC4)n4ncc(C#N)c4n3)c2c1,CBGDEHATHAAROF-UHFFFAOYSA-N,CBGDEHATHAAROF,33,9,1.87
CN(C)c1cccc2c(S(N)(=O)=O)cccc12,TYNBFJJKZPTRKS-UHFFFAOYSA-N,TYNBFJJKZPTRKS,17,5,1.95
Cc1[nH]c(C(=O)NC2CCN(c3nc(C(=O)O)cs3)CC2)c(Cl)c1Cl,HTNKDZWIWRHOKT-UHFFFAOYSA-N,HTNKDZWIWRHOKT,25,10,0.14
CCC[C@H](CO)Nc1nc(S[C@@H](C)c2cccc(C#N)c2)nc2[nH]c(=O)sc12,COQNFUICOUPODA-SMDDNHRTSA-N,COQNFUICOUPODA,28,9,3.7
O=C(NC[C@@H](O)CN1CCC(Oc2ccc(Cl)c(Cl)c2)CC1)c1c[nH]c(=O)cc1C(F)(F)F,SKXJKSJHHFLVAP-GFCCVEGCSA-N,SKXJKSJHHFLVAP,33,12,2.71
CC(C)C(NC(=O)Cn1c(-c2ccccc2)ccc(NS(=O)(=O)C(F)(F)F)c1=O)C(=O)C(F)(F)F,ILIXOTURYGTOFM-UHFFFAOYSA-N,ILIXOTURYGTOFM,35,15,1.01
O=C(c1ccc(F)cc1)C1CCN(C(=O)c2ccc(F)cc2)CC1,QHGJBDZFSMLUSV-UHFFFAOYSA-N,QHGJBDZFSMLUSV,24,5,2.9
CC(C(=O)O)c1cccc(C(=O)c2ccccc2)c1,DKYWVDODHFEZIM-UHFFFAOYSA-N,DKYWVDODHFEZIM,19,3,-0.12
Nc1nccc(/C=C/c2ccc(Cl)cc2)n1,SLOHOIHDYJQRHM-ZZXKWVIFSA-N,SLOHOIHDYJQRHM,16,4,3.5
CCCC[C@@H](C=O)NC(=O)[C@H](CC(C)C)NC(=O)[C@H](CC(C)C)NC(C)=O,FMYKJLXRRQTBOR-BZSNNMDCSA-N,FMYKJLXRRQTBOR,27,7,2.6
O=C(O)c1cccnc1Nc1cccc(C(F)(F)F)c1,JZFPYUNJRRFVQU-UHFFFAOYSA-N,JZFPYUNJRRFVQU,20,7,1.0
CC1(C)COCc2sc(N3CCN(C(=O)[C@@H]4CCCC[C@H]4C(=O)NC4(C#N)CC4)CC3)nc21,UUMNPPORDACEGG-IAGOWNOFSA-N,UUMNPPORDACEGG,33,9,2.4
COc1cc2ncc(C(N)=O)c(Nc3cccc(F)c3F)c2cc1OC,NTOGELKOTXUCNI-UHFFFAOYSA-N,NTOGELKOTXUCNI,26,8,2.82
O=C(CC12CC3CC(CC(C3)C1)C2)Nc1c(Cl)ccc2nc(CN3CCN(CCO)CC3)ccc12,JPGQURIKAYHUIV-UHFFFAOYSA-N,JPGQURIKAYHUIV,35,7,2.93
N#Cc1cccc(COc2ccc3c(c2)OCCC3=O)c1,YPKWTHRFOIWXKW-UHFFFAOYSA-N,YPKWTHRFOIWXKW,21,4,2.8
Cc1nc(C)c(-c2ccc([C@H]3CC[C@@H](CC(=O)O)CC3)c(F)c2)nc1C(N)=O,VWXCBIYKAIQGAT-OKILXGFUSA-N,VWXCBIYKAIQGAT,28,7,1.2
Cn1cnc([N+](=O)[O-])c1Sc1ncnc2nc[nH]c12,LMEKQMALGUDUQG-UHFFFAOYSA-N,LMEKQMALGUDUQG,19,10,0.19
CC(C)(C)OC(=O)NCCCSC[C@H]1O[C@@H](n2cnc3c(N)ncnc32)[C@H](O)[C@@H]1O,JTAHEIJADDRTHP-XNIJJKJLSA-N,JTAHEIJADDRTHP,30,12,1.2
N#CC1(NC(=O)[C@@H]2CCCC[C@H]2C(=O)N2CCc3[nH]c4ncccc4c3C2)CC1,QNQMLBYWCKPFEB-HZPDHXFCSA-N,QNQMLBYWCKPFEB,29,7,2.13
Nc1scc2c(C(=O)NC3CC3)nn(-c3ccc(F)cc3)c(=O)c12,YLDONMOUAPUZEL-UHFFFAOYSA-N,YLDONMOUAPUZEL,24,8,2.8
O=CNc1cc([C@@H](O)CNCCc2ccc(NC[C@H](O)c3ccccc3)cc2)ccc1O,BMKINZUHKYLSKI-DQEYMECFSA-N,BMKINZUHKYLSKI,32,7,0.02
CCCC1CCCCC(N)=N1,BHSPHDLXXIXNCX-UHFFFAOYSA-N,BHSPHDLXXIXNCX,11,2,1.1
NNc1nc2ccccc2[nH]c1=O,OLKUCGPQWNWDBW-UHFFFAOYSA-N,OLKUCGPQWNWDBW,13,5,0.44
O=C(NCC12CC3CC(CC(C3)C1)C2)c1ccnc(NCC2CCNCC2)c1Cl,ULQNKQVYRQIHGV-UHFFFAOYSA-N,ULQNKQVYRQIHGV,29,6,0.6
COCCOC(=O)C1=C(C)NC(C)=C(C(=O)OC(C)C)C1c1cccc([N+](=O)[O-])c1,UIAGMCDKSXEBJQ-UHFFFAOYSA-N,UIAGMCDKSXEBJQ,30,9,3.8
Cc1ncc(-c2ccnc(Nc3ccc(N4CCN(C(=O)CN(C)C)CC4)cc3)n2)n1C(C)C,SNNGPRMPZIXZQE-UHFFFAOYSA-N,SNNGPRMPZIXZQE,34,9,3.31
COCC[C@H](Oc1ncnc2c1cnn2-c1ccccc1Cl)C(=O)Nc1ccc(C)cn1,QOSFZTVPVNEQRB-SFHVURJKSA-N,QOSFZTVPVNEQRB,32,10,3.6
O=C(O)[C@@H](c1ccccc1)N1CCC(CN2CCC(Oc3ccc(Cl)c(Cl)c3)CC2)CC1,JHJPBZPNRYMQKP-XMMPIXPASA-N,JHJPBZPNRYMQKP,32,7,2.14
Cn1c(CN2CCN(c3cccc(Cl)c3)CC2)nc2ccccc21,DGGCMRLNBJCGGO-UHFFFAOYSA-N,DGGCMRLNBJCGGO,24,5,3.75
CCn1c(=O)c2c(=O)cc(O)oc2c2ccccc21,PLZXRYWAZMOZCA-UHFFFAOYSA-N,PLZXRYWAZMOZCA,19,5,1.13
CN(C(=O)Cc1ccc(S(C)(=O)=O)cc1)[C@@H]1CCN(Cc2ccc(C(F)(F)F)cc2)C[C@@H]1F,FUJXWKOVWJJEIM-LEWJYISDSA-N,FUJXWKOVWJJEIM,33,10,2.7
Cc1ccc(Oc2ccc(C(=O)NCc3ccncc3)cc2)cc1,KUELMQAVLKNHFA-UHFFFAOYSA-N,KUELMQAVLKNHFA,24,4,3.65
N#Cc1ccc(OC2CCN(C[C@H](O)CNC(=O)c3c[nH]c(=O)c4ccccc34)CC2)cc1Cl,PREVLKLSVWYCAY-QGZVFWFLSA-N,PREVLKLSVWYCAY,34,9,2.56
N=C(N)Nc1ccc(Cl)c(Cl)c1,NNRSVGLUJAPMQD-UHFFFAOYSA-N,NNRSVGLUJAPMQD,12,5,-0.31
Cc1ccc2c(c1)c(-c1ccnc3c(S(C)(=O)=O)cccc13)c(C)n2CC(=O)O,CUBGOGRTKCMGGK-UHFFFAOYSA-N,CUBGOGRTKCMGGK,29,7,-0.34
CCOC(=O)[C@H](Cc1ccc(O)cc1)NC(=O)c1cccc2ccccc12,BYICFESQQALZGO-FQEVSTJZSA-N,BYICFESQQALZGO,27,5,3.12
O=S(=O)(NCC(c1ccccc1)N1CCCCCC1)c1cccc(C(F)(F)F)c1,VKTPJBOTXNXDRU-UHFFFAOYSA-N,VKTPJBOTXNXDRU,29,8,3.12
O=C(Nc1cccc(O)c1)c1ccc(OCCCN2CCCC2)cc1OCc1cccc(F)c1,IRIWJYQAYANGFW-UHFFFAOYSA-N,IRIWJYQAYANGFW,34,7,3.15
NCCCCN(Cc1nc2ccccc2[nH]1)C1CCCc2cccnc21,WVLHHLRVNDMIAR-UHFFFAOYSA-N,WVLHHLRVNDMIAR,26,5,0.83
CC(=O)NC[C@H]1CN(c2ccc(N3CCN(c4cnccn4)CC3)c(F)c2)C(=O)O1,WCYHSMCBKDTYQP-INIZCTEOSA-N,WCYHSMCBKDTYQP,30,10,1.49
N#Cc1cccc(COc2cc(OCCCN3CCCC3)ccc2C(=O)Nc2cccc(O)c2)c1,GGBGIUYRILDCIY-UHFFFAOYSA-N,GGBGIUYRILDCIY,35,7,2.41
CCN(CC)CCOCCOC(=O)C1(c2ccccc2)CCCC1,CFJMRBQWBDQYMK-UHFFFAOYSA-N,CFJMRBQWBDQYMK,24,4,1.33
O=C1CCOc2cc(OCc3cccc(F)c3)ccc21,BITVMUKEYJGEDS-UHFFFAOYSA-N,BITVMUKEYJGEDS,20,4,3.4
N#CCNC(=O)[C@@H]1CCCC[C@H]1C(=O)N1CCN(c2ccc(F)cc2)CC1,ZKSDUCXACMZPEQ-QZTJIDSGSA-N,ZKSDUCXACMZPEQ,27,7,1.92
O=C(Nc1ccc(N2CCOCC2)nc1)c1nnc(Nc2ccc(F)c(F)c2)o1,XCYOKZFYAJSASP-UHFFFAOYSA-N,XCYOKZFYAJSASP,29,11,2.9
Cc1c(Sc2ccc(Cl)cc2)c2cc(-c3ccccc3)ccc2n1CC(=O)O,QPZCNPOQSRZYOA-UHFFFAOYSA-N,QPZCNPOQSRZYOA,28,5,3.7
FC(F)(F)c1cc(COCC(c2ccccc2)N2CCNCC2)cc(C(F)(F)F)c1,BUBWRIVYXMCTAG-UHFFFAOYSA-N,BUBWRIVYXMCTAG,30,9,2.9
COc1cc2ncnc(Nc3cccc(C)c3)c2cc1OC,RSVNNWQHWIOIOC-UHFFFAOYSA-N,RSVNNWQHWIOIOC,22,5,3.5
C[C@H](NC(=O)C1(N)CCN(c2ncnc3[nH]ccc23)CC1)c1ccc(Cl)cc1,RCUDMUZVZCVJCO-ZDUSSCGKSA-N,RCUDMUZVZCVJCO,28,8,2.67
CC(=O)CCCCn1c(=O)c2c(ncn2C)n(C)c1=O,BYPFEZZEUUWMEJ-UHFFFAOYSA-N,BYPFEZZEUUWMEJ,20,7,0.22
C[C@H]1CN(Cc2cc(Cl)ccc2CC(=O)O)CCN1S(=O)(=O)Cc1ccccc1,USELGMAYVJTSGV-INIZCTEOSA-N,USELGMAYVJTSGV,29,8,1.12
c1ccc(CNc2nc3ccccc3[nH]2)cc1,FXMPPQGQNSTUGE-UHFFFAOYSA-N,FXMPPQGQNSTUGE,17,3,2.76
CS(=O)(=O)N1CCOc2cc(COc3ccccc3)cnc21,CAQVASBHJSOHTF-UHFFFAOYSA-N,CAQVASBHJSOHTF,22,7,2.4
OCCOCCN1CCN(C(c2ccccc2)c2ccc(Cl)cc2)CC1,ZQDWXGKKHFNSQK-UHFFFAOYSA-N,ZQDWXGKKHFNSQK,26,5,3.08
COc1ccc(CN(CCN(C)C)c2ccccn2)cc1,YECBIJXISLIIDS-UHFFFAOYSA-N,YECBIJXISLIIDS,21,4,1.39
O=C(O)c1ccc(CN2CCC(CN3CCC(Oc4ccc(Cl)c(Cl)c4)CC3)CC2)cc1,REJVZJBLJWRHQL-UHFFFAOYSA-N,REJVZJBLJWRHQL,32,7,1.1
O=C(Cc1cc(Nc2ncnc3cc(OCCCN4CCC[C@@H]4CO)ccc23)n[nH]1)Nc1cccc(F)c1F,ZNGNLXZBVWXEKM-GOSISDBHSA-N,ZNGNLXZBVWXEKM,39,12,2.06
O=C(COCc1ccncc1)N1CCC(F)(c2ccc(Cl)cc2)CC1,XZNCMNXNIYRHSH-UHFFFAOYSA-N,XZNCMNXNIYRHSH,25,6,3.03
COc1cnccc1COc1cnc(N2CCN(C(=O)OC(C)(C)C)CC2)nc1,VMXRUYMZWIICAB-UHFFFAOYSA-N,VMXRUYMZWIICAB,29,9,3.8
NC(=O)CN1C(=O)C(NC(=O)c2cc3cc(Cl)sc3[nH]2)Cc2ccccc21,XAXUXVNWAUEYTR-UHFFFAOYSA-N,XAXUXVNWAUEYTR,27,9,3.22
Cc1[nH]c(/C=C2\C(=O)Nc3ccc(F)cc32)c(C)c1C(=O)NCCN(C)C,MBTDIENWIYANIG-GDNBJRDFSA-N,MBTDIENWIYANIG,27,7,1.75
O=C(Nc1ccc(N2CCOCC2)nc1)c1nnc(Nc2ccc(F)cc2)o1,PSXDNVACCFYRGZ-UHFFFAOYSA-N,PSXDNVACCFYRGZ,28,10,3.0
CN(C(=O)Cc1ccccc1)[C@H]1CC[C@@]2(CCCO2)C[C@@H]1N1CCCC1,PGZRDDYTKFZSFR-ONTIZHBOSA-N,PGZRDDYTKFZSFR,26,4,0.99
Cc1[nH]c(C(=O)NC2CCN(c3cc(C(=O)O)cc(Cl)n3)CC2)c(Cl)c1Cl,DCZRFEDKJFMNBE-UHFFFAOYSA-N,DCZRFEDKJFMNBE,27,10,1.74
COc1ccc(C(=O)Nc2cc(NC(=O)c3cccc(N(C)C)c3)ccc2C)cc1,HDBXCACKAXIPCD-UHFFFAOYSA-N,HDBXCACKAXIPCD,30,6,3.17
Cc1cc(C)cc(-c2[nH]c3ccc(C(C)(C)C(=O)N4C5CCC4CC5)cc3c2CCNCCCCc2ccncc2)c1,YILJSJKPTKZLAS-UHFFFAOYSA-N,YILJSJKPTKZLAS,42,5,4.3
C[C@H]([C@H](O)c1ccc(O)cc1)N1CCC(O)(c2ccccc2)CC1,QEMSVZNTSXPFJA-BEFAXECRSA-N,QEMSVZNTSXPFJA,24,4,0.91
CCCSc1nc(N2CCC[C@H](CC(=O)O)C2)ccc1C(=O)NC1CCCCC1,NCDZABJPWMBMIQ-MRXNPFEDSA-N,NCDZABJPWMBMIQ,29,7,2.18
NC(=O)Nc1sc(-c2ccc(F)cc2)cc1C(=O)N[C@H]1CCCNC1,OCLKNWCGOVQNMO-LBPRGKRZSA-N,OCLKNWCGOVQNMO,25,8,1.76
CCCSc1nc(N2CCCCC2C(=O)O)ccc1C(=O)NC1CCCCC1,OUWJQKDZRGZBGA-UHFFFAOYSA-N,OUWJQKDZRGZBGA,28,7,1.36
Oc1ccc(C(c2ccc(O)cc2)C(Cl)(Cl)Cl)cc1,IUGDILGOLSSKNE-UHFFFAOYSA-N,IUGDILGOLSSKNE,19,5,3.86
CNc1c(Br)cnc2[nH]c(-c3ccc(OCCCN4CCOCC4)cc3)nc12,WSBFFVQWZREUMG-UHFFFAOYSA-N,WSBFFVQWZREUMG,28,8,2.96
CSc1ccc(OCc2ccccc2)c(/C=C/c2ccc(C(=O)O)cn2)c1,LEORJWQGRATHDS-VQHVLOKHSA-N,LEORJWQGRATHDS,27,5,2.45
CNc1cccc(CCOc2ccc(C[C@H](NC(=O)c3c(C)cc(C)cc3C)C(=O)O)cc2)n1,CJYMQDSGVRJJGX-QHCPKHFHSA-N,CJYMQDSGVRJJGX,34,7,0.52
Cn1cc(S(C)(=O)=O)cc1-c1c2c(=O)n(C)c(=O)n(CC3CC3)c2nn1Cc1ccnc2ccc(Cl)cc12,OSQRJYUHXPRSRK-UHFFFAOYSA-N,OSQRJYUHXPRSRK,38,12,3.18
CCCc1c(OCc2ccc(/C=C/c3nn[nH]n3)cc2)ccc(C(C)=O)c1O,NQRGAILPHWTQJR-FMIVXFBMSA-N,NQRGAILPHWTQJR,28,7,3.3
c1ccc2nc(C3=NCCN3)ccc2c1,OSUVWJGCKQEMHK-UHFFFAOYSA-N,OSUVWJGCKQEMHK,15,3,0.6
CCCNCc1cnc(-c2ccc(C(=O)Nc3ccccc3N)cc2)s1,VDVPSIREDHINBU-UHFFFAOYSA-N,VDVPSIREDHINBU,26,6,1.75
COC(=O)CCn1cc(-c2cc(NC3CC3)n3ncc(C#N)c3n2)c2cc(NC(C)=O)ccc21,IBXUXSHNNSYWQC-UHFFFAOYSA-N,IBXUXSHNNSYWQC,34,10,2.72
CC(C#Cc1ccccc1)n1[nH]c(=O)c2[nH]c3cc(Cl)ccc3c(=O)c2c1=O,PRFHKUZGQBCNAA-UHFFFAOYSA-N,PRFHKUZGQBCNAA,28,7,1.4
Cc1cc(=O)oc2cc3c(cc12)CCCN3,PZTQNUMZYIQRGY-UHFFFAOYSA-N,PZTQNUMZYIQRGY,16,3,2.7
N#Cc1cccc(-c2cc(C(F)(F)F)ccc2OCC(=O)O)c1,YQPVFQSSUIRJBC-UHFFFAOYSA-N,YQPVFQSSUIRJBC,23,7,0.05
CNc1nc(C)c(-c2nc(Nc3cccc(N4CCCNCC4)c3)ncc2C#N)s1,BKOYUSKBPMSUBK-UHFFFAOYSA-N,BKOYUSKBPMSUBK,30,9,1.64
O=c1[nH]c2c(O)ccc([C@@H](O)CNCCCSCCOCCc3ccccc3)c2s1,GIBUZEJUJJDWTJ-IBGZPJMESA-N,GIBUZEJUJJDWTJ,30,8,2.3
CCNC(=O)c1cc2c(-n3ccc(C(F)(F)F)n3)c(-c3cncc(C(N)=O)c3)cnc2[nH]1,PPUPPIFFQORBOU-UHFFFAOYSA-N,PPUPPIFFQORBOU,32,12,1.81
C/N=C(\S)n1nc(-c2ccc(Cl)cc2)nc1N,PWDDJOGPFSDPEK-UHFFFAOYSA-N,PWDDJOGPFSDPEK,17,7,4.12
Cc1c(CCC(=O)O)c(=O)oc2c(C)c(O)ccc12,OUROTNVDKVPWEB-UHFFFAOYSA-N,OUROTNVDKVPWEB,19,5,-0.3
C#CCN(C)C(C)Cc1ccccc1,MEZLKOACVSPNER-UHFFFAOYSA-N,MEZLKOACVSPNER,14,1,2.16
Cc1ccc(S(=O)(=O)Nc2c(C(=O)N[C@@H](C)C(C)(C)C)c(C)nn2C2CCOCC2)cc1,UPEHDFOHENZPGX-KRWDZBQOSA-N,UPEHDFOHENZPGX,32,9,0.5
CC(C)C(NC(=O)Cn1c(-c2ccccc2)ccc(NS(=O)(=O)NCc2ccccc2)c1=O)C(=O)C(F)(F)F,CQZXZGBXPBCKAA-UHFFFAOYSA-N,CQZXZGBXPBCKAA,39,13,2.57
Cc1c(CC(=O)O)c2cc(F)ccc2n1S(=O)(=O)c1ccc(S(C)(=O)=O)cc1,HKLGBZGYRPIFOH-UHFFFAOYSA-N,HKLGBZGYRPIFOH,28,10,-0.44
CN[C@@H](C)C(=O)N[C@H](C(=O)N[C@H]1CCCN(S(=O)(=O)c2ccccc2)C1)C(C)(C)C,MIAPTUPYMQWRAF-XYJFISCASA-N,MIAPTUPYMQWRAF,30,9,0.9
CCCN(CCC)CCc1cccc2c1CC(=O)N2,UHSKFQJFRQCDBE-UHFFFAOYSA-N,UHSKFQJFRQCDBE,19,3,0.76
CC(NC(=O)C1(N)CCN(c2ncnc3[nH]ccc23)CC1)c1cccnc1,YUZRIQNBQFPWRI-UHFFFAOYSA-N,YUZRIQNBQFPWRI,27,8,1.2
O=C(NCCc1ccccc1)c1cc(-n2ncc(=O)[nH]c2=O)ccc1Cl,JYZZNJRSHOLLNY-UHFFFAOYSA-N,JYZZNJRSHOLLNY,26,8,0.74
Cc1ccc2c(c1)c([S+]([O-])c1ccc(Cl)cc1)c(C)n2CC(=O)O,DNEDPPSLQNDMAL-UHFFFAOYSA-N,DNEDPPSLQNDMAL,24,6,0.05
CCN(CC)C(=O)c1ccc(C(=C2CCNCC2)c2ccc(Cl)c(Cl)c2)cc1,GLUXRABXTHAEQS-UHFFFAOYSA-N,GLUXRABXTHAEQS,28,5,2.4
N#Cc1cccc(C[C@@H](C(=O)O)N2CCC(CN3CCC(Oc4ccc(Cl)c(Cl)c4)CC3)CC2)c1,QIUVHPATBGGVRR-SANMLTNESA-N,QIUVHPATBGGVRR,35,8,2.26
COc1ccccc1C(=O)Nc1nc2ccccc2[nH]1,SPICRFWJLUCKJT-UHFFFAOYSA-N,SPICRFWJLUCKJT,20,5,2.9
CNc1ncc(C(=O)c2ccccc2)s1,ACIORWSBZIKYKH-UHFFFAOYSA-N,ACIORWSBZIKYKH,15,4,2.36
COc1cc2ncnc(Nc3ccccc3)c2cc1OC,MJKCGAHOCZLYDG-UHFFFAOYSA-N,MJKCGAHOCZLYDG,21,5,3.04
CN1CCN(c2ccc(Nc3ccnc4ccccc34)cc2)CC1,RXXDJBWYJTWSKV-UHFFFAOYSA-N,RXXDJBWYJTWSKV,24,4,1.3
CNC[C@H](O)c1ccc(Cl)c(C(=O)NCC23CC4CC(CC(C4)C2)C3)c1,KSNAJKKSFGFWSE-BAMAOYLXSA-N,KSNAJKKSFGFWSE,26,5,1.41
OC(CCN1CCCCC1)(c1ccccc1)C1CC2C=CC1C2,YSXKPIUOCJLQIE-UHFFFAOYSA-N,YSXKPIUOCJLQIE,23,2,2.49
COc1ccc(CNC(=O)CSc2nc3cccnc3s2)cc1,DYZBVHSZWXIDDQ-UHFFFAOYSA-N,DYZBVHSZWXIDDQ,23,7,2.5
CC(=O)N[C@H](C)c1ccc(Nc2ncc3cc(-c4ccncc4)ccc3n2)cc1,FSHWAYWSRSSJNF-OAHLLOKOSA-N,FSHWAYWSRSSJNF,29,6,3.18
Cc1cccc(Oc2cc(CN3CCC[C@H](n4cc(C)c(=O)[nH]c4=O)C3)ccc2C(=O)O)c1,DIHBKEBFLYESNZ-IBGZPJMESA-N,DIHBKEBFLYESNZ,33,8,-0.82
CCCc1c(O)c(O)c(C(=O)O)c2cc(Cc3ccccc3)c(C)cc12,LVPYVYFMCKYFCZ-UHFFFAOYSA-N,LVPYVYFMCKYFCZ,26,4,2.6
CS(=O)(=O)Nc1cccc(NC(=O)CN2CCN(C(=O)C[C@H](N)Cc3ccc(F)c(F)c3)[C@H](Cc3ccccc3)C2)c1,PUKARVRQDSPFPB-ZEQKJWHPSA-N,PUKARVRQDSPFPB,42,12,2.06
O=S1NC(Cc2ccc3ccccc3c2)=NO1,JDZJQMZKLLQXMR-UHFFFAOYSA-N,JDZJQMZKLLQXMR,17,5,1.85
O=C(c1cccc(Cc2n[nH]c(=O)c3ccccc23)c1)N1CCN(c2ccccn2)CC1,KTPOWDHTPBPVFM-UHFFFAOYSA-N,KTPOWDHTPBPVFM,32,7,2.36
COc1cnc(-c2ccccn2)nc1N(C)c1ccccc1,FLLGZHLDRRHIKJ-UHFFFAOYSA-N,FLLGZHLDRRHIKJ,22,5,2.79
CS(=O)(=O)c1ccc([C@@H](C[C@H]2CCC(=O)C2)C(=O)Nc2cnccn2)cc1Cl,XEANIURBPHCHMG-SWLSCSKDSA-N,XEANIURBPHCHMG,28,9,1.39
Cc1nc(C(=O)N2CCOC3(CCN(Cc4ccc(Cl)cc4)CC3)C2)cs1,ALYOAWZYSZLYLO-UHFFFAOYSA-N,ALYOAWZYSZLYLO,27,7,2.17
Cc1ccc(S(=O)(=O)N(C)C(=O)N2CCC(N3CCC(Oc4ccc(Cl)c(Cl)c4)CC3)CC2)cc1,LPHIWCBAJGQIIF-UHFFFAOYSA-N,LPHIWCBAJGQIIF,35,10,4.49
Cc1ccnc(NCc2ccccc2)c1,QHDJYTUZWBABGW-UHFFFAOYSA-N,QHDJYTUZWBABGW,15,2,3.08
Cn1cc[nH]c1=S,PMRYVIKBURPHAH-UHFFFAOYSA-N,PMRYVIKBURPHAH,7,3,-0.42
COc1cc2ncnc(Nc3cccc(Cl)c3F)c2cc1CN1CCC[C@@H]1C(N)=O,SAERMKUGKADQHG-QGZVFWFLSA-N,SAERMKUGKADQHG,30,9,3.58
CS(=O)(=O)c1cccc(Nc2nccc(Nc3c(Cl)ccc4ccoc34)n2)c1,ZAARSQMNTKRNDW-UHFFFAOYSA-N,ZAARSQMNTKRNDW,28,9,3.7
N=C(N)Nc1ccc(C(=O)Oc2ccc([N+](=O)[O-])cc2)cc1,CFOQGBUQTOGYKI-UHFFFAOYSA-N,CFOQGBUQTOGYKI,22,8,0.5
CCN(C(=O)Cc1ccc(S(C)(=O)=O)cc1)C1CCN(CCC(c2ccccc2)C2CCN(Cc3ccccc3)CC2)CC1,QITNIAPXIUPAEO-UHFFFAOYSA-N,QITNIAPXIUPAEO,44,7,2.41
CN(C)C(=O)CC(NC(=O)C1(N)CCN(c2ncnc3[nH]ccc23)CC1)c1ccc(Cl)cc1,LQQPFOMYANFEHH-UHFFFAOYSA-N,LQQPFOMYANFEHH,33,10,2.4
O=C(NS(=O)(=O)c1cccc(Cl)c1)N1CCC(N2CCC(Oc3ccc(Cl)c(Cl)c3)CC2)CC1,ZFVQRQOPWCBDOI-UHFFFAOYSA-N,ZFVQRQOPWCBDOI,34,11,2.62
COc1cc(N2CCN(C(C)=O)CC2)ccc1Nc1ncc(Cl)c(-c2cnc3c(C)cccn23)n1,GHQJVVGAJQKDIW-UHFFFAOYSA-N,GHQJVVGAJQKDIW,35,10,3.2
CS(=O)(=O)c1ccc(-c2nnc(/C=C/c3nnc(-c4ccc(C#N)cc4)o3)n2-c2ccccc2Cl)nc1,HIWVLHPKZNBSBE-OUKQBFOZSA-N,HIWVLHPKZNBSBE,37,12,2.66
O=c1oc2ccc(O)cc2cc1-c1ccc(O)cc1,XUTYAUVYVISBAC-UHFFFAOYSA-N,XUTYAUVYVISBAC,19,4,2.9
CN1C(=O)CN=C(c2ccccc2F)c2cc([N+](=O)[O-])ccc21,PPTYJKAXVCCBDU-UHFFFAOYSA-N,PPTYJKAXVCCBDU,23,7,2.1
CCN1CCN(CC(=O)Nc2ccc(-c3cccc4c(=O)cc(N5CCOCC5)oc34)c3sc4ccccc4c23)CC1,AATCBLYHOUOCTO-UHFFFAOYSA-N,AATCBLYHOUOCTO,42,9,3.05
COc1ccc(CNCc2ccc(-c3cc(C(N)=O)c(NC(N)=O)s3)cc2)cc1,MMBYQUSJDXIEGB-UHFFFAOYSA-N,MMBYQUSJDXIEGB,29,8,2.55
Cc1ncc(-c2ccnc(Nc3ccc(F)cc3)n2)n1C(C)C,RXPIWEJYJNBHBB-UHFFFAOYSA-N,RXPIWEJYJNBHBB,23,6,3.62
COc1ccc2c(C)nc(=O)n(CCN3CCC(NCc4cc5c(cn4)OCCO5)CC3)c2c1,WPLIOUGEFJMVJY-UHFFFAOYSA-N,WPLIOUGEFJMVJY,34,9,0.29
COC(=O)C1C(OC(=O)c2ccccc2)CC2CCC1N2C,ZPUCINDJVBIVPJ-UHFFFAOYSA-N,ZPUCINDJVBIVPJ,22,5,1.06
Cc1nc2ccc(NC(=O)CCNC(N)=O)cc2s1,OVXHZNUBLPBIEB-UHFFFAOYSA-N,OVXHZNUBLPBIEB,19,7,0.9
O=C(NC[C@@H](O)CN1CCC(Oc2ccc(Cl)c(Cl)c2)CC1)c1c[nH]c2ccccc12,DIXSEWSBXAEKKY-OAHLLOKOSA-N,DIXSEWSBXAEKKY,31,8,3.91
C[C@H](CO)Nc1nc(SCc2ccco2)nc2[nH]c(=O)sc12,JPKFBTRMHVXMHW-SSDOTTSWSA-N,JPKFBTRMHVXMHW,22,9,2.21
O=C([C@@H]1CCCN1)N1CCN(c2nc(NCc3ccc(Cl)cc3Cl)c3cccnc3n2)CC1,NMEJJNBJNRNRJQ-IBGZPJMESA-N,NMEJJNBJNRNRJQ,33,10,2.41
N#Cc1cnn(-c2ccccc2)c1NC(=O)CN1CCN(c2ccccc2)CC1,BMQHETMPEMRNER-UHFFFAOYSA-N,BMQHETMPEMRNER,29,7,2.3
Cc1ncc([N+](=O)[O-])n1CCO,VAOCPAMSLUNLGC-UHFFFAOYSA-N,VAOCPAMSLUNLGC,12,6,-0.11
COCCN1CCN(CC(=O)Nc2ccc(-c3cccn4c(=O)cc(N5CCOCC5)nc34)c3sc4ccccc4c23)CC1,XWFFFSBKJSMVEY-UHFFFAOYSA-N,XWFFFSBKJSMVEY,44,11,3.2
CNS(=O)(=O)c1ccc2c(C(=O)NC[C@@H](O)CN3CCC(Oc4ccc(Cl)c(Cl)c4)CC3)c[nH]c(=O)c2c1,AMEQLQYPRVOFMB-OAHLLOKOSA-N,AMEQLQYPRVOFMB,38,13,2.77
OC1(c2ccc(-c3ccccc3)cc2)CN2CCC1CC2,WPCQYFUQHBLGAX-UHFFFAOYSA-N,WPCQYFUQHBLGAX,21,2,1.5
O=C(c1cccc(Cc2nnc(O)c3ccccc23)c1)N1CCOCC1,LGOGPWFGCPSOGF-UHFFFAOYSA-N,LGOGPWFGCPSOGF,26,6,1.0
Cc1cc(Nc2nc(N[C@@H](C)c3ncc(F)cn3)ncc2Br)n[nH]1,UNCBWJVKPSYJLA-QMMMGPOBSA-N,UNCBWJVKPSYJLA,24,10,2.39
Cc1ccc(S(=O)(=O)Nc2c(C(=O)N(C)C3CCCCC3)cnn2-c2ccccc2)cc1,UWZXZCXGFBCFFV-UHFFFAOYSA-N,UWZXZCXGFBCFFV,32,8,2.01
CSc1ncccc1C(=O)NCc1ccc(C)cc1,PLEUZFWIGZYOAS-UHFFFAOYSA-N,PLEUZFWIGZYOAS,19,4,2.71
CNCC[C@@H](Oc1cc(C(F)(F)F)ccc1C#N)c1ccccc1,SKDZJHOZNBMINM-MRXNPFEDSA-N,SKDZJHOZNBMINM,24,6,1.3
CCC(C)Nc1nc(C#N)nc(N2CCOCC2)c1N,IPZAMERRHISZLL-UHFFFAOYSA-N,IPZAMERRHISZLL,20,7,2.8
c1ccc2c(c1)CCN(c1ccncc1)C2,CIOBWNSCGKJAQU-UHFFFAOYSA-N,CIOBWNSCGKJAQU,16,2,1.4
CC(N)(COP(=O)(O)O)C(=O)O,GSFCOAGADOGIGE-UHFFFAOYSA-N,GSFCOAGADOGIGE,12,8,2.5
O=C(Nc1ccc(F)cc1F)c1cc(Cl)ccc1O,XHNSTUXYNVYHBA-UHFFFAOYSA-N,XHNSTUXYNVYHBA,19,6,3.6
CN(C)C(=O)N[C@H]1CC[C@H](CCN2[C@@H]3CC[C@H]2C[C@@H](Oc2cccc(C(N)=O)c2)C3)CC1,ZNKQZQCGGXGVRU-WAESHZATSA-N,ZNKQZQCGGXGVRU,32,7,0.12
Cc1nn(-c2ccccc2)c(NS(=O)(=O)C2CCCCC2)c1C(=O)N[C@@H](C)C(C)(C)C,OXMJHPPXJIHMMG-KRWDZBQOSA-N,OXMJHPPXJIHMMG,31,8,1.75
NC(=O)c1cnc(N[C@H]2CCCNC2)c2cc(-c3ccc(Cl)cc3)sc12,QTBPGDBHORPJSA-ZDUSSCGKSA-N,QTBPGDBHORPJSA,26,7,2.78
CCN(CC)C(=O)c1ccc(C(=C2CCN(Cc3ccc(F)cc3)CC2)c2ccc(NC(=O)OC)cc2)cc1,QAOGVKCUBLBWDE-UHFFFAOYSA-N,QAOGVKCUBLBWDE,39,7,4.01
Cc1ccccc1CCOCCCS(=O)(=O)CCNCCc1ccc(O)c2nc(O)sc12,IRXOLTTWJWDBHT-UHFFFAOYSA-N,IRXOLTTWJWDBHT,32,9,2.84
CCN(C)C(=O)c1ccc([C@H](c2cccc(NC(=O)C3CCC3)c2)N2CCN(Cc3cccnc3)CC2)cc1,CCJQAHGQHFUIAD-SSEXGKCCSA-N,CCJQAHGQHFUIAD,39,7,3.27
CC(C)Cn1c(=O)n(C)c(=O)c2cn(Cc3cccc4ccccc34)cc21,HSGYYWSMLDCHQO-UHFFFAOYSA-N,HSGYYWSMLDCHQO,27,5,4.41
C[C@@H]1CN(c2nc(C(F)(F)F)no2)CCN1c1ncc(OCc2ccncc2C#N)cn1,JVGLCNLAIQFPNA-GFCCVEGCSA-N,JVGLCNLAIQFPNA,32,13,3.1
Cc1c(CN2CCN(C(=O)[C@H](C)O)CC2)sc2c(N3CCOCC3)nc(-c3cnc(N)nc3)nc12,YOVVNQKCSKSHKT-HNNXBMFYSA-N,YOVVNQKCSKSHKT,35,12,1.9
O=c1oc2ccccc2cc1-c1ccc(O)cc1,ROGXIFKSIOPJFE-UHFFFAOYSA-N,ROGXIFKSIOPJFE,18,3,3.0
COc1cc(OC)c2nc(C)c3c(c2c1)N(c1ccc(O)cc1)CC3,NPQZNMPPUASIAY-UHFFFAOYSA-N,NPQZNMPPUASIAY,25,5,1.5
COc1ccccc1N1CCN(Cc2c(Br)c(=O)n(-c3ccccc3)n2C)CC1,FBUUFCWVFPNPNR-UHFFFAOYSA-N,FBUUFCWVFPNPNR,29,7,2.5
Cc1ccc(C(=O)Nc2ccon2)cc1-n1cnc2ccc(N3CCN(C)CC3)cc2c1=O,SWLHHASUIJPBPZ-UHFFFAOYSA-N,SWLHHASUIJPBPZ,33,9,1.87
O=c1[nH]c2c(O)ccc([C@@H](O)CNCCSCCCNCCc3cccc(Cl)c3)c2s1,HZLLPPSEGLYDSB-IBGZPJMESA-N,HZLLPPSEGLYDSB,31,9,0.98
CCc1[nH]c2nc(Sc3cnc4ccc[n+]([O-])c4c3)nc(N3CC[C@@H](N)C3)c2c1Cl,UIZFNZSXBOVZDP-LLVKDONJSA-N,UIZFNZSXBOVZDP,30,10,2.0
O=C1Nc2ccccc2C1(O)c1ccccc1,CYPJCGXWLXXEHL-UHFFFAOYSA-N,CYPJCGXWLXXEHL,17,3,1.71
NC(=O)c1ccccc1O,SKZKKFZAGNVIMN-UHFFFAOYSA-N,SKZKKFZAGNVIMN,10,3,1.09
O=C(CN1C(=O)C(NC(=O)c2cc3cc(Cl)sc3[nH]2)Cc2ccccc21)NC(CO)CO,QHFYTBUNXCPOFD-UHFFFAOYSA-N,QHFYTBUNXCPOFD,32,11,2.61
CC(C)Oc1cc(OCCN2CCOCC2)cc2ncnc(Nc3c(Cl)ccc4c3OCO4)c12,BCHOPQZXYFIQMM-UHFFFAOYSA-N,BCHOPQZXYFIQMM,34,10,3.68
N#CC1(NC(=O)[C@@H]2CCCC[C@H]2C(=O)N2CCc3[nH]c4c(Br)cccc4c3C2)CC1,AQGUNNOFRISWLL-HZPDHXFCSA-N,AQGUNNOFRISWLL,30,7,3.12
NC(Cc1ccccc1)c1ccccc1,DTGGNTMERRTPLR-UHFFFAOYSA-N,DTGGNTMERRTPLR,15,1,1.32
CCOC(=O)c1ccc(OC(=O)CCCCCN=C(N)N)cc1,YKGYIDJEEQRWQH-UHFFFAOYSA-N,YKGYIDJEEQRWQH,23,7,2.41
COc1ccc2c(c1)[nH]c1c(C)nccc12,BXNJHAXVSOCGBA-UHFFFAOYSA-N,BXNJHAXVSOCGBA,16,3,2.9
Cc1cc(C(N)=O)ccc1O[C@H]1C[C@H]2CC[C@@H](C1)N2Cc1ccccc1,DIBOAEDLUWGCBT-PMOLBWCYSA-N,DIBOAEDLUWGCBT,26,4,2.23
O=C(CC12CC3CC(CC(C3)C1)C2)Nc1cccc2nc(NCCNCCO)ccc12,FQMZXMVHHKXGTM-UHFFFAOYSA-N,FQMZXMVHHKXGTM,31,6,1.79
O=C(Nc1cccc(Cl)c1)N1CCN(C[C@@H]2CCCN(C3CC3)C2)CC1,XOFURTMJFUZZKK-INIZCTEOSA-N,XOFURTMJFUZZKK,26,6,2.74
COc1ccccc1CNCCc1cccc(CCNC[C@H](O)c2ccc(O)c3[nH]c(=O)sc23)c1,PLQWTOQXQJAHBY-QHCPKHFHSA-N,PLQWTOQXQJAHBY,35,8,0.91
Cn1ncc(Cl)c1-c1cc(C(=O)N[C@H](CN)Cc2cccc(F)c2)sc1Cl,AFJRDFWMXUECEW-LBPRGKRZSA-N,AFJRDFWMXUECEW,27,9,2.99
Nc1nc(O)c2ncn(COCCO)c2n1,MKUXAQIIEYXACX-UHFFFAOYSA-N,MKUXAQIIEYXACX,16,8,-1.42
CN(C)C(=O)N[C@H]1CC[C@H](CCN2CCN(c3cccc(Cl)c3Cl)CC2)CC1,KPWSJANDNDDRMB-QAQDUYKDSA-N,KPWSJANDNDDRMB,28,7,3.6
O=C(NC[C@@H](O)CN1CCC(Oc2ccc(Cl)c(Cl)c2)CC1)c1c[nH]nc1C(F)(F)F,IGYNNXYCDMNULT-LLVKDONJSA-N,IGYNNXYCDMNULT,31,12,3.34
Cc1ccc(COC(=O)N2CC[C@H](CNc3ncccn3)[C@H](F)C2)cc1,RECBFDWSXWAXHY-IAGOWNOFSA-N,RECBFDWSXWAXHY,26,7,3.21
O=c1[nH]n(Cc2ccncc2)c(=O)c2c(=O)c3ccc(Cl)cc3[nH]c12,HXAUOPBEYSUYJM-UHFFFAOYSA-N,HXAUOPBEYSUYJM,25,8,-0.16
C[C@@H]1C[C@H]2[C@@H]3CCC4=CC(=O)C=C[C@]4(C)[C@@]3(F)[C@@H](O)C[C@]2(C)[C@@]1(O)C(=O)CO,UREBDLICKHMUKA-CXSFZGCWSA-N,UREBDLICKHMUKA,28,6,1.87
CS(=O)(=O)c1cccc(Nc2nccc(Nc3cccc4c3OCC4)n2)c1,QAUBUHQKFKUNIZ-UHFFFAOYSA-N,QAUBUHQKFKUNIZ,27,8,3.0
CS(=O)(=O)c1ccc(C(=O)NC[C@@H](O)CN2CCC(Oc3ccc(Cl)c(Cl)c3)CC2)s1,AJUWTQZJBKWQNV-CYBMUJFWSA-N,AJUWTQZJBKWQNV,31,11,2.86
COc1cccc(S(=O)(=O)c2c(C)n(CC(=O)O)c3ccc(C)cc23)c1,LTZIPSVUUPYNGF-UHFFFAOYSA-N,LTZIPSVUUPYNGF,26,7,-0.42
Clc1ccc2c(c1)CCc1cccnc1C2=C1CCNCC1,JAUOIFJMECXRGI-UHFFFAOYSA-N,JAUOIFJMECXRGI,22,3,1.48
O=C(O)CCCCn1nnc(-c2ccc(C(=O)N3CCC(N4CCC(Oc5ccc(Cl)c(Cl)c5)CC4)CC3)cc2)n1,LGNOCEJCJLXMEA-UHFFFAOYSA-N,LGNOCEJCJLXMEA,41,12,1.6
N#CC1(NC(=O)[C@@H]2CCCC[C@H]2C(=O)N2CCN(c3nc4ccncc4s3)CC2)CC1,PKKSDDOTWDEHSA-HZPDHXFCSA-N,PKKSDDOTWDEHSA,31,9,1.6
O=C(C1CCN(c2nnc(-n3cccc3)s2)CC1)N1CCN(Cc2ccc3c(c2)OCO3)CC1,LADMKWAPNBPLOH-UHFFFAOYSA-N,LADMKWAPNBPLOH,34,10,2.5
CCN1CCOC(C(=O)N2CCN(C(=O)Nc3ccc(Cl)c(Cl)c3)CC2)C1,NMHTYHFKNNSTEZ-UHFFFAOYSA-N,NMHTYHFKNNSTEZ,27,9,2.1
O=C1COC2(CCN(S(=O)(=O)c3ccc(-c4ccc5cccnc5c4)cc3)CC2)CN1C1CC1,OGGOWHOQMIINAZ-UHFFFAOYSA-N,OGGOWHOQMIINAZ,34,8,3.24
COc1cc2c(Nc3ccc(Br)cc3F)ncnc2cc1OC[C@@H]1CCCN(C)C1,JFGLOXKNWPNMQT-CQSZACIVSA-N,JFGLOXKNWPNMQT,30,8,3.05
N=C(N)NC(=O)c1nc(Cl)c(NCc2ccncc2)nc1N,VRACERXXOWLDMB-UHFFFAOYSA-N,VRACERXXOWLDMB,22,10,-0.51
O=C(COc1ccccc1O)NC1CCCC1,FRHMPYYZNQSQKA-UHFFFAOYSA-N,FRHMPYYZNQSQKA,17,4,2.31
O=C(NCC12CC3CC(CC(C3)C1)C2)c1cc(C2CCNCC2)ccc1Cl,NSYQKMCQOMBSNE-UHFFFAOYSA-N,NSYQKMCQOMBSNE,27,4,1.58
CCC[C@@H](CNC(=O)c1nc(Cl)c(N)nc1N)[N+](C)(C)CCCc1ccc(OC)cc1,VVVQUPAWRFBZMZ-INIZCTEOSA-O,VVVQUPAWRFBZMZ,31,9,0.4
Oc1ccc(-c2nc3ccc(O)cc3o2)cc1,PDCFEVXISBNCNF-UHFFFAOYSA-N,PDCFEVXISBNCNF,17,4,3.3
NC(=O)c1sc(-c2ccsc2)cc1NS(=O)(=O)c1ccc(C(F)(F)F)cc1,BQZOJRKIOQHISH-UHFFFAOYSA-N,BQZOJRKIOQHISH,27,11,2.39
O=C(COCc1ccncc1)N1CCN(c2ccc(Cl)cc2Cl)CC1,IRTOLAPZUOTDMC-UHFFFAOYSA-N,IRTOLAPZUOTDMC,25,7,3.38
Cc1ccc(NC(=O)c2ccno2)cc1-n1cnc2ccc(N3CCN(C)CC3)cc2c1=O,WXNZQVYLCGNHQK-UHFFFAOYSA-N,WXNZQVYLCGNHQK,33,9,1.75
CS(=O)(=O)c1ccc2c(c1)N(CCN1CCC(NCc3ccc4c(n3)NC(=O)CO4)CC1)C(=O)CO2,ZKUCQWGFICXSOS-UHFFFAOYSA-N,ZKUCQWGFICXSOS,36,12,-0.51
CCOC(=O)N1CCN(C(=O)[C@H](Cc2cccc(C(=N)N)c2)NS(=O)(=O)c2c(C(C)C)cc(C(C)C)cc2C(C)C)CC1,ISJSHQTWOHGCMM-NDEPHWFRSA-N,ISJSHQTWOHGCMM,43,11,1.67
CNC1=Nc2ncccc2C(c2cc[nH]c2)=NC1c1cccs1,NNSLEHYATBPAJW-UHFFFAOYSA-N,NNSLEHYATBPAJW,23,6,1.73
CC1(C)CC(=O)c2c(nc3ccccc3c2N)C1,RFXDMILSJZCTDQ-UHFFFAOYSA-N,RFXDMILSJZCTDQ,18,3,3.0
C[C@H]1O[C@@H](n2cnc3c(N)nc(OCC4CC45CC5)nc32)[C@H](O)[C@H]1Cl,WDTSSALOOMICKS-IPBXDBHBSA-N,WDTSSALOOMICKS,25,9,3.68
CC(C)Oc1cc(Nc2nc(N[C@@H](C)c3ccc(F)cn3)nc(OC(CO)CO)c2Cl)n[nH]1,CZCROGVITASFKE-NSHDSACASA-N,CZCROGVITASFKE,33,13,2.77
CCS(=O)(=O)c1ccc(-c2cc(Cl)ccc2OCC(=O)O)c(F)c1,MNOSYFBXUCZGCA-UHFFFAOYSA-N,MNOSYFBXUCZGCA,24,8,-0.92
C[S+]([O-])CCN1C(=O)C(NC(=O)c2cc3cc(Cl)sc3[nH]2)Cc2ccccc21,ITZHANABIRXRJA-UHFFFAOYSA-N,ITZHANABIRXRJA,28,9,3.17
O=C(NCC12CC3CC(CC(C3)C1)C2)c1ccnc(N2CCNCC2)c1Cl,VGSCCXHEFUGWKB-UHFFFAOYSA-N,VGSCCXHEFUGWKB,27,6,1.77
COc1ccc(N2CCN(C(=O)[C@@H]3CCCC[C@H]3C(=O)NC3(C#N)CC3)[C@H](C)C2)cc1OC,ZUHYPWOELKBVCM-MISYRCLQSA-N,ZUHYPWOELKBVCM,33,8,1.85
O=C(NC[C@@H](O)CN1CCC(Oc2ccc(Cl)c(Cl)c2)CC1)c1c[nH]c(=O)c2ccccc12,YSQQOGOBORIIMG-OAHLLOKOSA-N,YSQQOGOBORIIMG,33,9,3.42
Nc1cc(C(=O)Nc2cccc(-c3nnn[nH]3)c2)cc(C(F)(F)F)c1,LHVITJKAAOBDHR-UHFFFAOYSA-N,LHVITJKAAOBDHR,25,10,0.2
CCN(CC)C(=O)c1ccc(C(=C2CCNCC2)c2ccccc2)cc1,SMUGAZNLKPFBSB-UHFFFAOYSA-N,SMUGAZNLKPFBSB,26,3,1.2
Cc1ncc(-c2ccnc(Nc3ccc(N(C)C)cc3)n2)n1C(C)C,WMEWCRUOYDVJLT-UHFFFAOYSA-N,WMEWCRUOYDVJLT,25,6,3.51
O=C(c1ccc(F)cc1)N1CCC[C@H](c2nc(-c3ccc(F)cc3)no2)C1,VXQCCZHCFBHTTD-HNNXBMFYSA-N,VXQCCZHCFBHTTD,27,7,3.73
Cc1cc2c(C(C)C)c(O)c(O)c(C=O)c2c(O)c1-c1c(C)cc2c(C(C)C)c(O)c(O)c(C=O)c2c1O,QBKSWRVVCFFDOT-UHFFFAOYSA-N,QBKSWRVVCFFDOT,38,8,2.75
CN(CCCOCCOCCc1ccccc1)CCc1ccc(O)c2nc(O)sc12,AEQYZGAQFDSQIR-UHFFFAOYSA-N,AEQYZGAQFDSQIR,30,7,2.44
CCn1cc(NC(=O)Cc2ccc(Oc3ccnc4ccc(F)cc34)cc2OC)cn1,VCWSLEWLUZQPBS-UHFFFAOYSA-N,VCWSLEWLUZQPBS,31,8,3.88
CC(C)C(NC(=O)Cn1c(-c2ccccc2)ccc(NC(=O)NCc2ccc[n+]([O-])c2)c1=O)C(=O)C(F)(F)F,TWQLKZBGMZYROY-UHFFFAOYSA-N,TWQLKZBGMZYROY,39,13,1.48
C#Cc1cccc(Nc2nc3cc(C(=O)O)ccc3c3cncnc23)c1,HJGFPNFAFSFDNN-UHFFFAOYSA-N,HJGFPNFAFSFDNN,26,6,0.92
CCS(=O)(=O)c1ccc(Oc2cc3nc(-c4ccccn4)[nH]c3cc2CN2C(=O)CCC2=O)cc1,KFQGCVGSHWAFGW-UHFFFAOYSA-N,KFQGCVGSHWAFGW,35,10,2.0
O=S(=O)(CCCNCCc1ccc(O)c2nc(O)sc12)NCCSCCc1ccccc1,XBQSEEQOGGDRKW-UHFFFAOYSA-N,XBQSEEQOGGDRKW,32,10,1.77
O=C(NCC12CC3CC(CC(C3)C1)C2)c1cc(-n2ncc(=O)[nH]c2=O)ccc1Cl,HMZMHYDSYWEFGN-UHFFFAOYSA-N,HMZMHYDSYWEFGN,29,8,2.1
CCc1nc2c(N)nc3ccccc3c2n1CC(C)(C)O,ODBRXBIBFOZAFT-UHFFFAOYSA-N,ODBRXBIBFOZAFT,21,5,1.38
Cc1ccccc1C[C@@H](C(=O)O)N1CCC(CN2CCC(Oc3ccc(Cl)c(Cl)c3)CC2)CC1,GKKOWDZJMOVEBY-SANMLTNESA-N,GKKOWDZJMOVEBY,34,7,2.54
CNC(=O)c1nc(-c2ccc(Cl)c(S(=O)(=O)Nc3cccc(F)c3F)c2)cnc1N,GEYLKEHPEKRUTC-UHFFFAOYSA-N,GEYLKEHPEKRUTC,30,12,2.8
O=C(Nc1nccs1)c1ccccc1,SCQBDADQAVXTMZ-UHFFFAOYSA-N,SCQBDADQAVXTMZ,14,4,2.43
O=C(Nc1ccc(Cl)nc1)c1ccc(F)c(Cl)c1,CKJLMDNPUIQPTG-UHFFFAOYSA-N,CKJLMDNPUIQPTG,18,6,3.64
CC(C)Cn1c(=O)n(C)c(=O)c2c(SC3CCCCC3)c(Cc3ccccc3C(F)(F)F)sc21,IBZDYOYWDNLTHN-UHFFFAOYSA-N,IBZDYOYWDNLTHN,34,9,4.14
COc1cc(N2CCNCC2)ccc1Nc1ncc(Cl)c(-c2cnc3ccccn23)n1,WDDCSCYJPKDFON-UHFFFAOYSA-N,WDDCSCYJPKDFON,31,9,2.4
Cc1cccc(Nc2ccncc2S(=O)(=O)NC(=O)NC(C)C)c1,NGBFQHCMQULJNZ-UHFFFAOYSA-N,NGBFQHCMQULJNZ,24,8,0.3
O=C(O)c1cncc(-c2cnc3[nH]c(C(=O)NC4CC4)cc3c2-n2ccc(C(F)(F)F)n2)c1,RQFOOLLFBDPYCK-UHFFFAOYSA-N,RQFOOLLFBDPYCK,33,12,-0.98
NC(=O)c1sc(-c2ccc(Cl)cc2)cc1N,MQYJPACEBWKWEH-UHFFFAOYSA-N,MQYJPACEBWKWEH,16,5,3.3
Cn1c(=O)n(Cc2ccc(Br)cc2)c2ccccc21,UOBXJBRVEDGTQK-UHFFFAOYSA-N,UOBXJBRVEDGTQK,19,4,2.81
Nc1nc2cc3c(cc2s1)CCN(Cc1cccc(F)c1)CC3,JGVMWDMAURDGRG-UHFFFAOYSA-N,JGVMWDMAURDGRG,23,5,3.3
COc1ccc(Cl)cc1C(=O)Nc1nc2ccccc2[nH]1,ORQJJWYENVQNLT-UHFFFAOYSA-N,ORQJJWYENVQNLT,21,6,4.05
Cn1cc(S(C)(=O)=O)nc1-c1c2c(=O)n(C)c(=O)n(CC3CC3)c2nn1Cc1ccnc2ccc(Cl)cc12,RJSRKFGJQVEDGE-UHFFFAOYSA-N,RJSRKFGJQVEDGE,38,13,2.64
CN(CCc1ccc(O)c2nc(O)sc12)CCN(C)C(=O)CCOCCc1ccccc1,XQAMTRGICPPPJO-UHFFFAOYSA-N,XQAMTRGICPPPJO,32,8,2.59
COc1cc2ncnc(Nc3cccc(Cl)c3F)c2cc1OC1CCN(S(C)(=O)=O)CC1,BDLUIKGKNQFJIO-UHFFFAOYSA-N,BDLUIKGKNQFJIO,32,11,2.82
CC1(C)C(=O)Nc2ccccc21,KEZHRKOVLKUYCQ-UHFFFAOYSA-N,KEZHRKOVLKUYCQ,12,2,2.3
CNS(=O)(=O)CCc1ccc2[nH]cc(C3CCN(C)CC3)c2c1,AMKVXSZCKVJAGH-UHFFFAOYSA-N,AMKVXSZCKVJAGH,23,6,0.48
Cc1ccc2c(c1)c(-c1cc(C)nc3ccccc13)c(C)n2CC(=O)O,KVCYQUSTHLAQDN-UHFFFAOYSA-N,KVCYQUSTHLAQDN,26,4,2.88
c1cc(Nc2ccnc(Nc3cc(N4CCOCC4)cc(N4CCOCC4)c3)n2)c2cn[nH]c2c1,VDTQYGNZODTYOJ-UHFFFAOYSA-N,VDTQYGNZODTYOJ,35,10,3.05
CC(C)(C)CNc1nc(C#N)nc(N2CCOCC2)c1N,HLZVKJIKNRQXFG-UHFFFAOYSA-N,HLZVKJIKNRQXFG,21,7,3.08
O=C1Nc2ccc(S(=O)(=O)N3CCC[C@H]3CNc3ccccc3)cc2C1=O,UMHSZDAKIVGDNR-AWEZNQCLSA-N,UMHSZDAKIVGDNR,27,8,2.4
O=C(c1ccc(Cl)cc1)C1CCN(C(=O)c2ccc(F)cc2)CC1,KVXXRVKZSKFWAL-UHFFFAOYSA-N,KVXXRVKZSKFWAL,24,5,3.49
O=C(O)COc1ccc(Cl)cc1CN1CCN(S(=O)(=O)c2ccccc2)CC1,VEDPQGGGGHKSLY-UHFFFAOYSA-N,VEDPQGGGGHKSLY,28,9,0.49
Nc1[nH]nc2cccc(Cl)c12,QPLXQNVPEHUPTR-UHFFFAOYSA-N,QPLXQNVPEHUPTR,11,4,1.92
CC(C)(N)C(=O)N[C@H](COCc1ccccc1)C(=O)N1CCC2(CC1)CN(S(C)(=O)=O)c1ccccc12,UMUPQWIGCOZEOY-JOCHJYFZSA-N,UMUPQWIGCOZEOY,37,10,1.4
C[C@H]1C[C@@H](NS(=O)(=O)c2cc(Br)ccc2Br)CN1C#N,XOGLUHPWGGYHRM-WCBMZHEXSA-N,XOGLUHPWGGYHRM,20,8,2.13
CC(C)(C)NC(=O)Nc1ccc(-c2c(N)nc(N)nc2COCc2ccccc2)cc1,MLBYOWASRACYDH-UHFFFAOYSA-N,MLBYOWASRACYDH,31,8,3.09
COc1ccc(N(C(=O)c2ccoc2Cl)C(C(=O)NC[C@@H](C)O)c2ccccc2F)c(OC)c1,UBCLFGRFYAFENF-CKAQCJTGSA-N,UBCLFGRFYAFENF,34,10,2.36
Cc1cc(Nc2cnc(C#N)c(N[C@@H](C)c3ccc(F)cn3)n2)n[nH]1,KJMALBRUCRDMTE-JTQLQIEISA-N,KJMALBRUCRDMTE,25,9,2.51
CC(=O)Nc1ccc2ccn(-c3cc(NC4CC4)n4ncc(C#N)c4n3)c2c1,DVDLZLUKYIFIOR-UHFFFAOYSA-N,DVDLZLUKYIFIOR,28,8,3.29
CCn1c(=O)c2c(-c3cncn3C)n(Cc3ccnc4ccc(Cl)cc34)nc2n(CC2CC2)c1=O,PWHFKCGURZTUMH-UHFFFAOYSA-N,PWHFKCGURZTUMH,35,10,2.87
CCCNC[C@H](O)COc1ccccc1C(=O)CCc1ccccc1,JWHAUXFOSRPERK-SFHVURJKSA-N,JWHAUXFOSRPERK,25,4,1.69
O=S(=O)(Nc1ncc(Cl)s1)c1cc(F)c(Oc2ccc(F)cc2-c2cn[nH]c2)cc1F,WJXVESSVZNHCHH-UHFFFAOYSA-N,WJXVESSVZNHCHH,31,13,2.7
Cc1cn([C@H]2CCCN([C@H](CC3CCOCC3)c3ccc(C(=O)O)c(Oc4cccc(Cl)c4)c3)C2)c(=O)[nH]c1=O,SJVBLLCXDBZHFN-JYFHCDHNSA-N,SJVBLLCXDBZHFN,40,10,-0.25
CC(=O)Nc1nc(-c2cccs2)cs1,FTTSLLHZAUHMCX-UHFFFAOYSA-N,FTTSLLHZAUHMCX,14,5,2.77
O=C1c2ccccc2CN1C1CCN(CCC(c2ccccc2)c2ccccc2)CC1,ZSOZYBIDCNHWSW-UHFFFAOYSA-N,ZSOZYBIDCNHWSW,31,3,4.1
CCNC(=O)c1cc2c(-n3nc(C(F)(F)F)cc3C)c(-c3cncc(C(=O)O)c3)cnc2[nH]1,CUFNPWIVKPZKPX-UHFFFAOYSA-N,CUFNPWIVKPZKPX,33,12,-0.88
O=C(O)[C@H](Cc1ccccc1F)N1CCC(CN2CCC(Oc3ccc(Cl)c(Cl)c3)CC2)CC1,YFTFPJHCROIDGR-VWLOTQADSA-N,YFTFPJHCROIDGR,34,8,2.58
COc1cc2cc(-c3ccc(O)cc3O)nc(C)c2cc1OC,SIZZKZXYIRZRTK-UHFFFAOYSA-N,SIZZKZXYIRZRTK,23,5,3.9
Cc1cc(NC(=O)Nc2ccc(Cl)cc2)n(-c2ccccc2)n1,AKOYDZUCVDUCOH-UHFFFAOYSA-N,AKOYDZUCVDUCOH,23,6,4.15
O=C(c1ccc(CCC(COc2ccc(-c3cccc([N+](=O)[O-])c3)cc2)N2C(=O)CCCC2=O)cc1)N1CCCC1,OIQHRVDVWJFKNA-UHFFFAOYSA-N,OIQHRVDVWJFKNA,41,9,2.31
O=c1oc2c(O)cccc2cc1-c1ccc(O)cc1,HXOYIYQATHNBKZ-UHFFFAOYSA-N,HXOYIYQATHNBKZ,19,4,2.8
O=C(O)Cc1cccc(N2CCC(CN3CCC(Oc4ccc(Cl)c(Cl)c4)CC3)CC2)c1,VTIFNIOOCLEWLJ-UHFFFAOYSA-N,VTIFNIOOCLEWLJ,32,7,1.58
Cc1ncc(-c2nc(Nc3ccc(N4CCN(C(=O)CO)CC4)cc3)ncc2F)n1C(C)C,IBQDZKBTVFJMSQ-UHFFFAOYSA-N,IBQDZKBTVFJMSQ,33,10,2.19
Cc1ccc(S(=O)(=O)Nc2c(C(=O)NC3CCCCC3)cnn2-c2ccccc2)cc1,PYOYGEPMAQZLDH-UHFFFAOYSA-N,PYOYGEPMAQZLDH,31,8,0.8
Cn1cncc1-c1c2c(=O)n(C3CC3)c(=O)n(CC3CC3)c2nn1Cc1ccnc2ccc(Cl)cc12,MQIWUOJGLGRHGX-UHFFFAOYSA-N,MQIWUOJGLGRHGX,36,10,3.53
Cc1cn([C@H]2CCCN(S(=O)(=O)c3ccc(O)c(Oc4cccc(F)c4)c3)C2)c(=O)[nH]c1=O,FFAVSHSPQVRIMO-INIZCTEOSA-N,FFAVSHSPQVRIMO,33,11,1.6
CC(C)[C@H](NC(=O)CCc1ccccc1)C(=O)N1CCCC1,DAZSWUUAFHBCGE-KRWDZBQOSA-N,DAZSWUUAFHBCGE,22,4,2.49
COc1ccccc1C(=O)Nc1nc2ccccc2s1,UPIAKWZLXTWRNR-UHFFFAOYSA-N,UPIAKWZLXTWRNR,20,5,3.61
COc1ccc(-c2csc(N(CCCN3CCOCC3)C(=O)c3ccco3)n2)cc1,WHTLGYSYQOXZMI-UHFFFAOYSA-N,WHTLGYSYQOXZMI,30,8,3.34
O=C1CCCc2nc(C#Cc3ccccc3)ccc21,XOUDFZJCSDKXLG-UHFFFAOYSA-N,XOUDFZJCSDKXLG,19,2,3.53
c1ccc(-c2cc(NCCCCNc3cc(-c4ccccc4)nc4ccccc34)c3ccccc3n2)cc1,FNYTYGMKXFYOIH-UHFFFAOYSA-N,FNYTYGMKXFYOIH,38,4,3.65
CCCSc1nc(N[C@@H]2C[C@H]2c2ccccc2)c2nnn([C@@H]3C[C@H](CO)[C@@H](O)[C@H]3O)c2n1,BFPCQWHCVRJEKL-GJWPJNNNSA-N,BFPCQWHCVRJEKL,32,10,3.99
NC(=O)c1cccc(C[C@H]2C[C@H]3CC[C@@H](C2)N3Cc2ccccc2)c1,SKQZYGXREOYGMD-NUZGMZIFSA-N,SKQZYGXREOYGMD,25,3,1.19
O=C(c1ccccc1)C(O)(CN1CCCCC1)c1ccccc1,ZYMMGYFMZMBYCB-UHFFFAOYSA-N,ZYMMGYFMZMBYCB,23,3,3.41
CCc1ccc(CCNCCCSCCNC[C@H](O)c2ccc(O)c3[nH]c(=O)sc23)cc1,PMJJWQOFHOTBIY-NRFANRHFSA-N,PMJJWQOFHOTBIY,32,8,0.86
Cc1cc(S(=O)(=O)N2CCN(C)CC2)ccc1-c1cnc(N)c(C(=O)Nc2cccnc2)n1,MQQYTHLICOANLK-UHFFFAOYSA-N,MQQYTHLICOANLK,33,11,2.6
Cc1ncc(-c2ccnc(Nc3ccc(N4CCN(C(=O)[C@H](C)O)CC4)cc3)n2)n1C(C)C,WCWLSNGOKLMMBH-KRWDZBQOSA-N,WCWLSNGOKLMMBH,33,9,2.15
CN(C)c1nc(N(C)C)nc(N(C)C)n1,UUVWYPNAQBNQJQ-UHFFFAOYSA-N,UUVWYPNAQBNQJQ,15,6,2.44
COC(=O)c1ccc(NC(=O)c2cc(OC)c(OC)c(OC)c2)cc1,IXKWTAAJCJAUIL-UHFFFAOYSA-N,IXKWTAAJCJAUIL,25,7,3.2
O=C1CN(N=Cc2ccc(-c3ccc([N+](=O)[O-])cc3)o2)C(O)=N1,OZOMQRBLCMDCEG-UHFFFAOYSA-N,OZOMQRBLCMDCEG,23,9,1.35
NC1(C(=O)NC(CCCN2CCCC2)c2ccc(Cl)cc2)CCN(c2ncnc3[nH]ccc23)CC1,PUOMPMDYBUMBMJ-UHFFFAOYSA-N,PUOMPMDYBUMBMJ,35,9,1.3
O=C(CS(=O)(=O)c1ccccc1)c1ccccc1,DREVPGKOIZVPQV-UHFFFAOYSA-N,DREVPGKOIZVPQV,18,4,1.86
Cc1ccc(S(=O)(=O)NC(=O)N2CCC(N3CCC(Oc4ccc(Cl)cc4C)CC3)CC2)cc1,IGXXJZSHANKJAD-UHFFFAOYSA-N,IGXXJZSHANKJAD,34,9,1.79
COc1cccc(NC(=O)CC23CC4CC(CC(C4)C2)C3)c1C,HMFZJPXGIJLMTJ-UHFFFAOYSA-N,HMFZJPXGIJLMTJ,23,3,4.21
O=C(Cc1ccccc1)Nc1nccs1,HYRZQLIFVQELLP-UHFFFAOYSA-N,HYRZQLIFVQELLP,15,4,2.5
O=C1[C@@H]2[C@@H]3CC[C@@H](C3)[C@@H]2C(=O)N1[C@H]1CC[C@H](C(=O)Nc2cccc3cccnc23)CC1,CSNYIKOIPYUMPR-AQKQGEKGSA-N,CSNYIKOIPYUMPR,31,6,3.94
O=C(Cc1cccc2ccccc12)Nc1ccccc1,ZWXQQJHQVLYBOC-UHFFFAOYSA-N,ZWXQQJHQVLYBOC,20,2,3.9
CNC1(C)C2CCC(C2)C1(C)C,IMYZQPCYWPFTAG-UHFFFAOYSA-N,IMYZQPCYWPFTAG,12,1,-0.84
N[C@@H](CC(=O)N1CCn2c(nnc2C(F)(F)F)C1)Cc1cc(F)c(F)cc1F,MFFMDFFZMYYVKS-SECBINFHSA-N,MFFMDFFZMYYVKS,28,12,0.31
CC(C)C(=O)Nc1ccc([N+](=O)[O-])c(C(F)(F)F)c1,MKXKFYHWDHIYRV-UHFFFAOYSA-N,MKXKFYHWDHIYRV,19,8,3.46
Cc1nc(CSc2nc(N[C@H](C)CO)c3sc(N)nc3n2)cs1,NJGJIFFXQVCHPF-ZCFIWIBFSA-N,NJGJIFFXQVCHPF,23,10,1.73
COc1cc(C(=O)N2CC[C@](CCN3CCC(C(N)=O)(c4ccccc4)CC3)(c3ccc(Cl)c(Cl)c3)C2)cc(OC)c1OC,WZMVQZJKOVPVGZ-XIFFEERXSA-N,WZMVQZJKOVPVGZ,44,10,3.23
C[C@@H](Oc1cccc2ncnc(Nc3ccc4c(cnn4Cc4cscn4)c3)c12)C(=O)N1CCOCC1,OPUMJZOXVSSCCU-QGZVFWFLSA-N,OPUMJZOXVSSCCU,37,11,2.81
O=S(=O)(Nc1cccnc1)c1cccs1,DJOJRYLDSBEZMU-UHFFFAOYSA-N,DJOJRYLDSBEZMU,15,6,0.54
O=C(Cn1cnc2ccccc21)c1ccc(Br)cc1,USRWELRPHGNMMU-UHFFFAOYSA-N,USRWELRPHGNMMU,19,4,3.22
CCCc1nc2c(N)nc3ccccc3c2s1,NFYMGJSUKCDVJR-UHFFFAOYSA-N,NFYMGJSUKCDVJR,17,4,4.09
O=C(O)C1Cc2c([nH]c3ccccc23)C(c2ccccc2)N1,ZJSUEWDIHUPPRO-UHFFFAOYSA-N,ZJSUEWDIHUPPRO,22,4,0.78
COc1cc(CNc2nc3ccccc3[nH]2)cc(OC)c1OC,FZMQADBJHYOBEO-UHFFFAOYSA-N,FZMQADBJHYOBEO,23,6,2.36
O=c1[nH]c2cc(Cl)ccc2c(O)c1-c1cccc(Oc2ccccc2)c1,FLVRDMUHUXVRET-UHFFFAOYSA-N,FLVRDMUHUXVRET,26,5,2.96
CCn1c2ccccc2c2cc(NC(=O)C(C)C)ccc21,OMVZTYQJJUGVPF-UHFFFAOYSA-N,OMVZTYQJJUGVPF,21,3,4.2
C=CCN(C(=O)NCc1ccc(OC)cc1)C1CCN(CCC(c2ccccc2)c2ccccc2)CC1,JNJVLJAMVUUPMQ-UHFFFAOYSA-N,JNJVLJAMVUUPMQ,37,5,3.6
COc1cc2c(Nc3ccc(Cl)cc3F)ncnc2cc1OC[C@@H]1CCCN(C)C1,OZVUSEVFXCWUBV-CQSZACIVSA-N,OZVUSEVFXCWUBV,30,8,2.9
CN(c1cccc(CO)c1)c1ccnc(Nc2cc(N3CCOCC3)cc(N3CCOCC3)c2)n1,LWLYTBIEINCWJQ-UHFFFAOYSA-N,LWLYTBIEINCWJQ,35,9,2.6
Cc1nc(CSc2nc(N[C@H](C)CO)c3sc(=O)[nH]c3n2)cs1,KFHSDCXNOPXKDP-ZCFIWIBFSA-N,KFHSDCXNOPXKDP,23,10,1.73
Cn1nnc(-c2ccc(-c3ccc(N4C[C@H](COc5ccon5)OC4=O)cc3F)cn2)n1,INDSFRHHAWVRGR-CQSZACIVSA-N,INDSFRHHAWVRGR,32,12,1.24
CS(=O)(=O)c1cccc(Nc2nccc(Nc3cccc4c3OCO4)n2)c1,YZQWWQPQOLRGER-UHFFFAOYSA-N,YZQWWQPQOLRGER,27,9,2.83
NC(=O)c1cnc(N[C@H]2CCCNC2)c2cc(-c3ccc(F)cc3F)sc12,WALAZKGCOOBYMC-NSHDSACASA-N,WALAZKGCOOBYMC,27,8,1.97
CCN(C(=O)c1ccc(-c2ccc(Cl)cc2)o1)c1ccc(N2CCNCC2)cc1,ZQXYAXCRCBTDIH-UHFFFAOYSA-N,ZQXYAXCRCBTDIH,29,6,3.3
O=C(CCN1CCCCC1)Nc1ccc(-c2cccn3c(=O)cc(N4CCOCC4)nc23)c2sc3ccccc3c12,FTIOAHBUNMIIED-UHFFFAOYSA-N,FTIOAHBUNMIIED,41,9,2.9
Cc1ccc(S(=O)(=O)N2CCN(C(=O)c3ccco3)CC2)cc1,KBIJOMUAIJBJRE-UHFFFAOYSA-N,KBIJOMUAIJBJRE,23,7,2.17
CC(C)(C)OC(=O)N1CCN(c2ncc(OCc3ccncc3F)cn2)CC1,KNLSFFCJVSXZSY-UHFFFAOYSA-N,KNLSFFCJVSXZSY,28,9,3.6
Cc1ccc(CN2C(=O)CCSc3ccc(Cl)cc32)cc1,FPLBRXAWDYUOGG-UHFFFAOYSA-N,FPLBRXAWDYUOGG,21,4,3.7
CC(C)C(NC(=O)Cn1c(-c2ccccc2)cc2c(O)nc(O)nc2c1=O)C(=O)C(F)(F)F,ZNHHLURDTJYWSY-UHFFFAOYSA-N,ZNHHLURDTJYWSY,33,12,1.88
NC(=O)c1cccc(C[C@@H]2C[C@H]3CC[C@@H](C2)N3Cc2ccccc2)c1,SKQZYGXREOYGMD-ZKTXZKFHSA-N,SKQZYGXREOYGMD,25,3,1.11
Cc1n[nH]c(C)c1Cc1sc2c(c1C(=O)N1C[C@H](O)CO1)c(=O)n(C)c(=O)n2CC(C)C,ISIVOJWVBJIOFM-ZDUSSCGKSA-N,ISIVOJWVBJIOFM,32,11,1.07
O=c1c2cnn(-c3ccccc3)c2nc(-c2ccco2)n1-c1ccccc1,ODPYXSLKKHJWGY-UHFFFAOYSA-N,ODPYXSLKKHJWGY,27,6,3.29
O=C(c1c[nH]c(=O)c2ccccc12)N1CCC(N2CCC(Oc3ccc(Cl)c(Cl)c3)CC2)CC1,CCJZAFYMSHLKFH-UHFFFAOYSA-N,CCJZAFYMSHLKFH,34,8,3.51
COc1ccc2c(c1)N(CCN1CCC(NCc3ccc4c(n3)NC(=O)CO4)CC1)C(=O)CO2,IGDZHDGNJOJQBX-UHFFFAOYSA-N,IGDZHDGNJOJQBX,34,10,0.87
Nc1ncnc2c1nc(Sc1nc3cccc(Cl)c3s1)n2CCO,LLBOKJHIOONDOB-UHFFFAOYSA-N,LLBOKJHIOONDOB,24,10,2.37
COc1cc2ncnc(Nc3cc(NC(=O)c4cccc(N5CCOCC5)c4)ccc3C)c2cc1OC,BLVTUXCPBJQIGY-UHFFFAOYSA-N,BLVTUXCPBJQIGY,37,9,3.6
Cc1ccccc1C(=O)N1CCN(c2ccccn2)CC1,KJBLAJPEXZWVRS-UHFFFAOYSA-N,KJBLAJPEXZWVRS,21,4,2.18
O=C(O)[C@H](Cc1ccc(F)cc1)N1CCC(CN2CCC(Oc3ccc(Cl)cc3Cl)CC2)CC1,NHOMRPYETSURDH-DEOSSOPVSA-N,NHOMRPYETSURDH,34,8,2.6
COc1ccc(-c2cncc(CNC3CCCC3)n2)c(OC)c1,MTJGBTGRJLZQTP-UHFFFAOYSA-N,MTJGBTGRJLZQTP,23,5,2.14
COC1CCN(C(=O)C2CCN(CCc3c(-c4cc(C)cc(C)c4)[nH]c4sc(C(C)(C)C(=O)N5C6CCC5CC6)cc34)CC2)CC1,MEWSGCMVRSEDNY-UHFFFAOYSA-N,MEWSGCMVRSEDNY,46,8,4.09
C1=CCC(c2cc3ccccc3o2)CNC1,IHFKHNCURWJDHC-UHFFFAOYSA-N,IHFKHNCURWJDHC,16,2,1.94
O=C(NC[C@@H](O)CN1CCC(Oc2ccc(Cl)c(Cl)c2)CC1)c1cc(=O)[nH]c2ccccc12,MAWNODXTLNGOAA-OAHLLOKOSA-N,MAWNODXTLNGOAA,33,9,3.48
CC(C)c1ncc(NC(=O)OCc2ccccc2)c(=O)n1CC(=O)NC(C(=O)C(F)(F)F)C(C)C,AAQMXARWZZCRRO-UHFFFAOYSA-N,AAQMXARWZZCRRO,35,12,2.63
CCN(CC)C(=O)c1ccc([C@H](c2cccc(NC(=O)C3CC3)c2)N2CCN(CCOC)CC2)cc1,QUWPLISUQKXNEA-HHHXNRCGSA-N,QUWPLISUQKXNEA,36,7,2.35
CN(C)CCCNS(=O)(=O)c1ccc(Nc2nccc(-c3cnc4ccccn34)n2)cc1,WVRQXMMOQUSLPJ-UHFFFAOYSA-N,WVRQXMMOQUSLPJ,32,10,1.9
Cc1nc2ncnn2c(O)c1CCOC(=O)c1c(F)cccc1F,MKPDCHGZICKQCA-UHFFFAOYSA-N,MKPDCHGZICKQCA,24,9,0.16
COc1ccc(F)c(F)c1C(=O)c1cnc(NC2CCN(S(C)(=O)=O)CC2)nc1N,JRNJNYBQQYBCLE-UHFFFAOYSA-N,JRNJNYBQQYBCLE,30,12,2.08
NC(=O)c1cccc(N[C@H]2C[C@H]3CC[C@@H](C2)N3Cc2ccccc2)c1,YUVVBGVQWMKSGU-ACDBMABISA-N,YUVVBGVQWMKSGU,25,4,1.01
Clc1ccc(-c2cn3ccccc3n2)cc1,NGGHEECJTVTTSO-UHFFFAOYSA-N,NGGHEECJTVTTSO,16,3,4.0
CCN1C(=O)NC(c2ccccc2)C1=O,SZQIFWWUIBRPBZ-UHFFFAOYSA-N,SZQIFWWUIBRPBZ,15,4,1.0
Cc1ccc(NC(=O)c2ccnc(N3CCOCC3)c2)cc1Nc1ccnc(OC2CCN(C)CC2)n1,IYXXHXAZYORMBJ-UHFFFAOYSA-N,IYXXHXAZYORMBJ,37,10,1.8
Nc1nc(NCc2ccccc2)nc2c1nc(O)n2Cc1ccccc1,NWUVMADVJMPIJL-UHFFFAOYSA-N,NWUVMADVJMPIJL,26,7,3.69
CCN(C(=O)Cc1ccc(S(C)(=O)=O)cc1)C1CCN(CC[C@@H](c2cccc(F)c2)C2CCN(S(C)(=O)=O)CC2)CC1,YBLZDNSYXSHJJF-SSEXGKCCSA-N,YBLZDNSYXSHJJF,42,11,1.44
Cc1nc(C)c(-c2ccc([C@H]3CC[C@@H](CC(=O)O)CC3)c(Cl)c2)nc1C(N)=O,KAGHJGHSKOXHFD-OKILXGFUSA-N,KAGHJGHSKOXHFD,28,7,1.7
FC(F)(F)c1cc(CO[C@H]2CCCN[C@H]2c2ccccc2)cc(C(F)(F)F)c1,FCDRFVCGMLUYPG-ROUUACIJSA-N,FCDRFVCGMLUYPG,28,8,3.6
CN(CCOc1ccc(C[C@H](Nc2ccccc2C(=O)c2ccccc2)C(=O)O)cc1)c1nc2ccccc2o1,ZZLLEVLMZDJINU-NDEPHWFRSA-N,ZZLLEVLMZDJINU,40,8,2.47
Cc1cccc(C(=O)N2CCC(C(=O)c3ccc(F)cc3)CC2)c1,MQJKLSGVNGIUER-UHFFFAOYSA-N,MQJKLSGVNGIUER,24,4,3.4
Clc1ccc([C@H]2CC=CCNC2)cc1Cl,PMLBVCPRUZMORG-JTQLQIEISA-N,PMLBVCPRUZMORG,15,3,1.95
COC(=O)c1ccc(Cn2[nH]c(=O)c3[nH]c4cc(Cl)ccc4c(=O)c3c2=O)cc1,QDJOQDJWGUVCQX-UHFFFAOYSA-N,QDJOQDJWGUVCQX,29,9,1.17
CCN(CC)c1ncnc2c1ncn2Cc1c(Cl)cccc1Cl,ITJIOYIWZIUCSN-UHFFFAOYSA-N,ITJIOYIWZIUCSN,23,7,1.25
COc1cc(N2CC3CNCC(C2)O3)ccc1Nc1ncc(Cl)c(-c2cnc3ccccn23)n1,PGKJSVHLRWKLSO-UHFFFAOYSA-N,PGKJSVHLRWKLSO,34,10,2.3
CCCS(=O)(=O)N1N=Cc2cc(Cl)ccc2B1O,NTOLEUDARGTNNY-UHFFFAOYSA-N,NTOLEUDARGTNNY,18,8,-0.4
CNc1ccc2ncc(-c3cccc(O)c3)n2n1,MUGLVLYHLQNKGW-UHFFFAOYSA-N,MUGLVLYHLQNKGW,18,5,2.99
CC(=O)Nc1cccc(Nc2nc(NC3CC3)n3ncc(C#N)c3n2)c1,LNLGAIKWRXYMAM-UHFFFAOYSA-N,LNLGAIKWRXYMAM,26,9,2.1
CN1CCN(C(=O)c2cc(Cc3n[nH]c(=O)c4ccccc34)ccc2F)CC1,IVWVPBNVKQKJHI-UHFFFAOYSA-N,IVWVPBNVKQKJHI,28,7,1.03
C[C@H](CO)Nc1nc(SCc2cccc(F)c2F)nc2nc(N)cnc12,BJILNBJSTFTMIK-MRVPVSSYSA-N,BJILNBJSTFTMIK,26,10,2.89
O=C(O)c1ccc(Nc2ncc3c(n2)-c2ccc(Cl)cc2C(c2c(F)cccc2F)=NC3)cc1,HHFBDROWDBDFBR-UHFFFAOYSA-N,HHFBDROWDBDFBR,34,9,2.58
Cc1cc(CN2Cc3ccccc3C2C(=O)Nc2ccc(Cl)cc2Cl)ccc1OCC(=O)O,MRCUMHGGUAFXSG-UHFFFAOYSA-N,MRCUMHGGUAFXSG,33,8,2.62
CCO/N=C(\c1ccc(Br)cc1)C1CCN(C2(C)CCN(C(=O)c3c(C)cc[n+]([O-])c3C)CC2)CC1,ZGDKVKUWTCGYOA-URGPHPNLSA-N,ZGDKVKUWTCGYOA,36,8,2.14
CC(C)C(NC(=O)Cn1c(-c2ccccc2)ccc(N)c1=O)C(=O)C(F)(F)F,DKUKYMJFBPYFSS-UHFFFAOYSA-N,DKUKYMJFBPYFSS,28,9,1.74
CCOc1ccc(-n2c([C@@H](C)N(Cc3cccnc3)C(=O)Cc3ccc(OC(F)(F)F)cc3)nc3ncccc3c2=O)cc1,WQTKNBPCJKRYPA-OAQYLSRUSA-N,WQTKNBPCJKRYPA,44,12,3.7
COc1cc2nc(Nc3ccc([C@@H](C)NC(C)=O)cc3)ncc2cc1-c1ccncc1,SPSZPMDJMNJFLD-OAHLLOKOSA-N,SPSZPMDJMNJFLD,31,7,3.11
O=C(Nc1nccs1)[C@H](CC1CCOCC1)c1ccc(S(=O)(=O)C2CC2)cc1,DOTNXOZFPLAGNY-GOSISDBHSA-N,DOTNXOZFPLAGNY,28,8,2.55
Cc1cccc(NS(=O)(=O)c2cccc3nonc23)c1,HMWHBHVEAXUNOI-UHFFFAOYSA-N,HMWHBHVEAXUNOI,20,7,3.0
CCOc1cc2nnc(C(N)=O)c(Nc3cc(C)ccc3F)c2cc1N1CCN(C)CC1,NYEZEWLNXPKHNM-UHFFFAOYSA-N,NYEZEWLNXPKHNM,32,9,3.02
O=S(=O)(Nc1ccccc1-c1ccccc1)c1ccccc1,QTJIFBIUXXTQPC-UHFFFAOYSA-N,QTJIFBIUXXTQPC,22,4,3.96
CC1=C(C)C(=O)C(C(CCCCCC(=O)O)c2ccccc2)=C(C)C1=O,ZBVKEHDGYSLCCC-UHFFFAOYSA-N,ZBVKEHDGYSLCCC,26,4,2.48
Cc1c(Cl)ccc(OC2CCN(C[C@H](O)CNC(=O)c3c[nH]c(=O)cc3C(F)(F)F)CC2)c1Cl,DLONTNINHYMHFB-CYBMUJFWSA-N,DLONTNINHYMHFB,34,12,3.14
Cc1ccc(-c2ccc(N)nn2)cc1NC(=O)c1ccc(OCc2ccccn2)cc1,UCIZAIFZGCLTCQ-UHFFFAOYSA-N,UCIZAIFZGCLTCQ,31,7,2.47
CC[C@H](NC(=O)c1c([S+](C)[O-])c(-c2ccccc2)nc2cc(Cl)ccc12)c1ccccc1,OFJZDPNJBBFIDI-GIFGLUKTSA-N,OFJZDPNJBBFIDI,32,6,3.07
O=C(CC1CCN(Cc2ccn(-c3ccc(C(F)(F)F)cc3)c2)CC1)NC(c1ccc(F)cc1)c1ccc(=O)[nH]c1,XWTMTWASFBCEMU-UHFFFAOYSA-N,XWTMTWASFBCEMU,41,10,3.04
CCS(=O)(=O)c1ccc(-c2cc(C(F)(F)F)ccc2OCC(=O)O)c(C)c1,KDOSMMYSHYZFQE-UHFFFAOYSA-N,KDOSMMYSHYZFQE,27,9,-0.45
CC(c1cc2ccccc2o1)n1[nH]c(=O)c2[nH]c3cc(Cl)ccc3c(=O)c2c1=O,DMIKXHFASFMLMV-UHFFFAOYSA-N,DMIKXHFASFMLMV,29,8,2.1
Cc1cc(CNc2nccc(Nc3cc(C)[nH]n3)n2)on1,TWJNKGRJIMBKFD-UHFFFAOYSA-N,TWJNKGRJIMBKFD,21,8,1.86
CCCC(=O)Nc1ccc2c(c1)C(=O)C(=O)c1ccccc1-2,PXHKZCDUVCOPKT-UHFFFAOYSA-N,PXHKZCDUVCOPKT,22,4,2.81
CC(C)(O)c1ccccc1CC[C@@H](SCC1(CC(=O)O)CC1)c1cccc(/C=C/c2ccc3ccc(Cl)cc3n2)c1,UCHDWCPVSPXUMX-TZIWLTJVSA-N,UCHDWCPVSPXUMX,41,6,3.45
Clc1ccc(Nc2nnc(Cc3ccncc3)c3ccccc23)cc1,YCOYDOIWSSHVCK-UHFFFAOYSA-N,YCOYDOIWSSHVCK,25,5,3.7
Nc1ccc(S(=O)(=O)c2ccc(N)cc2)cc1,MQJKPEGWNLWLTK-UHFFFAOYSA-N,MQJKPEGWNLWLTK,17,5,0.88
C=C[C@H]1CN2CC[C@H]1C[C@@H]2[C@@H](O)c1ccnc2ccc(OC)cc12,LOUPRKONTZGTKE-LHHVKLHASA-N,LOUPRKONTZGTKE,24,4,2.21
Cc1nc(C)c(-c2ccc([C@H]3CC[C@H](CCC(=O)O)CC3)cc2)nc1C(N)=O,MYIZTXKUHCNUET-WKILWMFISA-N,MYIZTXKUHCNUET,28,6,1.6
NC(=O)Cc1ccccc1,LSBDFXRDZJMBSC-UHFFFAOYSA-N,LSBDFXRDZJMBSC,10,2,0.3
CC(=O)O[C@H]1CC[C@]2(C=O)[C@H]3CC[C@]4(C)[C@@H](C5=CC(=O)OC5)CC[C@]4(O)[C@@H]3CC[C@]2(O)C1,JLZAERUVCODZQO-VWCUIIQSSA-N,JLZAERUVCODZQO,32,7,0.64
COc1cc2ncnc(Nc3cccc(Cl)c3F)c2cc1CN1CCC[C@H]1C(N)=O,SAERMKUGKADQHG-KRWDZBQOSA-N,SAERMKUGKADQHG,30,9,3.58
CC(C)NNC(=O)c1ccncc1,NYMGNSNKLVNMIA-UHFFFAOYSA-N,NYMGNSNKLVNMIA,13,4,0.33
NC(=O)Nc1sc(-c2ccccc2)cc1C(N)=O,PSVUSJKZJQMCSP-UHFFFAOYSA-N,PSVUSJKZJQMCSP,18,6,2.42
Nc1ccc(N=Nc2ccccc2)c(N)n1,QPFYXYFORQJZEC-UHFFFAOYSA-N,QPFYXYFORQJZEC,16,5,3.22
CCCSc1nc(NC)ccc1C(=O)N[C@H]1C2CC3CC1C[C@](O)(C3)C2,RVUNIPZUTBSHTG-OQZFIPPTSA-N,RVUNIPZUTBSHTG,26,6,3.27
N#Cc1cc(O)cc2nc(-c3ccc(O)cc3)oc12,PCWJJXZGAQSUKE-UHFFFAOYSA-N,PCWJJXZGAQSUKE,19,5,3.6
O=C(N[C@@H](Cc1ccc(C#CCCNc2ccccn2)cc1)C(=O)O)c1c(Cl)cccc1Cl,MHKXMNCZAAKYLC-NRFANRHFSA-N,MHKXMNCZAAKYLC,33,8,0.27
O=C1CCOc2nc(C#CC3CCCCC3)ccc21,UIKBGXQYPASMTB-UHFFFAOYSA-N,UIKBGXQYPASMTB,19,3,3.3
Cc1ccc(-n2[nH]c(=O)c3cccnc32)cc1,RVMYCAZASWLQEQ-UHFFFAOYSA-N,RVMYCAZASWLQEQ,17,4,2.1
COc1ccc(C(=O)N2CCCC2=O)cc1,ZXNRTKGTQJPIJK-UHFFFAOYSA-N,ZXNRTKGTQJPIJK,16,4,0.93
CNCc1ccc(-c2[nH]c3cc(F)cc4c3c2CCNC4=O)cc1,HMABYWSNWIZPAG-UHFFFAOYSA-N,HMABYWSNWIZPAG,24,5,1.17
Oc1ccc2c3c1O[C@H]1c4[nH]c5c(c4C[C@@]4(O)[C@@H](C2)N(CC2CC2)CC[C@]314)C[C@@]1(O)[C@H]2Cc3ccc(O)c4c3[C@@]1(CCN2CC1CC1)[C@H]5O4,APSUXPSYBJVPPS-YAUKWVCOSA-N,APSUXPSYBJVPPS,49,9,1.41
Clc1cccc2[nH]ncc12,CQTGQYVQJOJQCM-UHFFFAOYSA-N,CQTGQYVQJOJQCM,10,3,2.5
N#Cc1ccc(NC(=O)Nc2ccccc2Br)c2nn[nH]c12,SEDUMQWZEOMXSO-UHFFFAOYSA-N,SEDUMQWZEOMXSO,22,8,1.64
Nc1ccc(Cl)c(-c2nc3ncccc3o2)c1,FBJLATKOADLRTN-UHFFFAOYSA-N,FBJLATKOADLRTN,17,5,1.97
C[C@@H]1CN(Cc2ccc(F)cc2)CCN1C(=O)COc1ccc(Cl)cc1NC(N)=O,XQYASZNUFDVMFH-CQSZACIVSA-N,XQYASZNUFDVMFH,30,9,1.91
CN(C(=O)c1ccncc1)C1CCN(CCC(c2ccccc2)c2ccccc2)CC1,VLRVMMFOZMLPTD-UHFFFAOYSA-N,VLRVMMFOZMLPTD,31,4,2.8
Cc1ncc(-c2ccnc(Nc3ccc(C#N)cc3)n2)n1C(C)C,PULJAKLBEYKQJF-UHFFFAOYSA-N,PULJAKLBEYKQJF,24,6,3.62
N#Cc1cccc(NCC(=O)Nc2c(Cl)ccc3nc(N4CC[C@@H](O)C4)ccc23)c1,RRFSGQALCWYVME-MRXNPFEDSA-N,RRFSGQALCWYVME,30,8,2.39
N#CC1(NC(=O)[C@@H]2CCCC[C@H]2C(=O)N2CCN(c3nc4c(s3)COCC4)CC2)CC1,UWWSISYOFNGXQB-HZPDHXFCSA-N,UWWSISYOFNGXQB,31,9,1.42
O=C(c1cc(Cc2n[nH]c(=O)c3ccccc23)ccc1F)N1CCN(c2ccccn2)CC1,MKSXJRJUBVNORD-UHFFFAOYSA-N,MKSXJRJUBVNORD,33,8,2.55
Cc1ccc(C(=O)Oc2ccc(C(O)CNC(C)(C)C)cc2OC(=O)c2ccc(C)cc2)cc1,FZGVEKPRDOIXJY-UHFFFAOYSA-N,FZGVEKPRDOIXJY,34,6,3.57
CCCCC(CC)CNC(=O)c1ccc2c(c1)c(Cc1ccc(C(=O)NS(=O)(=O)c3ccccc3C)cc1OC)cn2C,DZAWPFCCIZVOPI-UHFFFAOYSA-N,DZAWPFCCIZVOPI,43,9,3.66
CCN(C(=O)Cc1ccc(S(C)(=O)=O)cc1)C1CCN(CCC(c2ccccc2)c2ccc(S(C)(=O)=O)cc2)CC1,COHWEVSELQDEED-UHFFFAOYSA-N,COHWEVSELQDEED,41,9,1.73
Cc1ccc(S(=O)(=O)Nc2c(C(=O)N[C@@H](C)C(C)(C)C)c(C)nn2C2CCS(=O)(=O)CC2)cc1,ZCWSQONNVIUDNV-KRWDZBQOSA-N,ZCWSQONNVIUDNV,34,11,0.25
COCCOc1nc(N)c2[nH]c(=O)n(Cc3ccccc3)c2n1,YYCDGEZXHXHLGW-UHFFFAOYSA-N,YYCDGEZXHXHLGW,23,8,2.26
Cc1ccc(CO)cc1N(c1ccnc(Nc2cc(N3CCOCC3)cc(N3CCOCC3)c2)n1)C(C)C,IIKUCLMTVMIFPY-UHFFFAOYSA-N,IIKUCLMTVMIFPY,38,9,3.9
NC(=O)c1cc(C(N)=O)n(-c2cccc(-c3cc(C(F)(F)F)ccc3C(F)(F)F)c2)n1,MIGUNWYRDMCMDZ-UHFFFAOYSA-N,MIGUNWYRDMCMDZ,31,12,3.4
CS(=O)(=O)Nc1cc(Nc2nccc(Nc3c(Cl)ccc4c3OCO4)n2)cc(C(N)=O)c1,GPZXMXXTXHYWJM-UHFFFAOYSA-N,GPZXMXXTXHYWJM,32,13,2.28
O=C(Nc1cccc(-c2nnn[nH]2)c1)c1cc(O)cc(C(F)(F)F)c1,PPQMGCPRNUKROD-UHFFFAOYSA-N,PPQMGCPRNUKROD,25,10,0.8
N#Cc1cccc(-c2cccc(-c3nn[nH]n3)c2)c1,SPYYLXWVVCYEME-UHFFFAOYSA-N,SPYYLXWVVCYEME,19,5,0.7
COc1ccc(CC(C)(C)NC[C@H](O)c2cc(O)cc3c2OCC(=O)N3)cc1,COUYJEVMBVSIHV-SFHVURJKSA-N,COUYJEVMBVSIHV,28,7,0.79
NC1(c2ccc(-c3ncc4cnccc4c3-c3ccccc3)cc2)CCC1,RGRNCTMXYHOPHP-UHFFFAOYSA-N,RGRNCTMXYHOPHP,27,3,2.2
N#Cc1cnn(-c2ccccc2)c1NC(=O)c1ccccc1F,PQEAWKICBGNEFF-UHFFFAOYSA-N,PQEAWKICBGNEFF,23,6,1.7
Cc1cc(=O)[nH]c2ccccc12,APLVPBUBDFWWAD-UHFFFAOYSA-N,APLVPBUBDFWWAD,12,2,1.9
C[C@H](Cc1cccc(CC(=O)NC23CC4CC(CC(C4)C2)C3)c1)NC[C@H](O)c1ccc(O)c(CO)c1,AKGAYMDCLUSCDA-QLYZNEQGSA-N,AKGAYMDCLUSCDA,36,6,2.4
Oc1ccc(-c2ccc(C3(O)CN4CCC3CC4)cc2)cc1,DMMXQRSFLVFTNK-UHFFFAOYSA-N,DMMXQRSFLVFTNK,22,3,0.95
CNC(=O)c1snnc1-c1ccccc1,JWZDFTGTHXYIRY-UHFFFAOYSA-N,JWZDFTGTHXYIRY,15,5,1.23
CC(C)(C)NC(=O)Nc1cccc(Cn2[nH]c(=O)c3[nH]c4cc(Cl)ccc4c(=O)c3c2=O)c1,LZYYPODTGABYDK-UHFFFAOYSA-N,LZYYPODTGABYDK,33,10,1.77
CN1CCN(c2nc(NCCNc3ccc([N+](=O)[O-])cc3)c3ccccc3n2)CC1,JVRHGEVECXBUIE-UHFFFAOYSA-N,JVRHGEVECXBUIE,30,9,2.91
O=C(O)CSCC(=O)Nc1nc(-c2ccc(F)cc2)cs1,RVYJBJVKSHJYJI-UHFFFAOYSA-N,RVYJBJVKSHJYJI,21,8,-0.2
O=C(N[C@@H](Cc1ccc(OCCNc2ccccn2)cc1)C(=O)O)c1c(Cl)cccc1Cl,BDFHRUNNBXEXIG-IBGZPJMESA-N,BDFHRUNNBXEXIG,32,9,-0.48
CC(C)(C)OC(=O)N1CCC(c2ncc(OCc3ccc(S(C)(=O)=O)cc3)cn2)CC1,DBAZGMHROHLDRP-UHFFFAOYSA-N,DBAZGMHROHLDRP,31,9,2.8
CC(C)Cn1c(=O)[nH]c(=O)c2c(C(=O)N3CCC3)c(Cc3ccccc3C(F)(F)F)sc21,HJKOMDGDQNVWIO-UHFFFAOYSA-N,HJKOMDGDQNVWIO,32,10,3.0
Nc1ncnc2c1c(COc1cccc(Cl)c1)nn2C1CCOCC1,AUMDBEHGJRZSOO-UHFFFAOYSA-N,AUMDBEHGJRZSOO,25,8,3.17
O=C(COCc1ccccc1)Nc1ccc2c(c1)C(=O)C(=O)c1ccccc1-2,HOABQFONODKQTP-UHFFFAOYSA-N,HOABQFONODKQTP,28,5,3.21
N#Cc1cnn2c(NC3CC3)cc(-n3ccc4ccc(CO)cc43)nc12,UYYKRBTVNGXKAC-UHFFFAOYSA-N,UYYKRBTVNGXKAC,26,7,3.09
CNS(=O)(=O)Cc1ccc2[nH]cc(CCN(C)C)c2c1,KQKPFRSPSRPDEB-UHFFFAOYSA-N,KQKPFRSPSRPDEB,20,6,-0.96
NC1(c2ccc(-c3c(-c4ccccc4)ccc4ccnn34)cc2)CCC1,GMINCAUYRPRHBG-UHFFFAOYSA-N,GMINCAUYRPRHBG,26,3,2.9
CN(C(=O)Cc1ccc(-n2cnnn2)cc1)C1CCN(Cc2ccc(C(F)(F)F)cc2)CC1,AZRVSANIIWCDJQ-UHFFFAOYSA-N,AZRVSANIIWCDJQ,33,10,3.0
CCC(c1nc2ccoc2c(=O)n1Cc1ccccc1)N(CCCN)C(=O)c1ccc(C)cc1,FKLCYYODCNYXKB-UHFFFAOYSA-N,FKLCYYODCNYXKB,34,7,1.37
COc1ccc(N(C(=O)c2occc2C)C(C(=O)NC[C@@H](C)O)c2ccccc2F)c(OC)c1,ZOZNPPIZIQFCCS-XESZBRCGSA-N,ZOZNPPIZIQFCCS,34,9,2.04
CCCc1c(OCc2cccc(NC(=O)Cc3ccccc3C(=O)O)c2)ccc(C(C)=O)c1O,PBZXICQVHVBHEO-UHFFFAOYSA-N,PBZXICQVHVBHEO,34,7,2.95
Cc1ncccc1Oc1ncnc(OC2C3COCC2CN(C(=O)OC(C)C)C3)c1C,RDCVTCCVZBQMNZ-UHFFFAOYSA-N,RDCVTCCVZBQMNZ,31,9,3.1
C[C@H](CO)Nc1nc(SCc2cccc(F)c2F)nc2nccnc12,FLYSGGFIJWABBI-SECBINFHSA-N,FLYSGGFIJWABBI,25,9,3.15
NC(=O)c1cnc(-c2ccc(C3(N)CCC3)cc2)c(-c2ccccc2)c1,GIRZDHCBMNHMEH-UHFFFAOYSA-N,GIRZDHCBMNHMEH,26,4,1.3
C[C@H](CO)Nc1nc(SCc2ccccc2)nc2[nH]c(=O)sc12,ZZAOLDVNKJEEFU-SECBINFHSA-N,ZZAOLDVNKJEEFU,23,8,2.86
N#Cc1cc(F)c(Cl)cc1O[C@H](CCN)c1ccccc1,BOQFUQUDOGMCLR-OAHLLOKOSA-N,BOQFUQUDOGMCLR,21,5,0.77
Cc1ccc(CO)cc1N(C)c1ccnc(Nc2cc(OC3CCOCC3)cc(N3CCOCC3)c2)n1,JZUWYLAIKXLYOR-UHFFFAOYSA-N,JZUWYLAIKXLYOR,37,9,3.7
CC(C)(CO)Nc1nc(SCc2cccc(F)c2F)nc2nc(N)sc12,UTDWJMBRBOKFJV-UHFFFAOYSA-N,UTDWJMBRBOKFJV,26,10,3.37
O=c1cc(-c2ccccc2)oc2cc(O)cc(O)c12,RTIXKCRFFJGDFG-UHFFFAOYSA-N,RTIXKCRFFJGDFG,19,4,3.83
CC(C)(C)NS(=O)(=O)c1cncc(-c2ccc3nc(NC(=O)NCC(=O)N4CCCC4)nn3c2)c1,PVOKBUZWKYUCKF-UHFFFAOYSA-N,PVOKBUZWKYUCKF,35,13,1.37
O=C(Nc1ccccn1)c1ccccc1,LZIJKEIPCFEOLH-UHFFFAOYSA-N,LZIJKEIPCFEOLH,15,3,2.2
O=c1c2sccc2n(CC2COc3ccccc3O2)c(=O)n1O,MXQGCMQXTPTJJT-UHFFFAOYSA-N,MXQGCMQXTPTJJT,23,8,1.44
c1ccc(Sc2ccc3ccccc3n2)cc1,BCOSVBKPHCKEII-UHFFFAOYSA-N,BCOSVBKPHCKEII,17,2,3.92
O=C(Nc1cccc(-c2nnn[nH]2)c1)c1cc(C(F)(F)F)cc2[nH]cnc12,MQJFWUUNKXRFOL-UHFFFAOYSA-N,MQJFWUUNKXRFOL,27,11,1.1
COC[C@H](C)Oc1cc(Oc2ccc(Cl)cc2)cc(C(=O)Nc2ccc(C(=O)O)cn2)c1,QQLRSGYTKYKGIH-AWEZNQCLSA-N,QQLRSGYTKYKGIH,32,9,1.69
C[C@@H]1CN(c2ccccc2)CCN1C(=O)[C@@H]1CCCC[C@H]1C(=O)NC1(C#N)CC1,OQJQSVZAPSMNLA-MISYRCLQSA-N,OQJQSVZAPSMNLA,29,6,2.35
COc1ccc2ncc(=O)n(CCN3CC[C@@H](NCc4cc5c(cn4)OCCO5)[C@H](O)C3)c2c1,CWTNGAPXMSGUOV-TZIWHRDSSA-N,CWTNGAPXMSGUOV,34,10,0.9
COCCOCCOc1ccc(-c2cc(C(N)=O)c(NC(N)=O)s2)cc1,HSTMLKQZZRBSOQ-UHFFFAOYSA-N,HSTMLKQZZRBSOQ,26,9,2.21
CCc1nc(N)nc(N)c1-c1ccc(Cl)cc1,WKSAUQYGYAYLPV-UHFFFAOYSA-N,WKSAUQYGYAYLPV,17,5,2.31
C[C@@H](C(=O)NCCN1CCCC1)c1ccc(OS(=O)(=O)C(F)(F)F)cc1,CWPASLOMOQBICF-GFCCVEGCSA-N,CWPASLOMOQBICF,26,10,1.64
Nc1ccc(OCCc2ccccc2)cc1,MMYXLHQQIXXGRR-UHFFFAOYSA-N,MMYXLHQQIXXGRR,16,2,2.71
O=C(O)CCc1ccc(OCc2cccc(Br)c2)cc1,PRPRITPGWICLOV-UHFFFAOYSA-N,PRPRITPGWICLOV,20,4,1.67
O=C(Nc1ncc(F)s1)C(CC1CCOCC1)c1ccc(S(=O)(=O)C2CC2)cc1,DBMFNEZMJWKKPU-UHFFFAOYSA-N,DBMFNEZMJWKKPU,29,9,3.3
Cc1ncc(-c2nc(Nc3ccc(C(=O)NC4CCN(C)CC4)cc3)ncc2F)n1C(C)C,QRXILYGJPUNEPE-UHFFFAOYSA-N,QRXILYGJPUNEPE,33,9,2.13
O=c1cc(-c2ccccc2)oc2ccc(O)cc12,GPZYYYGYCRFPBU-UHFFFAOYSA-N,GPZYYYGYCRFPBU,18,3,3.6
CC(C)C(NC(=O)Cn1c(-c2cccs2)ncc(NC(=O)OCC(F)(F)F)c1=O)C(=O)C(F)(F)F,FQHDDGKLQWGBMI-UHFFFAOYSA-N,FQHDDGKLQWGBMI,35,16,2.32
O=C(NO)C1COC(c2ccc(F)c(C(F)(F)F)c2)=N1,GXXKFVYNHMJXFV-UHFFFAOYSA-N,GXXKFVYNHMJXFV,20,9,1.53
CCCc1c(OCCCOc2ccc3c(=O)cc(C(=O)O)oc3c2CCC)ccc(C(C)=O)c1O,JHAGRZFIEACDNG-UHFFFAOYSA-N,JHAGRZFIEACDNG,35,8,3.0
NS(=O)(=O)c1ccc(Nc2nccc(-c3ccccc3)n2)cc1,UTWPAZWEWWLNMF-UHFFFAOYSA-N,UTWPAZWEWWLNMF,23,7,2.86
CC(C)[N+](C)(CCOC(=O)C1c2ccccc2Oc2ccccc21)C(C)C,VVWYOYDLCMFIEM-UHFFFAOYSA-N,VVWYOYDLCMFIEM,27,4,0.2
CCN(CC)CCNc1ncnc2c1sc1nc(N3CCOCC3)c3c(c12)CCCC3,BDSHHQZMJSYVRC-UHFFFAOYSA-N,BDSHHQZMJSYVRC,31,8,3.3
CC(=O)NC1CC(C)N(C(=O)c2ccccc2)c2ccccc21,FZHLYHQWMXAQPH-UHFFFAOYSA-N,FZHLYHQWMXAQPH,23,4,2.0
CCN(CCNCCc1ccc(O)c2[nH]c(=O)sc12)C(=O)CCOCCc1ccccc1,UBQPAESFNPFFSQ-UHFFFAOYSA-N,UBQPAESFNPFFSQ,32,8,1.92
OCC(O)CN1CCN(c2ccccc2)CC1,PTVWPYVOOKLBCG-UHFFFAOYSA-N,PTVWPYVOOKLBCG,17,4,0.4
C[C@@H](CO)Oc1cc(Oc2ccc(S(C)(=O)=O)cc2)cc(C(=O)Nc2nccs2)c1,WXZJALPRVRLDDJ-ZDUSSCGKSA-N,WXZJALPRVRLDDJ,30,10,2.63
COc1cc(OC)c(S(=O)(=O)N2c3ccccc3CCC2C)cc1NC(=O)Cc1ccnc(F)c1,JZXDZIZXVVZIMA-UHFFFAOYSA-N,JZXDZIZXVVZIMA,35,10,2.49
Cc1sc2ncnc(N3CCN(c4ncccn4)CC3)c2c1C,BTJSGQQBWYPIRI-UHFFFAOYSA-N,BTJSGQQBWYPIRI,23,7,3.66
O=C(N[C@@H]1Cc2ccccc2N(C[C@@H](O)CO)C1=O)c1cc2cc(Cl)sc2[nH]1,UICNBXVDHCBKCE-TZMCWYRMSA-N,UICNBXVDHCBKCE,28,9,3.27
Nc1n[nH]c2nnc(-c3ccccc3)c(-c3ccccc3)c12,NPHKXSDZIKFIRU-UHFFFAOYSA-N,NPHKXSDZIKFIRU,22,5,2.6
O=C(NCc1ccncc1)c1ccc(Oc2ccc(C#C[C@@]3(O)CN4CCC3CC4)cc2)cc1,FEOIBPWKGPFSTB-MUUNZHRXSA-N,FEOIBPWKGPFSTB,34,6,2.31
O=C1c2ccc(O)cc2C(=O)N1c1ccc(O)cc1F,XKWJJULMHVTYOH-UHFFFAOYSA-N,XKWJJULMHVTYOH,20,6,2.1
C[C@H]1COCCN1c1cc(C2(S(C)(=O)=O)CC2)nc(-c2cccc3[nH]ccc23)n1,SCGCBAAYLFTIJU-AWEZNQCLSA-N,SCGCBAAYLFTIJU,29,8,2.8
Cc1ccc(C[C@@H](C(=O)O)N2CCC(CN3CCC(Oc4ccc(Cl)c(Cl)c4)CC3)CC2)cc1,QLGIWKYNMSCERQ-SANMLTNESA-N,QLGIWKYNMSCERQ,34,7,3.01
COc1ccc(CC(=O)NC(N/C(=N/C#N)Nc2ccccc2C)C(C)(C)C)cc1OC,UBYBLIILTZTSFV-UHFFFAOYSA-N,UBYBLIILTZTSFV,32,8,2.48
CN1Cc2ccccc2C(c2ccc(Cl)cc2)C1,UIVAIANIXTWVHO-UHFFFAOYSA-N,UIVAIANIXTWVHO,18,2,3.64
O=C(O)CSc1c[nH]c2ccccc12,MVTHCDJJTYSGFW-UHFFFAOYSA-N,MVTHCDJJTYSGFW,14,4,-1.31
O=c1oc2ccccc2c(O)c1Cc1c(O)c2ccccc2oc1=O,DOBMPNYZJYQDGZ-UHFFFAOYSA-N,DOBMPNYZJYQDGZ,25,6,1.22
C[C@@H](Oc1ccc(S(C)(=O)=O)cc1C(=O)N1CCN(c2ncc(C(F)(F)F)cc2F)CC1)C(F)(F)F,YUUGYIUSCYNSQR-GFCCVEGCSA-N,YUUGYIUSCYNSQR,36,15,3.49
N#CCNC(=O)[C@@H]1CCCC[C@H]1C(=O)N1CCCCC1,SNYYREXJNOFZFK-CHWSQXEVSA-N,SNYYREXJNOFZFK,20,5,0.9
CNc1cccc(CCOc2ccc(C[C@H](NC(=O)c3ccccc3Cl)C(=O)O)cc2)n1,WYPGVVZBOCXSCK-NRFANRHFSA-N,WYPGVVZBOCXSCK,32,8,-0.31
Cc1nnc2n1-c1ccc(Cl)cc1C(c1ccccc1)=NC2,VREFGVBLTWBCJP-UHFFFAOYSA-N,VREFGVBLTWBCJP,22,5,1.98
COCCC(=O)N[C@@H](C)c1ccc(Nc2ncc3cc(-c4ccncc4)ccc3n2)cc1,IDMVTOZYZLLLTD-KRWDZBQOSA-N,IDMVTOZYZLLLTD,32,7,3.05
COc1ccc([C@]2(C#N)CC[C@@H](C(=O)O)CC2)cc1OC1CCCC1,CFBUZOUXXHZCFB-OYOVHJISSA-N,CFBUZOUXXHZCFB,25,5,0.76
CCOc1ccccc1-c1ccc(-c2nc3ccc(F)cc3c(C(=O)NCCOCCN)c2C)cc1,IDFZVKOWUHJMBY-UHFFFAOYSA-N,IDFZVKOWUHJMBY,36,7,2.46
Cc1ccc(C#N)cc1-c1cc(C(F)(F)F)ccc1OCC(=O)O,ITXSYJKPQOUJKF-UHFFFAOYSA-N,ITXSYJKPQOUJKF,24,7,0.15
CS(=O)(=O)c1cccc(Nc2nccc(Nc3cccc4[nH]ncc34)n2)c1,FIWCLCRWDUELGO-UHFFFAOYSA-N,FIWCLCRWDUELGO,27,9,2.91
COCCNS(=O)(=O)c1ccc(-c2cnc(N)c(C(=O)Nc3cccnc3)n2)cc1,OMGQIHJJEYTELG-UHFFFAOYSA-N,OMGQIHJJEYTELG,30,11,2.26
CN[C@@H](C)C(=O)N[C@H](C(=O)N[C@H]1CCCN(C(=O)c2ccccc2)C1)C1CCCCC1,KEUGSWCNZKGYBC-YYWHXJBOSA-N,KEUGSWCNZKGYBC,31,7,0.87
O=C(Nc1ccc(Cl)c(S(=O)(=O)N2CCNCC2)c1O)Nc1cccc(F)c1Cl,YQYFEGTYCUQBEI-UHFFFAOYSA-N,YQYFEGTYCUQBEI,29,12,2.6
CN1CC=C(c2cccc(O)c2)CC1,QNIPNOMEHDJBAL-UHFFFAOYSA-N,QNIPNOMEHDJBAL,14,2,0.53
O=C(O)COc1ccc(C(=O)c2cccs2)c(Cl)c1Cl,AGHANLSBXUWXTB-UHFFFAOYSA-N,AGHANLSBXUWXTB,20,7,-0.84
COCC1=C(C(=O)OC(C)OC(=O)OC(C)C)N2C(=O)[C@@H](NC(=O)/C(=N\OC)c3csc(N)n3)[C@H]2SC1,LTINZAODLRIQIX-FBXRGJNPSA-N,LTINZAODLRIQIX,37,16,1.7
OCCN(CCO)c1nc(N2CCCCC2)c2nc(N(CCO)CCO)nc(N3CCCCC3)c2n1,IZEKFCXSFNUWAM-UHFFFAOYSA-N,IZEKFCXSFNUWAM,36,12,3.97
CS(=O)(=O)c1ccc(C(CCNC(=O)c2ccc(C#N)cc2)c2ccc(F)cc2)cc1,OXJGQTIVCHEXQS-UHFFFAOYSA-N,OXJGQTIVCHEXQS,31,7,2.9
Cc1cccc2c(CCNCc3cccc(CCNC[C@H](O)c4ccc(O)c5[nH]c(=O)sc45)c3)c[nH]c12,RZAFGCJAAYEIMV-VWLOTQADSA-N,RZAFGCJAAYEIMV,37,8,1.13
Cc1cn([C@H]2CCCN(S(=O)(=O)c3ccc(CO)c(Oc4cccc(Cl)c4)c3)C2)c(=O)[nH]c1=O,QVXUAATWXAEZJT-SFHVURJKSA-N,QVXUAATWXAEZJT,34,11,2.69
Nc1ncnc2c1ncn2[C@@H]1O[C@H](CSCCCNC(=O)Nc2ccccc2)[C@@H](O)[C@H]1O,QXFPNNTUVJVVLF-NVQRDWNXSA-N,QXFPNNTUVJVVLF,32,12,1.9
CCN(CC)CCOC(=O)C1(C2CCCCC2)CCCCC1,CURUTKGFNZGFSE-UHFFFAOYSA-N,CURUTKGFNZGFSE,22,3,3.72
CC12NC(Cc3ccccc31)c1ccccc12,LBOJYSIDWZQNJS-UHFFFAOYSA-N,LBOJYSIDWZQNJS,17,1,1.7
COc1ccc(N2CCN(C(=O)[C@@H]3CCCC[C@H]3C(=O)NC3(C#N)CC3)CC2)cc1,UHYCUITVTUDBPM-WOJBJXKFSA-N,UHYCUITVTUDBPM,30,7,1.74
C[C@@H]1CN(c2ccc3c(n2)NC(=O)CO3)[C@H](c2ccccc2)CO1,NDBQYPUELRHJBZ-OCCSQVGLSA-N,NDBQYPUELRHJBZ,24,6,2.75
CC(C)c1ccc2[nH]c3c(c2c1)CN(C(=O)[C@@H]1CCCC[C@H]1C(=O)NC1(C#N)CC1)CC3,GXGPSYNIHMEZMU-RTBURBONSA-N,GXGPSYNIHMEZMU,32,6,4.1
Cc1nc2ccccn2c1-c1ccnc(Nc2cccc(Cl)c2)n1,KJLKMQRZXPBHID-UHFFFAOYSA-N,KJLKMQRZXPBHID,24,6,2.7
O=C(O)COc1ccc(Cl)cc1CN1CCN(S(=O)(=O)c2ccc(F)cc2)CC1,YEPKGHKIZDVJEY-UHFFFAOYSA-N,YEPKGHKIZDVJEY,29,10,0.99
O=S(=O)(CCCNCCc1ccc(O)c2nc(O)sc12)NCCOCCSc1ccccc1,QPINDZVKBGVULS-UHFFFAOYSA-N,QPINDZVKBGVULS,33,11,1.84
CCc1nc2ccc(C(=O)NCc3ccc4c(c3)OCO4)cn2c1N(C)Cc1cccs1,GTYVVZQCJTWZAE-UHFFFAOYSA-N,GTYVVZQCJTWZAE,32,8,4.1
COCc1ccoc1C(=O)N(c1ccc(OC)cc1OC)C(C(=O)NC[C@@H](C)O)c1ccccc1F,FPGMKZRKIUKJOT-ADRQNKRLSA-N,FPGMKZRKIUKJOT,36,10,1.98
Cc1ccc(NC(=O)c2cccc(N(C)C)c2)cc1NC(=O)c1ccc(O)cc1,PYEFPDQFAZNXLI-UHFFFAOYSA-N,PYEFPDQFAZNXLI,29,6,2.65
COc1cc(F)ccc1-c1cncc(CNC2CCC2)n1,OQPJQHPICGWISK-UHFFFAOYSA-N,OQPJQHPICGWISK,21,5,2.23
C=CC(=O)Nc1ccc2ncnc(Nc3cccc(C)c3)c2c1,AWQLTDUXGVCRBV-UHFFFAOYSA-N,AWQLTDUXGVCRBV,23,5,3.7
COc1cc2c(cc1OC)C(=O)C(CC1CCN(Cc3ccccc3)CC1)C2,ADEBPBSSDYVVLD-UHFFFAOYSA-N,ADEBPBSSDYVVLD,28,4,2.41
CCN(CC)C(=O)c1ccc2[nH]c(-c3cc(C)cc(C)c3)c(CCNCCCCc3ccncc3)c2c1,VOXWQNPTPTZQPX-UHFFFAOYSA-N,VOXWQNPTPTZQPX,37,5,3.3
Cc1cnc(Nc2ccc(OCCN3CCCC3)cc2)nc1Nc1cccc(S(=O)(=O)NC(C)(C)C)c1,JOOXLOJCABQBSG-UHFFFAOYSA-N,JOOXLOJCABQBSG,37,10,2.11
Nc1ncc(-c2cnn(C3CCNCC3)c2)cc1-c1nc2ccccc2o1,NLOGXCAMKYLWJP-UHFFFAOYSA-N,NLOGXCAMKYLWJP,27,7,1.85
N#Cc1cnn2c(N)cc(-c3ccc(F)cc3)nc12,MSGQJJJSDMXGKE-UHFFFAOYSA-N,MSGQJJJSDMXGKE,19,6,2.23
NS(=O)(=O)c1cccc(Nc2nccc(Nc3cccc4[nH]ncc34)n2)c1,KVSWEQSTPCJTSJ-UHFFFAOYSA-N,KVSWEQSTPCJTSJ,27,10,2.6
C[C@H](c1ccc(F)cc1CCCC(=O)O)N(c1cc(F)ccc1F)S(=O)(=O)c1ccc(Cl)cc1,IZAOBRWCUGOKNH-OAHLLOKOSA-N,IZAOBRWCUGOKNH,34,10,3.1
Cc1nc(CS(=O)(=O)c2ccccc2)cc(N2CCOCC2)n1,VJXKUSWDEPDSHT-UHFFFAOYSA-N,VJXKUSWDEPDSHT,23,7,1.07
COc1ccc([C@@H]2Sc3ccccc3N(CCN(C)C)C(=O)[C@@H]2OC(C)=O)cc1,HSUGRBWQSSZJOP-RTWAWAEBSA-N,HSUGRBWQSSZJOP,29,7,1.99
Cc1ccc(S(=O)(=O)N2N=Cc3ccccc3B2O)cc1,UQIDNSKBUXCODH-UHFFFAOYSA-N,UQIDNSKBUXCODH,21,7,0.05
S=C(NC1CCCCC1)N1CCC(c2cnc[nH]2)CC1,QKDDJDBFONZGBW-UHFFFAOYSA-N,QKDDJDBFONZGBW,20,5,2.3
Nc1cc(-c2ccccc2)nc2ccccc12,URUHKHGBRNTPGA-UHFFFAOYSA-N,URUHKHGBRNTPGA,17,2,2.2
CN(C(=O)Cc1ccc(-n2cnnn2)cc1)C1CCN(Cc2ccc(C(F)(F)F)nc2)CC1,JFTWHNDQPJLOQP-UHFFFAOYSA-N,JFTWHNDQPJLOQP,33,11,1.8
COc1ccc(-c2cc3c(N[C@H]4CCCNC4)ncc(C(N)=O)c3s2)cc1,QKMKOMRCKPTJNA-ZDUSSCGKSA-N,QKMKOMRCKPTJNA,27,7,1.82
C[N+]1(C)[C@@H]2C[C@@H](OC(=O)C(O)(c3cccs3)c3cccs3)C[C@H]1[C@@H]1O[C@@H]12,LERNTVKEWCAPOY-DZZGSBJMSA-N,LERNTVKEWCAPOY,26,7,-0.25
N=C(N)c1cc2c(-c3ccccc3)cccc2s1,HKXOXDHVUZHJFV-UHFFFAOYSA-N,HKXOXDHVUZHJFV,18,3,1.27
O=C1C(=O)N(Cc2ccc(Cl)cc2)c2ccccc21,VEBLIIOSJXGVAW-UHFFFAOYSA-N,VEBLIIOSJXGVAW,19,4,3.1
COc1ccccc1O[C@@H](c1ccccc1)[C@@H]1CNCCO1,MZGJHBJKODTIQM-ROUUACIJSA-N,MZGJHBJKODTIQM,22,4,0.9
CCCNC(=O)c1nnc2c(-c3ncccn3)cccc2c1N,LHKDIYKHGIOMPL-UHFFFAOYSA-N,LHKDIYKHGIOMPL,23,7,1.86
O=c1[nH]c2c(O)ccc([C@@H](O)CNCCc3ccc(CNCCc4c(Cl)cccc4Cl)cc3)c2s1,GVRKTUGZYSOYMQ-QHCPKHFHSA-N,GVRKTUGZYSOYMQ,35,9,2.3
CC1CN(S(=O)(=O)c2ccccc2)CCN1Cc1cc(Cl)ccc1OCC(=O)O,KQVTZYFUHDWJOQ-UHFFFAOYSA-N,KQVTZYFUHDWJOQ,29,9,0.69
O=C(COCc1ccncc1)N1CCC(c2ccc(Cl)cc2)CC1,ZOSAZOVQKDMFEH-UHFFFAOYSA-N,ZOSAZOVQKDMFEH,24,5,2.74
CC(O)(C(=O)Nc1ccc(S(=O)(=O)c2ccncc2)cc1)C(F)(F)F,GNVWYNKNTYVESS-UHFFFAOYSA-N,GNVWYNKNTYVESS,25,10,2.15
CCN(CC)CCN1C(=O)[C@@](O)(c2ccccc2Cl)c2c1cc(C(N)=O)cc2C(F)(F)F,YSSPGXCFFITNCE-OAQYLSRUSA-N,YSSPGXCFFITNCE,32,10,2.4
O=C(NC[C@@H](O)CN1CCC(Oc2ccc(Cl)c(Cl)c2)CC1)c1c[nH]c(=O)c2cc(S(=O)(=O)NCCO)ccc12,YEGSREZTMOWGTG-MRXNPFEDSA-N,YEGSREZTMOWGTG,40,14,2.06
Cc1ccc(CO)cc1N(C)c1ccnc(Nc2cc(N3CCOCC3)nc(N3CCOCC3)c2)n1,ZQTYFBLUGOGFNG-UHFFFAOYSA-N,ZQTYFBLUGOGFNG,36,10,3.44
O=C(N[C@H]1CN2CCC1CC2)c1ccc(Cl)cc1,WECKJONDRAUFDD-ZDUSSCGKSA-N,WECKJONDRAUFDD,18,4,0.6
Cc1occc(=O)c1OCc1ccc(F)cc1,JSPXGPOJCDKMEA-UHFFFAOYSA-N,JSPXGPOJCDKMEA,17,4,1.91
O=C(Cc1ccccn1)c1ccc(Cl)cc1,KXCOOLQUDZYTGG-UHFFFAOYSA-N,KXCOOLQUDZYTGG,16,3,2.96
COc1nc(Br)cnc1NS(=O)(=O)c1cccc2c(N(C)C)cccc12,JDNYZAWNISHXJL-UHFFFAOYSA-N,JDNYZAWNISHXJL,26,9,1.9
NC(=O)c1sc2nccc(Nc3ccccc3)c2c1N,WZUJMBPFVFURFH-UHFFFAOYSA-N,WZUJMBPFVFURFH,20,6,2.91
COc1ccccc1OCC(O)COC(N)=O,GNXFOGHNGIVQEH-UHFFFAOYSA-N,GNXFOGHNGIVQEH,17,6,0.36
O=c1[nH]c(-c2ccccc2)nc2cc(Cl)ccc12,DWSBXSUAJILPPH-UHFFFAOYSA-N,DWSBXSUAJILPPH,18,4,3.31
O=c1c2ccccc2oc2cc(O)cc(O)c12,GTHOERCJZSJGHB-UHFFFAOYSA-N,GTHOERCJZSJGHB,17,4,3.39
CCC(Oc1ccc(C(F)(F)F)cc1-c1ccc(S(=O)(=O)CC)cc1C)C(=O)O,GCJIORHCPZEYFY-UHFFFAOYSA-N,GCJIORHCPZEYFY,29,9,0.31
COC(=O)N1CCN(C(=O)Cc2ccc(Cl)c(Cl)c2)[C@@H](CN2CCCC2)C1,HJUAKZYKCANOOZ-HNNXBMFYSA-N,HJUAKZYKCANOOZ,27,8,1.97
Cc1ncc(-c2ccnc(Nc3ccc(S(=O)(=O)CCCN(C)C)cc3)n2)n1C(C)C,YXXLSGQPJORXAM-UHFFFAOYSA-N,YXXLSGQPJORXAM,31,9,1.32
CC1(C)CCC(NC(=O)[C@@H](N)CCC(=O)O)CC1,VCRGLZYPNNAVRP-JTQLQIEISA-N,VCRGLZYPNNAVRP,18,5,-0.27
NS(=O)(=O)c1cc2c(cc1Cl)NC(C1CC3C=CC1C3)NS2(=O)=O,BOCUKUHCLICSIY-UHFFFAOYSA-N,BOCUKUHCLICSIY,24,10,2.12
Oc1ccc(Br)c2ccccc12,OUNQUWORSXHSJN-UHFFFAOYSA-N,OUNQUWORSXHSJN,12,2,4.3
CNC(=O)c1ccc(N2C(=S)N(c3ccc(C#N)c(C(F)(F)F)c3)C(=O)C23CCC3)cc1F,JPQFGMYHKSKKGW-UHFFFAOYSA-N,JPQFGMYHKSKKGW,33,11,3.3
CN[C@@H](C)C(=O)N[C@H](C(=O)N[C@H]1CCCN(CCc2cccc(F)c2)C1)C1CCCCC1,FVHUOYRFKRONMN-TZYHBYERSA-N,FVHUOYRFKRONMN,32,7,2.64
CCCc1cc(OCc2ccccc2)cc(=O)n1Cc1ccc(-c2ccccc2-c2nn[nH]n2)cc1,SEEKYKYALFEEOJ-UHFFFAOYSA-N,SEEKYKYALFEEOJ,36,7,2.4
N#CC1(NC(=O)[C@@H]2CCCC[C@H]2C(=O)N2CCN(c3nccs3)CC2)CC1,OCPZAFIMVGSBSN-HUUCEWRRSA-N,OCPZAFIMVGSBSN,27,8,1.3
CCSc1ccc(-c2cc(C(F)(F)F)ccc2OCC(=O)O)cc1,BAEUVFVUAABNHC-UHFFFAOYSA-N,BAEUVFVUAABNHC,24,7,1.54
COc1ccc(CN2C(=O)CCC2(C)C(=O)NC2CCCCC2)c(OC)c1,SKGMPPRRXPROGN-UHFFFAOYSA-N,SKGMPPRRXPROGN,27,6,2.38
O=C1C(=O)c2cc(-c3ccsc3)ccc2-c2ccccc21,JPFQUPJIQQULKP-UHFFFAOYSA-N,JPFQUPJIQQULKP,21,3,3.1
CN(C)CC(O)COc1ccc(Nc2nccc(Nc3cc(Cl)ccc3Cl)n2)cc1,GNLAGGCSJGJECE-UHFFFAOYSA-N,GNLAGGCSJGJECE,30,9,2.9
CN(C)CCCNC(=O)c1nc(Cl)c(N)nc1N,UKGGHPOZOLUBRE-UHFFFAOYSA-N,UKGGHPOZOLUBRE,18,8,-1.0
Cc1ccc(/C(=C\CN2CCCC2)c2ccccn2)cc1,CBEQULMOCCWAQT-WOJGMQOQSA-N,CBEQULMOCCWAQT,21,2,1.88
COc1cc(N2CCN(C(C)=O)CC2)ccc1Nc1ncc(C#N)c(-c2cnc3ccccn23)n1,YBSJMSSCZQIUNY-UHFFFAOYSA-N,YBSJMSSCZQIUNY,35,10,2.8
CCCCC(CC)CNC(=O)c1cc(-n2ncc(=O)[nH]c2=O)ccc1Cl,QNBONRHBWWFPLO-UHFFFAOYSA-N,QNBONRHBWWFPLO,26,8,2.41
CN(C)C(=O)N[C@H]1CC[C@H](CCN2CCN(c3ccc(Cl)c(Cl)c3)CC2)CC1,FUTLCWMQHXZFBX-QAQDUYKDSA-N,FUTLCWMQHXZFBX,28,7,3.15
Oc1c2ncc3ccccc3c2nn1-c1ccccc1,LVMHEZDWBDFFQG-UHFFFAOYSA-N,LVMHEZDWBDFFQG,20,4,0.8
Cc1c(Sc2ccc(Cl)cc2)c2c(-c3cnccn3)cccc2n1CC(=O)O,MHBLRRVMUPLWSD-UHFFFAOYSA-N,MHBLRRVMUPLWSD,28,7,0.03
c1ccc(OCC2CNCCO2)cc1,OFBLNBCFCXAZGW-UHFFFAOYSA-N,OFBLNBCFCXAZGW,14,3,0.2
COc1ncc(C)cc1-c1cccc2c(N)c(C(=O)NC3CC3)nnc12,QPBUEBDNKGGQCP-UHFFFAOYSA-N,QPBUEBDNKGGQCP,26,7,3.4
O=C(O)COc1ccc(Cl)cc1CN1CCCN(S(=O)(=O)c2ccccc2)CC1,QPKLSOHWYXCVTB-UHFFFAOYSA-N,QPKLSOHWYXCVTB,29,9,1.01
O=c1[nH]c2c(O)ccc([C@@H](O)CNCCc3cccc(CNCCc4c(Cl)cccc4Cl)c3)c2s1,MCZWBSFGGNTCLH-QHCPKHFHSA-N,MCZWBSFGGNTCLH,35,9,3.15
CCN(CC)CCNC(=O)c1c(C)[nH]c(/C=C2\C(=O)Nc3ccc(F)cc32)c1C,WINHZLLDWRZWRT-ATVHPVEESA-N,WINHZLLDWRZWRT,29,7,2.26
O=C(NS(=O)(=O)c1ccccc1)N1CCC(N2CCC(Oc3ccc(Cl)c(Cl)c3)CC2)CC1,MFJWXRIWIGLCGD-UHFFFAOYSA-N,MFJWXRIWIGLCGD,33,10,1.5
Fc1ccc([C@@H]2CCNC[C@H]2COc2ccc3c(c2)OCO3)cc1,AHOUBRCZNHFOSL-YOEHRIQHSA-N,AHOUBRCZNHFOSL,24,5,1.78
O=C1NC(=O)C(c2cnc3ccccn23)=C1c1cn2c3c(cccc13)CN(C(=O)N1CCOCC1)CC2,INJUVNWOFHYUIN-UHFFFAOYSA-N,INJUVNWOFHYUIN,37,10,1.79
CN1CCN(CCCOc2ccc(-c3cc(-c4ccc(F)cc4)no3)cc2)CC1,TWMURRWARVODEL-UHFFFAOYSA-N,TWMURRWARVODEL,29,6,3.81
N#Cc1nc(N2CCOCC2)nc(N2CCOCC2)n1,CKVMWRXMHJHOBH-UHFFFAOYSA-N,CKVMWRXMHJHOBH,20,8,1.51
CNc1ccc(-c2nc3ccc(O)cc3s2)cc1,ZQAQXZBSGZUUNL-UHFFFAOYSA-N,ZQAQXZBSGZUUNL,18,4,3.5
CN1CCN(C(=O)c2cc3cc(F)ccc3[nH]2)CC1,MIGREITXIMIAAD-UHFFFAOYSA-N,MIGREITXIMIAAD,19,5,1.97
O=C(/C=C/Sc1nc[nH]n1)c1ccc(Cl)cc1,YHEOXPXTWLCZEJ-AATRIKPKSA-N,YHEOXPXTWLCZEJ,17,6,3.1
O=C1C2CCC(N2)C(=O)N1Cc1ccccc1,NTNUTDMPEVEYBJ-UHFFFAOYSA-N,NTNUTDMPEVEYBJ,17,4,2.21
Cn1nnc2c(C(N)=O)ncn2c1=O,BPEGJWRSRHCHSN-UHFFFAOYSA-N,BPEGJWRSRHCHSN,14,8,-1.08
Fc1cc2[nH]cnc2cc1Cl,YITVVUARATZCAT-UHFFFAOYSA-N,YITVVUARATZCAT,11,4,2.35
CC(=O)Nc1ccc(CNc2[nH]nc3cccc(Oc4ccc(F)cc4)c23)cc1,AQKVGRZIJQKDMY-UHFFFAOYSA-N,AQKVGRZIJQKDMY,29,7,4.28
N[C@H](CNC(=O)c1cc2c(-c3ccccc3Cc3ccccc3)cccc2[nH]1)C(=O)O,XABBSEWVPQRAHT-OAQYLSRUSA-N,XABBSEWVPQRAHT,31,6,3.25
CCN(C(=O)NCc1ccc(S(C)(=O)=O)cc1)C1CCN(CCC(c2ccccc2)c2ccccc2)CC1,RDGUKBGMEDUEDL-UHFFFAOYSA-N,RDGUKBGMEDUEDL,38,7,2.86
CCN(CC)C(=O)Cc1csc(NS(=O)(=O)c2cccc(Cl)c2C)n1,PNFMZAHWOASGJC-UHFFFAOYSA-N,PNFMZAHWOASGJC,25,9,1.67
CCCN(CCO)CCCOc1ccc2c(Nc3cc(CC(=O)Nc4cccc(F)c4F)[nH]n3)ncnc2c1,JZNXPJAWGWXJFX-UHFFFAOYSA-N,JZNXPJAWGWXJFX,39,12,2.19
CCCc1c(C(=O)Nc2cc(C)on2)cnn1-c1ccccc1,TZHDPOLKAWZQLF-UHFFFAOYSA-N,TZHDPOLKAWZQLF,23,6,3.7
O=C(CC1CCCCCC1)Nc1cccc2c(=O)n([C@H]3CCNC3)ccc12,JUSKFLHUVAWKQW-KRWDZBQOSA-N,JUSKFLHUVAWKQW,27,5,1.15
O=C(O)c1cc(N=Nc2ccc(S(=O)(=O)Nc3ccccn3)cc2)ccc1O,NCEXYHBECQHGNR-UHFFFAOYSA-N,NCEXYHBECQHGNR,28,10,-0.58
O=C(O)c1c(Sc2ccccc2)c2cc(Cl)ccc2n1Cc1ccc(Cl)cc1,VUPOTURDKDMIGQ-UHFFFAOYSA-N,VUPOTURDKDMIGQ,28,6,2.96
Cc1ccc(-c2ncc(CN3CCOCC3)s2)cc1NC(=O)c1ccc(OCc2ccccn2)cc1,FPCRNQDPAAFAKL-UHFFFAOYSA-N,FPCRNQDPAAFAKL,36,8,3.1
Cc1oc(-c2ccccc2)cc1C(=O)Nc1cccc(C(=O)O)c1,LKPBBFAJPOKZSN-UHFFFAOYSA-N,LKPBBFAJPOKZSN,24,5,1.63
CCN(CC)C(=O)c1ccc(C(=C2CCN(Cc3ccc(F)cc3)CC2)c2cccc3cccnc23)cc1,JYXLNCZUBWPSBA-UHFFFAOYSA-N,JYXLNCZUBWPSBA,38,5,3.86
CCN(CC)S(=O)(=O)c1ccc(NC(=O)C(C)(O)C(F)(F)F)cc1,DYMOQRBZQBQYDN-UHFFFAOYSA-N,DYMOQRBZQBQYDN,24,10,2.63
COc1ccc2c(c1)C(c1ccccc1)=NC(NC(=O)c1ccccc1OC)C(=O)N2,UEKQGBYCWOKOLR-UHFFFAOYSA-N,UEKQGBYCWOKOLR,31,7,3.8
CC(CO)(CO)Nc1nc(SCc2cccc(F)c2F)nc2nc(N)sc12,OPZDQVDVMCTOPA-UHFFFAOYSA-N,OPZDQVDVMCTOPA,27,11,2.87
Cc1nc(C(=O)[C@@H](C)Oc2ccc(SCCCCCc3ccccc3)cc2)sc1CCCC(=O)O,RWIZIVMQIZHTSD-OAQYLSRUSA-N,RWIZIVMQIZHTSD,35,7,3.58
COC(=O)COc1ccc(OCCNCC(O)COc2ccccc2)cc1,XPXQYIOOPXUJDD-UHFFFAOYSA-N,XPXQYIOOPXUJDD,27,7,1.54
COc1ccnc(CSc2nc3ccccc3[nH]2)c1,GSONSIPOXDCBQT-UHFFFAOYSA-N,GSONSIPOXDCBQT,19,5,2.89
Oc1cccc(O[C@H]2C[C@H]3CC[C@@H](C2)N3Cc2ccccc2)c1,UDPCPBBLLQAUIE-YRWFTTLQSA-N,UDPCPBBLLQAUIE,23,3,2.3
O=c1[nH]n(C(c2ccccn2)C2CC2)c(=O)c2c(O)c3ccc(Cl)cc3nc12,BRUMGOABXDPNQY-UHFFFAOYSA-N,BRUMGOABXDPNQY,28,8,1.0
CN(C(=O)Cc1ccc(S(C)(=O)=O)cc1F)C1CCN(Cc2ccc(C(F)(F)F)cc2)CC1,PJKKZSMSDDSMEJ-UHFFFAOYSA-N,PJKKZSMSDDSMEJ,33,10,2.7
Fc1ncccc1OC[C@@H]1CCN1,GVOOYVOZPRROMP-ZETCQYMHSA-N,GVOOYVOZPRROMP,13,4,-1.2
N#Cc1ccccc1COc1cc(OCCCN2CCCC2)ccc1C(=O)Nc1cccc(O)c1,IGTFXPRHMCOQPA-UHFFFAOYSA-N,IGTFXPRHMCOQPA,35,7,2.34
COc1ccc(-c2nc3c(NCCCNC(C)=O)c(Br)cnc3[nH]2)cc1,CFBXWHPXNROFFK-UHFFFAOYSA-N,CFBXWHPXNROFFK,26,8,3.28
COc1ccc(N(C(=O)c2ccccc2)C(C(=O)NC2CCCC2)c2ccccc2F)c(OC)c1,KUUCRERQLRLCSS-UHFFFAOYSA-N,KUUCRERQLRLCSS,35,7,3.86
Cc1ccnc(NCc2ccc(Cl)cc2)c1,NQBXTWUDCJPOEJ-UHFFFAOYSA-N,NQBXTWUDCJPOEJ,16,3,3.6
CCN(c1ccnc(Nc2cc(N3CCOCC3)cc(N3CCOCC3)c2)n1)c1cc(CO)ccc1C,KKSHELMUSUNFMM-UHFFFAOYSA-N,KKSHELMUSUNFMM,37,9,3.8
CCN(CCO)CCCOc1cc2ncnc(Nc3cc(CC(=O)Nc4cccc(F)c4)[nH]n3)c2cc1OC,HOHHMYNNRAVKQB-UHFFFAOYSA-N,HOHHMYNNRAVKQB,39,12,2.12
CCCc1c(OCc2ccc(-c3nn[nH]n3)cc2OC)ccc(C(C)=O)c1O,RJJCOYBJTHKMLY-UHFFFAOYSA-N,RJJCOYBJTHKMLY,28,8,2.8
Nc1nc(N)c(-c2ccc(NC(=O)C3CC3)cc2)c(COCc2ccccc2)n1,ATKRWWYTIGCNEA-UHFFFAOYSA-N,ATKRWWYTIGCNEA,29,7,2.46
O=C(c1ccc(C(=C2CCN(Cc3cscn3)CC2)c2cccc3cccnc23)cc1)N1CCOCC1,HFWSSTSNALJTOM-UHFFFAOYSA-N,HFWSSTSNALJTOM,37,7,2.12
O=C(NS(=O)(=O)Cc1ccccc1)N1CCC(N2CCC(Oc3ccc(Cl)c(Cl)c3)CC2)CC1,SHRVEEBUQYOBLS-UHFFFAOYSA-N,SHRVEEBUQYOBLS,34,10,2.13
Cc1cc(Nc2nc(O[C@H](C)c3ccc(F)cn3)c(C#N)nc2C)n[nH]1,NUUZIPNBPALDNV-LLVKDONJSA-N,NUUZIPNBPALDNV,26,9,2.72
O=C(NCc1ccncc1)c1ccc(Oc2ccc(C#C[C@]3(O)CN4CCC3CC4)cc2)cc1,FEOIBPWKGPFSTB-NDEPHWFRSA-N,FEOIBPWKGPFSTB,34,6,2.42
COc1cc(Nc2cc(Oc3cc(C)c(C)nc3-c3ccccn3)ccn2)cc(OC)c1OC,RNLQQRFAMDEKKT-UHFFFAOYSA-N,RNLQQRFAMDEKKT,34,8,3.22
CSc1nc(C(N)=O)c(N)s1,ZGYKQSVGGNYQKY-UHFFFAOYSA-N,ZGYKQSVGGNYQKY,11,6,1.21
COc1ccccc1CN(C(C)=O)c1cnccc1Oc1ccccc1,DHZBNHMEIOBPAE-UHFFFAOYSA-N,DHZBNHMEIOBPAE,26,5,3.0
COc1cccc(CNc2nc(NC(C)C)nc3ccsc23)c1OC,HQAKVTYZMLDOIM-UHFFFAOYSA-N,HQAKVTYZMLDOIM,25,7,3.7
O=C(Cc1ccc(Cl)c(C(F)(F)F)c1)Nc1cccc2c(=O)n(CCO)ccc12,HGCBZJDOYPMNEY-UHFFFAOYSA-N,HGCBZJDOYPMNEY,29,9,3.36
Cc1nn(C2CCOCC2)c(NS(=O)(=O)c2ccc(C3CC3)cc2)c1C(=O)N[C@@H](C)C(C)(C)C,RFWSNJBXMGANOQ-KRWDZBQOSA-N,RFWSNJBXMGANOQ,34,9,1.23
CCC(NC(=O)c1ccc(C)cc1)c1nc2ccsc2c(=O)n1Cc1ccccc1,IOAZBLSDOVWYTI-UHFFFAOYSA-N,IOAZBLSDOVWYTI,30,6,4.14
O=C(N[C@H]1Cc2ccccc2N(C[C@H](O)CO)C1=O)c1cc2cc(Cl)sc2[nH]1,UICNBXVDHCBKCE-JSGCOSHPSA-N,UICNBXVDHCBKCE,28,9,3.27
COc1ccc2ncc(=O)n(CCN3CC[C@@H](NCc4ccc5c(n4)NC(=O)CO5)[C@@H](O)C3)c2c1,JSYFJFPXKDQANW-QUCCMNQESA-N,JSYFJFPXKDQANW,35,11,0.37
c1ccc2ncccc2c1,SMWDFEZZVXVKRB-UHFFFAOYSA-N,SMWDFEZZVXVKRB,10,1,2.09
C[C@H](NC1=NC(=O)[C@](C)(C(F)(F)F)S1)c1ccccc1F,KNHNFKZUNFPPQE-JVXZTZIISA-N,KNHNFKZUNFPPQE,21,8,3.1
Cc1cccc(C)c1OC[C@@H](C)N,VLPIATFUUWWMKC-SNVBAGLBSA-N,VLPIATFUUWWMKC,13,2,0.6
CC1N=C(N)N=C(N)N1c1ccc(Cl)cc1,WHWDLTBBQLJYCJ-UHFFFAOYSA-N,WHWDLTBBQLJYCJ,16,6,-0.8
COc1cc2ncnc(Nc3cc(Cl)ccc3F)c2cc1OCCCN1CCOCC1,DUCBKFANLUPMGX-UHFFFAOYSA-N,DUCBKFANLUPMGX,31,9,3.4
Cc1ccccc1-n1c(Cn2cnc3c(N)ncnc32)nc2cccc(C)c2c1=O,GNWHRHGTIBRNSM-UHFFFAOYSA-N,GNWHRHGTIBRNSM,30,8,2.6
COc1ccc2nc3ccccc3c(N)c2c1,MPQHRPVQJUEINF-UHFFFAOYSA-N,MPQHRPVQJUEINF,17,3,1.0
Cc1ccc2c(c1)c(-c1ccnc3c(C(F)(F)F)cccc13)c(C)n2CC(=O)O,HYJFNTQMONCVNH-UHFFFAOYSA-N,HYJFNTQMONCVNH,29,7,1.27
CC[C@H](NC(=O)c1c([S+](C)[O-])c(-c2ccsc2)nc2ccccc12)c1ccccc1,MYIZPPSONMKYOD-QUZMYUOTSA-N,MYIZPPSONMKYOD,30,6,2.66
Cc1oncc1C(=O)Nc1ccc(C(F)(F)F)cc1,VHOGYURTWQBHIL-UHFFFAOYSA-N,VHOGYURTWQBHIL,19,7,3.9
C[C@@H]1CN(c2nc(N3CCOCC3)c3ccc(Nc4ccccc4)nc3n2)C[C@H](C)O1,CVULCVVIQYHGSW-CALCHBBNSA-N,CVULCVVIQYHGSW,31,8,4.12
O=C(CO)N1CCC(c2n[nH]c(-c3ccc(Cl)cc3)c2-c2ccncn2)CC1,CATQHDWESBRRQA-UHFFFAOYSA-N,CATQHDWESBRRQA,28,8,1.85
COc1ccc(C(=O)Nc2cc(NC(=O)c3cccc(N(C)C)c3)ccc2C)cc1OC,YASXCJCKSILTAJ-UHFFFAOYSA-N,YASXCJCKSILTAJ,32,7,3.12
CNCc1cccc(-c2ccc3c(N4CCOCC4)nc(N4C[C@@H](C)O[C@@H](C)C4)nc3n2)c1,MZFFDHRVQXFAKC-HDICACEKSA-N,MZFFDHRVQXFAKC,33,8,1.26
COc1ccc(-c2nc3c(OCC4CCNCC4)c(Br)cnc3[nH]2)cc1,XVLUNMSWJVTNRP-UHFFFAOYSA-N,XVLUNMSWJVTNRP,26,7,1.55
COc1ccc(-c2nc3c(NCCCNC(=O)c4ccccc4)c(Br)cnc3[nH]2)cc1,GRIONNZJVZNNLU-UHFFFAOYSA-N,GRIONNZJVZNNLU,31,8,0.25
C[C@H]1O[C@@H](n2cnc3c(N)nc(OCC4CC(F)(F)C4(F)F)nc32)[C@H](O)[C@@H]1O,VSWMHQDCWRIITL-MDSCUQPFSA-N,VSWMHQDCWRIITL,28,13,1.42
O=C(Nc1c[nH]nc1-c1nc2cc(CN3CCOCC3)ccc2[nH]1)NC1CC1,LOLPPWBBNUVNQZ-UHFFFAOYSA-N,LOLPPWBBNUVNQZ,28,9,2.3
Cc1ccc(-c2ncc[nH]2)cc1NC(=O)c1ccc(OCc2ccccn2)cc1,KMSKKYBHDQYHMC-UHFFFAOYSA-N,KMSKKYBHDQYHMC,29,6,3.01
Nc1cc(-c2ccccc2)ncn1,NYXYYBHDSNBGOS-UHFFFAOYSA-N,NYXYYBHDSNBGOS,13,3,1.91
Cc1cc(NS(=O)(=O)c2ccc(N)cc2)no1,JLKIGFTWXXRPMT-UHFFFAOYSA-N,JLKIGFTWXXRPMT,17,7,-0.56
O=c1[nH]n(Cc2cc3ccccc3s2)c(=O)c2c(=O)c3ccc(Cl)cc3[nH]c12,KSULRIAPVGFERN-UHFFFAOYSA-N,KSULRIAPVGFERN,28,8,2.0
O=C(N[C@@H](Cc1ccc(OCCCNc2ccccn2)cc1)C(=O)O)c1c(Cl)cccc1Cl,ACAKBZZHDIANCL-FQEVSTJZSA-N,ACAKBZZHDIANCL,33,9,-0.22
CC(C)(C)OC(=O)N1CCN(c2cnc(OCc3ccc(S(C)(=O)=O)cc3)cn2)CC1,RJSYUHPZVHYMGW-UHFFFAOYSA-N,RJSYUHPZVHYMGW,31,10,3.4
CC(C)c1cc(C(=O)N2Cc3ccc(CN4CCN(C)CC4)cc3C2)c(O)cc1O,IFRGXKKQHBVPCQ-UHFFFAOYSA-N,IFRGXKKQHBVPCQ,30,6,2.5
COC1(c2cc(F)cc(OCc3ccc4c(ccc(=O)n4C)c3)c2)CCOCC1,SLZBEPLWGGRZAY-UHFFFAOYSA-N,SLZBEPLWGGRZAY,29,6,3.52
O=S(=O)(CCCOCCNc1ccccc1)CCNCCc1ccc(O)c2nc(O)sc12,ZIQNVVREPNIIRD-UHFFFAOYSA-N,ZIQNVVREPNIIRD,32,10,1.98
Cc1cc(Nc2nc(N[C@@H](C)c3ncc(F)cn3)ncc2F)n[nH]1,RDRRGPBIENGEQJ-QMMMGPOBSA-N,RDRRGPBIENGEQJ,24,10,1.79
COc1cc2c(Nc3ccc(F)c(Cl)c3)c(C(N)=O)cnc2cc1OCCN(C)CCO,LMFNTPHSFMIWNQ-UHFFFAOYSA-N,LMFNTPHSFMIWNQ,32,10,3.2
c1ccc(CNc2ncnc3ccccc23)cc1,FVWANTDQRFSCAL-UHFFFAOYSA-N,FVWANTDQRFSCAL,18,3,3.21
CC(C(=O)N1CCc2ccccc2C1)N1C(=O)c2ccccc2C1=O,OWULRRZVAXTQNS-UHFFFAOYSA-N,OWULRRZVAXTQNS,25,5,2.47
Nc1ccc(C2(c3ccc(N)cc3)CCCCC2)cc1,ZSQIQUAKDNTQOI-UHFFFAOYSA-N,ZSQIQUAKDNTQOI,20,2,3.2
CS(=O)(=O)c1ccc([C@@H](CC2CCCC2)C(=O)Nc2nccs2)cc1,NEQSWPCDHDQINX-MRXNPFEDSA-N,NEQSWPCDHDQINX,25,7,3.86
CCN(CC)CCNC(=O)c1c(C)[nH]c(/C=C2\C(=O)Nc3ccc(Cl)cc32)c1C,XPLJEFSRINKZLC-ATVHPVEESA-N,XPLJEFSRINKZLC,29,7,2.75
CC(C)(C)OC(=O)N1CCC(OCc2nc(-c3ccncc3)no2)CC1,LHZWKWCEAXQUMX-UHFFFAOYSA-N,LHZWKWCEAXQUMX,26,8,3.0
C[C@@](O)(C(=O)Nc1ccc(S(C)(=O)=O)cc1Cl)C(F)(F)F,DZNOYNAVIGLCIO-SNVBAGLBSA-N,DZNOYNAVIGLCIO,21,10,2.08
Clc1ccc2nsnc2c1NC1=NCCN1,XFYDIVBRZNQMJC-UHFFFAOYSA-N,XFYDIVBRZNQMJC,16,7,0.71
CCS(=O)(=O)Nc1cccc2c1c(Oc1ccc(Cl)cc1)c(C)n2CC(=O)O,CMGUAOOJGFBGME-UHFFFAOYSA-N,CMGUAOOJGFBGME,28,9,-0.29
CNc1cccc(CCOc2ccc(C[C@H](NC(=O)c3ccc(F)cc3Cl)C(=O)O)cc2)n1,QJPJMPQXWLLPPI-NRFANRHFSA-N,QJPJMPQXWLLPPI,33,9,-0.04
CCCc1c(OCc2ccc(-c3nn[nH]n3)cc2)ccc(C(C)=O)c1O,YPUUTNJQPHSGDA-UHFFFAOYSA-N,YPUUTNJQPHSGDA,26,7,3.1
COc1cc(OC)c(S(=O)(=O)N(C)c2ccccc2)cc1NC(C)=O,VLBXOYVWEBHPSO-UHFFFAOYSA-N,VLBXOYVWEBHPSO,25,8,1.1
O=C(CC1CCN(Cc2ccn(-c3ccc(C(F)(F)F)cc3)c2)CC1)N(CCCO)Cc1ccc(F)cc1,TVRSQRQEYMGJLM-UHFFFAOYSA-N,TVRSQRQEYMGJLM,38,9,3.04
Cc1nc(-c2ccc(CN3CCC(N(C)C(=O)Cc4ccc(-n5cnnn5)cc4)CC3)cc2)no1,XATVWHZPOVAVCL-UHFFFAOYSA-N,XATVWHZPOVAVCL,35,10,2.1
Cc1ccc(NC(=O)c2ccc(CN3CCN(C)CC3)cc2)cc1Nc1nccc(-c2cccnc2)n1,KTUFNOKKBVMGRW-UHFFFAOYSA-N,KTUFNOKKBVMGRW,37,8,2.5
CCCCNc1nc(SCCC)nc2c1nnn2[C@@H]1C[C@H](CO)[C@@H](O)[C@H]1O,VEJDIHYHYBKHNO-OXHZDVMGSA-N,VEJDIHYHYBKHNO,27,10,3.07
CN[C@@H](C)C(=O)N[C@H](C(=O)N[C@H]1CCCN(CCc2ccccn2)C1)C(C)(C)C,PVWUDIJTUZCOMT-YTQUADARSA-N,PVWUDIJTUZCOMT,29,7,-0.55
O=C(O)c1ccccc1Nc1cccc(C(F)(F)F)c1,LPEPZBJOKDYZAD-UHFFFAOYSA-N,LPEPZBJOKDYZAD,20,6,2.01
CC1CN(Cc2cc(Cl)ccc2OCC(=O)O)CCN1S(=O)(=O)c1ccccc1,OVNWHOGUZJEKAS-UHFFFAOYSA-N,OVNWHOGUZJEKAS,29,9,0.31
O=C(NC[C@@H](O)CN1CCC(Oc2ccc(Cl)c(Cl)c2)CC1)c1c[nH]c(=O)c2ccc(F)cc12,RMQXJQUUIKBXMM-OAHLLOKOSA-N,RMQXJQUUIKBXMM,34,10,3.93
CC(C)Cn1c(=O)n(C)c(=O)c2c(S(=O)(=O)N3CC[C@@H](O)C3)c(Cc3ccccc3C(F)(F)F)sc21,QFJAWVIERUMTED-OAHLLOKOSA-N,QFJAWVIERUMTED,36,13,3.32
Cc1ccccc1S(=O)(=O)NC(=O)N1CCC(N2CCC(Oc3ccc(Cl)c(Cl)c3)CC2)CC1,IGLADUDHPDHSRD-UHFFFAOYSA-N,IGLADUDHPDHSRD,34,10,1.71
COc1cccc(N(C)c2ccnc(Nc3cc(N4CCOCC4)cc(N4CCOCC4)c3)n2)n1,FWWFUGDJLTVEBU-UHFFFAOYSA-N,FWWFUGDJLTVEBU,35,10,3.37
CCOC(=O)[C@H](CCc1ccccc1)N[C@@H](C)C(=O)N1[C@H](C(=O)O)C[C@@H]2CCC[C@@H]21,HDACQVRGBOVJII-JBDAPHQKSA-N,HDACQVRGBOVJII,30,7,-0.41
O=C(O)c1cn(Cc2ccccc2)c2ccccc12,LVYDDRHDOKXFMW-UHFFFAOYSA-N,LVYDDRHDOKXFMW,19,3,1.19
Cc1ccc(NC(=O)c2cccc(N(C)C)c2)cc1NC(=O)c1ccc(OCc2ccccn2)cc1,SWSRBEFGWBCERT-UHFFFAOYSA-N,SWSRBEFGWBCERT,36,7,2.83
CC(C)(C)Cn1c(CN2C(=O)CC3(CCNCC3)C2=O)cc2cnc(C#N)nc21,GXGLUMCONRSMLM-UHFFFAOYSA-N,GXGLUMCONRSMLM,29,8,0.75
CCN1CCN(Cc2cnc(-c3ccc(C(=O)Nc4ccccc4N)cc3)c(Cl)c2)CC1,UAEARXVVDWXLHE-UHFFFAOYSA-N,UAEARXVVDWXLHE,32,7,1.81
CNC(=O)Nc1cc(-c2ccccc2)sc1C(N)=O,FQHAURJASXHLTM-UHFFFAOYSA-N,FQHAURJASXHLTM,19,6,2.71
CCCSc1ncccc1C(=O)NC1CCC(F)(F)CC1,XDYMNTTUQHFPGU-UHFFFAOYSA-N,XDYMNTTUQHFPGU,21,6,2.85
Cc1ccc(C(=O)C2CCN(C(=O)c3ccc(C)cc3)CC2)cc1,ZASCHQPPNGSAKO-UHFFFAOYSA-N,ZASCHQPPNGSAKO,24,3,3.43
COc1cc(N2CCN(C(C)=O)CC2)ccc1Nc1ncc(Cl)c(-c2cnc3cc(CO)ccn23)n1,PZENQMNWRNEQGA-UHFFFAOYSA-N,PZENQMNWRNEQGA,36,11,3.1
Cc1ncc(-c2ccnc(Nc3ccc(S(N)(=O)=O)cc3)n2)n1C,UQEPZHPATDPKPO-UHFFFAOYSA-N,UQEPZHPATDPKPO,24,9,1.6
CNc1nc(C)c(-c2nc(Nc3cccc(N4CCNCC4)c3)ncc2C#N)s1,HMCJMBDXHYZRRL-UHFFFAOYSA-N,HMCJMBDXHYZRRL,29,9,1.9
O=C(Nc1ccc(Cl)c(Cl)c1)N1CCN(C[C@H]2CN(C3CC3)CCO2)CC1,IXACLKNSEGSKGF-INIZCTEOSA-N,IXACLKNSEGSKGF,27,8,3.32
CCC(c1nc2ccsc2c(=O)n1Cc1ccccc1)N(CCCN)C(=O)c1ccccc1,FKMNVNLDVKVREQ-UHFFFAOYSA-N,FKMNVNLDVKVREQ,33,7,1.38
NC1=NC(c2cccs2)Nc2cccc(F)c21,OGKZGPSVQKXXOY-UHFFFAOYSA-N,OGKZGPSVQKXXOY,17,5,0.91
CN1C(=O)CN=C(c2ccccc2)c2cc(Cl)ccc21,AAOVKJBEBIDNHE-UHFFFAOYSA-N,AAOVKJBEBIDNHE,20,4,2.69
C=CCn1c(=O)c2c(-c3cncn3C)n(Cc3ccnc4ccc(Cl)cc34)nc2n(CC2CC2)c1=O,YJSCFGHVKVKFJP-UHFFFAOYSA-N,YJSCFGHVKVKFJP,36,10,3.62
CC(C)(N)C(=O)N[C@H](Cc1c[nH]c2ccccc12)C(=O)N[C@H](Cc1c[nH]c2ccccc12)NC=O,UJVDJAPJQWZRFR-DHIUTWEWSA-N,UJVDJAPJQWZRFR,35,9,1.0
c1ccc(-c2c[nH]c(-c3ccccc3)n2)cc1,FHHCKYIBYRNHOZ-UHFFFAOYSA-N,FHHCKYIBYRNHOZ,17,2,3.8
CCC1(c2ccccc2)NC(=O)N(C)C1=O,GMHKMTDVRCWUDX-UHFFFAOYSA-N,GMHKMTDVRCWUDX,16,4,1.59
N#Cc1ccc2ccc(=O)n(CCN3CC[C@@H](NCc4cc5c(cn4)OCCO5)[C@@H](O)C3)c2c1,PAHMIIXOZFIUNC-IRLDBZIGSA-N,PAHMIIXOZFIUNC,34,9,0.45
Cc1c(CCC(=O)O)c[nH]c1/C=C1\C(=O)Nc2ccccc21,XZLCDAKBNFQCMU-JYRVWZFOSA-N,XZLCDAKBNFQCMU,22,5,1.05
COCCOc1cc2ncc(C(N)=O)c(Nc3ccc(C)cc3F)c2cc1N1CCN(C)CC1,HJBIOYGBCCKLGS-UHFFFAOYSA-N,HJBIOYGBCCKLGS,34,9,2.24
COc1cc2ncnc(Nc3cccc(Cl)c3F)c2cc1OC1CCN(C)CC1,PUGRPTFZBHHZPM-UHFFFAOYSA-N,PUGRPTFZBHHZPM,29,8,2.72
Clc1cccc(Cl)c1/C(=C/n1cncn1)OC1CCCCCC1,STCVFKBRXOEQRF-YBEGLDIGSA-N,STCVFKBRXOEQRF,23,6,4.1
O=S(=O)(Nc1ccc2[nH]c(-c3ccc(Br)o3)nc2c1)c1ccccc1,QWMWFJCNXBNLIF-UHFFFAOYSA-N,QWMWFJCNXBNLIF,25,8,4.38
Nc1c2c(nc3c(-c4ncccn4)cccc13)CN(C1CCC1)C2=O,TWSTVDPXWQPIIM-UHFFFAOYSA-N,TWSTVDPXWQPIIM,25,6,1.85
COc1ccc(-c2c(-c3ccc(O)cc3O)n[nH]c2C)cc1,GSBFARPNIZUMHA-UHFFFAOYSA-N,GSBFARPNIZUMHA,22,5,3.37
CNCC[C@H](Oc1cccc2ccccc12)c1cccs1,ZEUITGRIYCTCEM-KRWDZBQOSA-N,ZEUITGRIYCTCEM,21,3,2.09
CC(c1ccccc1)N1Cc2ccccc2C1=O,OHXLVBFNCNKYHU-UHFFFAOYSA-N,OHXLVBFNCNKYHU,18,2,3.0
COc1ccc(N(C(=O)c2ccccc2)C(C)C(=O)NC2CCCC2)c(OC)c1,QWXDWEPEAHOPQE-UHFFFAOYSA-N,QWXDWEPEAHOPQE,29,6,3.02
Nc1nc(CCc2ccccc2)cc(=O)[nH]1,CNBSPUGFNQVSJS-UHFFFAOYSA-N,CNBSPUGFNQVSJS,16,4,1.4
COCCOc1ccc(Nc2ncc3cc(-c4ccncc4)ccc3n2)cc1,ANDINJSVEXTMCP-UHFFFAOYSA-N,ANDINJSVEXTMCP,28,6,3.1
Cc1cc(Nc2nc(N[C@@H](C)c3ccc(F)cn3)c(C#N)cc2F)n[nH]1,HIHOEGPXVVKJPP-JTQLQIEISA-N,HIHOEGPXVVKJPP,26,9,3.11
O=C(O)CN1C(=O)C(NC(=O)c2cc3sc(Cl)c(Cl)c3[nH]2)Cc2ccccc21,VZFLYUUKLKQOKA-UHFFFAOYSA-N,VZFLYUUKLKQOKA,28,10,0.67
Cc1c(NC(=O)N2CCOCC2)ccc2c1c1ccccc1n2C(C)C,ZNFMHLDBJPAFEQ-UHFFFAOYSA-N,ZNFMHLDBJPAFEQ,26,5,3.5
O=C1C(=O)c2cc(-c3ccccc3F)ccc2-c2ccccc21,LNJBKOCRJULNLN-UHFFFAOYSA-N,LNJBKOCRJULNLN,23,3,2.92
Cc1cc(C)cc(CCOCCS(=O)(=O)NCCNCCc2ccc(O)c3nc(O)sc23)c1,DTPWIWAJFPLHER-UHFFFAOYSA-N,DTPWIWAJFPLHER,33,10,2.45
Cc1ccc2c(N)c(C#N)sc2n1,FRPUSNBCUUHWOT-UHFFFAOYSA-N,FRPUSNBCUUHWOT,13,4,2.23
O=S(=O)(Nc1ccc(S(=O)(=O)Nc2nccs2)cc1)c1ccc2c(c1)OCCO2,HAZAYJDIEUZGDJ-UHFFFAOYSA-N,HAZAYJDIEUZGDJ,29,12,1.97
COc1ccc(C(CNC(=O)Nc2ccccc2)N2CCN(C)CC2)cc1,ILMKQIDYFIVYTH-UHFFFAOYSA-N,ILMKQIDYFIVYTH,27,6,1.5
COc1ccc(Nc2cc(Oc3cc(C)c(C)nc3-c3ccccn3)ccn2)cc1,OTATXPKPKQJQIB-UHFFFAOYSA-N,OTATXPKPKQJQIB,30,6,3.51
COc1ccc(NC(=O)c2ccc(-c3ccncc3)c(C)c2)cc1N1CCN(C)CC1,GNOXPYACARZYMW-UHFFFAOYSA-N,GNOXPYACARZYMW,31,6,2.56
CCCSc1ncccc1C(=O)N(C)C1CCCCC1,CKGNHSVKAWCUKU-UHFFFAOYSA-N,CKGNHSVKAWCUKU,20,4,3.36
CCOC(=O)c1cc2ccc(O)cc2oc1=O,IETDBZQIWIJQJG-UHFFFAOYSA-N,IETDBZQIWIJQJG,17,5,1.2
COc1cc2ncnc(Nc3ccc(F)c(Cl)c3)c2cc1OC,VOPNWXZDJKCCRE-UHFFFAOYSA-N,VOPNWXZDJKCCRE,23,7,3.67
O=C(O)COc1ccc([N+](=O)[O-])cc1-c1ccccc1,AWOLOLKCVZPBPS-UHFFFAOYSA-N,AWOLOLKCVZPBPS,20,6,-0.69
CCCSc1c(C(=O)NC2CCCCC2)cnn1-c1cccc(C(=O)O)c1,BDZUZNJQNGZOIM-UHFFFAOYSA-N,BDZUZNJQNGZOIM,27,7,0.7
Nc1ncnc(Nc2ccccc2)n1,YMFGJWGABDOFID-UHFFFAOYSA-N,YMFGJWGABDOFID,14,5,1.4
NC(=O)Nc1sc(-c2ccsc2)cc1C(=O)N[C@H]1CCCNC1,PBCBIZJDVCDFNU-JTQLQIEISA-N,PBCBIZJDVCDFNU,23,8,1.06
CCN(CC)CCOc1ccc(/C(=C(/Cl)c2ccccc2)c2ccccc2)cc1,GKIRPKYJQBWNGO-OCEACIFDSA-N,GKIRPKYJQBWNGO,29,3,4.09
COc1cc(O)c2c(c1)/C=C/C[C@H](O)[C@H](O)C(=O)/C=C\C[C@H](C)OC2=O,NEQZWEXWOFPKOT-BYRRXHGESA-N,NEQZWEXWOFPKOT,26,7,1.64
CCN1C(=O)N(C)c2cnc(Nc3ccc(C(=O)NC4CCN(C)CC4)cc3OC)nc2N1C1CCCC1,TVENGSGQLJMALI-UHFFFAOYSA-N,TVENGSGQLJMALI,38,11,2.75
COc1ccccc1Oc1ccc(N(Cc2cccnc2)S(=O)(=O)CC(F)(F)F)cc1,ALMACYDZFBMGOR-UHFFFAOYSA-N,ALMACYDZFBMGOR,31,10,1.5
O=c1cc(-c2ccccc2)ccn1-c1ccc2c(cnn2CCN2CCCC2)c1,JQBMDYHAADFKSN-UHFFFAOYSA-N,JQBMDYHAADFKSN,29,5,1.6
Cc1nc(-c2ccc(CN3CCC(n4c(=O)[nH]c5ccccc54)CC3)cc2)c(-c2ccccc2)[nH]c1=O,VQEYGNWUFJMZPZ-UHFFFAOYSA-N,VQEYGNWUFJMZPZ,37,7,3.8
O=C(COCc1ccccn1)N1CCN(c2ccc(Cl)cc2Cl)CC1,WAOGQORHVHHTAW-UHFFFAOYSA-N,WAOGQORHVHHTAW,25,7,3.47
Cc1cn([C@H]2CCCN([C@@H](CC(C)C)c3ccc(C(=O)O)c(Oc4cccc(Cl)c4)c3)C2)c(=O)[nH]c1=O,DUMBOKZAFBZKLT-URXFXBBRSA-N,DUMBOKZAFBZKLT,37,9,0.93
Cc1cccc([C@H](C)c2c[nH]cn2)c1C,CUHVIMMYOGQXCV-NSHDSACASA-N,CUHVIMMYOGQXCV,15,2,2.79
O=C(c1ccc(C(=C2CCN(Cc3cscn3)CC2)c2cccc3cccnc23)cc1)N1CCC(O)CC1,BXROQSXLYZDORH-UHFFFAOYSA-N,BXROQSXLYZDORH,38,7,1.89
COc1ccc(-n2sc3ccccc3c2=O)cc1,ADVCMQZATPXDMZ-UHFFFAOYSA-N,ADVCMQZATPXDMZ,18,4,3.02
CCC(c1nc2ccsc2c(=O)n1Cc1ccccc1)N(CC1CCNCC1)C(=O)c1ccc(C)cc1,GAXACNNUIGDQNV-UHFFFAOYSA-N,GAXACNNUIGDQNV,37,7,1.33
CC(=O)Nc1nc(CCc2ccc(NC(=N)N)cc2)cs1,LMDXCMJWFMSUAI-UHFFFAOYSA-N,LMDXCMJWFMSUAI,21,7,-0.82
CN1Cc2c(N)cccc2[C@@H](c2ccccc2)C1,XXPANQJNYNUNES-CQSZACIVSA-N,XXPANQJNYNUNES,18,2,2.11
Cc1ncc(-c2nc(Nc3ccc(C(=O)N4CC[C@H](N(C)C)C4)cc3)ncc2F)n1C(C)C,BACSZMCLZIDTIO-IBGZPJMESA-N,BACSZMCLZIDTIO,33,9,2.16
COc1ccc(NC(=O)c2nnc(Nc3ccccc3F)o2)cn1,JQIYZKJLDLHGPV-UHFFFAOYSA-N,JQIYZKJLDLHGPV,24,9,3.2
Cc1ccc(CCCOCCS(=O)(=O)CCCNCCc2ccc(O)c3nc(O)sc23)s1,BBUIQTAEZIRYKH-UHFFFAOYSA-N,BBUIQTAEZIRYKH,32,10,2.41
O=C(NC[C@@H](O)CN1CCC(Oc2ccc(Cl)c(Cl)c2)CC1)c1cn2cc(F)ccc2n1,PCRWWFINVOSHRN-OAHLLOKOSA-N,PCRWWFINVOSHRN,32,10,3.33
O=C(N[C@@H](Cc1ccc(CCCCNc2ccccn2)cc1)C(=O)O)c1c(Cl)cccc1Cl,CFUKCNIRQBDDDD-NRFANRHFSA-N,CFUKCNIRQBDDDD,33,8,0.51
CCNC(=O)c1cc2c(-n3ccc(C(F)(F)F)n3)c(-c3cncc(C(=O)NC)c3)cnc2[nH]1,NRPNJRAEKQHKFB-UHFFFAOYSA-N,NRPNJRAEKQHKFB,33,12,2.21
COc1cc(C(=O)NS(=O)(=O)c2ccccc2)ccc1Cn1cnc2ccc(NC(=O)CC3CCCC3)cc21,NGJQHMGDZSEEFT-UHFFFAOYSA-N,NGJQHMGDZSEEFT,39,10,0.9
N=C(N)c1cc2c(I)cccc2s1,YERQOXAYAFWFEJ-UHFFFAOYSA-N,YERQOXAYAFWFEJ,13,4,0.74
O=c1cc(-c2ccc(O)cc2)[nH]c2ccccc12,NFHVMJUQDROCSJ-UHFFFAOYSA-N,NFHVMJUQDROCSJ,18,3,2.34
CN(C)N(C)C(=O)[C@@]1(Cc2ccccc2)CCCN(C(=O)[C@@H](Cc2c[nH]c3ccccc23)NC(=O)C(C)(C)N)C1,VQPFSIRUEPQQPP-MXBOTTGLSA-N,VQPFSIRUEPQQPP,40,9,2.1
Cc1nc(Nc2ncc(C(=O)Nc3c(C)cccc3Cl)s2)cc(N2CCN(CCO)CC2)n1,ZBNZXTGUTAYRHI-UHFFFAOYSA-N,ZBNZXTGUTAYRHI,33,11,3.41
Cc1ccc(CCOCCNS(=O)(=O)CCCNCCc2ccc(O)c3nc(O)sc23)cc1,FIDWUJWRKJJJLL-UHFFFAOYSA-N,FIDWUJWRKJJJLL,33,10,2.07
Cc1ccc2c(c1)C1(CCN(CCc3nc(-c4ccccc4)oc3C)CC1)OC(=O)N2,ODNICNWASXKNNQ-UHFFFAOYSA-N,ODNICNWASXKNNQ,31,6,4.2
CCn1c(SCC(=O)Nc2c(C#N)cnn2-c2ccccc2)nnc1-c1cccs1,ZLMHFGRQGCZCHI-UHFFFAOYSA-N,ZLMHFGRQGCZCHI,30,10,2.1
Nc1ncnc2c1ncn2Cc1ccccc1,MRHCSNNEUHXNIC-UHFFFAOYSA-N,MRHCSNNEUHXNIC,17,5,1.53
CC(C)C[C@@H](CO)NS(=O)(=O)c1ccc(Cl)s1,YHYBBASOOKRIQD-QMMMGPOBSA-N,YHYBBASOOKRIQD,17,7,2.8
Cc1c(Oc2ccc(S(C)(=O)=O)cc2F)ncnc1OC1CCN(C(=O)OC(C)C)CC1,FEGPUMZPRQGWFH-UHFFFAOYSA-N,FEGPUMZPRQGWFH,32,11,3.7
Nc1c(C(=O)c2cccc(OC[C@@H](O)CO)c2)cnn1-c1ccc(F)cc1,IJDQETGUEUJVTB-HNNXBMFYSA-N,IJDQETGUEUJVTB,27,8,1.91
CCC(c1nc2ccsc2c(=O)n1Cc1ccccc1)N(CCCN)C(=O)c1ccc(C(C)C)cc1,OSFWTSQMFSKNRE-UHFFFAOYSA-N,OSFWTSQMFSKNRE,36,7,2.72
CC(C)C(NC(=O)Cn1c(-c2cccc(C(=O)O)c2)ccc(NC(=O)OCc2ccccc2)c1=O)C(=O)C(F)(F)F,FECSXOBPNUYCBT-UHFFFAOYSA-N,FECSXOBPNUYCBT,41,13,1.2
Cc1ccc(C(=O)c2ccc(CC(=O)O)n2C)cc1,UPSPUYADGBWSHF-UHFFFAOYSA-N,UPSPUYADGBWSHF,19,4,-1.02
COc1cc(C(=O)NS(=O)(=O)c2ccccc2C)ccc1Cc1c[nH]c2ccc(NC(=O)CC3CCCC3)cc12,FZLJIXUUQNYCNR-UHFFFAOYSA-N,FZLJIXUUQNYCNR,40,9,2.0
CC(=O)Nc1ccc(Nc2ncc3cc(-c4ccncc4)ccc3n2)cc1,QVFDWLFJHGRHCK-UHFFFAOYSA-N,QVFDWLFJHGRHCK,27,6,3.04
COCCNc1nc(N)c2nc(O)n(Cc3ccccc3)c2n1,PMESBKKQUTYHGL-UHFFFAOYSA-N,PMESBKKQUTYHGL,23,8,2.18
O=C(O)c1cn(C2CC2)c2cc(N3CCN(C(=O)CC[N+](=O)[O-])CC3)c(F)cc2c1=O,XJPQKLJJDPCGAQ-UHFFFAOYSA-N,XJPQKLJJDPCGAQ,31,11,0.22
Cc1ccc(CN2[C@@H]3CC[C@H]2C[C@H](Oc2cccc(C(N)=O)c2)C3)s1,RLHOWHVHHMGIKE-ALXJQNPVSA-N,RLHOWHVHHMGIKE,25,5,2.44
C[C@H](CO)Nc1nc(SCc2cccc(F)c2F)nc2[nH]c(=O)ccc12,VEDVRGDEFIRTMR-SECBINFHSA-N,VEDVRGDEFIRTMR,26,9,3.36
COc1cc2ncnc(Nc3ccc(F)cc3)c2cc1OC,GOOMUHBHUSAARV-UHFFFAOYSA-N,GOOMUHBHUSAARV,22,6,3.1
C[C@H](Nc1nc(Nc2ncc(C#N)s2)cc(N2CCOCC2)n1)c1ccc(F)cn1,ZIPDKFHUDBCNEM-LBPRGKRZSA-N,ZIPDKFHUDBCNEM,30,11,3.45
COc1cc(OC)c(S(=O)(=O)N2c3ccccc3CCC2C)cc1NC(=S)NCC(=O)O,UKDSSZLSAYKMKY-UHFFFAOYSA-N,UKDSSZLSAYKMKY,32,11,-1.04
COc1ccccc1CNC(=O)c1ccc2cnccc2n1,HLBZZLBQILSCEX-UHFFFAOYSA-N,HLBZZLBQILSCEX,22,5,1.8
CC(=O)Nc1ccc2c(c1)c(-c1cc(NC3CC3)n3ncc(C#N)c3n1)cn2C,QRFPAAIZIPRHSO-UHFFFAOYSA-N,QRFPAAIZIPRHSO,29,8,2.94
CCOc1cc(Nc2nc3c(cc2F)ncn3[C@@H](CO)c2ccc(F)cn2)n[nH]1,LHUAYUBPRYGIMX-AWEZNQCLSA-N,LHUAYUBPRYGIMX,29,11,2.55
CCN(CC)CCOc1ccc(C(O)(Cc2ccc(Cl)cc2)c2ccc(C)cc2)cc1,SYHDSBBKRLVLFF-UHFFFAOYSA-N,SYHDSBBKRLVLFF,31,4,3.98
Cc1cn([C@H]2CCCN(S(=O)(=O)c3ccc(C(N)=O)c(Oc4cccc(Cl)c4)c3)C2)c(=O)[nH]c1=O,NMOHOJMWILRMES-INIZCTEOSA-N,NMOHOJMWILRMES,35,12,1.96
Nc1cc2n[nH]c(=O)n2c2cc(-c3ccco3)ccc12,XKURAGPVCCMCPB-UHFFFAOYSA-N,XKURAGPVCCMCPB,20,6,2.48
O=C(NCC12CC3CC(CC(C3)C1)C2)c1ccccc1Cl,KGXOEHIYVHCAAK-UHFFFAOYSA-N,KGXOEHIYVHCAAK,21,3,4.05
Nc1nccc(-c2cccs2)n1,IXOUSLAWDHODKH-UHFFFAOYSA-N,IXOUSLAWDHODKH,12,4,1.75
CN1CCC(C#N)(c2cccc3ccccc23)CC1,KJGHRSCIVZCKKP-UHFFFAOYSA-N,KJGHRSCIVZCKKP,19,2,2.73
COc1cc2ncc(C(N)=O)c(Nc3cccc(Cl)c3Cl)c2cc1OC,LAJVUASLPHMQCC-UHFFFAOYSA-N,LAJVUASLPHMQCC,26,8,3.4
N#C/C(=C(/N)Sc1ccc(N)cc1)c1ccccc1C(F)(F)F,JLOXTZFYJNCPIS-FYWRMAATSA-N,JLOXTZFYJNCPIS,23,7,3.3
CN(C)c1ccc2nc3ccc(=[N+](C)C)cc-3sc2c1,RBTBFTRPCNLSDE-UHFFFAOYSA-N,RBTBFTRPCNLSDE,20,4,-0.88
CC[C@H](NC(=O)c1c(CS(C)(=O)=O)c(-c2ccccc2)nc2ccccc12)c1ccccc1,GIUSAYWKRZPTAQ-QHCPKHFHSA-N,GIUSAYWKRZPTAQ,33,6,3.25
CC(C)NCC(O)COc1ccc(CCOCC2CC2)cc1,NWIUTZDMDHAVTP-UHFFFAOYSA-N,NWIUTZDMDHAVTP,22,4,0.63
Cc1nsc(C)c1CCC1CCN(S(=O)(=O)CC2(N(O)C=O)CCOCC2)CC1,BTKROMQYNIJXLC-UHFFFAOYSA-N,BTKROMQYNIJXLC,29,10,1.5
COc1ccc2c(c1)c(-c1ccnc3cc(Cl)ccc13)c(C)n2CC(=O)O,YOIVDVSNRCXKLQ-UHFFFAOYSA-N,YOIVDVSNRCXKLQ,27,6,1.16
Nc1nc(OC2CCCC2)nc2c1ncn2[C@@H]1O[C@H](CO)[C@H](Cl)[C@H]1O,QVJVZYVPELMVQK-SZRLZVLASA-N,QVJVZYVPELMVQK,25,10,2.16
COc1cc2c(ccc(=O)n2CCN2CCC(NCc3cc4c(cn3)OCCO4)CC2)cn1,HPIXUGIAVZJDSY-UHFFFAOYSA-N,HPIXUGIAVZJDSY,33,9,0.68
O=C(NCC12CC3CC(CC(C3)C1)C2)c1ccccc1,XTUIDRJNCMLRAD-UHFFFAOYSA-N,XTUIDRJNCMLRAD,20,2,4.21
Cc1ccn2c(NC(=O)c3ccccc3)c(-c3cccs3)nc2c1,OVFLFOQKWYSFNY-UHFFFAOYSA-N,OVFLFOQKWYSFNY,24,5,2.87
O=C1O[C@@H](COc2ccon2)CN1c1ccc(C2=CCOCC2)c(F)c1,YVJAOORXDHZETP-CQSZACIVSA-N,YVJAOORXDHZETP,26,8,2.61
CC(C)(C)NC(=O)[C@@H]1CN(Cc2cccnc2)CCN1C[C@@H](O)C[C@@H](Cc1ccccc1)C(=O)N[C@H]1c2ccccc2C[C@H]1O,CBVCZFGXHXORBI-PXQQMZJSSA-N,CBVCZFGXHXORBI,45,9,2.9
O=C(O)COc1cccc(N2CCC(CN3CCC(Oc4ccc(Cl)c(Cl)c4)CC3)CC2)c1,VLUYCVQWTQUWPI-UHFFFAOYSA-N,VLUYCVQWTQUWPI,33,8,1.99
O=C(Nc1cccc(O)c1)c1ccc(OCCCN2CCCC2)cc1OCc1ccc(F)cc1,WZFZBDWZUPTUOM-UHFFFAOYSA-N,WZFZBDWZUPTUOM,34,7,3.2
CC(=O)Nc1ccc(O)cc1,RZVAJINKPMORJF-UHFFFAOYSA-N,RZVAJINKPMORJF,11,3,0.25
Cc1cc(NCc2ccccc2)nc2ccccc12,JUEAKQUMMBNRJE-UHFFFAOYSA-N,JUEAKQUMMBNRJE,19,2,3.69
Cc1c(C(=O)NC2C3CC4CC(C3)CC2C4)cnn1-c1ccc(C(=O)O)cc1,GUGRIDDHBAACKA-UHFFFAOYSA-N,GUGRIDDHBAACKA,28,6,0.8
NC(=O)Nc1sc(-c2cc(F)cc(F)c2)cc1C(=O)N[C@H]1CCCNC1,GDRXUUOZSYPBPT-LBPRGKRZSA-N,GDRXUUOZSYPBPT,26,9,2.18
COc1ccc(-c2cc(C(F)(F)F)ccc2OCC(=O)O)cc1,BAGKZNKMTKKDNL-UHFFFAOYSA-N,BAGKZNKMTKKDNL,23,7,0.29
Nc1ccccc1NC(=O)c1ccccn1,XIQCXQUJFNTCCK-UHFFFAOYSA-N,XIQCXQUJFNTCCK,16,4,1.0
O=C(Nc1nccs1)c1cccnc1,XOXGTZLXSYSIRP-UHFFFAOYSA-N,XOXGTZLXSYSIRP,14,5,2.25
Nc1nc(-c2ccccn2)nc(N)c1Cc1ccccc1F,BLJDNNFXOCIXOL-UHFFFAOYSA-N,BLJDNNFXOCIXOL,22,6,2.12
COc1ccc2c(C)cc(=O)n(CCN3CCC(NCc4cc5c(cn4)OCCO5)CC3)c2c1,HIVXEDBQNPKLII-UHFFFAOYSA-N,HIVXEDBQNPKLII,34,8,1.72
N#Cc1cnn2c(NC3CC3)cc(-c3cccs3)nc12,STCOLNQHSDHOJI-UHFFFAOYSA-N,STCOLNQHSDHOJI,20,6,2.88
N#Cc1cccc(-c2cc(Cl)ccc2OCC(=O)O)c1,LKVOYKPVSRJIAP-UHFFFAOYSA-N,LKVOYKPVSRJIAP,20,5,-0.25
CCC(CC)NC(=O)c1cn(-c2ccccc2)nc1NS(=O)(=O)c1ccc(C)cc1,QZDKZPDCVTYPII-UHFFFAOYSA-N,QZDKZPDCVTYPII,30,8,2.51
FC(F)(F)c1nnc2ccc(N3CCCC3)nn12,NJTBVMOKDUAAEH-UHFFFAOYSA-N,NJTBVMOKDUAAEH,18,8,2.41
COc1cc2c(Nc3cc(CC(=O)Nc4cccc(F)c4F)[nH]n3)ncnc2cc1OCCCN1CCC[C@@H]1CO,KALSMXLQRKFVPO-GOSISDBHSA-N,KALSMXLQRKFVPO,41,13,1.96
c1ccc2ccccc2c1,UFWIBTONFRDIAS-UHFFFAOYSA-N,UFWIBTONFRDIAS,10,0,3.29
CC(NC(=O)C1(N)CCN(c2ncnc3[nH]ccc23)CC1)c1ccccc1,YNLYLPHADLWJIV-UHFFFAOYSA-N,YNLYLPHADLWJIV,27,7,2.17
O=C1COc2ccc(CNC3CCN(CCN4C(=O)COc5ccc(-c6ccco6)cc54)CC3)nc2N1,BBYRVOHZWJHMHW-UHFFFAOYSA-N,BBYRVOHZWJHMHW,37,10,2.19
CCC(c1nc2sccc2c(=O)n1Cc1ccccc1)N(CCCN)C(=O)c1ccc(C)cc1,DNQXAMSJBTVZOF-UHFFFAOYSA-N,DNQXAMSJBTVZOF,34,7,2.06
O=C(CN1CCOCC1)Nc1ccc(-c2cccc3c(=O)cc(N4CCOCC4)oc23)cc1-c1ccccc1,KJQZPWWZMYOHNZ-UHFFFAOYSA-N,KJQZPWWZMYOHNZ,39,8,3.4
Cc1onc(CO)c1C(=O)Nc1nccs1,DZQPIRPUROKLIN-UHFFFAOYSA-N,DZQPIRPUROKLIN,16,7,1.53
Cc1ccnc(NCc2c(O)ccc3ccccc23)c1,BIBREOZCSNFKLF-UHFFFAOYSA-N,BIBREOZCSNFKLF,20,3,4.24
CC(C)Cn1c(=O)n(C)c(=O)c2c(-c3ccncc3)n(Cc3cccc4ccccc34)nc21,NNZDBCPMOOEFTE-UHFFFAOYSA-N,NNZDBCPMOOEFTE,33,7,4.3
COc1ccc(C(CN2CCCC2)N(C)C(=O)Cc2ccc(Cl)c(Cl)c2)c(OC)c1,MIEABZLLQOLZQW-UHFFFAOYSA-N,MIEABZLLQOLZQW,30,7,3.07
CNC(=O)c1ccc(Nc2ncc(F)c(-c3cnc(C)n3C(C)C)n2)cc1F,BRONSWAIUFMLPD-UHFFFAOYSA-N,BRONSWAIUFMLPD,28,9,3.31
COc1cc2ncnc(Nc3ccc(F)c(Cl)c3)c2cc1OCCCN1CCCCC1,IFIRBZOPPUFQRQ-UHFFFAOYSA-N,IFIRBZOPPUFQRQ,31,8,3.3
CN[C@H]1CCN(C(=O)c2ccc(Nc3nccc(-c4cnc(C)n4C(C)C)n3)cc2)C1,QTAXCQYCXMOZAD-IBGZPJMESA-N,QTAXCQYCXMOZAD,31,8,1.22
Cc1cc(C)n(-c2cccc(Cl)c2C#N)n1,VJMPPNLTGVFTQO-UHFFFAOYSA-N,VJMPPNLTGVFTQO,16,4,3.0
N#CC1(NC(=O)[C@@H]2CCCC[C@H]2C(=O)N2CCc3[nH]c4c(F)cccc4c3C2)CC1,DFWBUMFMCGXLEW-HZPDHXFCSA-N,DFWBUMFMCGXLEW,30,7,3.03
NCCCC(=O)OCCN1CCN(CCCN2c3ccccc3Sc3ccc(Cl)cc32)CC1,BABFYCSPNDKXRI-UHFFFAOYSA-N,BABFYCSPNDKXRI,33,8,1.5
Cn1ccc2c(-c3nc(CS(C)(=O)=O)cc(N4CCOCC4)n3)cccc21,VQZZCUQFESPTMT-UHFFFAOYSA-N,VQZZCUQFESPTMT,27,8,2.0
Oc1nc2ccccc2nc1NCc1ccccc1,JDUYTAACPJYAHK-UHFFFAOYSA-N,JDUYTAACPJYAHK,19,4,3.3
CN[C@@H](C)C(=O)N[C@H](C(=O)N[C@H]1CCCN(CCc2ccc(Br)cc2)C1)C(C)(C)C,WXJRCVBUKYXHLD-FFZOFVMBSA-N,WXJRCVBUKYXHLD,30,7,2.92
CCCCCCN1CC[C@]2(C)c3cc(O)ccc3CC1[C@@H]2C,ZGKAPJYBJLXXMX-VBSNWNEZSA-N,ZGKAPJYBJLXXMX,22,2,2.5
CC(C)NC[C@@H](O)COc1cccc2ccccc12,AQHHHDLHHXJYJD-CQSZACIVSA-N,AQHHHDLHHXJYJD,19,3,1.13
CC(C)C(NC(=O)Cn1c(-c2ccccc2)ccc(NC(=O)OCc2ccc(C(=O)O)cc2)c1=O)C(=O)C(F)(F)F,ROYDASXTYMKFDZ-UHFFFAOYSA-N,ROYDASXTYMKFDZ,41,13,0.84
Cc1nc(CSc2ccc(Cl)cc2)cc(N2CCOCC2)n1,UIAQJMYGQODMHA-UHFFFAOYSA-N,UIAQJMYGQODMHA,22,6,3.38
Cc1nc(C)c(-c2ccc3c(c2)CC[C@]32CC[C@H](C(=O)O)CC2)nc1C(N)=O,QZOAOSNSNYIGEZ-XLOAEROZSA-N,QZOAOSNSNYIGEZ,28,6,1.3
C[C@H]1COCCN1c1nc(N2CCOC[C@@H]2C)c2ccc(-c3cccc(C(=O)NCCO)c3)nc2n1,OMMTWAGHTAHDIF-ROUUACIJSA-N,OMMTWAGHTAHDIF,36,10,2.49
Clc1ccc([C@]23CNC[C@H]2C3)cc1Cl,BSMNRYCSBFHEMQ-KCJUWKMLSA-N,BSMNRYCSBFHEMQ,14,3,1.96
Cc1ccc(NC(=O)C2CC2)cc1-n1cnc2ccc(N3CCN(C)CC3)cc2c1=O,VDFIDAZBTUTWTF-UHFFFAOYSA-N,VDFIDAZBTUTWTF,31,7,2.17
O=c1cc(OCc2ccccc2)ccn1-c1ccc2c(cnn2CCN2CCCC2)c1,QBYYFLZCKXHEJS-UHFFFAOYSA-N,QBYYFLZCKXHEJS,31,6,2.0
O=C(c1ccc(F)cc1)C1CCN(C(=O)NCc2ccccc2)CC1,AOTFSQYHJUPBAD-UHFFFAOYSA-N,AOTFSQYHJUPBAD,25,5,3.15
CN(C)S(=O)(=O)c1ccc2c(c1)N(CCN1CCC(NCc3ccc4c(n3)NC(=O)CO4)CC1)C(=O)CO2,MVHRVFUBGBDXIJ-UHFFFAOYSA-N,MVHRVFUBGBDXIJ,38,13,0.15
O=C1/C(=N\O)c2ccccc2N1Cc1ccccc1[N+](=O)[O-],OLIZSMNQUZQLSK-PEZBUJJGSA-N,OLIZSMNQUZQLSK,22,7,2.07
Cc1ccc(NC(=O)[C@H]2CCCN2S(=O)(=O)c2cccc3cccnc23)c(C)c1,DWDDBDJWOXJEMQ-LJQANCHMSA-N,DWDDBDJWOXJEMQ,29,7,3.9
Cc1cccc(C[C@@H](C(=O)O)N2CCC(CN3CCC(Oc4ccc(Cl)c(Cl)c4)CC3)CC2)c1,CGPUMTTUBWGRHT-SANMLTNESA-N,CGPUMTTUBWGRHT,34,7,2.84
Cc1cc(-c2ccc(Cl)c(C(=O)NCC3(O)CCCCCC3)c2)nn1C[C@H](O)CN,YZDZFELRGNTLSQ-QGZVFWFLSA-N,YZDZFELRGNTLSQ,30,8,0.57
CCCSc1nc(N2CCOCC2)ccc1C(=O)N[C@H]1C2CC3CC1C[C@](O)(C3)C2,BWHZRRPXQJJVEO-KOVCZQLCSA-N,BWHZRRPXQJJVEO,30,7,3.2
COc1cc(OC)c(S(=O)(=O)N(c2ccccc2)c2ccccc2)cc1NC(=O)CCC(=O)O,STMGMKFOBAHRLB-UHFFFAOYSA-N,STMGMKFOBAHRLB,34,10,-0.8
OC1(c2ccc(F)cc2)CCN(c2ccc3nnc(C(F)(F)F)n3n2)CC1,LXBUVEXDYQSGGZ-UHFFFAOYSA-N,LXBUVEXDYQSGGZ,27,10,3.5
Cc1cc(Cl)ccc1OC1CCN(C[C@H](O)CNC(=O)c2c[nH]c(=O)c3cc(S(C)(=O)=O)ccc23)CC1,FEIOPVQTLJUJBR-GOSISDBHSA-N,FEIOPVQTLJUJBR,37,11,2.42
CC(=O)Nc1cc2c(ccn2-c2cc(NC3CC3)n3ncc(C#N)c3n2)cc1C,VTLVHYIODZODFB-UHFFFAOYSA-N,VTLVHYIODZODFB,29,8,2.66
CN(C(=O)NCc1ccccc1)C1CCN(CCC(c2ccccc2)c2ccccc2)CC1,ISIRALASUBYCGQ-UHFFFAOYSA-N,ISIRALASUBYCGQ,33,4,3.4
O=C(O)/C=C/c1cccc(-c2cnc3[nH]ccc3c2)c1,DNQHKEFHTJHHHH-SNAWJCMRSA-N,DNQHKEFHTJHHHH,20,4,0.58
O=C(NC1CCCCC1)N1CCN(c2ccccc2Cl)CC1,MZZSQPIRVIUDFP-UHFFFAOYSA-N,MZZSQPIRVIUDFP,22,5,3.78
COc1cc(OC)c(S(=O)(=O)N2c3ccccc3CC2C)cc1NC(C)=O,WCESRWVTCVMYMU-UHFFFAOYSA-N,WCESRWVTCVMYMU,27,8,1.95
CC(=O)NC[C@H]1CN(c2ccc(N3CCN(c4ccc(C#N)cn4)CC3)c(F)c2)C(=O)O1,CUKPPLWSFFQCKN-SFHVURJKSA-N,CUKPPLWSFFQCKN,32,10,1.98
O=C1Nc2ccc(S(=O)(=O)N3CCC[C@H]3COc3ccccc3)cc2C1=O,QKVWMYQCBWNCQH-ZDUSSCGKSA-N,QKVWMYQCBWNCQH,27,8,2.7
N#Cc1cccc(-c2ccc(C3(CNC(=O)Nc4cc(Cl)cc(Cl)c4)CCN(CC4CC4)CC3)cc2)c1,NEQBKTFMOCGXEI-UHFFFAOYSA-N,NEQBKTFMOCGXEI,37,7,3.37
Oc1ccc(CCc2ccc(O)cc2)cc1,URFNSYWAGGETFK-UHFFFAOYSA-N,URFNSYWAGGETFK,16,2,3.3
CC(C)c1ccc(NC(=O)NCCCSC[C@H]2O[C@@H](n3cnc4c(N)ncnc43)[C@H](O)[C@@H]2O)cc1,INBWFQMVGLHKHO-WGQQHEPDSA-N,INBWFQMVGLHKHO,35,12,2.5
CCO[C@@H]1OC(=O)C[C@@H]1NC(=O)[C@@H]1CCCN2C(=O)CC[C@H](NC(=O)c3nccc4ccccc34)C(=O)N12,CXAGHAZMQSCAKJ-WAHHBDPQSA-N,CXAGHAZMQSCAKJ,38,12,1.16
CCCSc1ncccc1C(=O)N[C@@H]1[C@@H]2CC3C[C@H]1C[C@@](O)(C3)C2,XZXNGXVYYURRHN-CMSQDFSHSA-N,XZXNGXVYYURRHN,24,5,2.27
CCCC(C)(C)C[C@H](c1ccc(C(=O)O)c(Oc2cccc(Cl)c2)c1)N1CCC[C@H](n2cc(C)c(=O)[nH]c2=O)C1,SMNMCDQPRMFQFA-JYFHCDHNSA-N,SMNMCDQPRMFQFA,40,9,1.99
CC(C)(C)NC[C@H](O)COc1nsnc1N1CCOCC1,BLJRIMJGRPQVNF-JTQLQIEISA-N,BLJRIMJGRPQVNF,21,8,-0.22
CN(C(=O)Cc1ccc(Cl)c(Cl)c1)C(CN1CCCC1)c1ccccc1,AEJOEPSMZCEYJN-UHFFFAOYSA-N,AEJOEPSMZCEYJN,26,5,3.38
O=C1CN=C(c2ccccc2Cl)c2cc([N+](=O)[O-])ccc2N1,DGBIGWXXNGSACT-UHFFFAOYSA-N,DGBIGWXXNGSACT,22,7,3.72
CN(CCCc1ccccc1)S(=O)(=O)c1cc(C(=O)N2CCc3ccc(S(=O)(=O)NCCc4ccccc4)cc3C2)c(O)c(O)c1O,MSGQUTXPOGRULO-UHFFFAOYSA-N,MSGQUTXPOGRULO,47,13,0.75
COc1ccc(N(C(=O)c2ccccc2)C(C(=O)NC[C@@H](C)O)c2ccccc2F)c(OC)c1,YOEOOUFATDSPPW-BPNWFJGMSA-N,YOEOOUFATDSPPW,34,8,2.55
CN[C@@H](C)C(=O)N[C@H](C(=O)N[C@H]1CCCN(CCc2ccccc2F)C1)C1CCCCC1,DWCMJOABGJQOPI-HARLFGEKSA-N,DWCMJOABGJQOPI,32,7,2.51
COc1cc(Nc2ncnc(Nc3c(Cl)ccc4c3OCO4)n2)cc(OC)c1OC,TUTYVDNXOVNPHE-UHFFFAOYSA-N,TUTYVDNXOVNPHE,30,11,3.01
CCCNC(=O)c1nnc2c(-c3cnc(OC)nc3OC)cccc2c1N,MMBJQNHQQHDAKU-UHFFFAOYSA-N,MMBJQNHQQHDAKU,27,9,3.26
CN(Cc1ccc(Cl)cc1)C(=O)C1(N)CCN(c2ncnc3[nH]ccc23)CC1,NFJQCAXRJLNJSJ-UHFFFAOYSA-N,NFJQCAXRJLNJSJ,28,8,2.8
O=S(=O)(Cc1cc(N2CCOCC2)nc(-c2ccccn2)n1)c1ccc(F)cc1,JAUIOJAQQTUDNL-UHFFFAOYSA-N,JAUIOJAQQTUDNL,29,9,1.59
O=C(Cc1ccc2c(n1)NCCC2)Nc1ccc(C[C@H](NC(=O)c2c(Cl)cccc2Cl)C(=O)O)cc1,PQPGXHCKTBRKTN-NRFANRHFSA-N,PQPGXHCKTBRKTN,36,10,-0.63
O=C(O)C(c1ccccc1)N1CCO[C@@H](CN2CCC(Oc3ccc(Cl)c(Cl)c3)CC2)C1,DCPIUFZZSDRFTC-AJZOCDQUSA-N,DCPIUFZZSDRFTC,32,8,1.71
NC(=O)c1cc(-c2ccccc2)sc1N,UHEGYTDIDBFUJD-UHFFFAOYSA-N,UHEGYTDIDBFUJD,15,4,2.7
O=c1cc(O)oc2c1c(=O)n(-c1ccccc1)c1ccccc21,NKFOCHSBAZWDDK-UHFFFAOYSA-N,NKFOCHSBAZWDDK,23,5,0.96
N#C[C@@H]1CCCN1C(=O)CNCCNc1ccc(Cl)cn1,RPJVKSSMOOHWAB-LBPRGKRZSA-N,RPJVKSSMOOHWAB,21,7,0.99
O=C(c1ccc(-c2nn[nH]n2)cc1)N1CCC(N2CCC(Oc3ccc(Cl)c(Cl)c3)CC2)CC1,NQTXEWZDVUMZDO-UHFFFAOYSA-N,NQTXEWZDVUMZDO,34,10,1.53
CCc1[nH]c2nc(Sc3cnc4ccc[n+]([O-])c4c3)nc(N3C[C@@H]4[C@@H](N)[C@@H]4C3)c2c1Cl,UWSFZWLFIGDKLA-FVGIMDHTSA-N,UWSFZWLFIGDKLA,31,10,2.3
O=C1NC(=O)c2cc(OCc3ccccc3)ccc21,WPHMZNGQBMYTKD-UHFFFAOYSA-N,WPHMZNGQBMYTKD,19,4,3.1
O=S(=O)(Nc1ncns1)c1cc(F)c(Oc2ccc(Cl)cc2-c2ccnn2C2CNC2)cc1F,CTGXRGQIIKAIKX-UHFFFAOYSA-N,CTGXRGQIIKAIKX,34,14,1.0
Clc1cccc(-c2cnc3ccc(NC4CCOCC4)nn23)c1,OEIWNDGDGDPXIO-UHFFFAOYSA-N,OEIWNDGDGDPXIO,23,6,4.3
CC(C)(C)OC(=O)N1CCN(c2ccc(OCc3ccc(S(C)(=O)=O)cc3)nn2)CC1,ZWKMSAHBFLORJJ-UHFFFAOYSA-N,ZWKMSAHBFLORJJ,31,10,2.8
COc1ccccc1N1CCN(CCCCNC(=O)c2ccc3ccccc3c2)CC1,MNHDKMDLOJSCGN-UHFFFAOYSA-N,MNHDKMDLOJSCGN,31,5,3.53
C#CC[C@@H](C(=O)N[C@H](/C=C/C(=O)OCC)C[C@@H]1CCNC1=O)n1cccc(NC(=O)c2cc(C)on2)c1=O,QCUZOJBYWQPLIN-BNMFZAHFSA-N,QCUZOJBYWQPLIN,38,12,1.75
CC[C@@H]1COCCN1c1cc(C2(S(C)(=O)=O)CC2)nc(-c2cccc3[nH]ccc23)n1,IPEFLCUWGQVWOL-OAHLLOKOSA-N,IPEFLCUWGQVWOL,30,8,3.0
Cc1ncc(-c2nc(Nc3ccc(C(=O)N4CC[C@@H](N(C)C)C4)cc3)ncc2F)n1C(C)C,BACSZMCLZIDTIO-LJQANCHMSA-N,BACSZMCLZIDTIO,33,9,2.36
Cc1c(-c2ccc3c(c2)OCO3)c(=O)n(C[C@H](N)c2ccccc2)c(=O)n1Cc1c(F)cccc1F,FFDBDHNMNCPWCW-QFIPXVFZSA-N,FFDBDHNMNCPWCW,36,9,2.67
O=c1cc(-c2ccc(O)cc2)oc2ccc(O)cc12,FFULTBKXWHYHFQ-UHFFFAOYSA-N,FFULTBKXWHYHFQ,19,4,3.3
CN(C(=O)Cc1ccc(-n2cnnn2)cc1)C1CCN(Cc2nc3cc(F)ccc3s2)CC1,RDSUNKJPRRBDOJ-UHFFFAOYSA-N,RDSUNKJPRRBDOJ,33,10,2.85
O=C(CN1C(=O)C(NC(=O)c2cc3cc(Cl)sc3[nH]2)Cc2ccccc21)NO,LKQFQMHHTDYTJF-UHFFFAOYSA-N,LKQFQMHHTDYTJF,28,10,2.4
CCn1cc(C(=O)O)c(=O)c2cc(F)c(N3CCNC(C)C3)c(F)c21,ZEKZLJVOYLTDKK-UHFFFAOYSA-N,ZEKZLJVOYLTDKK,25,8,-1.1
O=c1ccoc2ccccc12,OTAFHZMPRISVEM-UHFFFAOYSA-N,OTAFHZMPRISVEM,11,2,1.4
CS(=O)(=O)N1CC[C@H](N(Cc2ccccc2Cl)c2ccc(C#N)c(Cl)c2)C1,GOHKIDSTSAUHCB-KRWDZBQOSA-N,GOHKIDSTSAUHCB,27,8,4.0
Cc1nccn1CC1CCc2c(c3ccccc3n2C)C1=O,FELGMEQIXOGIFQ-UHFFFAOYSA-N,FELGMEQIXOGIFQ,22,4,1.67
O=C(Nc1ccccc1O)c1cc([N+](=O)[O-])ccc1Cl,HTQVWBZQPVLATM-UHFFFAOYSA-N,HTQVWBZQPVLATM,20,7,2.49
CCN1CCC[C@H]1CNC(=O)c1cc(S(N)(=O)=O)ccc1OC,BGRJTUBHPOOWDU-NSHDSACASA-N,BGRJTUBHPOOWDU,23,8,-0.84
CS(=O)(=O)c1cccc(Nc2nccc(Nc3cccc4ocnc34)n2)c1,OLKHEIVNVLUUAG-UHFFFAOYSA-N,OLKHEIVNVLUUAG,27,9,2.9
O=C(Cc1ccc(Oc2ccccc2)cc1)NO,BYHBQIBKPZHNKO-UHFFFAOYSA-N,BYHBQIBKPZHNKO,18,4,2.03
Cc1cn(C[C@H]2CN(c3ccc(C4=CCS(=O)(=O)CC4)c(F)c3)C(=O)O2)nn1,KQDNKVSRWSOHEA-HNNXBMFYSA-N,KQDNKVSRWSOHEA,28,10,1.25
Cc1cc(C)cc(-c2[nH]c3ccc(C(C)(C)C(=O)N4C5CCC4CC5)cc3c2[C@H](C)CNCCc2ccncc2)c1,ZZSZUFBTCXQQAJ-WDEPAJCISA-N,ZZSZUFBTCXQQAJ,41,5,4.35
Cc1ncc(-c2ccnc(Nc3ccc(N4CCN(C(=O)CO)CC4)cc3)n2)n1C(C)C,PVTKDXZNSUHUMO-UHFFFAOYSA-N,PVTKDXZNSUHUMO,32,9,1.69
CCN1CCC[C@@H](C(=O)N2CCN(C(=O)Nc3ccc(Cl)c(Cl)c3)CC2)C1,USNLEYVXXNQTEL-CQSZACIVSA-N,USNLEYVXXNQTEL,27,8,1.6
Cc1ccc(-c2cc(C(F)(F)F)nn2-c2ccc(S(N)(=O)=O)cc2)cc1,RZEKVGVHFLEQIL-UHFFFAOYSA-N,RZEKVGVHFLEQIL,26,9,3.42
c1ccc2c(OCC3=NCCN3)cccc2c1,REQHONMNWKPBNA-UHFFFAOYSA-N,REQHONMNWKPBNA,17,3,0.68
Cc1ccc(S(=O)(=O)Nc2c(C(=O)N[C@@H](C)C(C)(C)C)c(C)nn2C(C)C)cc1,XEBJWAMHNOGVTM-INIZCTEOSA-N,XEBJWAMHNOGVTM,29,8,0.97
CCOC(=O)c1ncn2c1CN(C)C(=O)c1cc(F)ccc1-2,OFBIFZUFASYYRE-UHFFFAOYSA-N,OFBIFZUFASYYRE,22,7,1.1
CN1CCc2cc(Cl)c(O)cc2[C@@H](c2ccccc2)C1,GOTMKOSCLKVOGG-OAHLLOKOSA-N,GOTMKOSCLKVOGG,20,3,2.5
CCCCC1=NC2(CCCC2)C(=O)N1Cc1ccc(-c2ccccc2-c2nn[nH]n2)cc1,YOSHYTLCDANDAN-UHFFFAOYSA-N,YOSHYTLCDANDAN,32,7,1.29
CCNC(=O)OC[C@@H](C)N(c1cc(Cl)ccc1CO)S(=O)(=O)c1ccc(Cl)cc1,IDSNSUWRAQDGGL-CYBMUJFWSA-N,IDSNSUWRAQDGGL,29,10,3.4
c1cn(-c2ccc(Oc3cc(Oc4ccc5c(c4)OCO5)ncn3)cc2)cn1,RAYGXDLWVNORMV-UHFFFAOYSA-N,RAYGXDLWVNORMV,28,8,3.17
O=c1[nH]nc(Cc2ccccc2)c2ccccc12,JUCCMEHWBGPJKS-UHFFFAOYSA-N,JUCCMEHWBGPJKS,18,3,2.8
Cc1[nH]c(/C=C2\C(=O)Nc3ccc(F)cc32)c(C)c1C(=O)NC[C@H](O)CN1CCOCC1,CTNPALGJUAXMMC-PMFHANACSA-N,CTNPALGJUAXMMC,32,9,2.22
COc1ccc(NC(=O)CCc2c(C)nc3nc(C)nn3c2C)cc1,DBLNBPCYGIJYNH-UHFFFAOYSA-N,DBLNBPCYGIJYNH,25,7,1.4
Cc1nc(C)c(-c2ccc3c(c2)CC[C@]32CC[C@@H](Cc3nnn[nH]3)CC2)nc1C(N)=O,RYUVHHFBAIAIHW-CWSKOGRWSA-N,RYUVHHFBAIAIHW,31,8,2.0
CO[C@H]1CN(Cc2ccc(C(F)(F)F)cc2)CC[C@H]1N(C)C(=O)Cc1ccc(-n2cnnn2)cc1,MTJFPNPDPMDLQJ-YADHBBJMSA-N,MTJFPNPDPMDLQJ,35,11,3.0
CCOC(=O)c1ccc(OCCC2CCN(c3ccc(C)nn3)CC2)cc1,KCHIOGFOPPOUJC-UHFFFAOYSA-N,KCHIOGFOPPOUJC,27,6,4.42
COc1ccc(C(=O)NCc2cccnc2)cc1C(=O)NCc1cccnc1,KYWCWBXGRWWINE-UHFFFAOYSA-N,KYWCWBXGRWWINE,28,7,1.23
CN(C)CCOc1ccc(-c2cc(C(N)=O)c(NC(N)=O)s2)cc1,RFSVVCBVIFWEMZ-UHFFFAOYSA-N,RFSVVCBVIFWEMZ,24,8,1.16
Fc1cccc(COc2ccc(Nc3ncnc4ccc(-c5cccc(N6CCOCC6)c5)cc34)cc2Cl)c1,FYFNJJQUMONMPL-UHFFFAOYSA-N,FYFNJJQUMONMPL,39,8,3.2
N#Cc1cccc(S(=O)(=O)NC(=O)N2CCC(N3CCC(Oc4ccc(Cl)c(Cl)c4)CC3)CC2)c1,NWUBEEIEKUQVJL-UHFFFAOYSA-N,NWUBEEIEKUQVJL,35,11,1.81
Cc1ccc(-c2cc(C(=O)N3CCOCC3)c3cc(C)ccc3n2)cc1,SOYSVYYJRNSDEN-UHFFFAOYSA-N,SOYSVYYJRNSDEN,26,4,3.6
N#C[C@@]1(NC(=O)[C@@H](N)Cc2cccs2)C[C@@H]1c1ccccc1,FUYOZZGSCQXNCB-VYDXJSESSA-N,FUYOZZGSCQXNCB,22,5,1.3
CCCSc1nc(N2CCC(C(=O)O)CC2)ccc1C(=O)NC1CCCCC1,ZLGMJDQCLXIRIW-UHFFFAOYSA-N,ZLGMJDQCLXIRIW,28,7,1.6
Fc1ccc(C(COCc2cc(C(F)(F)F)cc(C(F)(F)F)c2)N2CCNCC2)cc1,LEPMWVSFBIGRRP-UHFFFAOYSA-N,LEPMWVSFBIGRRP,31,10,3.0
CC(C)(C)C(O)/C(=C\c1ccc(Cl)cc1Cl)n1cncn1,FBOUIAKEJMZPQG-AWNIVKPZSA-N,FBOUIAKEJMZPQG,21,6,3.8
C[C@@H]1C2CCCC1(c1cccc(O)c1)CCN2C,JBSRPCWYMOJXAM-UWTIGNOOSA-N,JBSRPCWYMOJXAM,18,2,0.52
O=c1[nH]cnc2cc(F)c(F)cc12,WQQZTVZUFJDYFB-UHFFFAOYSA-N,WQQZTVZUFJDYFB,13,5,1.5
CCOc1ccc2ccc(=O)oc2c1,LIFAQMGORKPVDH-UHFFFAOYSA-N,LIFAQMGORKPVDH,14,3,2.2
COc1cc2c(Nc3cnc(NC(=O)c4ccccc4)nc3)ncnc2cc1OCCCN1CCOCC1,LYDTZBUSUCDSRL-UHFFFAOYSA-N,LYDTZBUSUCDSRL,38,11,2.7
Cn1c(=O)c2[nH]cnc2n(C)c1=O,ZFXYFBGIUFBOJW-UHFFFAOYSA-N,ZFXYFBGIUFBOJW,13,6,-0.09
CCCS(=O)(=O)c1ccc(Nc2nccc(-c3cnc(C)n3C(C)C)n2)cc1,IGXYXCWSBYCRDU-UHFFFAOYSA-N,IGXYXCWSBYCRDU,28,8,3.37
COc1cc(C(=O)O)ccc1Cn1ccc2ccc(NC(=O)OC3CCCC3)cc21,XJCLVUFSVBCYLV-UHFFFAOYSA-N,XJCLVUFSVBCYLV,30,7,2.1
O=C(NCCCNc1nc(Nc2cccc(NC(=O)N3CCCC3)c2)ncc1Br)c1cccs1,DLUFUVCAUGKHRL-UHFFFAOYSA-N,DLUFUVCAUGKHRL,34,11,4.13
CCOc1ccc(CCNCCCSCCNC[C@H](O)c2ccc(O)c3[nH]c(=O)sc23)cc1,LWKNIOKRJFVQBE-NRFANRHFSA-N,LWKNIOKRJFVQBE,33,9,0.41
Cc1ncc(-c2ccnc(Nc3ccc(N4CCN(S(C)(=O)=O)CC4)cc3)n2)n1C(C)C,PLAAWTKLLUHHMA-UHFFFAOYSA-N,PLAAWTKLLUHHMA,32,10,2.57
O=C(O)CCc1nc(-c2ccccc2)c(-c2ccccc2)o1,OFPXSFXSNFPTHF-UHFFFAOYSA-N,OFPXSFXSNFPTHF,22,4,1.2
Cc1ccc(Oc2ccc(Nc3ncnc4cccc(O[C@H](C)C(=O)N5CCOCC5)c34)cc2C)cn1,SHUGRJASNGVPQD-HXUWFJFHSA-N,SHUGRJASNGVPQD,37,9,4.14
COc1ccc(N2CCN(C(=O)[C@@H]3CCCC[C@H]3C(=O)NC3(C#N)CC3)[C@H](C)C2)nc1OC,RZRSGESNYRZLJD-KZNAEPCWSA-N,RZRSGESNYRZLJD,33,9,2.3
CC(C)OC(=O)N1CCC(Oc2ncnc3c2cnn3-c2ccc(S(C)(=O)=O)cc2F)CC1,XTRUQJBVQBUKSQ-UHFFFAOYSA-N,XTRUQJBVQBUKSQ,33,12,3.0
COc1cc2ncnc(Nc3cccc(Cl)c3F)c2cc1CN(C)[C@H](C)C(N)=O,LIXBPKCPMMFCNP-LLVKDONJSA-N,LIXBPKCPMMFCNP,29,9,3.44
c1cncc(Nc2ncnc3ccccc23)c1,KOQRKDRUVGQCBR-UHFFFAOYSA-N,KOQRKDRUVGQCBR,17,4,1.57
CCOc1ccc2oc(C(=O)NC(CCSC)c3nc4cnccc4[nH]3)c(C)c2c1,MDIXZEBSCHRVDY-UHFFFAOYSA-N,MDIXZEBSCHRVDY,30,8,4.31
COCCOc1ccc(C(=O)Nc2cc(NC(=O)c3cccc(N(C)C)c3)ccc2C)cc1,SJYUEPKPAXYPBD-UHFFFAOYSA-N,SJYUEPKPAXYPBD,33,7,2.74
O=C(CSc1nc2c(c(=O)n1-c1ccccc1)SCC2)Nc1ncc(-c2ccccc2)s1,URWGOJSESILPAG-UHFFFAOYSA-N,URWGOJSESILPAG,32,9,3.95
CC(C)(C)OC(=O)N1CCN(c2ncc(OCc3ccncc3C#N)cn2)CC1,RHLKIVUEHCVGSH-UHFFFAOYSA-N,RHLKIVUEHCVGSH,29,9,2.81
N#Cc1ccc(-c2cc(NC(N)=O)c(C(=O)N[C@H]3CCCNC3)s2)cc1,CGUUQUFVJVXBEZ-ZDUSSCGKSA-N,CGUUQUFVJVXBEZ,26,8,0.61
CC(C)Cn1cnc2c(N)nc3ccccc3c21,DOUYETYNHWVLEO-UHFFFAOYSA-N,DOUYETYNHWVLEO,18,4,2.52
Cc1ccc(-c2ncc(C)n2C)cc1NC(=O)c1ccc(OCc2ccccn2)cc1,ICEFWVJUDOWXTD-UHFFFAOYSA-N,ICEFWVJUDOWXTD,31,6,2.67
CC1=C(CC(=O)O)c2cc(F)ccc2/C1=C\c1ccc([S+](C)[O-])cc1,MLKXDPUZXIRXEP-MFOYZWKCSA-N,MLKXDPUZXIRXEP,25,5,-0.01
CN1C2CC(OC(=O)C(CO)c3ccccc3)CC1C1OC12,STECJAGHUSJQJN-UHFFFAOYSA-N,STECJAGHUSJQJN,22,5,0.17
CN(CCNC[C@H](O)c1ccc(O)c2[nH]c(=O)sc12)C(=O)CCOCCc1ccccc1,GWDLQAAVOQBLDF-IBGZPJMESA-N,GWDLQAAVOQBLDF,32,9,1.21
Cc1oc(-c2ccccc2)nc1CCOc1ccc(C[C@H](Nc2ccccc2C(=O)c2ccccc2)C(=O)O)cc1,ZZCHHVUQYRMYLW-HKBQPEDESA-N,ZZCHHVUQYRMYLW,41,7,3.5
CN(C)CCCN1c2ccccc2Sc2ccc(C(F)(F)F)cc21,XSCGXQMFQXDFCW-UHFFFAOYSA-N,XSCGXQMFQXDFCW,24,6,3.59
CCn1c(=O)c2c(-c3cc(C#N)cn3C)n(Cc3ccnc4ccc(Cl)cc34)nc2n(CC2CC2)c1=O,PHPOYRSDMVAPJM-UHFFFAOYSA-N,PHPOYRSDMVAPJM,37,10,4.13
CN(C)c1ccnc2sc(C(N)=O)c(N)c12,APQCIRNWAACMSD-UHFFFAOYSA-N,APQCIRNWAACMSD,16,6,1.7
CC1=C(C2=C(C)C(=O)c3c(cc(O)c(O)c3Cc3ccccc3)C2=O)C(=O)c2cc(O)c(O)c(Cc3ccccc3)c2C1=O,IEJPMWKHSOLTHK-UHFFFAOYSA-N,IEJPMWKHSOLTHK,44,8,2.73
CN(C)CCCOc1ccc(-c2cc(C(N)=O)c(NC(N)=O)s2)cc1,MKFBFGXYGIKOGL-UHFFFAOYSA-N,MKFBFGXYGIKOGL,25,8,0.64
COc1cccc(-c2cc3c(N[C@H]4CCCNC4)ncc(C(N)=O)c3s2)c1,CKZUUPZMLCZYML-ZDUSSCGKSA-N,CKZUUPZMLCZYML,27,7,1.82
COc1ccc(C(CN(C)C)C2(O)CCCCC2)cc1,PNVNVHUZROJLTJ-UHFFFAOYSA-N,PNVNVHUZROJLTJ,20,3,0.99
Cc1cc(CN2CCC2)cnc1-c1ccc(C(=O)Nc2ccccc2N)cc1,YMHZFVXMJBMNAT-UHFFFAOYSA-N,YMHZFVXMJBMNAT,28,5,1.18
Cc1ccc(S(=O)(=O)N2N=Cc3oc(C)cc3B2O)cc1,LNSMMNJPGJNWEH-UHFFFAOYSA-N,LNSMMNJPGJNWEH,21,8,-0.28
Cc1ncc(-c2ccnc(Nc3ccc(C(=O)N4CCN(C)CC4)cc3)n2)n1C(C)C,AEMJGAHADFWBRW-UHFFFAOYSA-N,AEMJGAHADFWBRW,31,8,2.1
O=S(=O)(CCOCCCc1ccccc1)NCCNCCc1ccc(O)c2nc(O)sc12,ACFQPMMWHGOWAP-UHFFFAOYSA-N,ACFQPMMWHGOWAP,32,10,2.22
COc1cc(N2CCN(C(C)=O)CC2)ccc1Nc1ncc(Cl)c(-c2cnc3cc(C#N)ccn23)n1,YXHZXFRJNWHEFH-UHFFFAOYSA-N,YXHZXFRJNWHEFH,36,11,2.3
COC(=O)c1ccc(C(C)n2[nH]c(=O)c3[nH]c4cc(Cl)ccc4c(=O)c3c2=O)cc1,HPICEDZGJUHGKN-UHFFFAOYSA-N,HPICEDZGJUHGKN,30,9,1.3
NC(=O)C(c1ccccc1)(c1ccccc1)[C@@H]1CCN(CCc2ccc3c(c2)CCO3)C1,HXGBXQDTNZMWGS-RUZDIDTESA-N,HXGBXQDTNZMWGS,32,4,2.79
CCC(c1nc2ccsc2c(=O)n1Cc1ccc(C)cc1)N(CCCN)C(=O)c1ccc(C)cc1,MOFRSXASEHGMKB-UHFFFAOYSA-N,MOFRSXASEHGMKB,35,7,1.69
N#Cc1ccc(C(F)(F)F)nc1O[C@H](CCN)c1ccno1,SDRHZGGFUFCFFW-SECBINFHSA-N,SDRHZGGFUFCFFW,22,9,-0.49
Cc1ccc2c(c1)c(-c1ccnc3cc(C(F)(F)F)ccc13)c(C)n2CC(=O)O,UYLVLPRFGZUQIF-UHFFFAOYSA-N,UYLVLPRFGZUQIF,29,7,1.78
CN(C)CCN(Cc1ccccc1)c1ccccn1,UFLGIAIHIAPJJC-UHFFFAOYSA-N,UFLGIAIHIAPJJC,19,3,1.28
COc1ncc(-c2ccc3nccc(-c4ccnnc4)c3c2)cc1NS(=O)(=O)c1ccc(F)cc1F,CGBJSGAELGCMKE-UHFFFAOYSA-N,CGBJSGAELGCMKE,36,11,2.5
O=C(NS(=O)(=O)c1ccccc1Cl)N1CCC(N2CCC(Oc3ccc(Cl)c(Cl)c3)CC2)CC1,OSUVEVWOPQLILG-UHFFFAOYSA-N,OSUVEVWOPQLILG,34,11,1.93
CC(CCc1ccccc1)NCC(O)c1ccc(O)c(C(N)=O)c1,SGUAFYQXFOLMHL-UHFFFAOYSA-N,SGUAFYQXFOLMHL,24,5,1.06
CCN(CC)CCNC(=O)c1cc(Cl)c(N)cc1OC,TTWJBBZEZQICBI-UHFFFAOYSA-N,TTWJBBZEZQICBI,20,6,0.34
CC(C)C(NC(=O)Cn1c(-c2ccccc2)ccc(NC(=O)NCc2ccccn2)c1=O)C(=O)C(F)(F)F,JTFGLFXSIGLHHQ-UHFFFAOYSA-N,JTFGLFXSIGLHHQ,38,12,2.15
O=C(O)Cc1ccccc1Nc1c(Cl)cccc1Cl,DCOPUUMXTXDBNB-UHFFFAOYSA-N,DCOPUUMXTXDBNB,19,5,1.08
COc1ccccc1CCNCc1ccc(CCNC[C@H](O)c2ccc(O)c3[nH]c(=O)sc23)cc1,YOCAICFOALLBEO-QHCPKHFHSA-N,YOCAICFOALLBEO,35,8,0.8
NC(=O)c1ccc(=O)n(Cc2ccc(Cl)cc2Cl)c1,YQTWDAPNIHSQRG-UHFFFAOYSA-N,YQTWDAPNIHSQRG,19,6,2.36
CCc1cc(C(N)=S)ccn1,AEOCXXJPGCBFJA-UHFFFAOYSA-N,AEOCXXJPGCBFJA,11,3,1.52
COc1cccc(NC(=O)c2cccc(Cc3c(C)nn(CCO)c3-c3ccccc3)c2)c1,GVIQKWLMPCWEFN-UHFFFAOYSA-N,GVIQKWLMPCWEFN,33,6,4.29
COc1ccc(CC(=O)Nc2nc3ccccc3[nH]2)cc1,QGSOVVRGKLPWPE-UHFFFAOYSA-N,QGSOVVRGKLPWPE,21,5,2.9
COc1cc(OC)cc(-c2cc3cnc(N)nc3nc2N)c1,LOIKOLAEHONJTE-UHFFFAOYSA-N,LOIKOLAEHONJTE,22,7,2.14
COc1ccc(-c2ccc3c(N4CCOCC4)nc(N4C[C@@H](C)O[C@@H](C)C4)nc3n2)cc1CO,RFSMUFRPPYDYRD-CALCHBBNSA-N,RFSMUFRPPYDYRD,34,9,3.25
CC(=O)N1CCN(CCOc2ccc(C3(O)CCN(c4ccc5nnc(C(F)(F)F)n5n4)CC3)cc2)CC1,LQCQUWQQYUOHAJ-UHFFFAOYSA-N,LQCQUWQQYUOHAJ,38,13,2.2
O=C(NCC12CC3CC(CC(C3)C1)C2)c1c(Cl)ccc2nc(N3CCC[C@H](NCCc4nnn[nH]4)C3)ccc12,CZOLYIGPNKZOTG-CKMRVLJOSA-N,CZOLYIGPNKZOTG,39,10,3.08
Cc1c(Sc2ccc(Cl)cc2)c2ccc(Cl)cc2n1CC(=O)O,YSBNMIAQDHUQBL-UHFFFAOYSA-N,YSBNMIAQDHUQBL,23,6,2.51
Cc1nc2c(C#N)cnn2c(O)c1Cc1ccccc1,VACZDCVWVZPAKF-UHFFFAOYSA-N,VACZDCVWVZPAKF,20,5,0.68
CNC(=O)c1ccc(Nc2nccc(-c3cnc(C)n3C(C)C)n2)cc1F,OCUYCOQPRGFQEV-UHFFFAOYSA-N,OCUYCOQPRGFQEV,27,8,2.95
CC12CCC(=O)C=C1CCC1C2CCC2(C)C(O)CCC12,MUMGGOZAMZWBJJ-UHFFFAOYSA-N,MUMGGOZAMZWBJJ,21,2,3.3
CC(C)Cn1c(=O)n(C)c(=O)c2c(C(=O)N3CCCC3)c(Cc3ccccc3C(F)(F)F)sc21,TVCYDCHGXOKBEG-UHFFFAOYSA-N,TVCYDCHGXOKBEG,34,10,3.8
O=c1c2ccccc2nc2n1CCS2(=O)=O,WBGXMZXUXNTNDK-UHFFFAOYSA-N,WBGXMZXUXNTNDK,16,6,0.8
CCOC(=O)c1c(C)n(Cc2ccco2)c2ccc(O)cc12,VSCFCLMHARXISZ-UHFFFAOYSA-N,VSCFCLMHARXISZ,22,5,3.5
Cc1cccc(NC(=O)c2ccc(-c3ccccc3)c(C#N)c2)n1,KYTHDBXSBSSRTI-UHFFFAOYSA-N,KYTHDBXSBSSRTI,24,4,3.71
CONC(=O)c1cnc(N2CCC(NC(=O)c3[nH]c(C)c(Cl)c3Cl)CC2)s1,NWUZSGXKAFYGPZ-UHFFFAOYSA-N,NWUZSGXKAFYGPZ,27,11,3.1
NC(=O)c1ccc(-c2cc3c(N[C@H]4CCCNC4)ncc(C(N)=O)c3s2)cc1,BVDWZUJVQLRUTH-ZDUSSCGKSA-N,BVDWZUJVQLRUTH,28,8,0.28
COCc1c(C(C)C)nc(C(C)C)c(/C=C/[C@@H](O)C[C@@H](O)CC(=O)O)c1-c1ccc(F)cc1,SEERZIQQUAZTOL-ANMDKAQQSA-N,SEERZIQQUAZTOL,33,7,1.72
O=C1C(=O)c2ccc([N+](=O)[O-])cc2-c2ccccc21,QWWAROCDPKNURB-UHFFFAOYSA-N,QWWAROCDPKNURB,19,5,2.56
CCC[C@H](CO)Nc1nc(SCc2ccccc2)nc2nc(N)sc12,LYZBESBXJHUNLT-GFCCVEGCSA-N,LYZBESBXJHUNLT,25,8,3.8
Cc1cc(Nc2ncc(F)c(-c3cnc(C)n3C(C)C)n2)ccc1C(=O)N(C)C,HJQWAOOLYPCQMS-UHFFFAOYSA-N,HJQWAOOLYPCQMS,29,8,2.86
CNC(=O)C1(N2CCCNC2=O)CCN(CC[C@H](CN(C)C(=O)c2c(OC)c(C#N)cc3ccccc23)c2ccc(Cl)c(Cl)c2)CC1,QIRWFRRKYTYIRX-RUZDIDTESA-N,QIRWFRRKYTYIRX,47,12,2.2
O=C(Nc1cccc(O)c1)c1ccc(OCCCN2CCCC2)cc1OCc1cccnc1,VVVKRAXPLJPTMG-UHFFFAOYSA-N,VVVKRAXPLJPTMG,33,7,1.59
CC12CC3CC(C)(C1)CC(N)(C3)C2,BUGYDGFZZOZRHP-UHFFFAOYSA-N,BUGYDGFZZOZRHP,13,1,0.06
COc1ccc2ncc(=O)n(CCN3CC[C@H](NCc4cc5c(cn4)OCCO5)[C@@H](OC)C3)c2c1,LRGCXHCITUNWDC-RDPSFJRHSA-N,LRGCXHCITUNWDC,35,10,1.25
O=S(=O)(NCC(c1ccccc1)N1CCCCCC1)c1ccc(Br)s1,JNXSTHFEQMMEPV-UHFFFAOYSA-N,JNXSTHFEQMMEPV,25,7,3.52
Cc1cc(Nc2ccc(F)cc2)nc(N)n1,HKTGXWUYYLHKOA-UHFFFAOYSA-N,HKTGXWUYYLHKOA,16,5,2.08
CC(=O)Nc1ccccn1,QROKOTBWFZITJZ-UHFFFAOYSA-N,QROKOTBWFZITJZ,10,3,0.5
O=C(Nc1ccc(N2CCNCC2)cc1)c1ccc(-c2ccc(Cl)cc2)o1,CAIGVNVLJGDZSF-UHFFFAOYSA-N,CAIGVNVLJGDZSF,27,6,2.4
Nc1cc(N2CCCCC2)nc(N)[n+]1[O-],ZFMITUMMTDLWHR-UHFFFAOYSA-N,ZFMITUMMTDLWHR,15,6,0.77
NC1(c2ccc(-c3c(-c4ccccc4)ccn4ccnc34)cc2)CCC1,XJHBNEIYDGMVER-UHFFFAOYSA-N,XJHBNEIYDGMVER,26,3,2.0
O=S(=O)(CCCOCCc1nccc2ccccc12)CCNCCc1ccc(O)c2nc(O)sc12,JWZFCPVMYZWJCB-UHFFFAOYSA-N,JWZFCPVMYZWJCB,35,10,2.35
CCOC(=O)c1ccccc1-c1csc(NS(=O)(=O)c2ccc(Cl)cc2)n1,BCAOCGDSOGDAQA-UHFFFAOYSA-N,BCAOCGDSOGDAQA,27,9,2.43
CN1CCN(C(=O)c2cc(-c3ccccc3)sc2NC(N)=O)CC1,YJSLIKPGKFXTDB-UHFFFAOYSA-N,YJSLIKPGKFXTDB,24,7,2.17
O=C1c2ccccc2C(=O)N1c1ccc(O)cc1,PHHOJUGXERSDJH-UHFFFAOYSA-N,PHHOJUGXERSDJH,18,4,2.0
COCCNc1nc(NCc2ccccc2F)c2sccc2n1,RTNLLXRDZJFQOL-UHFFFAOYSA-N,RTNLLXRDZJFQOL,23,7,3.4
Cn1cc(C(=O)CCCCOc2ccc(C(=O)O)cc2)cc1C=O,MIXWACFJHDRZCG-UHFFFAOYSA-N,MIXWACFJHDRZCG,24,6,0.14
Nc1ccccc1NC(=O)c1ccc(CNC(=O)OCc2cccnc2)cc1,INVTYAOGFAGBOE-UHFFFAOYSA-N,INVTYAOGFAGBOE,28,7,1.26
Cc1ccc(S(=O)(=O)NC(=O)N2CCC(N3CCC(Oc4ccc(Cl)c(C)c4Cl)CC3)CC2)cc1,HFWLILWGBZWYRI-UHFFFAOYSA-N,HFWLILWGBZWYRI,35,10,2.2
CN1CCC(n2cc(-c3cnc(N)c(-c4nc5ccc(F)cc5o4)c3)cn2)CC1,WEWRBVXCZRESOW-UHFFFAOYSA-N,WEWRBVXCZRESOW,29,8,3.35
Cc1cc(Nc2cnc(C#N)c(N[C@@H](C)c3ncc(F)cn3)n2)n[nH]1,PIRRYRRDDTYFPP-VIFPVBQESA-N,PIRRYRRDDTYFPP,25,10,1.96
CN[C@@H](C)C(=O)N[C@H](C(=O)N[C@H]1CCCN(CCc2ccc(C)cc2)C1)C(C)(C)C,SDGMUWHPAOSSST-SESVDKBCSA-N,SDGMUWHPAOSSST,30,6,2.05
CC(C)[C@@H](CN1CCCCC1)N(C)C(=O)Cc1ccc(Cl)c(Cl)c1,BMSLJPQGUMZLNE-GOSISDBHSA-N,BMSLJPQGUMZLNE,24,5,2.87
COc1ccc(C(=O)Nc2cccc(NC(=O)c3ccc(OC)c(OC)c3)n2)cc1OC,OBXGFAOTEHBATK-UHFFFAOYSA-N,OBXGFAOTEHBATK,32,9,3.5
COc1cc2ncnc(Nc3ccc(F)c(Cl)c3)c2cc1OCCN1CCCC1,BLFAAYGECSULMU-UHFFFAOYSA-N,BLFAAYGECSULMU,29,8,3.28
CC(=O)NC[C@H]1CN(c2ccc(-n3ccnc3)c(F)c2)C(=O)O1,PNLNFJVPQDLGEZ-LBPRGKRZSA-N,PNLNFJVPQDLGEZ,23,8,0.7
Cn1sc(=O)c2cc(S(N)(=O)=O)ccc21,DFPYCCVFXMWMJM-UHFFFAOYSA-N,DFPYCCVFXMWMJM,15,7,0.3
Nc1nc(OC2CCCC2)nc2c1ncn2[C@@H]1O[C@H](CO)[C@@H](O)[C@H]1O,SMRMUZBGCWSILN-IDTAVKCVSA-N,SMRMUZBGCWSILN,25,10,0.79
Cc1ncsc1CCOCCCS(=O)(=O)CCNCCc1ccc(O)c2nc(O)sc12,DKZCNTUIWJUSFA-UHFFFAOYSA-N,DKZCNTUIWJUSFA,31,11,1.44
COc1ccccc1CN(C)Cc1cccc(CCNC[C@H](O)c2ccc(O)c3[nH]c(=O)sc23)c1,PNTAECGMYJNBSW-QHCPKHFHSA-N,PNTAECGMYJNBSW,35,8,1.52
O=C(NC1Cc2ccccc2N(CC(=O)N2CCC(O)CC2)C1=O)c1cc2cc(Cl)sc2[nH]1,HEXMHSAEGLWGCJ-UHFFFAOYSA-N,HEXMHSAEGLWGCJ,33,10,2.86
c1ccc2[nH]c(CCCc3nc4ccccc4[nH]3)nc2c1,DKPRGKDYGLKMLF-UHFFFAOYSA-N,DKPRGKDYGLKMLF,21,4,3.5
Cc1ccc2c(c1)c(Sc1ccccc1Cl)c(C)n2CC(=O)O,SHWWFGVUTSBGRN-UHFFFAOYSA-N,SHWWFGVUTSBGRN,23,5,1.71
Oc1ccc(-c2ccc3cc(O)ccc3n2)cc1,SEKOFPJLRLFURL-UHFFFAOYSA-N,SEKOFPJLRLFURL,18,3,3.1
Cc1cc(C#N)oc1-c1c2c(=O)n(C)c(=O)n(CC3CC3)c2nn1Cc1ccnc2ccc(Cl)cc12,FRFCDEBBPKANHV-UHFFFAOYSA-N,FRFCDEBBPKANHV,36,10,4.34
COc1ccc2ncc(=O)n(CCN3CC[C@@H](NCc4ccc5c(n4)NC(=O)CO5)[C@@H](OC)C3)c2c1,OPFCNFCPNQBDKS-KNQAVFIVSA-N,OPFCNFCPNQBDKS,36,11,0.51
CCN(C(=O)Cc1ccc(S(C)(=O)=O)cc1)C1CCN(CC[C@@H](c2ccccc2)N2CCN(S(=O)(=O)C(F)(F)F)CC2)CC1,VUBTZEVOZNXJTP-NDEPHWFRSA-N,VUBTZEVOZNXJTP,44,14,2.86
NC(=O)c1cccc(O[C@H]2C[C@H]3CC[C@@H](C2)N3Cc2ccccc2)n1,JGLVVKZHGZIDGU-FVQHAEBGSA-N,JGLVVKZHGZIDGU,25,5,1.71
Nc1nc(CCc2cccc(Br)c2)cc(=O)[nH]1,BSFYBPPWNXZIPH-UHFFFAOYSA-N,BSFYBPPWNXZIPH,17,5,2.52
COc1ccc(C[C@@H](C)NC[C@H](O)c2ccc(O)c(NC=O)c2)cc1,BPZSYCZIITTYBL-YJYMSZOUSA-N,BPZSYCZIITTYBL,25,6,0.42
O=C(NC1Cc2ccccc2N(C[C@@H](O)CO)C1=O)c1cc2cc(Cl)ccc2[nH]1,BANRVMJUSXDIBF-NNJIEVJOSA-N,BANRVMJUSXDIBF,29,8,3.4
CC(=O)c1c(C)c2cnc(Nc3ccc(N4CCNCC4)cn3)nc2n(C2CCCC2)c1=O,AHJRHEGDXFFMBM-UHFFFAOYSA-N,AHJRHEGDXFFMBM,33,9,0.8
CC[C@H](NC(=O)c1c([S+](C)[O-])c(-c2cccc(F)c2)nc2ccccc12)c1ccccc1,NPKZRAKVLIOXGJ-GIFGLUKTSA-N,NPKZRAKVLIOXGJ,32,6,3.14
CC(C)C[C@H](CO)Nc1nc(SCc2ccccc2)nc2[nH]c(=O)sc12,LOSWDIGGZMWFHV-CYBMUJFWSA-N,LOSWDIGGZMWFHV,26,8,4.2
CC(=O)N1CCN(c2ccc(NC(=O)c3nnc(Nc4ccccc4F)o3)cc2)CC1,KTHOPPXEAJKDJZ-UHFFFAOYSA-N,KTHOPPXEAJKDJZ,31,10,2.51
Cc1c(-c2ccccc2F)c(=O)n(C[C@H](N)c2ccccc2)c(=O)n1Cc1c(F)cccc1F,FSEVJYLGSSELNC-QHCPKHFHSA-N,FSEVJYLGSSELNC,34,8,2.76
N=S(=O)(O)Cc1noc2ccccc12,UBQNRHZMVUUOMG-UHFFFAOYSA-N,UBQNRHZMVUUOMG,14,6,0.55
Clc1ccc2[nH]ccc2c1,MYTGFBZJLDLWQG-UHFFFAOYSA-N,MYTGFBZJLDLWQG,10,2,3.28
CN(C)C(=O)[C@H](Cc1ccccc1)NC(=O)c1cc2cc(F)ccc2[nH]1,BVJQHZJRYOJQIJ-SFHVURJKSA-N,BVJQHZJRYOJQIJ,26,6,3.5
COc1cc(NC(=O)Nc2cccc(CNC(=O)O[C@H]3CCOC3)c2)ccc1-c1cnco1,JBPUGFODGPKTDW-SFHVURJKSA-N,JBPUGFODGPKTDW,33,10,3.6
CCn1c(=O)c2nc(-c3ccccc3)[nH]c2n(CC)c1=O,LVSWNSHUTPWCNF-UHFFFAOYSA-N,LVSWNSHUTPWCNF,21,6,3.3
CN(C)C(=O)N[C@H]1CC[C@H](CCN2CCN(c3ccc(Cl)cc3)CC2)CC1,UKTPIKKOBBTSDN-UAPYVXQJSA-N,UKTPIKKOBBTSDN,27,6,2.81
O=C(NS(=O)(=O)c1ccc(Cl)cc1)N1CCC(N2CCC(Oc3ccc(Cl)c(Cl)c3)CC2)CC1,LKFICSFQSQYFJF-UHFFFAOYSA-N,LKFICSFQSQYFJF,34,11,2.59
CN1C(=O)NC(=O)C(C)(C2=CCCCC2)C1=O,UYXAWHWODHRRMR-UHFFFAOYSA-N,UYXAWHWODHRRMR,17,5,1.5
COc1cc(Nc2nccc(Oc3cnc4ccccc4c3)n2)cc(OC)c1OC,PIARASAQARBJMG-UHFFFAOYSA-N,PIARASAQARBJMG,30,8,3.41
O=c1[nH]c2ccccc2n1CCCN1CCC(n2c(=O)[nH]c3cc(Cl)ccc32)CC1,FGXWKSZFVQUSTL-UHFFFAOYSA-N,FGXWKSZFVQUSTL,30,8,3.45
COc1cc([C@@H]2c3cc4c(cc3C(O[C@@H]3O[C@@H]5CO[C@@H](C)O[C@H]5[C@H](O)[C@H]3O)C3COC(=O)[C@@H]32)OCO4)cc(OC)c1O,VJJPUSNTGOMMGY-NBJJDLTASA-N,VJJPUSNTGOMMGY,42,13,0.91
Cc1c(-c2ccc(O)cc2)c(=O)oc2cc(O)ccc12,NWVKVBBNCRPFPD-UHFFFAOYSA-N,NWVKVBBNCRPFPD,20,4,2.8
CCn1cc(C(=O)O)c(=O)c2cc(F)c(N3CCNCC3)cc21,OGJPXUAPXNRGGI-UHFFFAOYSA-N,OGJPXUAPXNRGGI,23,7,-0.87
COc1cc(OC)c(S(=O)(=O)N(c2ccccc2)C(C)C)cc1NC(C)=O,VHHGJSMODFCCFA-UHFFFAOYSA-N,VHHGJSMODFCCFA,27,8,1.6
COC(=O)c1c(O)cccc1OC/C=C/c1ccc(F)c(-c2cc(C(=O)O)no2)c1,QKHWJUMLYAYZFS-ONEGZZNKSA-N,QKHWJUMLYAYZFS,30,9,0.66
Nc1nccc(-c2c[nH]c3ccccc23)n1,QNMZWFNNJMGJPU-UHFFFAOYSA-N,QNMZWFNNJMGJPU,16,4,1.68
O=C(O)c1ccc(-n2ncc(C(=O)NC3C4CC5CC(C4)CC3C5)c2C(F)(F)F)cc1,BARFLFGXOAFAEM-UHFFFAOYSA-N,BARFLFGXOAFAEM,31,9,1.5
Fc1ccc(-c2ncn(C3CCNCC3)c2-c2ccncc2)cc1,QBACMJFLMUCPNA-UHFFFAOYSA-N,QBACMJFLMUCPNA,24,5,0.3
CCC(c1nc2ccsc2c(=O)n1Cc1ccc(OC)cc1)N(CCCN)C(=O)c1ccc(C)cc1,GNDFIBDHVNBRDL-UHFFFAOYSA-N,GNDFIBDHVNBRDL,36,8,2.15
Cc1cc(N2CCC[C@@H]2C(=O)NCCc2ccc3c(c2)OCO3)nc(-n2ccnc2)n1,LBCGUKCXRVUULK-QGZVFWFLSA-N,LBCGUKCXRVUULK,31,9,2.5
CC(C)c1c(C(=O)NC2C3CC4CC(C3)CC2C4)cnn1-c1ccc(C(=O)O)cc1,GXJQVABKDDLQOJ-UHFFFAOYSA-N,GXJQVABKDDLQOJ,30,6,1.15
CCn1cnc2cnc(-c3ccc(C4(N)CCC4)cc3)c(-c3ccccc3)c21,ZLEDYSWFEJBEGL-UHFFFAOYSA-N,ZLEDYSWFEJBEGL,28,4,2.0
Cc1ncc(-c2ccnc(Nc3ccc(C(=O)N(C)C)cc3)n2)n1C(C)C,GLDNWRDDANDORD-UHFFFAOYSA-N,GLDNWRDDANDORD,27,7,2.45
CC(C)Cn1c(=O)n(C)c(=O)c2c(C(=O)N3CC[C@@H](O)C3)c(Cc3cncc4ccccc34)sc21,CXYAINZZOIQMET-GOSISDBHSA-N,CXYAINZZOIQMET,35,9,1.74
O=C(COc1ccc(OCCNCC(O)COc2ccccc2)cc1)NCCO,CJXVAOIYYFPZDN-UHFFFAOYSA-N,CJXVAOIYYFPZDN,29,8,0.42
CCc1cc(C(=O)N[C@@H](Cc2cccc(Cl)c2)C(=O)NCC#N)n(C)n1,NKSUVPDDRBSPTR-HNNXBMFYSA-N,NKSUVPDDRBSPTR,26,8,2.6
Cc1ncc(-c2ccnc(Nc3ccc(C(=O)NC4CC4)cc3)n2)n1C(C)C,AVBAKIPEZOKYCC-UHFFFAOYSA-N,AVBAKIPEZOKYCC,28,7,3.06
Cc1cnccc1COc1cnc(N2CCN(C(=O)OC(C)(C)C)CC2)nc1,JXIQMANEVJFITM-UHFFFAOYSA-N,JXIQMANEVJFITM,28,8,3.8
C=CCCCCCCCCC(=O)N[C@H]1CCC(=O)NC1=O,QGYRJLOWWHNQAD-ZDUSSCGKSA-N,QGYRJLOWWHNQAD,21,5,2.64
COc1cc2nnc(C(N)=O)c(Nc3cc(C)ccc3F)c2cc1N1CCN(C)CC1,SCNGAWIPCRXYHZ-UHFFFAOYSA-N,SCNGAWIPCRXYHZ,31,9,2.57
O=C(NC[C@@H](O)CN1CCC(Oc2ccc(Cl)c(Cl)c2)CC1)c1cnnc2ccccc12,KOUMCBHTVFDPSI-OAHLLOKOSA-N,KOUMCBHTVFDPSI,32,9,3.28
CCCCc1nc2c(N)nc3ccccc3c2n1Cc1ccccc1,CQBDMXYZNLJUFT-UHFFFAOYSA-N,CQBDMXYZNLJUFT,25,4,4.17
COc1ccccc1CNC(=O)NS(=O)(=O)c1ccc(Cl)cc1,UMDIHDFZXPXLGW-UHFFFAOYSA-N,UMDIHDFZXPXLGW,23,8,0.87
O=C(Nc1cccc(O)c1)c1ccc(OCCCN2CCCC2)cc1OCc1cscn1,WOMBRMRRNYUIPZ-UHFFFAOYSA-N,WOMBRMRRNYUIPZ,32,8,1.56
CC(C)(C)OC(=O)N1CCN(c2ncc(OCc3c(F)cncc3F)cn2)CC1,XFCMGUVSVUPJEW-UHFFFAOYSA-N,XFCMGUVSVUPJEW,29,10,3.7
O=C(CN1C2=NCCN2c2ccccc21)c1ccc(Cl)cc1,UNWOUPDGMHAFDA-UHFFFAOYSA-N,UNWOUPDGMHAFDA,22,5,2.62
COc1cc(C)c(S(=O)(=O)N(C)CCOCC(=O)N2CCC(C3CCN(C)CC3)CC2)c(C)c1,UIAJWJKEMBCSHS-UHFFFAOYSA-N,UIAJWJKEMBCSHS,34,9,0.3
CCC(CC)NC(=O)c1cnn(-c2ccccc2)c1NS(=O)(=O)c1ccc(-c2cnco2)cc1,JTNZAVDOINZQTL-UHFFFAOYSA-N,JTNZAVDOINZQTL,34,10,0.8
Cc1cn([C@H]2CCCN(S(=O)(=O)c3cccc(Oc4ccccc4)c3)C2)c(=O)[nH]c1=O,KEUUAZUMWNDMRG-KRWDZBQOSA-N,KEUUAZUMWNDMRG,31,9,2.32
COc1nccnc1NS(=O)(=O)c1ccc(N)cc1,KXRZBTAEDBELFD-UHFFFAOYSA-N,KXRZBTAEDBELFD,19,8,-0.65
NC(=O)c1cnc(N[C@H]2CCCNC2)c2cc(-c3ccc(Cl)c(F)c3)sc12,GHMSTTWSEVINEG-NSHDSACASA-N,GHMSTTWSEVINEG,27,8,2.76
CC(=O)Nc1cccc2c1c(S(=O)(=O)c1ccc(Cl)cc1)c(C)n2CC(=O)O,HVQKOBAIHCZZMN-UHFFFAOYSA-N,HVQKOBAIHCZZMN,28,9,0.4
CCCNc1nc(N2CCC[C@@H](CC(=O)O)C2)ccc1C(=O)NC1CCCCC1,QVOSIQNMULYAJW-INIZCTEOSA-N,QVOSIQNMULYAJW,29,7,2.33
NC1CCc2cc(OC(=O)c3ccccc3)c(OC(=O)c3ccccc3)cc2C1,GSKLFVJWZBQVTK-UHFFFAOYSA-N,GSKLFVJWZBQVTK,29,5,2.6
CC(C)C(=O)Nc1ccc2c(c1)C(=O)NC2=O,DYUBXIOBJIJGEB-UHFFFAOYSA-N,DYUBXIOBJIJGEB,17,5,1.55
Cc1ccc(C(=O)c2cc(O)c(O)c([N+](=O)[O-])c2)cc1,MIQPIUSUKVNLNT-UHFFFAOYSA-N,MIQPIUSUKVNLNT,20,6,0.74
COc1cc(F)ccc1-c1cncc(CNC(C)C)c1,GVQRMCLPLPTJNW-UHFFFAOYSA-N,GVQRMCLPLPTJNW,20,4,1.5
Cc1c(Oc2ccc(Cl)cc2)c2cc(F)ccc2n1CC(=O)O,VHTADBIQRDFSEO-UHFFFAOYSA-N,VHTADBIQRDFSEO,23,6,1.26
COc1cccc2c1c(NS(=O)(=O)c1ccc(Cl)s1)nn2Cc1cccc(CNC(=O)C(C)(C)O)c1,YTEVTHHGQMUPHC-UHFFFAOYSA-N,YTEVTHHGQMUPHC,36,12,2.09
CC(=O)Nc1cc(CN2C(=O)N(c3ccc(SC(F)(F)F)cc3)C(=O)C2(C)C)ccn1,JXIZWVBNXZXRKO-UHFFFAOYSA-N,JXIZWVBNXZXRKO,31,11,2.93
COc1ccc2c(c1)N(CCN1CCC(NCc3cc4c(cn3)OCCO4)CC1)C(=O)CS2,YTJSACWQHCVCST-UHFFFAOYSA-N,YTJSACWQHCVCST,33,9,1.78
COc1cc(N2CCN(C(C)=O)CC2)ccc1Nc1ncc(Cl)c(-c2cnc3c(CO)cccn23)n1,IAWVCLZSKWUVAQ-UHFFFAOYSA-N,IAWVCLZSKWUVAQ,36,11,3.1
CCOc1ccc(-n2c([C@@H](C)N(Cc3cccnc3)C(=O)Cc3ccc(C(F)(F)F)cc3)nc3ccccc3c2=O)cc1,BIGFWEQSIPWGGT-JOCHJYFZSA-N,BIGFWEQSIPWGGT,43,10,4.25
CCN(CC)CC#CCOC(=O)C(O)(c1ccccc1)C1CCCCC1,XIQVNETUBQGFHX-UHFFFAOYSA-N,XIQVNETUBQGFHX,26,4,3.65
O=C(NCC12CC3CC(CC(C3)C1)C2)c1ccccc1Br,WFVUWPAKGSXANP-UHFFFAOYSA-N,WFVUWPAKGSXANP,21,3,4.15
COc1ccc(-c2nc3c(NCCCNC(=O)C4CCCC4)c(C(N)=O)cnc3[nH]2)cc1,XHNAYNYWJBNROG-UHFFFAOYSA-N,XHNAYNYWJBNROG,32,9,3.13
CN1C(=O)CC(c2ccccc2)C1=O,WLWFNJKHKGIJNW-UHFFFAOYSA-N,WLWFNJKHKGIJNW,14,3,0.68
O=[N+]([O-])c1ccc2[nH]c(-c3ccccn3)nc2c1,VRZGTMSSHMHGPC-UHFFFAOYSA-N,VRZGTMSSHMHGPC,18,6,2.8
C(#Cc1n[nH]c2ccccc12)c1ccccc1,PBVODLIVAWFCPQ-UHFFFAOYSA-N,PBVODLIVAWFCPQ,17,2,4.31
CSc1ccc(C(=O)C(C)(C)N2CCOCC2)cc1,LWRBVKNFOYUCNP-UHFFFAOYSA-N,LWRBVKNFOYUCNP,19,4,3.49
CCn1c(=O)ccc2cnc(Nc3ccc(OC)c(OC)c3)nc21,SVJNWILXZCNIRZ-UHFFFAOYSA-N,SVJNWILXZCNIRZ,24,7,2.7
CN(CCOc1ccc(NS(C)(=O)=O)cc1)CCc1ccc(NS(C)(=O)=O)cc1,IXTMWRCNAAVVAI-UHFFFAOYSA-N,IXTMWRCNAAVVAI,29,10,0.6
CCOc1nc2cccc(C(=O)O)c2n1Cc1ccc(-c2ccccc2-c2nnn[nH]2)cc1,HTQMVQVXFRQIKW-UHFFFAOYSA-N,HTQMVQVXFRQIKW,33,9,0.3
CCN1CCC[C@@H](CN2CCN(C(=O)Nc3ccc(Cl)c(Cl)c3)CC2)C1,MLZKBOIYCFMLEI-OAHLLOKOSA-N,MLZKBOIYCFMLEI,26,7,1.94
CC(C)n1c(=O)n(C)c(=O)c2c(C(=O)N3CCS(=O)(=O)C3)c(Cc3ccccc3C(F)(F)F)sc21,LWUQARMOMBUJSG-UHFFFAOYSA-N,LWUQARMOMBUJSG,35,13,2.55
COc1cc(OC)cc(-c2ccc(NC(=O)OCc3ccccc3)c(=O)n2CC(=O)NC(C(=O)C(F)(F)F)C(C)C)c1,XQDJSTTYDXNWJG-UHFFFAOYSA-N,XQDJSTTYDXNWJG,42,13,2.26
COc1cc2c(Nc3ncc(NC(=O)c4ccccc4)cn3)ncnc2cc1OCCCN1CCOCC1,UNJOGPMWYNVEAP-UHFFFAOYSA-N,UNJOGPMWYNVEAP,38,11,2.32
CCNC(=O)c1cc2c(-n3ccc(C(F)(F)F)n3)c(-c3cncc(C#N)c3)cnc2[nH]1,CCBXSPDGKGSKNC-UHFFFAOYSA-N,CCBXSPDGKGSKNC,31,11,2.62
CCS(=O)(=O)c1ccc(-c2cc(Cl)ccc2OCC(=O)O)c(Cl)c1,CNMBRSATMDIDOG-UHFFFAOYSA-N,CNMBRSATMDIDOG,24,8,-0.43
CCCOc1nc(N2CCC[C@@H](CC(=O)O)C2)ccc1C(=O)NC1CCCCC1,GJJUVRHRHOIJDZ-INIZCTEOSA-N,GJJUVRHRHOIJDZ,29,7,2.81
CNC(=O)c1ccc(-c2cc(C(=O)N[C@H]3CCCNC3)c(NC(N)=O)s2)cc1,MLRCSHKJXWOFGJ-ZDUSSCGKSA-N,MLRCSHKJXWOFGJ,28,9,0.7
CC(C)(C)OC(=O)N1CCN(c2ccc(OCc3ccc(S(C)(=O)=O)cc3)nc2)CC1,CBNFLBDZRCZIJJ-UHFFFAOYSA-N,CBNFLBDZRCZIJJ,31,9,3.1
COc1cnc(-c2ccccn2)nc1Oc1ccc(F)cc1F,SZFQNMKRXGGHRJ-UHFFFAOYSA-N,SZFQNMKRXGGHRJ,23,7,3.1
CN1CCN(c2ccc3nc(-c4c(N)c5c(F)cccc5[nH]c4=O)[nH]c3c2)CC1,PIQCTGMSNWUMAF-UHFFFAOYSA-N,PIQCTGMSNWUMAF,29,8,3.45
CC(=O)N(C)c1ccc2ccn(-c3cc(NC4CC4)n4ncc(C#N)c4n3)c2c1,LEBFBYRNCKITGV-UHFFFAOYSA-N,LEBFBYRNCKITGV,29,8,2.9
COc1cc2ncnc(Nc3cc(NC(=O)c4ccnc(N5CCOCC5)c4)ccc3C)c2cc1OCCN(C(C)C)C(C)C,PUUUAFLSKCWIHG-UHFFFAOYSA-N,PUUUAFLSKCWIHG,45,11,3.5
Cc1cc(O)nc(-n2nc(C)c(Oc3ccccc3O)c2C)n1,DDUYSBSUKFREEK-UHFFFAOYSA-N,DDUYSBSUKFREEK,23,7,1.4
NC(=O)c1c(N)sc2c1CCCC2,FFAKFORHXDNYEN-UHFFFAOYSA-N,FFAKFORHXDNYEN,13,4,1.84
O=C(COCc1ccncc1)N1CCC(c2ccc(F)cc2Cl)CC1,HPVQGFYVDDQOET-UHFFFAOYSA-N,HPVQGFYVDDQOET,25,6,2.7
FC(F)(F)c1nnc2ccc(N3CCCCCC3)nn12,IVQNLZLTODPMKU-UHFFFAOYSA-N,IVQNLZLTODPMKU,20,8,3.29
O=C(NCC(=O)N(CCO)c1ccccc1)c1cc2cc(Cl)ccc2[nH]1,YAFZVFCDUNEXRQ-UHFFFAOYSA-N,YAFZVFCDUNEXRQ,26,7,3.37
Cc1ccc(NC(=O)c2ccnc(N3CCOCC3)c2)cc1NC(=O)c1ccc(OCc2ccccn2)cc1,KYUIBCCUKPQZSS-UHFFFAOYSA-N,KYUIBCCUKPQZSS,39,9,3.47
COc1ccc(OC)c(CNc2[nH]nc3cccc(Oc4ccc(S(C)(=O)=O)cc4)c23)c1,HUIKQSVWWLYLJZ-UHFFFAOYSA-N,HUIKQSVWWLYLJZ,32,9,3.71
CCN(C(=O)Cc1ccc(S(C)(=O)=O)cc1)C1CCN(CC[C@H](c2ccc(S(C)(=O)=O)cc2)c2cc(F)cc(F)c2)CC1,SCXSQUUTGCWHFU-WJOKGBTCSA-N,SCXSQUUTGCWHFU,43,11,2.2
Nc1cccc(CCc2ccc3cc[nH]c3c2)n1,OSHSZKRWKLQZBV-UHFFFAOYSA-N,OSHSZKRWKLQZBV,18,3,2.8
CNc1nc2ccccc2n1Cc1sc2c(c1C(=O)N1C[C@H](O)CO1)c(=O)n(C)c(=O)n2CC(C)C,RBMGZPYCDQPSLS-AWEZNQCLSA-N,RBMGZPYCDQPSLS,36,12,1.77
CN1CCN(CC(=O)Nc2c(C#N)cnn2-c2ccccc2)CC1,PQUKIXAKDBOLFX-UHFFFAOYSA-N,PQUKIXAKDBOLFX,24,7,0.0
Cc1cc(Oc2ccnc(Nc3ccc(S(N)(=O)=O)cc3)c2)c(-c2ccccn2)nc1C,MOALCIOHALXUMT-UHFFFAOYSA-N,MOALCIOHALXUMT,32,9,2.34
CCCc1nn(C)c2c(=O)[nH]c(-c3cc(S(=O)(=O)N4CCN(C)CC4)ccc3OCC)nc12,BNRNXUUZRGQAQC-UHFFFAOYSA-N,BNRNXUUZRGQAQC,33,11,2.8
CN(C)CCOc1ccc(-c2oc3ncnc(NC[C@@H]4CCCO4)c3c2-c2ccccc2)cc1,XNSZHQUDPHATEN-QFIPXVFZSA-N,XNSZHQUDPHATEN,34,7,3.6
CCN(CC)Cc1cc(Nc2ccnc3cc(Cl)ccc23)ccc1O,OVCDSSHSILBFBN-UHFFFAOYSA-N,OVCDSSHSILBFBN,25,5,2.9
CCN(CCCOCCOCCc1ccccc1)CCc1ccc(O)c2nc(O)sc12,FMZNULNMAWWOGP-UHFFFAOYSA-N,FMZNULNMAWWOGP,31,7,2.45
O=C(Nc1ccc(N2CCOCC2)c(F)c1)c1nnc(Nc2ccccc2F)o1,QZNPOUJZAIGOML-UHFFFAOYSA-N,QZNPOUJZAIGOML,29,10,3.6
CC1=NS(=O)(=O)c2cc(Cl)ccc2N1,GDLBFKVLRPITMI-UHFFFAOYSA-N,GDLBFKVLRPITMI,14,6,1.05
Cc1c(CN(C)C(=O)/C=C/c2cnc3c(c2)CCC(=O)N3)oc2ccccc12,QXTWSUQCXCWEHF-JXMROGBWSA-N,QXTWSUQCXCWEHF,28,6,2.36
COc1ccc(S(=O)(=O)N2CCC[C@H](n3cc(C)c(=O)[nH]c3=O)C2)cc1Oc1cccc(Cl)c1,MRQUBXUZKNYFBZ-KRWDZBQOSA-N,MRQUBXUZKNYFBZ,34,11,2.73
CCOC(=O)C1=C(C)NC(C)=C(C(C)=O)[C@H]1c1cccc2c(=O)cc(C)oc12,DXCPBIXBBLLGOZ-HXUWFJFHSA-N,DXCPBIXBBLLGOZ,28,6,2.63
N#Cc1c(N)nc2c(c1N)CC(COc1ccccc1)O2,FTXMOVCRRBRMPP-UHFFFAOYSA-N,FTXMOVCRRBRMPP,21,6,2.08
COc1ncc(-c2cccc3c2C[C@H](NC(=O)c2ccc(OCC(F)(F)F)nc2)CO3)cn1,BEZZRZYETXKPJS-HNNXBMFYSA-N,BEZZRZYETXKPJS,33,11,4.3
O=S(=O)(Nc1cc(F)ccc1F)c1ccc(Cl)cc1,XNVSMXIZNGAENB-UHFFFAOYSA-N,XNVSMXIZNGAENB,19,7,2.9
COC(=O)N1CCN(C(=O)Cc2ccc(Cl)c(Cl)c2)[C@H](CN2CCCC2)C1,HJUAKZYKCANOOZ-OAHLLOKOSA-N,HJUAKZYKCANOOZ,27,8,2.05
CCN(C(=O)Nc1ccccc1)c1ccccc1,NCPIMZDJJZLMCF-UHFFFAOYSA-N,NCPIMZDJJZLMCF,18,3,3.1
O=C(c1cc2cc(Cl)ccc2[nH]1)N1CCNCC1,RNGVSSIIHLHHSN-UHFFFAOYSA-N,RNGVSSIIHLHHSN,18,5,1.65
O=C(NCC1CCOCC1)c1ncccc1NC(=O)c1cccc2ccccc12,KQLKVUTUWJRUOQ-UHFFFAOYSA-N,KQLKVUTUWJRUOQ,29,6,4.4
COc1cnc(-c2ccccn2)nc1NC(C)C,VGIYTWUCLMICKF-UHFFFAOYSA-N,VGIYTWUCLMICKF,18,5,2.01
CCCCN(CCNCCc1ccc(O)c2[nH]c(=O)sc12)C(=O)CCOCCc1ccccc1,HYUZZQZAVMPKLP-UHFFFAOYSA-N,HYUZZQZAVMPKLP,34,8,3.0
CCN(CC)CCNC(=O)c1cc(S(C)(=O)=O)ccc1OC,JTVPZMFULRWINT-UHFFFAOYSA-N,JTVPZMFULRWINT,22,7,-0.9
CC(C)(CS(=O)(=O)N1CCN(c2ccc(F)cc2)CC1)N(O)C=O,JKTGELXOMXEKJI-UHFFFAOYSA-N,JKTGELXOMXEKJI,24,9,1.07
CC(C)c1nc2ccc(-c3ccc(F)cc3)cc2c(=O)n1C[C@H]1CCCN(C(C)C)C1,MGZJKYTZNDZWJI-IBGZPJMESA-N,MGZJKYTZNDZWJI,31,5,3.6
COCCN1CCC(Cc2ccc(C(=O)NCc3cnc(C#N)nc3NCC(C)(C)C)cc2)CC1,QRMKNPPNLBWPRP-UHFFFAOYSA-N,QRMKNPPNLBWPRP,35,8,3.5
Cc1nc2ccccc2n1Cc1sc2c(c1C(=O)N1CC[C@@H](O)C1)c(=O)n(C)c(=O)n2CC(C)C,ZUXHCWNSICPUJO-MRXNPFEDSA-N,ZUXHCWNSICPUJO,35,10,1.34
COc1cc(OC)c(S(=O)(=O)N2c3ccccc3CCC2C)cc1NC(C)=O,VOLHFSWZCSFABX-UHFFFAOYSA-N,VOLHFSWZCSFABX,28,8,1.97
O=C1O[C@]2(CN3CCC2CC3)CN1c1ccc(Br)s1,IOQWLUAQJKWRCD-CYBMUJFWSA-N,IOQWLUAQJKWRCD,19,6,2.0
O=C(O)c1[nH]c2cc(Cl)cc(Cl)c2c1/C=C1\CCN(c2ccccc2)C1=O,VDIRQCDDCGAGET-DHZHZOJOSA-N,VDIRQCDDCGAGET,27,7,1.85
CCN(C(=O)Cc1ccc(S(C)(=O)=O)cc1)C1CCN(CC[C@H](c2ccc(S(C)(=O)=O)cc2)c2cc(F)cc(Cl)c2)CC1,AEKZALMFASFTNO-WJOKGBTCSA-N,AEKZALMFASFTNO,43,11,2.71
CO[C@@H]1CN(CCn2c(=O)ccc3ccc(C#N)cc32)CC[C@H]1NCc1ccc2c(n1)NC(=O)CO2,XCLSBAOOCPECMX-NFBKMPQASA-N,XCLSBAOOCPECMX,36,10,0.81
CNC1CCN(c2ccc(NC(=O)c3ccc(-c4ccccc4)cc3)cn2)C1,DOKSQMPMAHUKLJ-UHFFFAOYSA-N,DOKSQMPMAHUKLJ,28,5,2.35
O=C1NC(=O)/C(=C/c2ccc3c(c2)OC(F)(F)O3)S1,SRLVNYDXMUGOFI-YWEYNIOJSA-N,SRLVNYDXMUGOFI,19,8,2.8
CC(=O)N[C@@H](C)c1ccc(Nc2ncc3cc(-c4ccncc4)ccc3n2)cc1,FSHWAYWSRSSJNF-HNNXBMFYSA-N,FSHWAYWSRSSJNF,29,6,3.17
O=C(O)COc1ccc(-c2nccs2)cc1-c1ccccc1,HDZASNXPWCPDLU-UHFFFAOYSA-N,HDZASNXPWCPDLU,22,5,-0.16
O=C(NC[C@@H](O)CN1CCC(Oc2ccc(Cl)c(Cl)c2)CC1)c1n[nH]c(=O)c2ccccc12,XBJQRDCFABQBGT-CQSZACIVSA-N,XBJQRDCFABQBGT,33,10,3.69
CC(C)C(NC(=O)Cn1c(-c2ccccc2)ccc(NC(=O)NCc2cc[n+]([O-])cc2)c1=O)C(=O)C(F)(F)F,RITPSRDWCQZOCG-UHFFFAOYSA-N,RITPSRDWCQZOCG,39,13,1.13
COc1c(C)c2c(c(O)c1C/C=C(\C)CCC(=O)OCCN1CCOCC1)C(=O)OC2,RTGDFNSFWBGLEC-SYZQJQIISA-N,RTGDFNSFWBGLEC,31,8,2.26
CC(=N)NCc1ccccc1,TVGAZFIPLVKCJM-UHFFFAOYSA-N,TVGAZFIPLVKCJM,11,2,-0.28
O=S1(=O)CC(O)C(N2CCC(c3ccccc3)CC2)C1,VIFMKLYRCXCLCL-UHFFFAOYSA-N,VIFMKLYRCXCLCL,20,5,1.4
COc1ccc2[nH]c(C(=O)N3CCN(C)CC3)cc2c1,XXGZKMDGSBPVBI-UHFFFAOYSA-N,XXGZKMDGSBPVBI,20,5,1.62
CC(C)C1NCCc2c1sc1ccccc21,GLVTXPPAWNTQFP-UHFFFAOYSA-N,GLVTXPPAWNTQFP,16,2,2.8
Nc1nc(Nc2ccc(S(N)(=O)=O)cc2)nn1C(=O)c1c(F)cccc1F,KDKUVYLMPJIGKA-UHFFFAOYSA-N,KDKUVYLMPJIGKA,27,12,1.87
CCCCCc1ccc(-c2nnc(N)s2)cc1,LWVUAUKYRCXIKQ-UHFFFAOYSA-N,LWVUAUKYRCXIKQ,17,4,4.13
Cc1sc2ncnc(SCC(=O)N3CCCC3)c2c1C,LUKVWNKSMOCBLZ-UHFFFAOYSA-N,LUKVWNKSMOCBLZ,20,6,2.89
O=C(N[C@@H](Cc1cccc(OCCCNc2ccccn2)c1)C(=O)O)c1c(Cl)cccc1Cl,KRNPACMXJWBKFZ-FQEVSTJZSA-N,KRNPACMXJWBKFZ,33,9,0.16
Cc1ccc(S(=O)(=O)Nc2c(C(=O)NC3CCOCC3)c(C)nn2-c2ccccc2)cc1,QYEMDTRCNOFDPK-UHFFFAOYSA-N,QYEMDTRCNOFDPK,32,9,0.16
COc1cc(N2CCN(C(C)=O)CC2)ccc1Nc1ncc(Cl)c(-c2cnc3cc(Cl)ccn23)n1,VNZXNBJMCXDCSK-UHFFFAOYSA-N,VNZXNBJMCXDCSK,35,11,4.2
Cc1cc(F)ccc1OC1CCN(CC2CCN([C@@H](Cc3ccc(F)cc3)C(=O)O)CC2)CC1,CWXOTCCLEKNUJY-VWLOTQADSA-N,CWXOTCCLEKNUJY,34,7,1.81
FC(F)(F)c1nnc2ccc(NCn3nnc4ccccc43)nn12,UGTWCHZZXZJXIF-UHFFFAOYSA-N,UGTWCHZZXZJXIF,24,11,2.34
C[C@@H]1N[S@](=O)(c2cccc(-c3cccc(C#N)c3)c2)=NC1=O,PQHNSUQAGOVBMN-KPWVOAKYSA-N,PQHNSUQAGOVBMN,22,6,0.4
CCCSc1ncccc1C(=O)N(C)C1CCOCC1,RKRDGRVVVKJPHZ-UHFFFAOYSA-N,RKRDGRVVVKJPHZ,20,5,1.63
CCCN(CCC)S(=O)(=O)c1ccc(C(=O)O)cc1,DBABZHXKTCFAPX-UHFFFAOYSA-N,DBABZHXKTCFAPX,19,6,0.03
CC(=O)Nc1ccc(-c2ccccc2)n(CC(=O)NC(C(=O)C(F)(F)F)C(C)C)c1=O,QPCWIYWAIOFNGK-UHFFFAOYSA-N,QPCWIYWAIOFNGK,31,10,1.78
CN(C)CCCN1c2ccccc2CCc2ccc(Cl)cc21,GDLIGKIOYRNHDA-UHFFFAOYSA-N,GDLIGKIOYRNHDA,22,3,3.36
COc1ccc(N(C(=O)c2occc2Cl)C(C(=O)NC[C@@H](C)O)c2ccccc2F)c(OC)c1,VDSCLGPCJYTMEO-CKAQCJTGSA-N,VDSCLGPCJYTMEO,34,10,2.18
O=C(O)c1ccccc1-c1c2ccc(=O)cc-2oc2cc(O)ccc12,YKGGGCXBWXHKIZ-UHFFFAOYSA-N,YKGGGCXBWXHKIZ,25,5,0.0
Oc1nc2ccccc2c(O)c1-c1ccccc1,WNISVGSZMGXKHE-UHFFFAOYSA-N,WNISVGSZMGXKHE,18,3,0.73
COc1ccc(OC)c(C(O)CNC(=O)CN)c1,PTKSEFOSCHHMPD-UHFFFAOYSA-N,PTKSEFOSCHHMPD,18,6,-0.71
Cc1ccc(NC(=O)c2cccnc2)cc1-n1cnc2ccc(N3CCN(C)CC3)cc2c1=O,IPUCHPPTULKYHS-UHFFFAOYSA-N,IPUCHPPTULKYHS,34,8,1.5
COc1ccc(-c2ccc3c(N4CCOC[C@@H]4C)nc(-n4ccnc4)nc3n2)cc1CO,BMOBPUAXMGRSJZ-HNNXBMFYSA-N,BMOBPUAXMGRSJZ,32,9,2.6
C[C@H](C(=O)O)c1cccc(C(=O)c2ccccc2)c1,DKYWVDODHFEZIM-NSHDSACASA-N,DKYWVDODHFEZIM,19,3,-0.06
Cc1ccc(NC(=O)c2cncs2)cc1-n1cnc2ccc(N3CCN(C)CC3)cc2c1=O,WCCAEYPMNBWANP-UHFFFAOYSA-N,WCCAEYPMNBWANP,33,9,2.11
Cc1ncc(-c2nc(Nc3ccc(C(=O)N(C)C)c(F)c3)ncc2F)n1C(C)C,TYRDCYYKRYFRKP-UHFFFAOYSA-N,TYRDCYYKRYFRKP,29,9,3.14
COC(=O)CCC(=O)Nc1ccc2c(c1)C(=O)C(=O)c1cc(NC(=O)CCC(=O)OC)ccc1-2,GKNYSTDFDJPKOW-UHFFFAOYSA-N,GKNYSTDFDJPKOW,34,10,2.67
CCS(=O)(=O)c1ccc(Oc2c(C)n(CC(=O)O)c3ccc(C(F)(F)F)cc23)cc1,QWEDSNMFNSHPJW-UHFFFAOYSA-N,QWEDSNMFNSHPJW,30,10,0.29
O=C(NC1CCCCC1)C1CCCN(S(=O)(=O)c2cccs2)C1,WRFBSLYECTVFRP-UHFFFAOYSA-N,WRFBSLYECTVFRP,23,7,2.93
NC1(C(=O)NC(CS(N)(=O)=O)c2ccc(Cl)cc2)CCN(c2ncnc3[nH]ccc23)CC1,IWLDWBJBHVPZRX-UHFFFAOYSA-N,IWLDWBJBHVPZRX,32,12,2.2
CCC(c1ccncc1)n1[nH]c(=O)c2[nH]c3cc(Cl)ccc3c(=O)c2c1=O,TYCMCHGDSKAVOY-UHFFFAOYSA-N,TYCMCHGDSKAVOY,27,8,0.6
O=C(Nc1ccc(N2CCOCC2)nc1)c1nnc(Nc2cccc(OCc3cccnc3)c2)o1,RQBBUJRXWQTRBZ-UHFFFAOYSA-N,RQBBUJRXWQTRBZ,35,11,3.3
CCOC(=O)c1ccc(OCCC2CN(c3ccc(C)nn3)CCO2)cc1,SOGNSBBKLSTULS-UHFFFAOYSA-N,SOGNSBBKLSTULS,27,7,2.7
Cc1nc(C)c(-c2ccc3c(c2)CC[C@]32CC[C@@H](CC(=O)O)CC2)nc1C(N)=O,ONQVOLGJUYOXIZ-CWSKOGRWSA-N,ONQVOLGJUYOXIZ,29,6,1.5
COC[C@@H](O)Cn1c(=O)cnn(-c2ccc(Cl)c(C(=O)NCC3(O)CCCCCC3)c2)c1=O,FUCKCIVGBCBZNP-INIZCTEOSA-N,FUCKCIVGBCBZNP,33,11,1.44
Nc1nc2nc(SCc3ccccc3)nc(N)c2s1,FDNXRODGTKLOEH-UHFFFAOYSA-N,FDNXRODGTKLOEH,19,7,3.1
CCN(C(=O)Cc1ccc(S(C)(=O)=O)cc1)C1CCN(Cc2ccc(C(F)(F)F)cc2)CC1,AFJBIEFMCXULHJ-UHFFFAOYSA-N,AFJBIEFMCXULHJ,33,9,2.9
COc1cc(O)c(C(CC(=O)N2CC(C)CC(C)C2)c2ccc3c(c2)OCO3)c(OC)c1,YEKVAIMYYCZDLI-UHFFFAOYSA-N,YEKVAIMYYCZDLI,32,7,4.3
CCNc1nc(N)c(C(=O)c2ccc(Cl)s2)s1,HGSPSBZNVYVZFM-UHFFFAOYSA-N,HGSPSBZNVYVZFM,17,7,3.63
CS(=O)(=O)c1ccc(-c2cc(C(F)(F)F)ccc2OCC(=O)O)c(Cl)c1,KZYSDCNLDBFBOK-UHFFFAOYSA-N,KZYSDCNLDBFBOK,26,10,-0.52
O=C1c2ccc(O)cc2C(=O)N1c1ccc(O)cc1,OCIADEXDJJEVOY-UHFFFAOYSA-N,OCIADEXDJJEVOY,19,5,1.8
C1CCC(NC2CCCCC2)CC1,XBPCUCUWBYBCDP-UHFFFAOYSA-N,XBPCUCUWBYBCDP,13,1,-0.38
CN1CC=CCC(c2ccc(Cl)c(Cl)c2)C1,NTSBDQLGAZMMFC-UHFFFAOYSA-N,NTSBDQLGAZMMFC,16,3,3.32
O=C(C(=O)c1cc(Br)ccc1O)c1cc(Br)ccc1O,AAOYLOCWJSLLJU-UHFFFAOYSA-N,AAOYLOCWJSLLJU,20,6,3.85
CNc1c(C(N)=O)cnc2[nH]c(-c3ccc(OCCN4CCOCC4)cc3)nc12,OIBHGJXXSZPVAQ-UHFFFAOYSA-N,OIBHGJXXSZPVAQ,29,9,2.14
CC[C@H](CO)Nc1nc(SCc2ccccc2)nc2nc(N)sc12,NPKHWEBWIFDKHH-LLVKDONJSA-N,NPKHWEBWIFDKHH,24,8,3.27
Cc1nn(-c2ccc(F)cc2)c(NS(=O)(=O)c2ccc(C(F)(F)F)cc2)c1C(=O)N[C@@H](C)C(C)(C)C,UATKNSLTWCCYOI-HNNXBMFYSA-N,UATKNSLTWCCYOI,36,12,2.35
Nc1nc2nc(SCc3cccc(F)c3F)nc(O)c2s1,SFLIILJRMUOVNE-UHFFFAOYSA-N,SFLIILJRMUOVNE,21,9,2.5
Cc1cccc(C)c1OCC(C)N,VLPIATFUUWWMKC-UHFFFAOYSA-N,VLPIATFUUWWMKC,13,2,0.62
CCCCC(O)c1[nH]c2cc(C)c(C(=O)O)cc2c1CCc1ccccc1,CTHUKURTASAUTM-UHFFFAOYSA-N,CTHUKURTASAUTM,27,4,2.59
CC(C(=O)Nc1ccc(Cl)cc1)c1ncc(C(F)(F)F)cc1Cl,ZBHSNQDGAVFNCQ-UHFFFAOYSA-N,ZBHSNQDGAVFNCQ,23,8,4.19
CN(CCOc1ccc(C[C@H](Nc2ccccc2C(=O)c2ccccc2)C(=O)O)cc1)c1ccccn1,QTQMRBZOBKYXCG-MHZLTWQESA-N,QTQMRBZOBKYXCG,37,7,2.15
CN(C)CC(O)COc1ccc(Nc2nccc(Nc3ccccc3)n2)cc1,BFEVMCZTMCQMQX-UHFFFAOYSA-N,BFEVMCZTMCQMQX,28,7,1.58
c1cc(-c2ccc3nc(Nc4ccc(OCCN5CCCC5)cc4)ncc3c2)ccn1,MMCSQTPDMRNXRC-UHFFFAOYSA-N,MMCSQTPDMRNXRC,31,6,2.66
O=C(O)c1cn(C2CC2)c2cc(N3CCNCC3)c(F)cc2c1=O,MYSWGUAQZAJSOK-UHFFFAOYSA-N,MYSWGUAQZAJSOK,24,7,-0.96
CN(C)C(=O)[C@H](O)[C@H](Cc1ccccc1)NC(=O)c1cc2cc(Cl)ccc2[nH]1,HINJNZFCMLSBCI-PKOBYXMFSA-N,HINJNZFCMLSBCI,28,7,3.6
CO[C@H]1CN(CCn2c(=O)ccc3ccc(C#N)cc32)CC[C@@H]1NCc1cc2c(cn1)OCCO2,XMIYZMBRDBBHKC-OFVILXPXSA-N,XMIYZMBRDBBHKC,35,9,1.05
CN(C)CCCC1(c2ccc(F)cc2)OCc2cc(C#N)ccc21,WSEQXVZVJXJVFP-UHFFFAOYSA-N,WSEQXVZVJXJVFP,24,4,1.56
CN[C@@H](C)C(=O)N[C@H](C(=O)N[C@H]1CCCN(CCc2ccc([N+](=O)[O-])cc2)C1)C(C)(C)C,QAEZJDXRJBVTSY-XKGZKEIXSA-N,QAEZJDXRJBVTSY,32,9,1.54
CCc1nc2c(N)nc3ccccc3c2n1CC(C)C,JFPWAHPXRLJZQR-UHFFFAOYSA-N,JFPWAHPXRLJZQR,20,4,2.55
COc1ccc(-c2nc3c(NCCCNC(=O)C4CC4)c(Br)cnc3[nH]2)cc1,GFHRPONHRZBFNC-UHFFFAOYSA-N,GFHRPONHRZBFNC,28,8,1.71
CCN[C@H]1C[C@H](C)S(=O)(=O)c2sc(S(N)(=O)=O)cc21,IAVUPMFITXYVAF-XPUUQOCRSA-N,IAVUPMFITXYVAF,19,9,0.27
CCCNC(=O)c1nnc2c(-c3cnccc3OC)cccc2c1N,VHGIDFXNMYWNMX-UHFFFAOYSA-N,VHGIDFXNMYWNMX,25,7,2.83
CC(N)Cc1c[nH]c2ccc(OCc3cccs3)cc12,ALFGDCNSEBJYSP-UHFFFAOYSA-N,ALFGDCNSEBJYSP,20,4,0.48
c1ccc(C2OC3(CCNCC3)c3ccccc32)cc1,ZFJQWOMHWFYLPD-UHFFFAOYSA-N,ZFJQWOMHWFYLPD,20,2,0.75
COc1cc(N2CCN(C(C)=O)CC2)ccc1Nc1ncc(Br)c(-c2cnc3ccccn23)n1,UBHVSGGXYKHEIW-UHFFFAOYSA-N,UBHVSGGXYKHEIW,34,10,3.7
CCN(C(=O)Cc1ccc(S(C)(=O)=O)cc1)C1CCN(CC[C@@H](c2ccccc2)c2ccc(S(C)(=O)=O)cc2)CC1,COHWEVSELQDEED-HKBQPEDESA-N,COHWEVSELQDEED,41,9,1.38
CN1CCN(C2=Nc3ccccc3Oc3ccc(Cl)cc32)CC1,XJGVXQDUIWGIRW-UHFFFAOYSA-N,XJGVXQDUIWGIRW,23,5,3.24
COc1cc(O)c(S(=O)(=O)N2c3ccccc3CCC2C)cc1NC(=O)CCC(=O)O,WYNFWEHUNYACRN-UHFFFAOYSA-N,WYNFWEHUNYACRN,31,10,-0.27
Cn1ncc2c(=O)[nH]c(-c3ccccc3)nc21,HHFJVXPADRAPAY-UHFFFAOYSA-N,HHFJVXPADRAPAY,17,5,1.61
CN(C)CCCn1c2c(c3ccccc31)CCCCCC2,PLIGPBGDXASWPX-UHFFFAOYSA-N,PLIGPBGDXASWPX,21,2,2.96
COc1ccc(-c2coc3cc(O)ccc3c2=O)cc1,HKQYGTCOTHHOMP-UHFFFAOYSA-N,HKQYGTCOTHHOMP,20,4,3.05
NC(=O)c1cccnc1Oc1ccccc1,FTBCRRFSFTVINJ-UHFFFAOYSA-N,FTBCRRFSFTVINJ,16,4,1.13
c1ccc(Nc2ccnc(Nc3ccccc3)n2)cc1,GKFFFOLFBJUEFN-UHFFFAOYSA-N,GKFFFOLFBJUEFN,20,4,4.06
CCN1CCC[C@H]1CNC(=O)c1cc(Br)cc(OC)c1OC,QAECXZXKVURFMR-LBPRGKRZSA-N,QAECXZXKVURFMR,22,6,1.2
CC(O)c1ccc2c(c1)N(CCN1CCC(NCc3ccc4c(n3)NC(=O)CO4)CC1)C(=O)CO2,ZFJXFNJHYVVZQG-UHFFFAOYSA-N,ZFJXFNJHYVVZQG,35,10,0.25
CCN(CC)C(=O)c1ccc(C2=CC3(CCNCC3)Oc3cccc(O)c32)cc1,OPIKUXLJQFYMSC-UHFFFAOYSA-N,OPIKUXLJQFYMSC,29,5,0.54
CN(C)CC(O)COc1ccc(Nc2nccc(Nc3cccc(Cl)c3)n2)cc1,RGIIRDQMJISXTQ-UHFFFAOYSA-N,RGIIRDQMJISXTQ,29,8,2.5
CC(=O)Nc1ccccc1C,BPEXTIMJLDWDTL-UHFFFAOYSA-N,BPEXTIMJLDWDTL,11,2,1.0
O=C(NCC12CC3CC(CC(C3)C1)C2)c1cc(OC2CCNCC2)ccc1Cl,OEBYBEDUCVHKBU-UHFFFAOYSA-N,OEBYBEDUCVHKBU,28,5,1.83
COc1cccc(/C=C2\SC(=O)NC2=O)c1N1CCC[C@@H](N)C1,GJSKIXCETHIGQQ-JYVXZMADSA-N,GJSKIXCETHIGQQ,23,7,1.27
COc1ccccc1CN1C(=O)c2ccccc2C1C(=O)NC1CCC(C)CC1,PCRUOXHIZNFULE-UHFFFAOYSA-N,PCRUOXHIZNFULE,29,5,3.74
C[C@@H](Oc1cccc2ncnc(Nc3ccc4c(cnn4Cc4ccccn4)c3)c12)C(=O)N(C)C,XGGPNQWFYUZWNO-QGZVFWFLSA-N,XGGPNQWFYUZWNO,35,9,2.89
COCCNC(=O)c1cccc(Cn2[nH]c(=O)c3[nH]c4cc(Cl)ccc4c(=O)c3c2=O)c1,HOJQDOZZFDBKIS-UHFFFAOYSA-N,HOJQDOZZFDBKIS,32,10,1.2
Cc1ccc(-c2[nH]cnc2C)cc1NC(=O)c1ccc(OCc2ccccn2)cc1,WEBMPRYNVSZEAK-UHFFFAOYSA-N,WEBMPRYNVSZEAK,30,6,2.87
CCn1c2ccccc2c2cc(NC(C)=O)ccc21,GLRJFMWWBYTJKW-UHFFFAOYSA-N,GLRJFMWWBYTJKW,19,3,3.5
CNc1c(Br)cnc2[nH]c(-c3ccc(OCCN4CCCCC4)cc3)nc12,FEPKNBFNXRIIAB-UHFFFAOYSA-N,FEPKNBFNXRIIAB,27,7,2.56
Cc1c(Sc2ccc(Cl)cc2)c2c(Cl)cccc2n1CC(=O)O,VDGALQGVARKWPY-UHFFFAOYSA-N,VDGALQGVARKWPY,23,6,2.15
Oc1cccc(-c2nc3ccc(O)cc3s2)c1,ZZSNWDPLAJTAIP-UHFFFAOYSA-N,ZZSNWDPLAJTAIP,17,4,3.7
CN(C)C(=O)C1(N2CCCCC2=O)CCN(CC[C@H](CN(C)C(=O)c2cc(C#N)cc3ccccc23)c2ccc(Cl)c(Cl)c2)CC1,KJEKADQOLIQZIA-MUUNZHRXSA-N,KJEKADQOLIQZIA,46,10,2.52
Cc1c(O[C@H]2C[C@H]3CC[C@@H](C2)N3Cc2ccccc2)cccc1C(N)=O,MCFXYDVDYPKNHH-BWTSREIZSA-N,MCFXYDVDYPKNHH,26,4,1.6
O=C1OCCN1N=Cc1ccc([N+](=O)[O-])o1,PLHJDBGFXBMTGZ-UHFFFAOYSA-N,PLHJDBGFXBMTGZ,16,8,-0.12
Cc1ccc2c(c1)c(Sc1ccc(S(C)(=O)=O)cc1)c(C)n2CC(=O)O,KQHIXPPVIKOOLR-UHFFFAOYSA-N,KQHIXPPVIKOOLR,26,7,-0.08
Cc1ccc([N+](=O)[O-])cc1S(=O)(=O)n1ccc(-c2c(C)nc3ccc(Br)cn23)n1,VGMSSYQSLJPZJI-UHFFFAOYSA-N,VGMSSYQSLJPZJI,29,11,3.52
O=C(NCc1ccncn1)c1ccc(Oc2ccc(CCC3(O)CN4CCC3CC4)cc2)cc1,YROZMGJALTWTLQ-UHFFFAOYSA-N,YROZMGJALTWTLQ,34,7,0.76
CC(C)Cn1c(=O)n(C)c(=O)c2c(SC(C)C)c(Cc3ccccc3C(F)(F)F)sc21,GVGNJFXUYAUJRY-UHFFFAOYSA-N,GVGNJFXUYAUJRY,31,9,4.42
O=C1CC2(CCCC2)CC(=O)N1CCCCN1CCN(c2ncccn2)CC1,QWCRAEMEVRGPNT-UHFFFAOYSA-N,QWCRAEMEVRGPNT,28,7,2.19
c1ccc2cnccc2c1,AWJUIBRHMBBTKR-UHFFFAOYSA-N,AWJUIBRHMBBTKR,10,1,1.6
C[C@](N)(Cc1ccccc1)c1ccccc1,JINQHBRSXWQJAZ-HNNXBMFYSA-N,JINQHBRSXWQJAZ,16,1,1.7
O=c1[nH]c([C@@H]2CCCN2)nc2c1oc1ccc(Cl)cc12,JJWLXRKVUJDJKG-VIFPVBQESA-N,JJWLXRKVUJDJKG,20,6,2.01
CN[C@@H](C)C(=O)N[C@H](C(=O)N[C@H]1CCCN(S(=O)(=O)Cc2ccccc2)C1)C(C)(C)C,SZUDGASAKVXRDH-YTQUADARSA-N,SZUDGASAKVXRDH,31,9,0.78
COc1cc(C(=O)N2CCOCC2)ccc1Nc1ncc(Cl)c(-c2cnc3ccccn23)n1,XLQYDTARIGTHOY-UHFFFAOYSA-N,XLQYDTARIGTHOY,33,10,3.4
O=C(NCCN1CCCC1)c1ccc(Nc2ncc3cc(-c4ccncc4)ccc3n2)cc1,LTZRVNRMZXWRRI-UHFFFAOYSA-N,LTZRVNRMZXWRRI,33,7,2.39
Cc1ncc(-c2nc(Nc3ccc(C(=O)NC4CCN(C)CC4)c(F)c3)ncc2F)n1C(C)C,SEKBBOWCTFTKRL-UHFFFAOYSA-N,SEKBBOWCTFTKRL,34,10,2.41
Cc1nc(C)c(-c2ccc([C@H]3CC[C@H](CC(=O)O)CC3)c(Cl)c2)nc1C(N)=O,KAGHJGHSKOXHFD-HDJSIYSDSA-N,KAGHJGHSKOXHFD,28,7,1.8
Cc1ncc(-c2nc(Nc3ccc(C(=O)N4CCCN(C)CC4)cc3)ncc2F)n1C(C)C,ZJJZCHNTRMUXMT-UHFFFAOYSA-N,ZJJZCHNTRMUXMT,33,9,2.02
C[C@H](CO)Nc1nc(SCc2ccccc2)nc2nc(N)sc12,GGZXPLBOHPDZIZ-SECBINFHSA-N,GGZXPLBOHPDZIZ,23,8,3.12
O=C(CCc1ccncc1)Nc1ccc(C(=O)c2ccccc2)cc1,GQNUYOCQSJEZFY-UHFFFAOYSA-N,GQNUYOCQSJEZFY,25,4,3.4
C[C@@H]1CN(c2noc(C(F)F)n2)CCN1c1ncc(OCc2ccncc2C#N)cn1,XBLVKULFUQTLPO-GFCCVEGCSA-N,XBLVKULFUQTLPO,31,12,2.85
CCN(C(=O)Cc1ccc(S(C)(=O)=O)cc1)C1CCN(CCC(c2ccccc2)c2ccc(NC(=O)C(C)(C)C)cc2)CC1,QKNIXSWGUKMPBD-UHFFFAOYSA-N,QKNIXSWGUKMPBD,44,8,2.98
COc1cc2c(Nc3ccc(Cl)cc3F)ncnc2cc1OCCCN1CCOCC1,JNAHSSCHKKAPHI-UHFFFAOYSA-N,JNAHSSCHKKAPHI,31,9,3.4
Cc1c(Cl)ccc(OC2CCN(C3CCN(C(=O)c4cccc(S(C)(=O)=O)c4)CC3)CC2)c1Cl,ATPAZLJUTRYFNR-UHFFFAOYSA-N,ATPAZLJUTRYFNR,34,9,3.33
CCCCc1nc2c(N)nc3ccccc3c2n1CC(C)C,VXQCHYKNUUPNIX-UHFFFAOYSA-N,VXQCHYKNUUPNIX,22,4,3.82
CCN(CC)CCNC(=O)c1cc(Br)c(N)cc1OC,GIYAQDDTCWHPPL-UHFFFAOYSA-N,GIYAQDDTCWHPPL,20,6,0.54
O=C(O)Cc1ccc(-c2ccc(NC(=O)c3nnc(Nc4ccccc4F)o3)cc2)cc1,VJNHSQUDOVDULC-UHFFFAOYSA-N,VJNHSQUDOVDULC,32,9,1.5
O=S(=O)(c1ccccc1-c1ccc(CNC2CCOCC2)cc1)N1CCCC1,AMGGGGVJXRPRNC-UHFFFAOYSA-N,AMGGGGVJXRPRNC,28,6,1.4
C=CC(=O)Nc1ccc(C)cc1,CNXASKVINSMOTB-UHFFFAOYSA-N,CNXASKVINSMOTB,12,2,2.25
COc1cc(F)ccc1-c1cncc(CNC2CCCC2)c1,CKMRXGUDSNAKMN-UHFFFAOYSA-N,CKMRXGUDSNAKMN,22,4,2.29
CC(Cc1ccc(O)cc1)NCC(O)c1cc(O)cc(O)c1,LSLYOANBFKQKPT-UHFFFAOYSA-N,LSLYOANBFKQKPT,22,5,-0.06
Cc1ccc(Oc2ccc(Nc3ncnc4cccc(O[C@H](C)C(=O)N(C)CCO)c34)cc2C)cn1,RHKOFLSVENLYDP-LJQANCHMSA-N,RHKOFLSVENLYDP,36,9,3.85
COc1cc(C(=O)NC[C@@H](O)CN2CCC(Oc3ccc(Cl)c(Cl)c3)CC2)ccc1N,GPRHHSZIXIDKDN-OAHLLOKOSA-N,GPRHHSZIXIDKDN,31,9,3.12
CNc1c(Br)cnc2[nH]c(-c3ccc(OCCN4CCN(C)CC4)cc3)nc12,BFGUPTUEOURPQN-UHFFFAOYSA-N,BFGUPTUEOURPQN,28,8,2.91
COc1cc2nc(N3CCN(C(=O)c4ccco4)CC3)nc(N)c2cc1OC,IENZQIKPVFGBNW-UHFFFAOYSA-N,IENZQIKPVFGBNW,28,9,1.9
Cc1c(C(=O)Nc2ccccc2)sc2ncnc(O)c12,DYQDEFDGNZGSGE-UHFFFAOYSA-N,DYQDEFDGNZGSGE,20,6,2.13
COCC(=O)N1CCC(n2cc(-c3cnc(N)c(-c4nc5ccccc5o4)c3)cn2)CC1,AFCJQVSLDHWRJB-UHFFFAOYSA-N,AFCJQVSLDHWRJB,32,9,3.4
CCCC(=O)C1(c2ccccc2)CCN(C(=O)[C@@H](Cc2ccc(OC)cc2)NC(=O)[C@@H](N)Cc2cncn2C)CC1,GULVVTHHUIIMRL-WUFINQPMSA-N,GULVVTHHUIIMRL,41,9,2.51
CCN(C(=O)Cc1ccc(S(C)(=O)=O)cc1)C1CCN(CC[C@@H](c2ccccc2)N2CCN(S(=O)(=O)CC(F)(F)F)CC2)CC1,MELLPTHIQUBYAE-LJAQVGFWSA-N,MELLPTHIQUBYAE,45,14,1.8
CCn1c(=O)ccc2cc(COc3cc(F)cc(C4(OC)CCOCC4)c3)ccc21,ZROVOGSXAWNIQB-UHFFFAOYSA-N,ZROVOGSXAWNIQB,30,6,3.89
CC(=O)OCCn1c(Sc2nc3cccc(Cl)c3s2)nc2c(N)ncnc21,UCNLSDVXQXTUPU-UHFFFAOYSA-N,UCNLSDVXQXTUPU,27,11,3.16
CN1CCN([C@H]2C[C@@H](c3nc(-c4ccc5ccc(-c6ccccc6)nc5c4)c4c(N)nccn43)C2)CC1,PDJARQSWGDDFHH-PSWAGMNNSA-N,PDJARQSWGDDFHH,37,7,3.2
Cc1ncc(-c2ccnc(Nc3ccc(C(N)=O)c(F)c3)n2)n1C(C)C,BPYCWQSOZDKONE-UHFFFAOYSA-N,BPYCWQSOZDKONE,26,8,2.8
CCNC(=O)c1cc2c(-n3ccc(C(F)(F)F)n3)c(-c3cncc(-c4n[nH]c(=O)o4)c3)cnc2[nH]1,DAQNJIAUGLWOSD-UHFFFAOYSA-N,DAQNJIAUGLWOSD,35,14,1.65
CN(C)CCCN1c2ccccc2Sc2ccccc21,ZGUGWUXLJSTTMA-UHFFFAOYSA-N,ZGUGWUXLJSTTMA,20,3,2.56
Cc1cc(Cl)ccc1OC1CCN(CC2CCN([C@@H](Cc3ccc(F)cc3)C(=O)O)CC2)CC1,MOHMWXTYADLKCG-VWLOTQADSA-N,MOHMWXTYADLKCG,34,7,2.53
Nc1ncc(-c2cnn(C3CCN(C(=O)CO)CC3)c2)cc1-c1nc2ccccc2o1,NDORSVMGFMNKSU-UHFFFAOYSA-N,NDORSVMGFMNKSU,31,9,3.2
CCc1cc(OCc2ccc(-c3ccccc3-c3nn[nH]n3)cc2)c2c(n1)CCCC2,AWZMTWHHQXOWQR-UHFFFAOYSA-N,AWZMTWHHQXOWQR,31,6,1.7
C[C@@H]1CN(Cc2nnc(-c3cc(-c4cccc5[nH]ccc45)cc4[nH]ncc34)o2)C[C@H](C)O1,XIVPHQUBCBYMGT-GASCZTMLSA-N,XIVPHQUBCBYMGT,32,8,4.01
NC(=O)Nc1sc(-c2ccccc2)cc1C(=O)N1CCOCC1,OMPYMTGVUYFNCS-UHFFFAOYSA-N,OMPYMTGVUYFNCS,23,7,2.24
O=C(NCCCN1CCCCC1)C(c1ccccc1)c1ccccc1,CBJQMOXBEKRTCU-UHFFFAOYSA-N,CBJQMOXBEKRTCU,25,3,1.33
N#Cc1nc(Nc2ccccc2)c(N)c(N2CCOCC2)n1,YJHCNGVGYSBWMS-UHFFFAOYSA-N,YJHCNGVGYSBWMS,22,7,2.72
COc1cc(N2CCN(C)CC2)c2[nH]c(C(=O)Nc3ccc(N4CCOCC4)cc3)cc(=O)c2c1,PSAOLCBZHAWXPR-UHFFFAOYSA-N,PSAOLCBZHAWXPR,35,9,2.7
O=C(NCc1ccco1)c1ccc2[nH]c(COc3ccc(C45CC6CC(CC(C6)C4)C5)cc3)nc2c1,VPQHHUIIBGAYIZ-UHFFFAOYSA-N,VPQHHUIIBGAYIZ,36,6,4.0
NC(=O)Nc1cc(-c2ccccc2)sc1C(N)=O,HKWYRLYHYBFHLL-UHFFFAOYSA-N,HKWYRLYHYBFHLL,18,6,2.43
CC(=O)Nc1cccc(S(=O)(=O)Nc2ccc(-c3ccccc3)n(CC(=O)NC(C(=O)C(F)(F)F)C(C)C)c2=O)c1,FZZUHPRSTQGLKU-UHFFFAOYSA-N,FZZUHPRSTQGLKU,41,14,2.43
CCN(c1ccccc1)c1cc(NC)[n+](C)c(C)n1,JABSKGQQWUDVRU-UHFFFAOYSA-O,JABSKGQQWUDVRU,19,4,-0.91
CCC(c1nc2ncccc2c(=O)n1Cc1ccccc1)N(CCCN)C(=O)c1ccc(C)cc1,HOVNDQICBBHRRQ-UHFFFAOYSA-N,HOVNDQICBBHRRQ,35,7,-0.04
Nc1ncnc2c1C(=O)N(c1ccc([C@H]3CC[C@H](CC(=O)O)CC3)cc1)CCO2,GEVVQZHMFVFGLN-HDJSIYSDSA-N,GEVVQZHMFVFGLN,29,8,-0.5
Cc1cnc(Oc2ccc(-n3ccnc3)cc2)nc1Oc1ccc2c(c1)OCO2,WUDOWDUJLISJRD-UHFFFAOYSA-N,WUDOWDUJLISJRD,29,8,3.56
Cc1csc(NC(=O)c2cc(Sc3nncn3C)ccc2N)n1,JEBOJMQHVUEKBE-UHFFFAOYSA-N,JEBOJMQHVUEKBE,23,9,2.3
C[C@@](CCc1ccc(-c2ccc(Cl)cc2)cc1)(C(=O)NO)S(C)(=O)=O,HRELUEGGLLSMRX-GOSISDBHSA-N,HRELUEGGLLSMRX,25,7,2.4
CN1CCN(CC(=O)N2c3ccccc3C(=O)Nc3cccnc32)CC1,RMHMFHUVIITRHF-UHFFFAOYSA-N,RMHMFHUVIITRHF,26,7,-0.49
N#CCNC(=O)[C@@H]1CCCC[C@H]1C(=O)N1CCN(c2ccc(C#N)cc2)CC1,JVNRROFQJZEMSB-RTBURBONSA-N,JVNRROFQJZEMSB,28,7,1.79
Nc1ccc2nc(-c3ccc(O)cc3)sc2c1,YEVCXKRHVCSALM-UHFFFAOYSA-N,YEVCXKRHVCSALM,17,4,3.1
COCCC(Oc1ncnc2c1cnn2-c1ccccc1C(F)(F)F)C(=O)Nc1ccc(C)cn1,AMHDUOXZVAFCJB-UHFFFAOYSA-N,AMHDUOXZVAFCJB,35,12,3.5
CCN(C)C(=O)c1ccc(C(=C2CCN(Cc3cscn3)CC2)c2cccc3cccnc23)cc1,RPCMOTUUQRMVOJ-UHFFFAOYSA-N,RPCMOTUUQRMVOJ,35,6,2.65
C[C@H]1O[C@@H](n2cnc3c(N)nc(OC4CC5CC5C4)nc32)[C@H](O)[C@@H]1O,KHZHERABNDMDHB-ZKRAGAKJSA-N,KHZHERABNDMDHB,25,9,1.66
Cc1cccc(-c2nn3c(c2-c2ccnc4ccc(C(N)=O)cc24)CCC3)n1,IVRXNBXKWIJUQB-UHFFFAOYSA-N,IVRXNBXKWIJUQB,28,6,1.71
Cc1c(-c2ccccc2)oc2c(C(=O)OCCN3CCCCC3)cccc2c1=O,SPIUTQOUKAMGCX-UHFFFAOYSA-N,SPIUTQOUKAMGCX,29,5,3.42
CCC(CC)NC(=O)c1cnn(-c2ccccc2)c1NS(=O)(=O)C1CCCC1,DIYQHXAHSSLPHW-UHFFFAOYSA-N,DIYQHXAHSSLPHW,28,8,0.69
CC[C@@H](CO)Nc1nc(SCc2ccccc2)nc2nc(N)sc12,NPKHWEBWIFDKHH-NSHDSACASA-N,NPKHWEBWIFDKHH,24,8,2.99
Nc1nc(N)c2cc(Br)ccc2n1,UECFPEVPPFMFOS-UHFFFAOYSA-N,UECFPEVPPFMFOS,13,5,1.78
C=C(CC)C(=O)c1ccc(OCC(=O)O)c(Cl)c1Cl,AVOLMBLBETYQHX-UHFFFAOYSA-N,AVOLMBLBETYQHX,19,6,0.02
O=c1[nH]n(C(c2ccccc2)c2ccncc2)c(=O)c2c(O)c3ccc(Cl)cc3nc12,DYLOIAAJAFNBQY-UHFFFAOYSA-N,DYLOIAAJAFNBQY,31,8,1.1
CSc1ccc2c(c1)N(CCC1CCCCN1C)c1ccccc1S2,KLBQZWRITKRQQV-UHFFFAOYSA-N,KLBQZWRITKRQQV,25,4,3.76
C[C@H]1O[C@@H](n2cnc3c(N)nc(OC4CCOC4)nc32)[C@H](O)[C@@H]1O,FQWQSWSGNVKUCC-XSMYZTMCSA-N,FQWQSWSGNVKUCC,24,10,-0.06
COc1cc(Nc2cc(Nc3c(Cl)ccc4c3OCO4)ncn2)cc(OC)c1OC,FPAJVRNSPYYJKR-UHFFFAOYSA-N,FPAJVRNSPYYJKR,30,10,3.07
Cc1cn(C2CCCN(Cc3cccc(Oc4ccc(Cl)cc4)c3)C2)c(=O)[nH]c1=O,GICHQYPJZXPCMX-UHFFFAOYSA-N,GICHQYPJZXPCMX,30,7,3.38
CCCCCOC(=O)Nc1nc(=O)n([C@@H]2O[C@H](C)[C@@H](O)[C@H]2O)cc1F,GAGWJHPBXLXJQN-UORFTKCHSA-N,GAGWJHPBXLXJQN,25,10,0.67
CC(=O)N[C@@H]1CCN(c2ccc(Nc3ncc(F)c(-c4cnc(C)n4C(C)C)n3)cc2)C1,ZRFCQRSEYXJXCA-GOSISDBHSA-N,ZRFCQRSEYXJXCA,32,9,3.3
CC[C@H](c1ccc(C(=O)O)c(Oc2cccc(Cl)c2)c1)N1CCC[C@H](n2cc(C)c(=O)[nH]c2=O)C1,VDQATBOWGVKJCS-SIKLNZKXSA-N,VDQATBOWGVKJCS,35,9,0.22
COc1ccc(-c2csc(NC(=O)c3c(C)noc3C)n2)cc1OC,VXUJQVGJLBTNFK-UHFFFAOYSA-N,VXUJQVGJLBTNFK,25,8,3.16
CS(=O)(=O)Cc1cc(N2CCOCC2)nc(-c2ccccc2)n1,ATWTWEBSSHJSEC-UHFFFAOYSA-N,ATWTWEBSSHJSEC,23,7,1.94
CN(C(=O)Cc1ccc(S(C)(=O)=O)cc1)[C@@H]1CCN(Cc2nc3cc(F)ccc3s2)C[C@@H]1F,BKCLNIGTOQSNPO-AZUAARDMSA-N,BKCLNIGTOQSNPO,33,10,2.2
CC(C)N1CCN[C@@H](CN2CCN(C(=O)Nc3ccc(Cl)c(Cl)c3)CC2)C1,JLIQXCXVUXMOQX-INIZCTEOSA-N,JLIQXCXVUXMOQX,27,8,1.92
Cn1cnc(-c2ccccc2)c1-c1nc2c(N)ncnc2s1,LRVWWMYFXPCSOS-UHFFFAOYSA-N,LRVWWMYFXPCSOS,22,7,2.69
CCCN(CCO)CCCOc1cc2ncnc(Nc3cc(CC(=O)Nc4cccc(F)c4F)[nH]n3)c2cc1OC,ARQPPPCSTGSCQR-UHFFFAOYSA-N,ARQPPPCSTGSCQR,41,13,1.28
CC(C)C[C@H](N[C@@H](c1ccc(-c2ccc(S(C)(=O)=O)cc2)cc1)C(F)(F)F)C(=O)NCC#N,VYFDSJLOCIGIKP-SFTDATJTSA-N,VYFDSJLOCIGIKP,33,10,3.24
CN(C(=O)Cc1ccc(S(N)(=O)=O)cc1)C1CCN(CCC(c2ccccc2)c2ccccc2)CC1,XAWOJZLTWLRVIH-UHFFFAOYSA-N,XAWOJZLTWLRVIH,36,7,2.3
C[C@@H]1CN(C(=O)OC(C)(C)C)CCN1c1ncc(OCc2ccc(S(C)(=O)=O)cc2)cn1,LMLPLWPZYOTASZ-MRXNPFEDSA-N,LMLPLWPZYOTASZ,32,10,3.6
Cc1cc2n[nH]c(=O)n2c2cc(-c3cn[nH]c3)ccc12,GFYGOPHFJJDPOL-UHFFFAOYSA-N,GFYGOPHFJJDPOL,20,6,2.13
CNc1cccc(CCOc2ccc(C[C@H](NC(=O)c3c(Cl)cccc3Cl)C(=O)O)cc2)n1,BPTWIXQUGNKCHT-FQEVSTJZSA-N,BPTWIXQUGNKCHT,33,9,-0.15
CCC(c1nc2nccnc2c(=O)n1Cc1ccccc1)N(CCCN)C(=O)c1ccc(C)cc1,ULLIDGFWOISZCL-UHFFFAOYSA-N,ULLIDGFWOISZCL,35,8,-0.14
CC(C)C(NC(=O)Cn1c(-c2cccnc2)ncc(NC(=O)OCc2ccccc2)c1=O)C(=O)C(F)(F)F,BRTWNDKWSTYBKB-UHFFFAOYSA-N,BRTWNDKWSTYBKB,38,13,2.15
O=C(O)CCn1c2ccccc2c2ccccc21,ZAJJJOMMWPVJMH-UHFFFAOYSA-N,ZAJJJOMMWPVJMH,18,3,0.6
CSc1ncccc1C(=O)NCCc1ccc(Cl)cc1,TVYFMVIQPQWQOZ-UHFFFAOYSA-N,TVYFMVIQPQWQOZ,20,5,3.31
COc1nc(Cl)cnc1NS(=O)(=O)c1cccc2c(N(C)C)cccc12,ZEICTPGVQAZONR-UHFFFAOYSA-N,ZEICTPGVQAZONR,26,9,1.74
O=c1[nH]c2c(O)ccc([C@@H](O)CNCCc3cccc(CNCCCc4ccccc4)c3)c2s1,GVJALQHQZPOADA-DEOSSOPVSA-N,GVJALQHQZPOADA,34,7,1.11
CCCN(CCCOCCOCCc1ccccc1)CCc1ccc(O)c2nc(O)sc12,JMHOITCKDLKXGN-UHFFFAOYSA-N,JMHOITCKDLKXGN,32,7,2.74
C[C@H](CO)Nc1nc(SCc2cccc(Cl)c2F)nc2[nH]c(=O)sc12,KHTUORKUWBDRBX-SSDOTTSWSA-N,KHTUORKUWBDRBX,25,10,3.53
c1ccc(C2CCNCC2)cc1,UTBULQCHEUWJNV-UHFFFAOYSA-N,UTBULQCHEUWJNV,12,1,0.54
N#Cc1ccc(-c2ccc(S(=O)(=O)Nc3cccc(N)n3)cc2)cc1,ZESFDAKNYJQYKO-UHFFFAOYSA-N,ZESFDAKNYJQYKO,25,7,2.2
C=CCN(C(=O)Cc1ccc(S(C)(=O)=O)cc1)C1CCN(CCC(c2ccccc2)c2ccccc2)CC1,FVSFZNKZAWLBHE-UHFFFAOYSA-N,FVSFZNKZAWLBHE,38,6,3.1
COc1cc2c(Nc3c(Cl)ccc4c3OCO4)ncnc2cc1OCCCN1CCCC1,ULKTVLPBTPXRFB-UHFFFAOYSA-N,ULKTVLPBTPXRFB,32,9,1.62
CN(C)CCOc1ccccc1Cc1ccccc1,IZRPKIZLIFYYKR-UHFFFAOYSA-N,IZRPKIZLIFYYKR,19,2,2.53
Cc1nnc(NS(=O)(=O)c2ccc(N)cc2)s1,VACCAVUAMIDAGB-UHFFFAOYSA-N,VACCAVUAMIDAGB,17,8,-1.33
Cc1c[nH]c(-c2cnc(NCCNc3ccc(C#N)cn3)nc2-c2ccc(Cl)cc2Cl)n1,AQGNHMOJWBZFQQ-UHFFFAOYSA-N,AQGNHMOJWBZFQQ,32,10,3.86
Cc1ccc(-c2c[nH]cn2)cc1NC(=O)c1ccc(OCc2ccccn2)cc1,VMANFLQBPGTNHR-UHFFFAOYSA-N,VMANFLQBPGTNHR,29,6,2.81
O=C(NO)[C@@H](Cc1ccc2ccccc2c1)NS(=O)(=O)c1ccc2ccccc2c1,MMOUXLMPQFMDRD-JOCHJYFZSA-N,MMOUXLMPQFMDRD,30,7,3.23
COc1cc(/C=C2/SC(=O)NC2=O)cc(OC)c1O,ZCHBFHCAGSBARE-WEVVVXLNSA-N,ZCHBFHCAGSBARE,19,7,0.74
NC(=O)c1sc(-c2ccsc2)cc1N,BMUACLADCKCNKZ-UHFFFAOYSA-N,BMUACLADCKCNKZ,14,5,2.23
CC(C)CNc1nc(C#N)nc(N2CCOCC2)c1N,LADNPCFYVROVIW-UHFFFAOYSA-N,LADNPCFYVROVIW,20,7,2.79
Cc1cc2n[nH]c(=O)n2c2cc(-c3ccc(CO)cc3)ccc12,UFXPFOWBHCRZEX-UHFFFAOYSA-N,UFXPFOWBHCRZEX,23,5,2.86
O=S(=O)(NCC(c1ccccc1)N1CCCCCC1)c1ccc(F)c(F)c1,WTSZLZHUXCBOEB-UHFFFAOYSA-N,WTSZLZHUXCBOEB,27,7,2.84
CCc1cc(O)c(Oc2ccc(C(N)=O)cc2F)cc1F,QUHARGDBJJUOEB-UHFFFAOYSA-N,QUHARGDBJJUOEB,21,6,2.87
O=C(NS(=O)(=O)N1CCC(N2CCC(Oc3ccc(Cl)c(Cl)c3)CC2)CC1)c1ccccc1,SDPQHMHFTWVGGO-UHFFFAOYSA-N,SDPQHMHFTWVGGO,33,10,2.14
O=C(O)c1cc2cc(C(F)(F)F)ccc2n1Cc1ccc(Cl)c(Cl)c1,DQKTXPJNUGHTLY-UHFFFAOYSA-N,DQKTXPJNUGHTLY,25,8,3.07
C[C@H](CO)n1ccc2c(NC(=O)Cc3ccc(Cl)c(C(F)(F)F)c3)cccc2c1=O,XHTRUFHCZQQMOM-GFCCVEGCSA-N,XHTRUFHCZQQMOM,30,9,3.49
COc1ccc2c(c1)N(CCN1CCC(NCc3ccc4c(n3)NC(=O)CO4)CC1)C(=O)OC2,OMHYWQXDTNWHST-UHFFFAOYSA-N,OMHYWQXDTNWHST,34,10,0.5
Nc1ncnc2ccccc12,DRYRBWIFRVMRPV-UHFFFAOYSA-N,DRYRBWIFRVMRPV,11,3,1.26
CCNC(=O)c1cc2c(-n3ccc(C(F)(F)F)n3)c(-c3cc(-c4n[nH]c(=O)o4)cnc3OC)cnc2[nH]1,OTNMRRPSGWSTAE-UHFFFAOYSA-N,OTNMRRPSGWSTAE,37,15,2.91
C[C@H](CO)Nc1nc(SCc2cccc(F)c2F)nc2[nH]c(N)nc12,VNGOAGLZSGVQHX-SSDOTTSWSA-N,VNGOAGLZSGVQHX,25,10,3.22
CCN(CC)CCn1c2ccccc2c2cnc(N)c(C#N)c21,YEVMYZBKILWGFV-UHFFFAOYSA-N,YEVMYZBKILWGFV,23,5,2.7
CN1[C@@H]2CC[C@H]1C[C@@H](OC(=O)C(O)c1ccccc1)C2,ZTVIKZXZYLEVOL-MCOXGKPRSA-N,ZTVIKZXZYLEVOL,20,4,-1.29
Cc1cccc(C)c1OC[C@H](C)N,VLPIATFUUWWMKC-JTQLQIEISA-N,VLPIATFUUWWMKC,13,2,0.6
CC(C(=O)O)c1ccc2oc(-c3ccc(Cl)cc3)nc2c1,MITFXPHMIHQXPI-UHFFFAOYSA-N,MITFXPHMIHQXPI,21,5,1.3
Cn1c(CN2CCC(c3ccccc3)CC2)nc2ccccc21,JSJOIAGWCLDVRP-UHFFFAOYSA-N,JSJOIAGWCLDVRP,23,3,3.6
COc1cccc(-c2ccc(/C=C3\SC(=S)N([C@@H](Cc4ccccc4)C(=O)O)C3=O)cn2)c1OC,JQTVGMOPYOBVAL-ALFKQNEGSA-N,JQTVGMOPYOBVAL,35,9,1.5
Cc1cnc(-c2cc(NC(=O)c3ccc(C(F)(F)F)nc3C)ccc2Cl)[nH]1,VBFXGGOZUGJMHQ-UHFFFAOYSA-N,VBFXGGOZUGJMHQ,27,9,3.3
Nc1cccc(C(=O)NCC23CC4CC(CC(C4)C2)C3)c1Cl,APQGKYMFIGMIAV-UHFFFAOYSA-N,APQGKYMFIGMIAV,22,4,3.29
N#Cc1nc(N2CCCC2)c(N)c(N2CCOCC2)n1,LFLMADLDKPWBJX-UHFFFAOYSA-N,LFLMADLDKPWBJX,20,7,2.25
COCCNCc1cncc(-c2ccc(F)cc2OC)n1,HLJWDAFEAVLAAZ-UHFFFAOYSA-N,HLJWDAFEAVLAAZ,21,6,1.61
CCN1CCN(Cc2cnc(-c3ccc(C(=O)Nc4ccccc4N)cc3)c(C#N)c2)CC1,ZRGXLBUGKXOXHB-UHFFFAOYSA-N,ZRGXLBUGKXOXHB,33,7,1.14
CSc1nc(N)nc(-c2ccccc2)n1,WXNISKFTJGYTJO-UHFFFAOYSA-N,WXNISKFTJGYTJO,15,5,2.98
N#CC1=C2C(=NC1=O)c1cccc3c(N4CCSCC4)ccc2c13,BRPRPURMGRJSHP-UHFFFAOYSA-N,BRPRPURMGRJSHP,24,5,3.22
Cc1oc2cc(O)ccc2c(=O)c1-c1ccccc1,BBCDTCKKROIGAB-UHFFFAOYSA-N,BBCDTCKKROIGAB,19,3,2.95
COc1ccc(OC)c(-c2c(F)ccc3c(N)c(C(=O)NC(C)C)nnc23)c1,MVMSIAOIXGSGIK-UHFFFAOYSA-N,MVMSIAOIXGSGIK,28,8,3.77
Oc1c2ncc3ccccc3c2nn1-c1ccc(Cl)cc1,UVBRRAVEYHFYAJ-UHFFFAOYSA-N,UVBRRAVEYHFYAJ,21,5,1.52
CC(=O)NC(C)c1ccc(Nc2ncc3cc(-c4ccncc4)ccc3n2)cc1,FSHWAYWSRSSJNF-UHFFFAOYSA-N,FSHWAYWSRSSJNF,29,6,3.1
CCN(C(=O)Cc1ccc(S(C)(=O)=O)cc1)C1CCN(CC[C@@H](c2ccc(F)cc2)c2ccc(S(C)(=O)=O)cc2)CC1,HEQNNPHUJZSSCR-HKBQPEDESA-N,HEQNNPHUJZSSCR,42,10,1.88
O=C(Nc1ccc(N2CCOCC2)nc1)c1nnc(Nc2ccccc2)o1,RSFJMISTKPRTLU-UHFFFAOYSA-N,RSFJMISTKPRTLU,27,9,2.9
CC1(C)CNC(=O)c2sc(N3CCOCC3)nc2C1,AGBPAAIJQBXSJG-UHFFFAOYSA-N,AGBPAAIJQBXSJG,19,6,1.29
C=C1C[C@@H]2[C@H](CC[C@]3(C)C(=O)CC[C@@H]23)[C@@]2(C)C=CC(=O)C=C12,BFYIZQONLCFLEV-DAELLWKTSA-N,BFYIZQONLCFLEV,22,2,2.98
Clc1ccc2c(c1Nc1ccnc(Nc3cc(N4CCOCC4)cc(N4CCOCC4)c3)n1)OCO2,IVXGFXACZQBKSB-UHFFFAOYSA-N,IVXGFXACZQBKSB,36,11,3.25
CC(C)Cn1cnc(-c2ccccc2)c1-c1nc2c(N)ncnc2s1,YDDKBUNHUCXGEM-UHFFFAOYSA-N,YDDKBUNHUCXGEM,25,7,3.72
NC(=O)Nc1sc(-c2ccccc2)cc1C(=O)N[C@H]1CCCNC1,UXZRCIBKIDILEF-LBPRGKRZSA-N,UXZRCIBKIDILEF,24,7,1.27
CCN(CC)C(=O)c1ccc(C(=C2CCNCC2)c2ccccc2OC)cc1,MVXHVHQGOPGRBP-UHFFFAOYSA-N,MVXHVHQGOPGRBP,28,4,1.0
COc1c(C)cnc(Cn2cnc3c(Cl)nc(N)nc32)c1C,QULDDKSCVCJTPV-UHFFFAOYSA-N,QULDDKSCVCJTPV,22,8,1.67
CC(C)(C(N)=O)C(=O)NCCCNc1nc(Nc2cccc(NC(=O)N3CCCC3)c2)ncc1Br,ZNSULAZTNWFKEW-UHFFFAOYSA-N,ZNSULAZTNWFKEW,35,12,2.32
CN[C@@H](C)C(=O)N[C@H](C(=O)N(C)[C@H]1CCCN(CCc2ccccc2)C1)C1CCCCC1,RWKIHDWZCLNFLG-OYDLWJJNSA-N,RWKIHDWZCLNFLG,32,6,2.34
Cc1cc2n[nH]c(=O)n2c2cc(-c3ccncc3)ccc12,PKZCGWBROCHAKF-UHFFFAOYSA-N,PKZCGWBROCHAKF,21,5,2.29
COc1cc2c(c(OC)c1OC)-c1ccc(O)cc1[C@@H](NC(C)=O)CC2,WJJZQSCOTJYYSP-INIZCTEOSA-N,WJJZQSCOTJYYSP,26,6,1.81
Nc1ncc(NC(=O)c2cc(NC(=O)c3cccc(C(F)(F)F)c3)ccc2Cl)cc1Cl,CJXUHPRULWSPBE-UHFFFAOYSA-N,CJXUHPRULWSPBE,31,11,3.26
CCCCNc1ccc(C(=O)OCCN(C)C)cc1,GKCBAIGFKIBETG-UHFFFAOYSA-N,GKCBAIGFKIBETG,19,4,2.11
CC(Oc1c(Cl)cccc1Cl)C1=NCCN1,KSMAGQUYOIHWFS-UHFFFAOYSA-N,KSMAGQUYOIHWFS,16,5,0.48
Cc1nn(-c2ccc(F)cc2)c(NS(=O)(=O)c2cccnc2)c1C(=O)N[C@@H](C)C(C)(C)C,WJHDCBQZDWBYKV-HNNXBMFYSA-N,WJHDCBQZDWBYKV,32,10,0.4
Cc1c(Oc2ccc(Cl)cc2)c2c(NS(C)(=O)=O)cccc2n1CC(=O)O,YYXNJDGFOGUERM-UHFFFAOYSA-N,YYXNJDGFOGUERM,27,9,-0.98
c1ccc(-c2n[nH]c(-c3ccncc3)n2)nc1,WOFXUCJTFGKKIF-UHFFFAOYSA-N,WOFXUCJTFGKKIF,17,5,1.48
CCC(c1nc2ccsc2c(=O)n1Cc1ccccc1)N(CCCN)C(=O)c1ccc(C)cc1,KNGIOGDQNGEKIC-UHFFFAOYSA-N,KNGIOGDQNGEKIC,34,7,1.81
Cc1cc2c(F)c(Oc3ncnn4cc(OC[C@@H](C)OC(=O)[C@H](C)N)c(C)c34)ccc2[nH]1,LTEJRLHKIYCEOX-OCCSQVGLSA-N,LTEJRLHKIYCEOX,32,10,3.19
Fc1ccc(CN2CCN(c3ccc4nnc(C(F)(F)F)n4n3)CC2)cc1,BXAAFXBATHNFJC-UHFFFAOYSA-N,BXAAFXBATHNFJC,27,10,3.46
O=c1[nH][nH]c(=O)c2c(O)c3c(Cl)cc(Cl)cc3nc12,ZHKXUMGWWSETDH-UHFFFAOYSA-N,ZHKXUMGWWSETDH,19,8,0.89
CCN(CC)C(=O)c1ccc(C(=C2CCNCC2)c2cccc(C(F)(F)F)c2)cc1,PNKQYVNKYVDKMJ-UHFFFAOYSA-N,PNKQYVNKYVDKMJ,30,6,1.9
CC[C@H](C)[C@@H](CO)NS(=O)(=O)c1ccc(Cl)s1,VAIPHPAXOJKZMG-JGVFFNPUSA-N,VAIPHPAXOJKZMG,17,7,2.7
COCCCOc1ccnc(C[S+]([O-])c2nc3ccccc3[nH]2)c1C,YREYEVIYCVEVJK-UHFFFAOYSA-N,YREYEVIYCVEVJK,25,7,-0.69
NS(=O)(=O)c1ccc2c(C(=O)NC[C@@H](O)CN3CCC(Oc4ccc(Cl)c(Cl)c4)CC3)c[nH]c(=O)c2c1,MUPZZNZQFUCJBT-CQSZACIVSA-N,MUPZZNZQFUCJBT,37,13,2.17
O=c1oc(-c2ccccc2)cc2ccccc12,GDHDASZYFUIDMH-UHFFFAOYSA-N,GDHDASZYFUIDMH,17,2,3.84
CC(C)[C@H]1C(=O)N[C@H](CO)Cc2ccccc2N1C,OBEJTRHPRSRHSZ-JSGCOSHPSA-N,OBEJTRHPRSRHSZ,19,4,2.03
CC(=O)NCc1ccc(CN2CCN(c3ccccc3)CC2)cc1,ZCHBUYAQIKDSED-UHFFFAOYSA-N,ZCHBUYAQIKDSED,24,4,1.78
COc1ccc(Cn2c(=O)[nH]c3c(=O)n(CC(=O)NC(C(=O)C(F)(F)F)C(C)C)c(-c4ccccc4)cc3c2=O)cc1,HXJSJCIHKJGWCS-UHFFFAOYSA-N,HXJSJCIHKJGWCS,42,13,2.93
COc1cc2ncnc(Nc3ccc(F)c(Cl)c3)c2cc1OCCCN(C)C,BQTOLZHBHCEHJX-UHFFFAOYSA-N,BQTOLZHBHCEHJX,28,8,2.9
CCOC(=O)c1ccc(COC2CN(c3ccc(C)nn3)C2)cc1,QQXGIFBGHFEEQJ-UHFFFAOYSA-N,QQXGIFBGHFEEQJ,24,6,2.5
Cc1cc2cc3c(C)cc(=O)oc3c(C)c2o1,FMHHVULEAZTJMA-UHFFFAOYSA-N,FMHHVULEAZTJMA,17,3,3.47
CC(C)N1CCC[C@@H](CN2CCN(C(=O)Nc3ccc(Cl)c(Cl)c3)CC2)C1,MRWPMHPRTUDIMC-INIZCTEOSA-N,MRWPMHPRTUDIMC,27,7,1.62
CCOc1cc(CC(=O)N[C@@H](CC(C)C)c2ccccc2N2CCCCC2)ccc1C(=O)O,FAEKWTJYAYMJKF-QHCPKHFHSA-N,FAEKWTJYAYMJKF,33,6,2.31
CS(=O)(=O)N1CCC(NC(=O)NC23CC4CC(CC(C4)C2)C3)CC1,DBPGHZGPUBWOQS-UHFFFAOYSA-N,DBPGHZGPUBWOQS,24,7,2.7
Oc1ncnc2onc(-c3ccc(F)cc3)c12,CLGKLVDMXPDQPS-UHFFFAOYSA-N,CLGKLVDMXPDQPS,17,6,1.97
Cc1c(Sc2ccc(Cl)cc2)c2c(S(C)(=O)=O)cccc2n1CC(=O)O,SUEIBJUAZVZPQG-UHFFFAOYSA-N,SUEIBJUAZVZPQG,26,8,0.58
NC1(C(=O)NC(CCO)c2ccc(Cl)cc2)CCN(c2ncnc3[nH]ccc23)CC1,JDUBGYFRJFOXQC-UHFFFAOYSA-N,JDUBGYFRJFOXQC,30,9,2.5
O=C(O)c1ccc2[nH]c(C(F)(F)F)nc2c1,KGOXEOVTUNSMPR-UHFFFAOYSA-N,KGOXEOVTUNSMPR,16,7,-1.08
CN(C)CCCN1c2ccccc2Sc2ccc(Cl)cc21,ZPEIMTDSQAKGNT-UHFFFAOYSA-N,ZPEIMTDSQAKGNT,21,4,3.37
C[C@H]1NC(C)(C)CO[C@]1(O)c1cccc(Cl)c1,RCOBKSKAZMVBHT-RNCFNFMXSA-N,RCOBKSKAZMVBHT,17,4,1.69
CS(=O)(=O)C1(c2cc(N3CCOCC3)nc(-c3cccc4[nH]ccc34)n2)CC1,UUEAFRKZMCDHFV-UHFFFAOYSA-N,UUEAFRKZMCDHFV,28,8,2.2
Cc1nc(C)c(-c2ccc([C@H]3CC[C@H](Cc4nnn[nH]4)CC3)cc2)nc1C(N)=O,IMWRAMRCTOCWEX-SHTZXODSSA-N,IMWRAMRCTOCWEX,29,8,1.4
COc1cc2c(Nc3ccc(F)cc3F)c(C(N)=O)cnc2cc1NCCN(C)C,CGCUYGIDAMWFOE-UHFFFAOYSA-N,CGCUYGIDAMWFOE,30,9,1.71
COc1cccc(Nc2c(C(N)=O)cnc3c(C)cc(S(=O)(=O)c4cccc(C(=O)N(C)C)c4)cc23)c1,JFHROPTYMMSOLG-UHFFFAOYSA-N,JFHROPTYMMSOLG,37,10,2.69
O=c1cc(N2CCOCC2)nc2c3ccccc3ccn12,BVRDQVRQVGRNHG-UHFFFAOYSA-N,BVRDQVRQVGRNHG,21,5,2.78
O=S(=O)(c1cccc(-c2cn3cccnc3n2)c1)N1CCOCC1,DTAMVGTXRFXASN-UHFFFAOYSA-N,DTAMVGTXRFXASN,24,8,1.3
CC(C)Oc1cc(-c2cccc3c(=O)cc(N4CCOCC4)oc23)ccc1NC(=O)CN1CCOCC1,BHXYWMKHQZDQLR-UHFFFAOYSA-N,BHXYWMKHQZDQLR,37,9,3.0
COc1ccnc(NC2CCN(C(=O)c3ccc(Cl)cc3)CC2)c1,NEWSIMOBDLUORJ-UHFFFAOYSA-N,NEWSIMOBDLUORJ,24,6,2.82
CN1CCN(C(=O)c2cccc(Cc3n[nH]c(=O)c4ccccc34)c2)CC1,IYCYPHAKLKOFJH-UHFFFAOYSA-N,IYCYPHAKLKOFJH,27,6,0.92
CN[C@@H](C)C(=O)N[C@H](C(=O)N[C@H]1CCCCN(Cc2ccccc2)C1)C1CCCCC1,OHZBEXNQDNVNLI-VJBMBRPKSA-N,OHZBEXNQDNVNLI,31,6,2.12
Clc1ccc(C(c2ccccc2)N2CCNCC2)cc1,UZKBSZSTDQSMDR-UHFFFAOYSA-N,UZKBSZSTDQSMDR,20,3,1.94
CC(=O)N1CCOc2nc(OCc3ccccc3)ccc21,PBUFKKDWSHXPKM-UHFFFAOYSA-N,PBUFKKDWSHXPKM,21,5,2.4
Cc1ccc(C(=O)NC2CCC2)cc1-n1cnc2ccc(N3CCN(C)CC3)cc2c1=O,HCPMOUXUWOUFKH-UHFFFAOYSA-N,HCPMOUXUWOUFKH,32,7,2.25
NC1(c2ccc(-c3nc4ccccn4c3-c3ccccc3)cc2)CCC1,ABXVUGZVUCYNCO-UHFFFAOYSA-N,ABXVUGZVUCYNCO,26,3,2.8
CC(C)(C)NC(=O)C(c1ccncc1)N(Cc1ccco1)C(=O)c1ccc(-c2ccccc2)[nH]1,JZJCEAUAKYQEBL-UHFFFAOYSA-N,JZJCEAUAKYQEBL,34,7,4.13
Cc1cc(Nc2nc(NCc3ccccn3)ncc2Br)n[nH]1,IFEWWVRHRCICRB-UHFFFAOYSA-N,IFEWWVRHRCICRB,22,8,2.8
C=CCC1(CC(C)C)C(=O)NC(=O)NC1=O,UZVHFVZFNXBMQJ-UHFFFAOYSA-N,UZVHFVZFNXBMQJ,16,5,1.48
CCOC(=O)c1coc2ccccc2c1=O,CFIKEPHTXCZYMW-UHFFFAOYSA-N,CFIKEPHTXCZYMW,16,4,1.81
CC(=O)N(C)c1ccc(Nc2ncc3cc(-c4ccncc4)ccc3n2)cc1,FDZFHPSXTIIWQD-UHFFFAOYSA-N,FDZFHPSXTIIWQD,28,6,2.88
Cc1ccc(S(=O)(=O)Nc2c(C(=O)NC3CCCCC3C)c(C)nn2-c2ccccc2)cc1,JAPAWFOXYMNESA-UHFFFAOYSA-N,JAPAWFOXYMNESA,33,8,1.94
CC(C)Cn1c(=O)n(C)c(=O)c2c(C(=O)N3CC[C@@H](O)C3)c(Cc3ccnc4ccc(F)cc34)sc21,OZYYOJGDGOAPBJ-QGZVFWFLSA-N,OZYYOJGDGOAPBJ,36,10,1.95
COc1ccccc1CNCc1ccc(CCNC[C@H](O)c2ccc(O)c3[nH]c(=O)sc23)cc1,NYWJZLOBZHVZMI-QFIPXVFZSA-N,NYWJZLOBZHVZMI,34,8,0.15
C[C@@](O)(C(=O)Nc1ccc(S(=O)(=O)NCCCO)cc1Cl)C(F)(F)F,ZSRDAOYQIHISJX-GFCCVEGCSA-N,ZSRDAOYQIHISJX,25,12,2.1
CN1c2ccccc2C(NCCCCCCC(=O)O)c2ccc(Cl)cc2S1(=O)=O,JICJBGPOMZQUBB-UHFFFAOYSA-N,JICJBGPOMZQUBB,29,8,1.33
COc1ccc(/C=C2\SC(=S)NC2=O)cc1OC,XVAIHVYMCLRIOV-POHAHGRESA-N,XVAIHVYMCLRIOV,18,6,1.42
CS(=O)(=O)c1ccc2[nH]c3c(c2c1)CN(C(=O)[C@@H]1CCCC[C@H]1C(=O)NC1(C#N)CC1)CC3,LOXUZEQLPYVKQR-IAGOWNOFSA-N,LOXUZEQLPYVKQR,33,9,1.5
COc1cc2ncc(C(N)=O)c(Nc3cc(F)ccc3F)c2cc1OC,YMHNYVNOYXPQLO-UHFFFAOYSA-N,YMHNYVNOYXPQLO,26,8,2.9
Cc1cc(C)cc(-c2nnc(SCC(=O)N3CCN(C(=O)c4ccco4)CC3)o2)c1,NOKICSONZNLCHY-UHFFFAOYSA-N,NOKICSONZNLCHY,30,9,3.0
COc1cc(N2CCN(C(C)=O)CC2)ccc1Nc1ncc(OC)c(-c2cnc3ccccn23)n1,SVCOVGATBWDHBS-UHFFFAOYSA-N,SVCOVGATBWDHBS,35,10,3.2
O=C(N[C@@H](Cc1ccc(OCCc2ccc3c(n2)NCCC3)cc1)C(=O)O)c1c(Cl)cccc1Cl,XUISHROIRBHOIM-QFIPXVFZSA-N,XUISHROIRBHOIM,35,9,0.33
COc1cc(CCc2cc(Nc3ccnc(NCc4cc(C)no4)n3)n[nH]2)cc(OC)c1,AQHXGQTWGFVXTB-UHFFFAOYSA-N,AQHXGQTWGFVXTB,32,10,3.1
CS(=O)(=O)Cc1cc(N2CCOCC2)nc(-c2ccc(NS(C)(=O)=O)cc2)n1,KDOUDNKSTLGXTR-UHFFFAOYSA-N,KDOUDNKSTLGXTR,28,11,0.85
COc1ccc(COc2ccc(Cc3cnc(N)nc3N)cc2OC)cc1,MYQAUKPBNJWPIE-UHFFFAOYSA-N,MYQAUKPBNJWPIE,27,7,2.27
NS(=O)(=O)c1cc(C(=O)O)cc(N2CCCC2)c1Oc1ccccc1,UJEWTUDSLQGTOA-UHFFFAOYSA-N,UJEWTUDSLQGTOA,25,8,-0.94
Cc1nccn1CCC(C(N)=O)(c1ccccc1)c1ccccc1,SQKXYSGRELMAAU-UHFFFAOYSA-N,SQKXYSGRELMAAU,24,4,1.79
CC(C(=O)O)c1cccc(Oc2ccccc2)c1,RDJGLLICXDHJDY-UHFFFAOYSA-N,RDJGLLICXDHJDY,18,3,0.71
CNC(=O)c1cccc2c1c(Sc1ccc(Cl)cc1)c(C)n2CC(=O)O,HJYPGIVRQSXSLB-UHFFFAOYSA-N,HJYPGIVRQSXSLB,26,7,-0.89
O=c1cc(N2CCOCC2)oc2c(-c3cccc4c5c(sc34)CCCC5)cccc12,LLPTWYAVHXNSIY-UHFFFAOYSA-N,LLPTWYAVHXNSIY,30,5,4.1
CN1CCCC1CCNC(=O)c1ccc(Nc2ncc3cc(-c4ccncc4)ccc3n2)cc1,LZUBRBPDQNOPAH-UHFFFAOYSA-N,LZUBRBPDQNOPAH,34,7,2.01
CC(=O)c1noc(C)c1C(=O)Nc1nccs1,DCCOBTUXCVVDMN-UHFFFAOYSA-N,DCCOBTUXCVVDMN,17,7,1.94
COc1cc(N2CCN(C(C)=O)CC2)ccc1Nc1ncc(Cl)c(-c2cnc3c(N)cccn23)n1,HLFZUDVNWAHZBU-UHFFFAOYSA-N,HLFZUDVNWAHZBU,35,11,3.4
O=C(N[C@@H]1CN2CCC1CC2)c1ccc(-c2ccccc2)s1,LEUSUHAAYXEGAO-OAHLLOKOSA-N,LEUSUHAAYXEGAO,22,4,1.77
Cc1c(-c2ccc(O)cc2)n(C)c2ccc(O)cc12,FYZGFLQECOYSMA-UHFFFAOYSA-N,FYZGFLQECOYSMA,19,3,3.8
CNC(=O)c1ccc(Nc2ncc(F)c(-c3cnc(C)n3C(C)C)n2)cc1,JLVZDHKSMGCACD-UHFFFAOYSA-N,JLVZDHKSMGCACD,27,8,3.0
COC(=O)C1=C(C)NC(C)=C(C(=O)OC(C)C)[C@@H]1c1cccc2nonc12,HMJIYCCIJYRONP-MRXNPFEDSA-N,HMJIYCCIJYRONP,27,8,3.77
COc1cc(F)ccc1-c1cncc(CNC(=O)C2CCC2)c1,PZPUPNNUWKSLFK-UHFFFAOYSA-N,PZPUPNNUWKSLFK,23,5,3.2
Oc1cc(Cl)cc(Cl)c1,VPOMSPZBQMDLTM-UHFFFAOYSA-N,VPOMSPZBQMDLTM,9,3,3.58
CSc1ccc(-c2nc(-c3ccc(F)cc3)c(-c3ccncc3)[nH]2)cc1,ZPXPEKQMLOAPLT-UHFFFAOYSA-N,ZPXPEKQMLOAPLT,26,5,2.97
COc1c(N2C[C@@H]3CCCN[C@@H]3C2)c(F)cc2c(=O)c(C(=O)O)cn(C3CC3)c12,FABPRXSRWADJSP-MEDUHNTESA-N,FABPRXSRWADJSP,29,8,-0.18
CCOc1cc2nnc(C(N)=O)c(Nc3ccc(F)cc3F)c2cc1N1CCN(C)CC1,BGGOPMHBZXFXDE-UHFFFAOYSA-N,BGGOPMHBZXFXDE,32,10,2.63
CC(=O)Nc1ccc(S(=O)(=O)Nc2ccc(Cc3ccncc3)cc2)cc1,VFHSYBZRZWHRLI-UHFFFAOYSA-N,VFHSYBZRZWHRLI,27,7,2.8
NC(=O)c1cccc(OC2CCN(Cc3ccccc3)CC2)c1,IDSIUINGWBNUFD-UHFFFAOYSA-N,IDSIUINGWBNUFD,23,4,1.92
Cc1cc(Nc2nc(N[C@@H](C)c3ncc(F)cn3)nc(N3CCOCC3)c2Cl)n[nH]1,WTMZMIXYYDZHKB-NSHDSACASA-N,WTMZMIXYYDZHKB,30,12,2.61
CC(=O)N(C)c1ccccc1,LMTGCJANOQOGPI-UHFFFAOYSA-N,LMTGCJANOQOGPI,11,2,1.1
CN(C)C(=O)c1ccc(CN2CCC(c3ccc(C(=O)Nc4ccccc4N)cc3)CC2)cc1,RKDSFEZOQXKQOR-UHFFFAOYSA-N,RKDSFEZOQXKQOR,34,6,1.53
COc1cc2c(c(OC)c1OC)-c1ccc(OC)c(=O)cc1[C@@H](NC(C)=O)CC2,IAKHMKGGTNLKSZ-INIZCTEOSA-N,IAKHMKGGTNLKSZ,29,7,0.82
CC(C)(C)c1ccc(-c2n[nH]c(NC(=O)c3ccccc3Cl)c2Br)cc1,VTOZEOCALIQLJJ-UHFFFAOYSA-N,VTOZEOCALIQLJJ,26,6,4.3
CC(C)[C@@H]1N=C(c2ccccc2)c2ccccc2NC1=O,GAAPUAMCTXWBPL-INIZCTEOSA-N,GAAPUAMCTXWBPL,21,3,3.05
O=C(O)COc1cccc(C(=O)N2CCC(N3CCC(Oc4ccc(Cl)c(Cl)c4)CC3)CC2)c1,AEWQIKDEAWAPPV-UHFFFAOYSA-N,AEWQIKDEAWAPPV,34,9,1.09
O=C1COc2ccccc2N1CCN1CCC(NCc2cc3c(cn2)OCCO3)CC1,FCSFISXQUADFRY-UHFFFAOYSA-N,FCSFISXQUADFRY,31,8,1.04
CNCCC=C1c2ccccc2CCc2ccccc21,PHVGLTMQBUFIQQ-UHFFFAOYSA-N,PHVGLTMQBUFIQQ,20,1,1.58
CN1CCCC(n2nc(Cc3ccc(Cl)cc3)c3ccccc3c2=O)CC1,MBUVEWMHONZEQD-UHFFFAOYSA-N,MBUVEWMHONZEQD,27,5,2.46
O=C(Nc1ccccc1)N1CCOCC1,MNKRJSJKVHUXIG-UHFFFAOYSA-N,MNKRJSJKVHUXIG,15,4,1.0
CCn1c2ccccc2c2cc(NC(=O)N3CCOCC3)ccc21,LHOFTARJKUMVFG-UHFFFAOYSA-N,LHOFTARJKUMVFG,24,5,3.2
Cc1ccc(NC(=O)c2cccc(N3CCOCC3)c2)cc1NC(=O)c1ccc(OCc2ccncc2)cc1,KJHOKACGVDIVGB-UHFFFAOYSA-N,KJHOKACGVDIVGB,39,8,3.2
Cc1ccc(Cl)c(Nc2ccnc(Nc3ccc(OCC(O)CN(C)C)cc3)n2)c1,CRSRQGVEEUYTNA-UHFFFAOYSA-N,CRSRQGVEEUYTNA,30,8,2.6
CC(=O)Nc1cccc(OCc2cnc(Cl)s2)c1,PKTGMAZTFQFXEI-UHFFFAOYSA-N,PKTGMAZTFQFXEI,18,6,2.38
O=C(CO)N1CCC[C@H]1COc1cccc2ncnc(Nc3ccc(OCc4ccccn4)c(Cl)c3)c12,FSHWIHXFSFIOAL-FQEVSTJZSA-N,FSHWIHXFSFIOAL,37,10,3.62
COc1ccc(-c2nc(N3CCOCC3)nc(O)c2C#N)cc1,RKUIBFNPIOWCFY-UHFFFAOYSA-N,RKUIBFNPIOWCFY,23,7,0.2
CN1CCC(COc2cc(OC3CCOCC3)c3c(Nc4c(Cl)ccc5c4OCO5)ncnc3c2)CC1,YQPAFFIGFWEPLF-UHFFFAOYSA-N,YQPAFFIGFWEPLF,37,10,2.59
COc1cc2ncnc(NCc3ccccc3)c2cc1OC,FVWVAEZYXLGVIV-UHFFFAOYSA-N,FVWVAEZYXLGVIV,22,5,3.29
CC(C)Cn1c(=O)n(C)c(=O)c2c(C(=O)N3CC=CC3)c(Cc3ccccc3C(F)(F)F)sc21,JJLFUNORNMJNSV-UHFFFAOYSA-N,JJLFUNORNMJNSV,34,10,3.53
CCN(CC)CCCC(C)Nc1c2ccc(Cl)cc2nc2ccc(OC)cc12,GPKJTRJOBQGKQK-UHFFFAOYSA-N,GPKJTRJOBQGKQK,28,5,2.17
Cc1ccc(Oc2ccc(OCC(=O)Nc3ccncc3)cc2)cc1,CORMWJFTMXSPFO-UHFFFAOYSA-N,CORMWJFTMXSPFO,25,5,4.3
Cn1cnc2cc(OC(=O)c3ccccc3)cnc21,KAEOHXDNBGUDHW-UHFFFAOYSA-N,KAEOHXDNBGUDHW,19,5,2.4
Brc1cc(Br)cc(COC[C@H](c2ccccc2)N2CCNCC2)c1,PYALTOQQRPEMLM-LJQANCHMSA-N,PYALTOQQRPEMLM,24,5,2.8
Cc1ccc(S(=O)(=O)NC(=O)NN2CCCCCC2)cc1,OUDSBRTVNLOZBN-UHFFFAOYSA-N,OUDSBRTVNLOZBN,21,7,0.01
O=C1CC(c2ccc(O)cc2)Oc2cc(O)cc(O)c21,FTVWIRXFELQLPI-UHFFFAOYSA-N,FTVWIRXFELQLPI,20,5,2.6
Nc1c(-c2ccccc2)c(CN2CCOCC2)nn1-c1ccc(F)cc1,IVRHULVLPPPNOV-UHFFFAOYSA-N,IVRHULVLPPPNOV,26,6,2.33
C[C@H](CO)Nc1nc(SCc2cccc(F)c2F)nc2[nH]c(=O)c(C#N)cc12,LSSRJFFDFHBKHW-SECBINFHSA-N,LSSRJFFDFHBKHW,28,10,3.32
Nc1nc2ccc(Cl)cc2c2nc(-c3ccco3)nn12,MSJODEOZODDVGW-UHFFFAOYSA-N,MSJODEOZODDVGW,20,7,3.98
COc1ccc2ncc(F)c(CCN3CCC(NCc4ccc5c(n4)NC(=O)CO5)CC3)c2n1,IHRMEFNNKFVCAH-UHFFFAOYSA-N,IHRMEFNNKFVCAH,34,10,1.78
CCN(CC)CCN1C(=O)CN=C(c2ccccc2F)c2cc(Cl)ccc21,SAADBVWGJQAEFS-UHFFFAOYSA-N,SAADBVWGJQAEFS,27,6,2.38
NC1(c2ccc(-c3ncc4ccccc4c3-c3ccccc3)cc2)CCC1,UIKDMTZAMLGVGD-UHFFFAOYSA-N,UIKDMTZAMLGVGD,27,2,3.6
CS(=O)(=O)c1ccc([C@@H](CC2CCCC2)C(=O)Nc2cnc([C@H](O)CO)cn2)cc1Cl,MGXHZTQMLYFNMR-CRAIPNDOSA-N,MGXHZTQMLYFNMR,31,10,2.58
CCN(C(C)=O)c1cccc2c1c(Sc1ccc(Cl)cc1)c(C)n2CC(=O)O,TVVYPBGDVRJEIC-UHFFFAOYSA-N,TVVYPBGDVRJEIC,28,7,1.61
COc1ccc(COC(=O)N2CCC(CNc3ncccn3)CC2)cc1,QLKCCYTUPSTQSQ-UHFFFAOYSA-N,QLKCCYTUPSTQSQ,26,7,3.14
CC[C@H](C)C(=O)O[C@H]1C[C@H](O)C=C2C=C[C@H](C)[C@H](CC[C@@H](O)C[C@@H](O)CC(=O)O)[C@H]21,TUZYXOIXSAXUGO-PZAWKZKUSA-N,TUZYXOIXSAXUGO,30,7,-0.76
N#Cc1cccc(C(=O)NC[C@@H](O)CN2CCC(Oc3ccc(Cl)c(Cl)c3)CC2)c1,PXQMPHKMJWQPRD-QGZVFWFLSA-N,PXQMPHKMJWQPRD,30,8,3.48
CN(C)C(=O)Nc1ccc(Cn2[nH]c(=O)c3[nH]c4cc(Cl)ccc4c(=O)c3c2=O)cc1,TVQQUUVYPKGIMU-UHFFFAOYSA-N,TVQQUUVYPKGIMU,31,10,1.1
COc1cc(Nc2cc(Oc3cccnc3C)ccn2)cc(OC)c1OC,PBSZPICVYFKXCZ-UHFFFAOYSA-N,PBSZPICVYFKXCZ,27,7,3.19
CCOc1ccccc1-c1ccc2c(c1)C(=O)C(=O)c1ccccc1-2,DESZZYBCSWNYKL-UHFFFAOYSA-N,DESZZYBCSWNYKL,25,3,2.67
Cc1cccc(NC(=O)NCC(c2cccnc2)N2CCOCC2)c1,SDARJYYVDDESEE-UHFFFAOYSA-N,SDARJYYVDDESEE,25,6,2.0
N#CC1(NC(=O)[C@@H]2CCCC[C@H]2C(=O)N2CCc3[nH]c4cc(F)ccc4c3C2)CC1,MIOKYZZTPMKVEG-IAGOWNOFSA-N,MIOKYZZTPMKVEG,30,7,2.99
CNC1=Nc2ncccc2C(c2ccns2)=NC1c1cccs1,LLBCFKJRNSYTHI-UHFFFAOYSA-N,LLBCFKJRNSYTHI,23,7,2.15
CCC(c1nc2ccsc2c(=O)n1Cc1ccccc1)N(CCCN)C(=O)c1ccc(C)nc1,OOWQQEPOSBRZSW-UHFFFAOYSA-N,OOWQQEPOSBRZSW,34,8,2.56
C[C@@H]1CN(C(=O)OC(C)(C)C)CCN1c1ncc(OCc2ccc(S(C)(=O)=O)cc2F)cn1,KGJGWMONADZJGW-OAHLLOKOSA-N,KGJGWMONADZJGW,33,11,3.7
CN1CCN(CCCN2c3ccccc3Sc3ccc(Cl)cc32)CC1,WIKYUJGCLQQFNW-UHFFFAOYSA-N,WIKYUJGCLQQFNW,25,5,3.92
NC1(C(=O)NC(c2ccccc2)c2ccc(Cl)cc2)CCN(c2ncnc3[nH]ccc23)CC1,LEFZGZYEAILDKJ-UHFFFAOYSA-N,LEFZGZYEAILDKJ,33,8,4.1
CN[C@@H](C)C(=O)N[C@H](C(=O)N1CCC[C@H]1C(=O)N[C@H](C(=O)OC)C(c1ccccc1)c1ccccc1)C1CCCCC1,UUPZYAHONNHULX-CJBSCAABSA-N,UUPZYAHONNHULX,42,9,2.42
O=c1cc(-c2cccnc2)[nH]c2cc(Cc3ccccc3)ccc12,OTMRSOIKRACOSL-UHFFFAOYSA-N,OTMRSOIKRACOSL,24,3,3.46
COc1cc(O)ccc1/C=C1\CCCN=C1c1cccnc1,KXAAIPFSUGPVMQ-GXDHUFHOSA-N,KXAAIPFSUGPVMQ,22,4,2.2
CCCNC(=O)c1nnc2c(-c3ccccc3)cccc2c1N,HLKQVESZETYPOB-UHFFFAOYSA-N,HLKQVESZETYPOB,23,5,3.8
COc1cc(C(=O)NS(=O)(=O)c2ccccc2)ccc1Cn1ncc2ccc(NC(=O)CC3CCCC3)cc21,ONRYIYXPRLRVBM-UHFFFAOYSA-N,ONRYIYXPRLRVBM,39,10,1.6
COc1cc2c(N3CCN(C(=O)Nc4ccc(OC(C)C)cc4)CC3)ncnc2cc1OCCCN1CCCCC1,UXXQOJXBIDBUAC-UHFFFAOYSA-N,UXXQOJXBIDBUAC,41,10,2.6
Cc1cc(=O)[nH]c2sc(C(=O)c3ccc(Br)cc3)c(N)c12,CTSTYLUKIWTZGW-UHFFFAOYSA-N,CTSTYLUKIWTZGW,21,6,2.57
COC(=O)CCCCCCC(=O)Nc1ccc2c(c1)C(=O)C(=O)c1ccccc1-2,AVAFSDMMBPCFKE-UHFFFAOYSA-N,AVAFSDMMBPCFKE,29,6,2.9
Cc1cc(Cl)ccc1OC1CCN(C[C@H](O)CNC(=O)c2c[nH]c(=O)cc2C(F)(F)F)CC1,ODKRBJGIPOQDPJ-OAHLLOKOSA-N,ODKRBJGIPOQDPJ,33,11,2.37
CCCSc1c(C(=O)NC2CCCCC2)cnn1C,JOUFSFRQCQLDRZ-UHFFFAOYSA-N,JOUFSFRQCQLDRZ,19,5,2.99
CS(=O)(=O)c1ccc(-c2cc(C(F)(F)F)ccc2OCC(=O)O)cc1,VMUQWDZAQHHYDS-UHFFFAOYSA-N,VMUQWDZAQHHYDS,25,9,-0.87
O=C(OCCN1CCCCC1)c1c[nH]c2ccccc12,YGKPIROTKVQCCU-UHFFFAOYSA-N,YGKPIROTKVQCCU,20,4,2.0
COc1cc(N)c(Cl)cc1C(=O)N[C@@H]1CCN(CCCOc2ccc(F)cc2)C[C@@H]1OC,DCSUBABJRXZOMT-IRLDBZIGSA-N,DCSUBABJRXZOMT,32,9,3.56
Cc1ccc(NC(=O)c2ccnc(N3CCOCC3)c2)cc1Nc1ccnc(OCC(C)(C)CN(C)C)n1,AYLYLYGPZGHYDP-UHFFFAOYSA-N,AYLYLYGPZGHYDP,38,10,2.2
CCc1cc2c(s1)-n1c(C)nnc1CN=C2c1ccccc1Cl,VMZUTJCNQWMAGF-UHFFFAOYSA-N,VMZUTJCNQWMAGF,23,6,2.52
N#Cc1ccc(OCC(=O)O)c(-c2ccccc2)c1,HLHVPJVNRURVNK-UHFFFAOYSA-N,HLHVPJVNRURVNK,19,4,-1.08
CS(=O)(=O)Cc1cc(N2CCOCC2)nc(-c2ccc3[nH]ccc3c2)n1,CGCKKFFDYBVAMW-UHFFFAOYSA-N,CGCKKFFDYBVAMW,26,8,2.06
O=C(NCCNC(=O)c1cn(-c2ccccc2)nc1C(F)(F)F)c1ccc(Cl)cn1,KDQAPKJRHLBWJB-UHFFFAOYSA-N,KDQAPKJRHLBWJB,30,11,3.8
CNC(=O)c1cccc(NC(=O)Nc2cccc(C#N)c2)c1CN1CCC(Cc2ccc(F)cc2)CC1,YXOROSQPTDHFJJ-UHFFFAOYSA-N,YXOROSQPTDHFJJ,37,8,3.97
NC1(C(=O)NC(Cc2ccccc2)c2ccc(Cl)cc2)CCN(c2ncnc3[nH]ccc23)CC1,QGYPCOPTJYNXJQ-UHFFFAOYSA-N,QGYPCOPTJYNXJQ,34,8,4.1
Cc1oc(-c2ccc(Cl)cc2)cc1C(=O)O,HUQOLZUHGMRQFS-UHFFFAOYSA-N,HUQOLZUHGMRQFS,16,4,1.67
CSc1nc2cc(Cl)ccc2[nH]1,ZYJPSJQXODTXBZ-UHFFFAOYSA-N,ZYJPSJQXODTXBZ,12,4,3.22
CC(C)C[C@H](CO)Nc1nc(SCc2cccc(C#N)c2)nc2nc(N)sc12,NEIWWMKJOZNVLY-CQSZACIVSA-N,NEIWWMKJOZNVLY,28,9,3.9
O=C(O)C[C@H]1CC[C@H](c2ccc(-c3ccc(Nc4ccc(C(F)(F)F)nc4)cn3)cc2)CC1,GXALXAKNHIROPE-QAQDUYKDSA-N,GXALXAKNHIROPE,33,8,3.8
COc1cc(Cc2cnc(N)nc2N)cc(OC)c1OC,IEDVJHCEMCRBQM-UHFFFAOYSA-N,IEDVJHCEMCRBQM,21,7,0.63
CN(C)C(=O)N[C@H]1CC[C@H](CN2[C@@H]3CC[C@H]2C[C@@H](Oc2cccc(C(N)=O)c2)C3)CC1,HEQPQHRIPVNCLE-AHYZWLESSA-N,HEQPQHRIPVNCLE,31,7,-0.07
O=c1[nH]c2c(O)ccc([C@@H](O)CNCCc3cccc(CNCCc4ccccc4F)c3)c2s1,HIBBORWAHJKGBI-QHCPKHFHSA-N,HIBBORWAHJKGBI,34,8,1.06
Cc1ccc(CNC(=O)C2CCCN2S(=O)(=O)c2ccc(F)cc2)cc1,ASYUPMRGDBGEFR-UHFFFAOYSA-N,ASYUPMRGDBGEFR,26,7,2.9
CC(NC(=O)C1(N)CCN(c2ncnc3[nH]ccc23)CC1)c1ccc(S(C)(=O)=O)cc1,VEWPUFBIMQZXRG-UHFFFAOYSA-N,VEWPUFBIMQZXRG,31,10,1.0
O=C(O)COCCN1CCN(C(c2ccccc2)c2ccc(Cl)cc2)CC1,ZKLPARSLTMPFCP-UHFFFAOYSA-N,ZKLPARSLTMPFCP,27,6,1.27
C[C@@H]1CN(C(=O)OC(C)(C)C#N)CCN1c1ncc(OCc2ccncc2C#N)cn1,AXCPODYQWVLWMM-OAHLLOKOSA-N,AXCPODYQWVLWMM,31,10,2.3
CN(C(=O)Cc1ccc(S(C)(=O)=O)c(F)c1)C1CCN(Cc2ccc(C(F)(F)F)cc2)CC1,XLRFNVGYXCZQNE-UHFFFAOYSA-N,XLRFNVGYXCZQNE,33,10,3.0
CCOc1cccc2c3c([nH]c12)CCN(C(=O)[C@@H]1CCCC[C@H]1C(=O)NC1(C#N)CC1)C3,SPHFEUCZJLRVNK-QZTJIDSGSA-N,SPHFEUCZJLRVNK,32,7,3.1
Oc1cc(-c2ccccc2)nc2ncnn12,VYNHAILFTXIYHR-UHFFFAOYSA-N,VYNHAILFTXIYHR,16,5,-0.21
NC(=O)c1nnn(-c2ccccc2)c1N,OHURUUSZJHIVTO-UHFFFAOYSA-N,OHURUUSZJHIVTO,15,6,0.74
OC(c1ccccc1)c1cccnc1,NRMUKAFNUZGGDX-UHFFFAOYSA-N,NRMUKAFNUZGGDX,14,2,1.72
Cc1ccc(C(=O)Nc2nccs2)cc1-n1cnc2ccc(N3CCN(C)CC3)cc2c1=O,BLDPIMMVZOJKJN-UHFFFAOYSA-N,BLDPIMMVZOJKJN,33,9,2.56
Cc1oc(S(C)(=O)=O)cc1-c1c2c(=O)n(C)c(=O)n(CC3CC3)c2nn1Cc1cn(C)c2ccc(Cl)cc12,XYLNYSDCPRJMBA-UHFFFAOYSA-N,XYLNYSDCPRJMBA,38,12,4.48
CC(CN1c2ccccc2Sc2ccccc21)N(C)C,PWWVAXIEGOYWEE-UHFFFAOYSA-N,PWWVAXIEGOYWEE,20,3,2.67
CCc1nc2c(N)nc3ccccc3c2n1Cc1ccccc1,ZSNGXFZDJYKDRG-UHFFFAOYSA-N,ZSNGXFZDJYKDRG,23,4,3.29
N#Cc1cc(Cl)ccc1O[C@H](CCN)c1ccccc1,BGXQGNICDPIKQK-MRXNPFEDSA-N,BGXQGNICDPIKQK,20,4,0.91
CCn1c(-c2nonc2N)nc2c(C#CC(C)(C)O)ncc(OCC3CCCNC3)c21,KGPGFQWBCSZGEL-UHFFFAOYSA-N,KGPGFQWBCSZGEL,31,10,0.6
Cc1cc(Oc2ccnc(Nc3cccc(N4CCOCC4)c3)c2)c(-c2ccccn2)nc1C,VTKXXNOAGGALPW-UHFFFAOYSA-N,VTKXXNOAGGALPW,34,7,3.27
Cc1c(OC2CCN(CC3CCN([C@@H](Cc4ccc(F)cc4)C(=O)O)CC3)CC2)ccc(C#N)c1Cl,GEMBQNHUTJFAFL-VWLOTQADSA-N,GEMBQNHUTJFAFL,36,8,2.19
c1ccc2[nH]c(-c3cscn3)nc2c1,WJCNZQLZVWNLKY-UHFFFAOYSA-N,WJCNZQLZVWNLKY,14,4,2.35
CCN(C(=O)Cc1ccc(S(C)(=O)=O)cc1)C1CCN(CC[C@@H](c2cc(Cl)cc(Cl)c2)C2CCN(S(C)(=O)=O)CC2)CC1,APTNUAHTAUPJSF-SSEXGKCCSA-N,APTNUAHTAUPJSF,43,12,2.6
Cc1cnc2c(N[C@H](C)CO)nc(SCc3cccc(F)c3F)nc2n1,VTXVSDWMIQHUGV-SNVBAGLBSA-N,VTXVSDWMIQHUGV,26,9,3.55
COc1ccc2c(c1)N(C[C@H](C)CN(C)C)c1ccccc1S2,VRQVVMDWGGWHTJ-CQSZACIVSA-N,VRQVVMDWGGWHTJ,23,4,2.99
Oc1nc(-c2ccccc2)nc2ccccc12,VDULOAUXSMYUMG-UHFFFAOYSA-N,VDULOAUXSMYUMG,17,3,2.46
Cc1oc(S(C)(=O)=O)cc1-c1c2c(=O)n(C)c(=O)n(CC3CC3)c2nn1Cc1ccnc2ccc(Cl)cc12,FPPJYOIKKDWUOJ-UHFFFAOYSA-N,FPPJYOIKKDWUOJ,38,12,3.2
COc1cc2ncnc(Nc3ccc(F)c(Cl)c3)c2cc1OCCN(C)C,CBVZLUIKUXDQLU-UHFFFAOYSA-N,CBVZLUIKUXDQLU,27,8,3.26
N=C(N)Nc1ccc(C(=O)Oc2ccc(Cl)cc2)cc1,TYNHUYPNNVQELL-UHFFFAOYSA-N,TYNHUYPNNVQELL,20,6,0.7
C[C@@](O)(C(=O)Nc1ccc(C(=O)N2CCCCC2)cc1Cl)C(F)(F)F,FTHARYIKZCDUSU-OAHLLOKOSA-N,FTHARYIKZCDUSU,25,9,2.62
CC1(c2ccc(Cl)c(Cl)c2)CC(=O)NC(N)=N1,BSPRSYCGMJBMNU-UHFFFAOYSA-N,BSPRSYCGMJBMNU,17,6,1.59
CC(C)[C@H](NC(=O)C[C@H](NC(=O)/C=C/c1ccccc1)c1ccccc1)C(=O)[C@@H]1C(=O)NC(=O)[C@H]1C,IQJNKNDOSSAOQF-GGZPJCOFSA-N,IQJNKNDOSSAOQF,36,8,1.91
O=C1O[C@]2(CN3CCC2CC3)CN1c1cccs1,SRKWHAJRJDBXCG-CYBMUJFWSA-N,SRKWHAJRJDBXCG,18,5,0.9
CCN(CCO)CCCOc1cc2ncnc(Nc3cc(CC(=O)Nc4cccc(F)c4F)[nH]n3)c2cc1OC,YOZAGBCKIMCHID-UHFFFAOYSA-N,YOZAGBCKIMCHID,40,13,1.94
O=C(N[C@H]1Cc2ccccc2N(C[C@@H](O)CO)C1=O)c1cc2cc(Cl)sc2[nH]1,UICNBXVDHCBKCE-OCCSQVGLSA-N,UICNBXVDHCBKCE,28,9,3.3
CC(O)C(C)OC(=O)[C@@H]1CC2c3cccc4c3c(cn4C(C)C)CC2N(C)C1,JQYLIGHHVGCTPR-CVPMBSQASA-N,JQYLIGHHVGCTPR,28,5,2.8
COc1cc(N2CC3COCC(C2)N3)ccc1Nc1ncc(Cl)c(-c2cnc3ccccn23)n1,LYHJDICGPZUYSN-UHFFFAOYSA-N,LYHJDICGPZUYSN,34,10,3.0
COc1ccnc(NC2CCN(C(=O)c3ccc(C#N)cc3)CC2)c1,SZUVGMCKKLJAFX-UHFFFAOYSA-N,SZUVGMCKKLJAFX,25,6,1.73
Cc1c(OC2CCN(CC3CCN([C@@](C)(Cc4ccc(F)cc4)C(=O)O)CC3)CC2)ccc(Cl)c1Cl,AYPGYVOWMUSFPT-NDEPHWFRSA-N,AYPGYVOWMUSFPT,36,8,2.98
O=C(Nc1ccc(N2CCOCC2)nc1)c1nnc(Nc2cccc(OCc3ccccn3)c2)o1,QEFIUPVSZQTCDL-UHFFFAOYSA-N,QEFIUPVSZQTCDL,35,11,3.1
CC(O)(C(=O)Nc1ccc(S(=O)(=O)Nc2ccccc2)cc1)C(F)(F)F,FELHEBZPEPKHML-UHFFFAOYSA-N,FELHEBZPEPKHML,26,10,3.07
CNc1nc2nc(SCc3cccc(F)c3F)nc(N[C@H](C)CO)c2s1,YKXOPCFSUSUQIV-MRVPVSSYSA-N,YKXOPCFSUSUQIV,26,10,3.7
CC(C)Cn1c(=O)n(C)c(=O)c2c(SCCCO)n(Cc3cccc4ccccc34)cc21,URQVSIAMYVDWTE-UHFFFAOYSA-N,URQVSIAMYVDWTE,32,7,4.36
CC(C)C(NC(=O)Cn1c(-c2ccccc2)ccc(NC(=O)CN2C(=O)CCC2=O)c1=O)C(=O)C(F)(F)F,JSNNLFMBSOKONN-UHFFFAOYSA-N,JSNNLFMBSOKONN,38,13,0.96
CN1CCC(NC(=O)c2ccc(Oc3ccc(C#C[C@]4(O)CN5CCC4CC5)cc3)cc2)CC1,RMPYEISUTHEMLW-NDEPHWFRSA-N,RMPYEISUTHEMLW,34,6,1.0
CN1CCN(c2ccc3ncc(C(N)=O)c(Nc4ccc(Cl)cc4Cl)c3c2)CC1,FOCCIZUKXRUVPC-UHFFFAOYSA-N,FOCCIZUKXRUVPC,29,8,3.23
COc1ccc(CNCc2cccc(CCNC[C@H](O)c3ccc(O)c4[nH]c(=O)sc34)c2)cc1,BSOHYTBASIBPHA-QHCPKHFHSA-N,BSOHYTBASIBPHA,34,8,0.86
CN[C@@H](C)C(=O)N[C@H](C(=O)N[C@H]1CCCN(CCc2ccc(F)cc2)C1)C1CCCCC1,IELLGYJMVPHBIT-TZYHBYERSA-N,IELLGYJMVPHBIT,32,7,2.39
COc1cc2c(Nc3ccc(Cl)cc3F)ncnc2cc1OCC1CCNCC1,AVQNSHZBOYOSQZ-UHFFFAOYSA-N,AVQNSHZBOYOSQZ,29,8,1.1
Nc1nc2cc3c(cc2s1)CCN(Cc1cnc[nH]1)CC3,HCQFHRLKBNOPPR-UHFFFAOYSA-N,HCQFHRLKBNOPPR,21,6,-0.12
CCN(C(=O)Cc1ccc(S(C)(=O)=O)cc1)C1CCN(CCC(c2ccccc2)c2ccc(NC(=O)Cc3ccccc3)cc2)CC1,FYRSQAWWJXJDBF-UHFFFAOYSA-N,FYRSQAWWJXJDBF,47,8,3.61
O=C(NCC1CCOCC1)c1nc(OS(=O)(=O)CCC(F)(F)F)ccc1NC(=O)c1ccc(Cn2ccnn2)c2ccccc12,XQLXNZCIFOPSBV-UHFFFAOYSA-N,XQLXNZCIFOPSBV,45,16,4.2
CC(CC(=O)NCc1ccccc1)C1CCCO1,JCBJRIFKIORSDK-UHFFFAOYSA-N,JCBJRIFKIORSDK,18,3,2.1
CN[C@@H](C)C(=O)N[C@H](C(=O)N[C@H]1CCN(CCCc2ccccc2)C1)C1CCCCC1,DIEJGYBAQUPLIL-VJBMBRPKSA-N,DIEJGYBAQUPLIL,31,6,1.9
CNc1cc(C(=O)Nc2ccc(N3CCOCC3)cc2)nc2c(N3CCN(C)CC3)cc(OC)cc12,SLPCESKZSKOAHD-UHFFFAOYSA-N,SLPCESKZSKOAHD,36,9,2.93
CS(=O)(=O)Cc1ccc2ccn(-c3cc(NC4CC4)n4ncc(C#N)c4n3)c2c1,PODHIPRCOHXUCL-UHFFFAOYSA-N,PODHIPRCOHXUCL,29,9,2.49
CCn1c2ccccc2c2cc(NC(=O)CN(C)C)ccc21,OCHVRBXANJQYGG-UHFFFAOYSA-N,OCHVRBXANJQYGG,22,4,3.2
O=C(O)COc1ccc(Cl)cc1C1CCCCC1,OGVODSDQXYUSDP-UHFFFAOYSA-N,OGVODSDQXYUSDP,18,4,0.93
Oc1ccc2[nH]c(CN3CCC(Cc4ccc(F)cc4)CC3)nc2c1,PAFKHYPPLMSWPU-UHFFFAOYSA-N,PAFKHYPPLMSWPU,25,5,3.8
O=C(c1cc(Cc2n[nH]c(=O)c3ccccc23)ccc1F)N1CCCNCC1,HGEPGGJUGUMFHT-UHFFFAOYSA-N,HGEPGGJUGUMFHT,28,7,0.1
Cn1cc(C#N)cc1-c1c2c(=O)n(CC#N)c(=O)n(CC3CC3)c2nn1Cc1ccnc2ccc(Cl)cc12,ZMTRVVXUKZAGIB-UHFFFAOYSA-N,ZMTRVVXUKZAGIB,38,11,3.33
O=C(Nc1ccccc1Cl)c1cc[nH]n1,XGZGGDFTPYYPMV-UHFFFAOYSA-N,XGZGGDFTPYYPMV,15,5,2.58
CN(C(=O)Cc1ccc(S(=O)(=O)N(C)C)cc1)C1CCN(CCC(c2ccccc2)c2ccccc2)CC1,LGQDXGCNJDTICW-UHFFFAOYSA-N,LGQDXGCNJDTICW,38,7,3.5
C[C@@H](NC1=CC(=O)CCC1)c1ccc(Nc2ncc3cc(-c4ccncc4)ccc3n2)cc1,GNOMSTRWPWTGQT-GOSISDBHSA-N,GNOMSTRWPWTGQT,33,6,3.17
O=c1cc(-c2ccco2)[nH]c2ccccc12,DRAVSOKTERRVNV-UHFFFAOYSA-N,DRAVSOKTERRVNV,16,3,2.21
Nc1nc2cc3c(cc2s1)CCN(Cc1ccccc1)CC3,RRGCMCQNBGLNIY-UHFFFAOYSA-N,RRGCMCQNBGLNIY,22,4,2.66
Cc1noc(C)c1CCC1CCN(S(=O)(=O)CC2(N(O)C=O)CCC(F)(F)CC2)CC1,OUTUIYKUSHWASL-UHFFFAOYSA-N,OUTUIYKUSHWASL,31,11,2.1
O=S(=O)(CCOCc1cccc2ccccc12)NCCCNCCc1ccc(O)c2nc(O)sc12,BIOCSQBHETWAPD-UHFFFAOYSA-N,BIOCSQBHETWAPD,35,10,1.69
c1ccc(-c2ccc3ccccc3n2)cc1,FSEXLNMNADBYJU-UHFFFAOYSA-N,FSEXLNMNADBYJU,16,1,4.0
N#CCNC(=O)[C@@H]1CCCC[C@H]1C(=O)N1CC=CCC1,ZLGBWNSEUWKLBJ-CHWSQXEVSA-N,ZLGBWNSEUWKLBJ,20,5,0.9
CNS(=O)(=O)Nc1ccc(-c2ccccc2)n(CC(=O)NC(C(=O)C(F)(F)F)C(C)C)c1=O,MYFMPKCOIMRDDD-UHFFFAOYSA-N,MYFMPKCOIMRDDD,33,13,1.79
O=S(=O)(NCCNc1ncccn1)c1cccc2cnccc12,MTQKDBPQBHRELV-UHFFFAOYSA-N,MTQKDBPQBHRELV,23,8,0.61
COc1ccc2nc(C)cc(-n3cc(CNC(C)=O)nn3)c2c1,SFCSGOORFFORDY-UHFFFAOYSA-N,SFCSGOORFFORDY,23,7,1.6
O=C1COc2c(CCNCCN(C(=O)CCNCCc3ccc(Cl)c(Cl)c3)C3CCCCC3)ccc(O)c2N1,LIBVHXXKHSODII-UHFFFAOYSA-N,LIBVHXXKHSODII,39,10,2.23
CCCCc1nc2c(N)nc3ccccc3c2n1CC(C)(C)O,GITVQUOQRHRGQQ-UHFFFAOYSA-N,GITVQUOQRHRGQQ,23,5,2.37
C[C@H](CO)Nc1nc(SCc2cccc(F)c2F)nc2nc(N)sc12,BDGUZDOTNGSANE-SSDOTTSWSA-N,BDGUZDOTNGSANE,25,10,3.29
CCCS(=O)(=O)c1ccc(C(CNS(=O)(=O)c2ccc(C(F)(F)F)cc2)N2CCCCCC2)cc1,SLLKAKKSWVMFOC-UHFFFAOYSA-N,SLLKAKKSWVMFOC,35,11,3.32
N=C(N)c1cc2c(/C=C/c3ccc4c(c3)OCO4)cccc2s1,BGFUKOBHJOFLNH-GQCTYLIASA-N,BGFUKOBHJOFLNH,23,5,2.2
O=C(O)C(c1ccccc1)N1CCCC(CN2CCC(Oc3ccc(Cl)c(Cl)c3)CC2)C1,FLDDBSYUKQDTDX-UHFFFAOYSA-N,FLDDBSYUKQDTDX,32,7,2.6
CCOC(=O)c1cc(O)c(-c2ccccc2)nn1,GSAMTLKOPFKPGN-UHFFFAOYSA-N,GSAMTLKOPFKPGN,18,5,0.69
c1ccc2c(c1)nnn2-c1ccncc1,VYPSCVFMEKLKGG-UHFFFAOYSA-N,VYPSCVFMEKLKGG,15,4,1.69
Cc1cccc(Cn2ccn3c(=O)cc(N4CCOCC4)nc23)c1,VIIPRIGPMMNKHX-UHFFFAOYSA-N,VIIPRIGPMMNKHX,24,6,2.8
Nc1nc(O)cc(-c2ccc(O)cc2)n1,HIFUKDKBFTVKPP-UHFFFAOYSA-N,HIFUKDKBFTVKPP,15,5,1.05
O=C(NCc1ccccc1)c1cccnc1Oc1ccccc1,WKEHRSGEQPYYPS-UHFFFAOYSA-N,WKEHRSGEQPYYPS,23,4,3.0
CC(C)CNc1nc(C#N)nc(N2CC(O)C2)c1N,WQUSEUSKTYYESC-UHFFFAOYSA-N,WQUSEUSKTYYESC,19,7,2.0
CN(C)C(=O)N1CCC(C(=O)NCc2cccs2)CC1,CQMFOVQUSIYPNP-UHFFFAOYSA-N,CQMFOVQUSIYPNP,20,6,1.1
Cc1ccc(CO)cc1N(C)c1ccnc(Nc2cc(C(=O)N3CCOCC3)cc(N3CCOCC3)c2)n1,GDSMXJSCOHGIGX-UHFFFAOYSA-N,GDSMXJSCOHGIGX,38,10,2.2
O=S(=O)(NCC(c1ccccc1)N1CCCCCC1)c1ccc(F)c(Cl)c1,MSTDPKUXQYECFM-UHFFFAOYSA-N,MSTDPKUXQYECFM,27,7,3.98
CCN(C(=O)Cc1ccc([N+](=O)[O-])cc1)C1CCN(CCC(c2ccccc2)c2ccccc2)CC1,FPOGXYDWGZGUBR-UHFFFAOYSA-N,FPOGXYDWGZGUBR,36,6,4.1
Clc1ccc(-c2c[nH]nn2)cc1,CGWXLIIVSXHAOP-UHFFFAOYSA-N,CGWXLIIVSXHAOP,12,4,2.97
COc1cc(-c2ccncc2)cc2cnc(Nc3ccc([C@@H](C)NC(C)=O)cc3)nc12,VTMWOMKMTOKMTQ-OAHLLOKOSA-N,VTMWOMKMTOKMTQ,31,7,2.73
CC(C)n1c(=O)n(C)c(=O)c2cn(Cc3cccc4ccccc34)cc21,NVOYJULYXVPERE-UHFFFAOYSA-N,NVOYJULYXVPERE,26,5,3.97
CCCCCCCCCC(=O)N[C@@H](Cc1c[nH]c2ccccc12)C(=O)N[C@@H](CC(N)=O)C(=O)N[C@@H](CC(=O)O)C(=O)N[C@@H]1C(=O)NCC(=O)N[C@@H](CCCN)C(=O)N[C@@H](CC(=O)O)C(=O)N[C@H](C)C(=O)N[C@@H](CC(=O)O)C(=O)NCC(=O)N[C@H](CO)C(=O)N[C@@H]([C@H](C)CC(=O)O)C(=O)N[C@@H](CC(=O)c2ccccc2N)C(=O)O[C@@H]1C,DOAKLVKFURWEDJ-RWDRXURGSA-N,DOAKLVKFURWEDJ,115,43,-0.94
Cc1cnc(Nc2cc(N3CCOCC3)nc(N[C@@H](C)c3ncc(F)cn3)n2)s1,ODONICFHLYWURU-LBPRGKRZSA-N,ODONICFHLYWURU,29,11,2.68
Cc1cc(CN2CCN(C(C)C)CC2)cnc1-c1ccc(C(=O)Nc2ccccc2N)cc1,CZEDAPGUDUPBHW-UHFFFAOYSA-N,CZEDAPGUDUPBHW,33,6,1.44
COc1ccccc1OCCNCC(O)COc1cccc2[nH]c3ccccc3c12,OGHNVEJMJSYVRP-UHFFFAOYSA-N,OGHNVEJMJSYVRP,30,6,3.27
NC1(c2ccc(-c3nc4ccccc4cc3-c3ccccc3)cc2)CCC1,HYGFBWZFNKCVQF-UHFFFAOYSA-N,HYGFBWZFNKCVQF,27,2,3.6
O=C(O)c1ccc(-n2ncc(C(=O)NC3C4CC5CC(C4)CC3C5)c2C2CCC2)cc1,VLSZKRISTGXFJW-UHFFFAOYSA-N,VLSZKRISTGXFJW,31,6,1.33
N#Cc1ccc2c(c1)NC(=O)C2c1ncnc2cc(OCCCN3CCOCC3)ccc12,DKBVYQIECVHAPR-UHFFFAOYSA-N,DKBVYQIECVHAPR,32,8,2.99
CC(C)(C)C(=O)NCc1ccc(NC(=O)N2CCCC(O)(c3ccc(Cl)c(Cl)c3)C2)cc1,QZVWPVJWWJFKGJ-UHFFFAOYSA-N,QZVWPVJWWJFKGJ,32,8,3.93
CC[C@@H]1C(=O)N(C)c2cnc(Nc3ccc(C(=O)NC4CCN(C)CC4)cc3OC)nc2N1C1CCCC1,XQVVPGYIWAGRNI-JOCHJYFZSA-N,XQVVPGYIWAGRNI,38,10,3.14
CCCCn1c(Cc2cc(OC)c(OC)c(OC)c2)nc2c(N)ncnc21,TUOSCZDRWRYPRS-UHFFFAOYSA-N,TUOSCZDRWRYPRS,27,8,2.39
N=C(N)c1cc2c(OCc3ccccc3)cccc2s1,BMADCBRXHDOABZ-UHFFFAOYSA-N,BMADCBRXHDOABZ,20,4,1.16
O=C(O)CCc1ccc(NCc2cccc(Oc3ccccc3)c2)cc1,DGENZVKCTGIDRZ-UHFFFAOYSA-N,DGENZVKCTGIDRZ,26,4,2.1
CCCSc1nc(N[C@@H]2C[C@H]2c2ccccc2)c2nnn([C@@H]3C[C@H](OCCO)[C@@H](O)[C@H]3O)c2n1,WAAZWZXNFNZGJV-NGIYPOHESA-N,WAAZWZXNFNZGJV,34,11,3.87
Cc1c(N)cccc1Cn1ccc(OCCc2cccs2)cc1=O,YCLREGRRHGLOAK-UHFFFAOYSA-N,YCLREGRRHGLOAK,24,5,2.78
Cc1ccc(NC(=O)c2ccnc(N3CCOCC3)c2)cc1Nc1ccnc(Cl)n1,BFIIANMKQVNCOV-UHFFFAOYSA-N,BFIIANMKQVNCOV,30,9,3.1
O=C(O)C[C@@H]1c2ccccc2C[C@H]1NC(=O)c1cc2cc(Cl)ccc2[nH]1,LZYWSNBLTBFPDC-NVXWUHKLSA-N,LZYWSNBLTBFPDC,26,6,1.79
COc1ccc(C(=O)NCCN2CCN(Cc3ccc(Cl)c(Cl)c3)CC2)cc1Cl,CBWRUNBHLXXKIT-UHFFFAOYSA-N,CBWRUNBHLXXKIT,29,8,3.74
O=c1[nH]c2c(O)ccc([C@@H](O)CNCCc3cccc(CNCc4ccccc4Cl)c3)c2s1,PVJNMWAQIUNUKH-QFIPXVFZSA-N,PVJNMWAQIUNUKH,33,8,1.85
CC(C)CC(N(C)C)C1(c2ccc(Cl)cc2)CCC1,UNAANXDKBXWMLN-UHFFFAOYSA-N,UNAANXDKBXWMLN,19,2,3.6
Cc1cc(CNc2nccc(Nc3cc(CCc4ccccc4)[nH]n3)n2)on1,ZWCOUICPAQBKJI-UHFFFAOYSA-N,ZWCOUICPAQBKJI,28,8,3.56
NC(=O)c1cccc(O[C@@H]2C[C@H]3CC[C@@H](C2)N3Cc2ccccc2)c1,NBLFFMILGMAYPO-OPVJXMOQSA-N,NBLFFMILGMAYPO,25,4,1.76
COc1cc(Nc2c(C#N)cnc3cc(OC)c(OC)cc23)cc(OC)c1,QSVJJSNSEULONW-UHFFFAOYSA-N,QSVJJSNSEULONW,27,7,3.5
Cc1cc(CNc2ncc(Br)c(Nc3cc(C4CC4)[nH]n3)n2)on1,MJQVDJSEAMOVCO-UHFFFAOYSA-N,MJQVDJSEAMOVCO,24,9,3.43
CCCCC1(CC)C(=O)NC(=O)NC1=O,STDBAQMTJLUMFW-UHFFFAOYSA-N,STDBAQMTJLUMFW,15,5,1.5
COc1cc2ncnc(Nc3cccc(Cl)c3F)c2cc1CN1CCC[C@H]1CC(N)=O,CFQAZHZKWMMXOV-AWEZNQCLSA-N,CFQAZHZKWMMXOV,31,9,2.64
COc1cc2ncnc(NCc3cccc(C)c3)c2cc1OC,QSPYRNNXWWNWNG-UHFFFAOYSA-N,QSPYRNNXWWNWNG,23,5,3.5
COc1ccc(-c2cc(O)nc(N)n2)cc1,RHUOPLLLMLLDEH-UHFFFAOYSA-N,RHUOPLLLMLLDEH,16,5,1.52
O=C(O)c1ccc(NC(=O)c2cc(OCc3ccccc3)cc(OCc3ccccc3)c2)nc1,GDIONXWSZRJUGV-UHFFFAOYSA-N,GDIONXWSZRJUGV,34,7,2.7
O=C(NC1Cc2ccccc2N(CC(CO)CO)C1=O)c1cc2cc(Cl)ccc2[nH]1,OJDVPOOGBKNXRM-UHFFFAOYSA-N,OJDVPOOGBKNXRM,30,8,3.64
CO[C@@H](C(=O)N1Cc2n[nH]c(NC(=O)c3ccc(N4CCN(C)CC4)cc3)c2C1)c1ccccc1,XKFTZKGMDDZMJI-HSZRJFAPSA-N,XKFTZKGMDDZMJI,35,9,2.0
CCN(C(=O)Cc1ccc(S(C)(=O)=O)cc1)C1CCN(CC[C@@H](c2cc(F)cc(F)c2)N2CCN(S(C)(=O)=O)CC2)CC1,GQYTWMORXNLJCB-LJAQVGFWSA-N,GQYTWMORXNLJCB,43,13,1.25
Cc1ccc(S(=O)(=O)Nc2ccc(/C=C/C(=O)Nc3ccccc3N)cc2)cc1,WBGXKEVRNQTTMO-XNTDXEJSSA-N,WBGXKEVRNQTTMO,29,7,2.82
O=C(COCc1ccncc1)N1CCC(c2ccc(Cl)cc2Cl)CC1,MSZAMNQPWRCIKI-UHFFFAOYSA-N,MSZAMNQPWRCIKI,25,6,2.63
CC(C)N(CCNCCc1ccc(O)c2[nH]c(=O)sc12)C(=O)CCOCCc1ccccc1,BKUBTORKXDPOIU-UHFFFAOYSA-N,BKUBTORKXDPOIU,33,8,2.33
CN(C/C=C/C#CC(C)(C)C)Cc1cccc2ccccc12,DOMXUEMWDBAQBQ-WEVVVXLNSA-N,DOMXUEMWDBAQBQ,22,1,2.83
CCOc1ccc(-c2cnc3n2CCC3)cc1,BNHBFAPJZHNXTE-UHFFFAOYSA-N,BNHBFAPJZHNXTE,17,3,2.65
C[C@H](C#N)NC(=O)[C@@H]1CCCC[C@H]1C(=O)N1CCc2[nH]c3ccc(F)cc3c2C1,DPGSGMKMVPXXPU-FVQBIDKESA-N,DPGSGMKMVPXXPU,29,7,3.1
COc1ccc2nc(C)cc(OCC(=O)NCc3ccccc3)c2c1,TVFKOQNEHZEDOF-UHFFFAOYSA-N,TVFKOQNEHZEDOF,25,5,3.2
CNc1cnc(-c2ccc(F)cc2)n(CC(=O)NC(C(=O)C(F)(F)F)C(C)C)c1=O,LIRGOEPJYUZGAZ-UHFFFAOYSA-N,LIRGOEPJYUZGAZ,30,11,1.86
CC(=O)Nc1ccc2c(c1)c(-c1cc(NC3CC3)n3ncc(C#N)c3n1)cn2CCC(=O)O,FXZDYVDTIVZZCX-UHFFFAOYSA-N,FXZDYVDTIVZZCX,33,10,-0.87
CCN(C(=O)Cc1ccc(S(=O)(=O)N(C)C)cc1)C1CCN(CCC(c2ccccc2)c2ccccc2)CC1,MQFKIDUREUWWAN-UHFFFAOYSA-N,MQFKIDUREUWWAN,39,7,3.7
CN1CCN(c2nc3ccccc3cc2Cn2nc(-c3ccc4nc(N)sc4c3)c3c(N)ncnc32)CC1,UNSGOTITAWKECZ-UHFFFAOYSA-N,UNSGOTITAWKECZ,38,11,3.09
N#Cc1ccc2cccc(O)c2n1,KUQKKIBQVSFDHX-UHFFFAOYSA-N,KUQKKIBQVSFDHX,13,3,1.81
COCCNC(=O)c1ccc(Nc2ncc3cc(-c4ccncc4OC)ccc3n2)cc1,IRDZVVVHPQDNBN-UHFFFAOYSA-N,IRDZVVVHPQDNBN,32,8,3.14
NCCCCCc1c[nH]c2ccc(F)cc12,GBOWZEQKUVRLJV-UHFFFAOYSA-N,GBOWZEQKUVRLJV,16,3,0.6
Cn1c(=O)n(Cc2ccc(C(=O)O)cc2)c(=O)c2cc(C#CCc3ccccc3)ccc21,FLTYDFYSVZBKOB-UHFFFAOYSA-N,FLTYDFYSVZBKOB,32,6,2.5
COc1c(C#N)cc2ccccc2c1C(=O)N(C)C[C@@H](CCN1CCC(c2ccc(O)cc2[S+](C)[O-])CC1)c1ccc(Cl)c(Cl)c1,SNSNHGOUWRDCTI-HMCYNBTRSA-N,SNSNHGOUWRDCTI,46,10,3.5
Cn1c(=O)c2c(ncn2C)n(C)c1=O,RYYVLZVUVIJVGH-UHFFFAOYSA-N,RYYVLZVUVIJVGH,14,6,-0.03
Cn1c(C#N)ccc1-c1cc(F)c2c(c1)C(C)(C)C(=O)N2,KIOOLNRTWPFVHX-UHFFFAOYSA-N,KIOOLNRTWPFVHX,21,5,3.21
CN(C)CC(O)COc1ccc(Nc2cc(N(CCC#N)c3cc(Cl)ccc3Cl)ncn2)cc1,ZCMULLRERXYJLF-UHFFFAOYSA-N,ZCMULLRERXYJLF,34,10,2.1
O=C(NCC1(O)CCCCCC1)c1cc(-n2ncc(=O)[nH]c2=O)ccc1Cl,GUHUHCDILUWHDD-UHFFFAOYSA-N,GUHUHCDILUWHDD,27,9,0.26
COc1ccccc1N1CCN(CCN(C(=O)C2CCCCC2)c2ccccn2)CC1,SBPRIAGPYFYCRT-UHFFFAOYSA-N,SBPRIAGPYFYCRT,31,6,3.0
O=C(Nc1ccccc1F)N[C@H]1N=C(c2ccccc2)c2ccccc2NC1=O,MTPVBMVUENFFLL-HXUWFJFHSA-N,MTPVBMVUENFFLL,29,7,4.0
CCC[C@H](c1ccc(C(=O)O)c(Oc2cccc(Cl)c2)c1)N1CCC[C@H](n2cc(C)c(=O)[nH]c2=O)C1,OTDSFZWENWUAKU-NZQKXSOJSA-N,OTDSFZWENWUAKU,36,9,0.6
CN(C)C(=O)[C@H](Cc1ccccc1)NC(=O)c1cc2sccc2[nH]1,FERSVQMGZUZBGA-HNNXBMFYSA-N,FERSVQMGZUZBGA,24,6,3.1
Cc1cccc(Br)c1C(=O)N[C@@H](Cc1ccc(NC(=O)c2c(Cl)cccc2Cl)cc1)C(=O)O,PBBGMISRCMPMRC-IBGZPJMESA-N,PBBGMISRCMPMRC,33,9,-0.13
C[C@H](CO)Nc1nc(SCc2cccc(F)c2F)nc2nc(NS(C)(=O)=O)sc12,GOFYUEAKHHJNFS-MRVPVSSYSA-N,GOFYUEAKHHJNFS,29,13,0.92
Cc1nc(C)c(-c2ccc3c(c2)CC[C@]32CC[C@@H](c3nnn[nH]3)CC2)nc1C(N)=O,BHPNEZLHOOORFD-CAJLXGCNSA-N,BHPNEZLHOOORFD,30,8,1.4
Brc1cnc(NCc2ccccc2)nc1Nc1cc(C2CC2)[nH]n1,IZEZSPVHWUPXAH-UHFFFAOYSA-N,IZEZSPVHWUPXAH,24,7,4.11
Cc1ccc(C(=O)N2CC3CNCC(C2)O3)cc1NC(=O)CC12CC3CC(CC(C3)C1)C2,XYNNEMHCLNODBL-UHFFFAOYSA-N,XYNNEMHCLNODBL,32,6,2.12
C[C@H]1C[C@@H]2[C@H]([C@@H](O)C[C@@]3(C)[C@H]2CC[C@]3(O)C(=O)CO)[C@@]2(C)C=CC(=O)C=C12,VHRSUDSXCMQTMA-PJHHCJLFSA-N,VHRSUDSXCMQTMA,27,5,2.12
Cc1cnc(Nc2cc(N3CCN(C)CC3)nc(N[C@@H](C)c3ccc(F)cn3)n2)s1,RIZYPSQRIHNRNS-AWEZNQCLSA-N,RIZYPSQRIHNRNS,30,10,2.9
CN(c1ccnc(Nc2cc(N3CCOCC3)cc(N3CCOCC3)c2)n1)c1cccc2[nH]ncc12,QLFGDTPACJHLRY-UHFFFAOYSA-N,QLFGDTPACJHLRY,36,10,3.23
O=C(Nc1ccccc1F)NC1N=C(c2ccccc2)c2ccccc2NC1=O,MTPVBMVUENFFLL-UHFFFAOYSA-N,MTPVBMVUENFFLL,29,7,3.8
Cn1c(N)nc(CCc2ccc3cc[nH]c3c2)cc1=O,IEVOMHWKXAILLY-UHFFFAOYSA-N,IEVOMHWKXAILLY,20,5,2.1
Cc1[nH]c2nc(NCc3cccc(Cl)c3)nn2c(=O)c1Cc1ccccc1,ZJYSQSOCUATSOV-UHFFFAOYSA-N,ZJYSQSOCUATSOV,27,7,3.6
O=S(=O)(Nc1nc(-c2sccc2Cl)cs1)c1cc(Cl)ccc1Cl,XZCBMBTUYMYVPQ-UHFFFAOYSA-N,XZCBMBTUYMYVPQ,23,10,2.11
COc1cc2ncc(C(N)=O)c(Nc3ccccc3C)c2cc1OC,JNNOHWDGLCJHHQ-UHFFFAOYSA-N,JNNOHWDGLCJHHQ,25,6,3.4
N#C[C@]1(NC(=O)[C@@H](N)Cc2cccs2)C[C@H]1c1ccccc1,FUYOZZGSCQXNCB-YQQAZPJKSA-N,FUYOZZGSCQXNCB,22,5,1.5
COc1ccc(C)c(NC(=O)CC23CC4CC(CC(C4)C2)C3)c1,APLGQRPVXWWNAW-UHFFFAOYSA-N,APLGQRPVXWWNAW,23,3,3.96
Cc1cn(C2CCCN(Cc3cccc(Oc4ccccc4)c3)C2)c(=O)[nH]c1=O,UVSXXFBEAJISCP-UHFFFAOYSA-N,UVSXXFBEAJISCP,29,6,3.04
O=C(Nc1cccc(O)c1)c1ccc(OCCCN2CCCC2)cc1OCc1ccccc1,HPLNIEBBVCFTRV-UHFFFAOYSA-N,HPLNIEBBVCFTRV,33,6,3.07
C[C@@H](NC1=CC(=O)CNC1)c1ccc(Nc2ncc3cc(-c4ccncc4)ccc3n2)cc1,MMOHLOVDPKIQDH-QGZVFWFLSA-N,MMOHLOVDPKIQDH,33,7,2.49
CN1CCOc2cc(COc3ccccc3)cnc21,XAGOQHLVLYAAMO-UHFFFAOYSA-N,XAGOQHLVLYAAMO,19,4,3.3
O=C(NC[C@@H](O)CN1CCC(Oc2ccc(Cl)c(Cl)c2)CC1)c1c[nH]nc1C1CC1,NDXPOARUSJMOJN-CQSZACIVSA-N,NDXPOARUSJMOJN,30,9,3.15
CCOc1noc2cc(OCCC3CCN(c4ccc(C)nn4)CC3)ccc12,DKSVBVKHUICELN-UHFFFAOYSA-N,DKSVBVKHUICELN,28,7,4.23
CCC(c1nc2ccsc2c(=O)n1Cc1cscn1)N(CCCN)C(=O)c1ccc(C)cc1,NFSUCTUBXVJXNX-UHFFFAOYSA-N,NFSUCTUBXVJXNX,33,9,0.02
C[C@H]1O[C@@H](n2cnc3c(N)nc(OC4CCC(F)(F)CC4)nc32)[C@H](O)[C@@H]1O,DUKRHIGFPRWONF-FRJWGUMJSA-N,DUKRHIGFPRWONF,27,11,1.42
O=c1[nH]c2c(O)ccc([C@@H](O)CNCCc3cccc(CNCCc4ccccc4Cl)c3)c2s1,FSADUXJHZQYIQE-QHCPKHFHSA-N,FSADUXJHZQYIQE,34,8,1.63
CC(C)n1c2ccccc2c2cc(NC(=O)N3CCOCC3)ccc21,AVKGWXGSJRJBHL-UHFFFAOYSA-N,AVKGWXGSJRJBHL,25,5,3.55
CC(C)Oc1ccc(S(C)(=O)=O)cc1C(=O)N1CCN(c2ccc(C(F)(F)F)cc2)CC1,ZULMZWKMOGKZGW-UHFFFAOYSA-N,ZULMZWKMOGKZGW,32,10,3.33
CN[C@@H](C)C(=O)N[C@H](C(=O)N[C@H]1CCCN(Cc2ccccc2)C1)C1CCCCC1,GSHIVNXVDFLKOX-NYVOZVTQSA-N,GSHIVNXVDFLKOX,30,6,2.01
Cc1c(Cl)cccc1S(=O)(=O)Nc1nc(CC(=O)N2CCN(C)CC2)cs1,YDPRNGAPPNPYQQ-UHFFFAOYSA-N,YDPRNGAPPNPYQQ,27,10,0.57
CCOC(=O)c1cnc2c(N)cccc2c1O,MWDVCRZYDCOMAK-UHFFFAOYSA-N,MWDVCRZYDCOMAK,17,5,0.9
Cc1ccc(CO)cc1N(C)c1ccnc(Nc2cc(N3CCCOCC3)cc(N3CCOCC3)c2)n1,YBAPRJNUZFLUMB-UHFFFAOYSA-N,YBAPRJNUZFLUMB,37,9,3.3
N[C@@H](Cc1c[nH]c2ccccc12)C(=O)O,QIVBCDIJIAJPQS-VIFPVBQESA-N,QIVBCDIJIAJPQS,15,4,-1.08
NS(=O)(=O)c1ccc(Nc2nccc(-c3cnc4ccccn34)n2)cc1,NKORVPQBJCGYEC-UHFFFAOYSA-N,NKORVPQBJCGYEC,26,9,2.7
COc1cc(OC)c(S(=O)(=O)N2c3ccccc3CCC2C)cc1NC(=O)CCC(=O)O,JCBVIKZBKZLYFN-UHFFFAOYSA-N,JCBVIKZBKZLYFN,32,10,-0.87
Cc1cc(CN2Cc3cccnc3CC2C(=O)Nc2ccc(Cl)cc2Cl)ccc1OCC(=O)O,VVAMVPWLMUAPRN-UHFFFAOYSA-N,VVAMVPWLMUAPRN,34,9,1.15
c1cncc(-c2ccc(-c3nnc(C4CN5CCC4CC5)o3)o2)c1,UJAGUKYONYCFSM-UHFFFAOYSA-N,UJAGUKYONYCFSM,24,6,1.2
N#CC1(NC(=O)[C@@H]2CCCC[C@H]2C(=O)N2CCN(c3nc(-c4ccccc4)cs3)CC2)CC1,NEWCBLDMKSRBBC-WOJBJXKFSA-N,NEWCBLDMKSRBBC,33,8,3.5
Nc1cc2n[nH]c(=O)n2c2cc(-c3ccsc3)ccc12,JMKRWEORSOHILW-UHFFFAOYSA-N,JMKRWEORSOHILW,20,6,3.18
CCc1cccc(CC)c1NC(=O)N1Cc2[nH]nc(NC(=O)c3ccc(N4CCN(C)CC4)cc3)c2C1,OBWNXGOQPLDDPS-UHFFFAOYSA-N,OBWNXGOQPLDDPS,37,9,3.31
Cc1ncc(-c2nc(Nc3ccc(C(N)=O)c(F)c3)ncc2F)n1C(C)C,WIDBHTRKXQCNBH-UHFFFAOYSA-N,WIDBHTRKXQCNBH,27,9,3.14
C=CCNC(=O)c1cc([N+](=O)[O-])cc2c(=O)[nH]c(Nc3ccc(Cl)c(Cl)c3)nc12,VUBILPOZTRGZJK-UHFFFAOYSA-N,VUBILPOZTRGZJK,29,11,2.7
c1ccc(-c2cn3ccccc3n2)cc1,KDHWCFCNNGUJCP-UHFFFAOYSA-N,KDHWCFCNNGUJCP,15,2,2.9
COC[C@H](O)Cn1c(=O)cnn(-c2ccc(Cl)c(C(=O)NCC3(O)CCCCCC3)c2)c1=O,FUCKCIVGBCBZNP-MRXNPFEDSA-N,FUCKCIVGBCBZNP,33,11,1.46
O=C(Nc1cc(C(F)(F)F)cc(C(F)(F)F)c1)c1cnc(Cl)nc1C(F)(F)F,GHMKQBWHPQMXSH-UHFFFAOYSA-N,GHMKQBWHPQMXSH,28,14,1.8
CCC(C)(C)C(=O)O[C@H]1C[C@@H](C)C=C2C=C[C@H](C)[C@H](CC[C@@H](O)C[C@@H](O)CC(=O)O)[C@H]21,XWLXKKNPFMNSFA-HGQWONQESA-N,XWLXKKNPFMNSFA,31,6,1.55
NC(=O)c1cccc(O[C@H]2C[C@H]3CC[C@@H](C2)N3CC2CCCCC2)c1,ZKZMTIDHRGLEJP-RUYXUALKSA-N,ZKZMTIDHRGLEJP,25,4,1.55
O=C(c1ccc(OCCN2CCCCC2)cc1)c1c(-c2ccc(O)cc2)sc2cc(O)ccc12,GZUITABIAKMVPG-UHFFFAOYSA-N,GZUITABIAKMVPG,34,6,4.13
O=C(O)c1ccccc1N1CCC(CN2CCC(Oc3ccc(Cl)c(Cl)c3)CC2)CC1,UMSPPMMERAOIRT-UHFFFAOYSA-N,UMSPPMMERAOIRT,31,7,2.83
COc1ccc(CC(=O)N(C)C2CCN(CCC(c3ccccc3)c3ccccc3)CC2)cc1OC,TZMIRXLCTZAZRD-UHFFFAOYSA-N,TZMIRXLCTZAZRD,36,5,3.4
CCN1CCN(Cc2cnc(-c3ccc(C(=O)Nc4ccccc4N)cc3)c(C)c2)CC1,BCXCWJVLSDITQU-UHFFFAOYSA-N,BCXCWJVLSDITQU,32,6,1.2
CCC(c1nc2snc(C)c2c(=O)n1Cc1ccccc1)N(CCCN)C(=O)c1ccc(C)cc1,NTQOGRLUBILFEL-UHFFFAOYSA-N,NTQOGRLUBILFEL,35,8,1.61
CCOC(=O)Cc1csc(NS(=O)(=O)c2ccc(Cl)cc2)n1,IITATKCUYSUFMF-UHFFFAOYSA-N,IITATKCUYSUFMF,22,9,1.32
Clc1ccc2c(c1)C(N1CCNCC1)=Nc1ccccc1O2,QWGDMFLQWFTERH-UHFFFAOYSA-N,QWGDMFLQWFTERH,22,5,2.28
Cc1cc2nc(NC(=N)N)nc(C)c2cc1C,JFQDHSRWWLJCBV-UHFFFAOYSA-N,JFQDHSRWWLJCBV,17,5,0.7
CN[C@@H](C)C(=O)N[C@H]1CN(C(=O)CC(C)C)CC[C@H]2CC[C@@H](C(=O)NC(c3ccccc3)c3ccccc3)N2C1=O,LSXUTRRVVSPWDZ-MKKUMYSQSA-N,LSXUTRRVVSPWDZ,41,9,1.82
Cc1nc(C)c(C(=O)N[C@@H](Cc2cccc(Cl)c2)C(=O)NCC#N)s1,NITBWRSUGPDTIJ-AWEZNQCLSA-N,NITBWRSUGPDTIJ,25,8,2.0
COc1ccc(-c2nc3n(c2Br)CCC3)cc1,UQKXSDIJXQMRLG-UHFFFAOYSA-N,UQKXSDIJXQMRLG,17,4,3.3
N#Cc1ccc(C[C@@H](C(=O)O)N2CCC(CN3CCC(Oc4ccc(Cl)c(Cl)c4)CC3)CC2)cc1,VNYAKKUPVDUAEG-SANMLTNESA-N,VNYAKKUPVDUAEG,35,8,2.17
CN1Cc2c(N)cccc2[C@H](c2ccccc2)C1,XXPANQJNYNUNES-AWEZNQCLSA-N,XXPANQJNYNUNES,18,2,2.11
Cn1c(C#N)ccc1-c1ccc2c(c1)C(C)(C)OC(=O)N2,JMUPKDBUVCZLQS-UHFFFAOYSA-N,JMUPKDBUVCZLQS,21,5,2.85
CN(C(=O)Cc1ccc(Cl)c(Cl)c1)[C@H](CN1CCCC1)c1ccccc1,AEJOEPSMZCEYJN-HXUWFJFHSA-N,AEJOEPSMZCEYJN,26,5,3.42
Cn1c2ccccc2c2cc(NC(=O)CCc3ccncc3)ccc21,JPDVZFGZORGXAL-UHFFFAOYSA-N,JPDVZFGZORGXAL,25,4,3.8
O=c1cc(-c2cccnc2)[nH]c2cc(C(O)c3ccccc3)ccc12,JUCHZXYUHOLVCC-UHFFFAOYSA-N,JUCHZXYUHOLVCC,25,4,2.27
Cc1nc(-c2ccc(OCC(C)C)c(C#N)c2)sc1C(=O)O,BQSJTQLCZDPROO-UHFFFAOYSA-N,BQSJTQLCZDPROO,22,6,0.94
O=c1[nH]c2c(O)ccc([C@@H](O)CNCCc3cccc(CNCc4ccccc4F)c3)c2s1,QFGOTCHUFZRMMD-QFIPXVFZSA-N,QFGOTCHUFZRMMD,33,8,0.69
Cn1c(N)nc(CCc2cccc(-c3cccnc3)c2)cc1=O,JKPVKTCZXDPUPX-UHFFFAOYSA-N,JKPVKTCZXDPUPX,23,5,2.5
NS(=O)(=O)c1cccc(Nc2nccc(Nc3c(Cl)ccc4c3OCO4)n2)c1,TZHCXOMEOHEZDX-UHFFFAOYSA-N,TZHCXOMEOHEZDX,28,11,2.97
CC(=O)NC[C@H]1CN(c2ccc(N3Cc4ccncc4C3)c(F)c2)C(=O)O1,AKRSGQPSZWNVSP-INIZCTEOSA-N,AKRSGQPSZWNVSP,27,8,3.02
Cc1[nH]c2nc(NCc3cccc(Br)c3)nn2c(=O)c1Cc1ccccc1,IQFOLMQRSFXDFG-UHFFFAOYSA-N,IQFOLMQRSFXDFG,27,7,3.68
Cc1ccc(-c2nn(C(C)C)c3ncnc(N)c23)cc1,MILDDBYLPYUFOX-UHFFFAOYSA-N,MILDDBYLPYUFOX,20,5,3.2
O=C1CCOc2nc(OCc3ccccc3)ccc21,FEUUEDWGFHWSKC-UHFFFAOYSA-N,FEUUEDWGFHWSKC,19,4,3.1
COc1ccc(OC)c(-c2c(F)ccc3c(N)c(C(=O)NC4CC4)nnc23)c1,WEFRNUXPTYTOEU-UHFFFAOYSA-N,WEFRNUXPTYTOEU,28,8,3.47
CC(C)N1CCO[C@@H](CN2CCN(C(=O)Nc3ccc(Cl)c(Cl)c3)CC2)C1,ZNBMAQXAVPNARC-INIZCTEOSA-N,ZNBMAQXAVPNARC,27,8,2.77
CN[C@@H](C)C(=O)N[C@H](C(=O)N[C@H]1CCCN(CCc2cccc(OC)c2)C1)C(C)(C)C,MAJXWKOVYWMCLN-HFSMHLIXSA-N,MAJXWKOVYWMCLN,31,7,1.47
Cc1ncc(-c2ccnc(Nc3ccc(C(=O)N(C)C)c(F)c3)n2)n1C(C)C,XLGNAHMZWBLDIJ-UHFFFAOYSA-N,XLGNAHMZWBLDIJ,28,8,2.74
O=C(O)[C@H](Cc1ccc(Cl)cc1)N1CCC(CN2CCC(Oc3ccc(Cl)c(Cl)c3)CC2)CC1,KCLONPRRKHVPLU-VWLOTQADSA-N,KCLONPRRKHVPLU,34,8,2.86
Cc1cc(C)nc(N)c1,BRBUBVKGJRPRRD-UHFFFAOYSA-N,BRBUBVKGJRPRRD,9,2,0.85
C[C@@H]1COCCN1c1cc(C2(S(C)(=O)=O)CC2)nc(-c2cccc3[nH]ccc23)n1,SCGCBAAYLFTIJU-CQSZACIVSA-N,SCGCBAAYLFTIJU,29,8,2.7
Fc1cccc(CN2CCN(c3ccc4nnc(C(F)(F)F)n4n3)CC2)c1F,DZXZQRMALFTZJB-UHFFFAOYSA-N,DZXZQRMALFTZJB,28,11,3.6
CCCCCCCN(CCc1ccc(OC(C)(C)C(=O)O)cc1)C(=O)Nc1ccc(F)cc1F,BZPYOMQCTNFFHL-UHFFFAOYSA-N,BZPYOMQCTNFFHL,34,8,1.93
COc1ccc([C@]2(O)CC[C@H](N3CC[C@@H](NC(=O)CNC(=O)c4cccc(C(F)(F)F)c4)C3)CC2)cn1,NXZNYBUBXWWKCP-DNRQZRRGSA-N,NXZNYBUBXWWKCP,37,11,1.72
NC1(C(=O)N[C@@H](CCN2CCCCC2)c2ccc(Cl)cc2)CCN(c2ncnc3[nH]ccc23)CC1,GWYVKALUKYVOPI-QFIPXVFZSA-N,GWYVKALUKYVOPI,35,9,2.4
CN(C)CCNc1cc(-c2ccccc2)nc2cc(-c3ccc(F)cc3)nn12,KTSGRIPMZQSHQN-UHFFFAOYSA-N,KTSGRIPMZQSHQN,28,6,4.5
O=S(=O)(Nc1cccnc1)c1ccc2c(c1)OCCO2,GRFWQYYCJZWWQT-UHFFFAOYSA-N,GRFWQYYCJZWWQT,20,7,1.34
CNCCC(Oc1ccccc1OC)c1ccccc1,ITJNARMNRKSWTA-UHFFFAOYSA-N,ITJNARMNRKSWTA,20,3,0.22
OC[C@H]1C[C@@H](n2nnc3c(N[C@@H]4C[C@H]4c4ccccc4)nc(SCCC(F)(F)F)nc32)[C@H](O)[C@@H]1O,VKNLUKUDQMURBO-LMWURNKKSA-N,VKNLUKUDQMURBO,35,13,4.06
CC(=O)NCc1ccc(CN2CCN(c3ccc(F)cc3F)CC2)cc1,FQNKXHSTVKSMDH-UHFFFAOYSA-N,FQNKXHSTVKSMDH,26,6,2.5
O=C(c1ccc(C(=C2CCN(Cc3cscn3)CC2)c2cccc3cccnc23)cc1)N1CCC1,WKFOEHYWYDEVCS-UHFFFAOYSA-N,WKFOEHYWYDEVCS,35,6,2.52
O=C(NCC12CC3CC(CC(C3)C1)C2)c1cc(N2CCNCC2)ccc1Cl,SZEATWKNDKWXLO-UHFFFAOYSA-N,SZEATWKNDKWXLO,27,5,1.77
O=C(Nc1ccc(N2CCOCC2)cn1)c1nnc(Nc2ccccc2F)o1,UUHAXNMQKOBKMS-UHFFFAOYSA-N,UUHAXNMQKOBKMS,28,10,2.4
CN(C)CCC=C1c2ccccc2COc2ccccc21,ODQWQRRAPPTVAG-UHFFFAOYSA-N,ODQWQRRAPPTVAG,21,2,2.15
CC[C@H](CO)Nc1nc(NCc2ccccc2)c2ncn(C(C)C)c2n1,BTIHMVBBUGXLCJ-OAHLLOKOSA-N,BTIHMVBBUGXLCJ,26,7,3.63
NCC(O)(c1ccccc1)c1ccccc1,QFWZRNZLPMDFNA-UHFFFAOYSA-N,QFWZRNZLPMDFNA,16,2,0.9
O=C1CCC(=O)N1C(CCc1ccncc1)COc1ccc(-c2cccc([N+](=O)[O-])c2)cc1,JANZXFNVGRNHEL-UHFFFAOYSA-N,JANZXFNVGRNHEL,33,8,3.88
Cc1cc(C(C)Nc2ccccc2)c2nc(N3CCOCC3)cc(=O)n2c1,CPRAGQJXBLMUEL-UHFFFAOYSA-N,CPRAGQJXBLMUEL,27,6,3.6
Cc1cc(N)c2cc(NC(=O)CC(=O)Nc3ccc4nc(C)cc(N)c4c3)ccc2n1,LRVAVDULSVIXOM-UHFFFAOYSA-N,LRVAVDULSVIXOM,31,8,1.35
C=C(C)[C@H]1Cc2c(ccc3c2O[C@@H]2COc4cc(OC)c(OC)cc4[C@@H]2C3=O)O1,JUVIOZPCNVVQFO-HBGVWJBISA-N,JUVIOZPCNVVQFO,29,6,3.57
Nc1ccc2ncnc(Nc3ccc(F)c(Cl)c3)c2c1,HJAGRTPTIMMQPY-UHFFFAOYSA-N,HJAGRTPTIMMQPY,20,6,2.64
O=C(Nc1ccc(Cl)nc1)c1ccc(F)c(F)c1,GDGUOCFTHNGPBK-UHFFFAOYSA-N,GDGUOCFTHNGPBK,18,6,3.31
CCN(CC)S(=O)(=O)c1ccc(NC(=O)[C@@](C)(O)C(F)(F)F)c(Cl)c1,SRAUODURYYKAAX-CYBMUJFWSA-N,SRAUODURYYKAAX,25,11,3.66
COc1cc(F)ccc1-c1cncc(C2CCCN2)c1,VZBXSRQRMPXTGG-UHFFFAOYSA-N,VZBXSRQRMPXTGG,20,4,1.1
COc1ccc(Nc2ccccc2C(=O)O)cc1,AOTGWRVCPVLSPA-UHFFFAOYSA-N,AOTGWRVCPVLSPA,18,4,1.2
CN(C)CCCC(NC(=O)C1(N)CCN(c2ncnc3[nH]ccc23)CC1)c1ccc(Cl)cc1,RVLXAFFPKAXSFU-UHFFFAOYSA-N,RVLXAFFPKAXSFU,33,9,1.4
Cc1cnc2nc(SCc3cccc(F)c3F)nc(N[C@H](C)CO)c2n1,SILWDMNSPADQHV-SNVBAGLBSA-N,SILWDMNSPADQHV,26,9,3.5
COc1ccc2c(Oc3ccc(CC(=O)Nc4n[nH]c(C)c4C)c(OC)c3)ccnc2c1,DBDUMMKYYKJJID-UHFFFAOYSA-N,DBDUMMKYYKJJID,32,8,3.78
C[C@H](Nc1nc(NC[C@@H](O)CO)c(Cl)c(Nc2cc(C3CC3)[nH]n2)n1)c1ccc(F)cc1,QYHMOKNPHPUZBC-XHDPSFHLSA-N,QYHMOKNPHPUZBC,32,11,3.39
CCCSc1c(C(=O)NC2CCCCC2)cnn1[C@H]1CC[C@H](C(=O)O)CC1,HLKJXRGYFOSRLT-KOMQPUFPSA-N,HLKJXRGYFOSRLT,27,7,1.03
c1cnc2cccnc2c1,VMLKTERJLVWEJJ-UHFFFAOYSA-N,VMLKTERJLVWEJJ,10,2,0.89
N#Cc1c(-c2ccc(-c3ccccc3CN3CCOCC3)cc2)nc2ccncc2c1O,HXUBMJGKOWFRSA-UHFFFAOYSA-N,HXUBMJGKOWFRSA,32,6,2.0
CS(=O)(=O)C1(c2cc(N3CCOCC3)nc(-c3cccc4[nH]ccc34)n2)CCNCC1,OEVJSSULLRZFHY-UHFFFAOYSA-N,OEVJSSULLRZFHY,31,9,0.7
O=C(c1ccc(OCCCc2c[nH]cn2)cc1)C1CC1,ACQBHJXEAYTHCY-UHFFFAOYSA-N,ACQBHJXEAYTHCY,20,4,2.68
Nc1nc2ccc(OC(F)(F)F)cc2s1,FTALBRSUTCGOEG-UHFFFAOYSA-N,FTALBRSUTCGOEG,15,7,3.34
Cc1ccc(Sc2ccccc2CN(C)C)c(N)c1,UABIXNSHHIMZEP-UHFFFAOYSA-N,UABIXNSHHIMZEP,19,3,2.6
Cc1cc(CN2CCc3ccccc3C2C(=O)Nc2ccc(Cl)cc2Cl)ccc1OCC(=O)O,KRPUFNAIBFHUHU-UHFFFAOYSA-N,KRPUFNAIBFHUHU,34,8,2.63
CN(C(=O)Cc1ccc(S(C)(=O)=O)cc1)C1CCN(Cc2ccc(C(F)(F)F)cc2)CC1,OBCYIDQCUJDTIC-UHFFFAOYSA-N,OBCYIDQCUJDTIC,32,9,2.5
O=C(c1csc2c1CCCC2)N1CCCCC1,XVYNBKCSKMXDGF-UHFFFAOYSA-N,XVYNBKCSKMXDGF,17,3,3.2
O=c1[nH]c(S)nc2[nH]cnc12,XNHFAGRBSMMFKL-UHFFFAOYSA-N,XNHFAGRBSMMFKL,11,6,-1.48
Nc1ncnc2c1ncn2[C@@H]1O[C@H](CSCCCNC(=O)Nc2ccc(Cl)cc2)[C@@H](O)[C@H]1O,JHOPUUXSVMTKFA-NVQRDWNXSA-N,JHOPUUXSVMTKFA,33,13,2.5
N#Cc1cccc(-c2nc(-c3ccccn3)no2)c1,KZOBYFBUONCLFZ-UHFFFAOYSA-N,KZOBYFBUONCLFZ,19,5,2.2
C=CC12CCN(CC1)C(C(O)c1ccnc3ccc(OC)cc13)C2,FNBBFRCDCVFRON-UHFFFAOYSA-N,FNBBFRCDCVFRON,24,4,2.08
Cn1cc(-c2cccc(C[C@H](NC(=O)c3cc(C(C)(C)C)nn3C)C(=O)NCC#N)c2)cn1,MNHLKDOPYXSVAC-IBGZPJMESA-N,MNHLKDOPYXSVAC,33,9,2.6
O=C1N=C(O)NC1(c1ccccc1)c1ccccc1,CXOFVDLJLONNDW-UHFFFAOYSA-N,CXOFVDLJLONNDW,19,4,2.41
C[C@H](Nc1ncc(F)c(Nc2cc(C3CC3)[nH]n2)n1)c1ccc(F)cn1,ZVDOVCKXUJFELK-VIFPVBQESA-N,ZVDOVCKXUJFELK,26,9,3.14
CCC[C@@H](CN1CCCC1)N(C)C(=O)Cc1ccc(Cl)c(Cl)c1,XQRRYJUZESLMDP-HNNXBMFYSA-N,XQRRYJUZESLMDP,23,5,2.27
COc1ccc2ncc(=O)n(CCN3CCC(NCc4cc5c(cn4)OCCO5)CC3)c2c1,BXRUVICIPTZRAL-UHFFFAOYSA-N,BXRUVICIPTZRAL,33,9,0.93
CCN(CC)C(=O)c1ccc(C(c2cccc3cccnc23)N2CCNCC2)cc1,XLADLHOGPMXYHT-UHFFFAOYSA-N,XLADLHOGPMXYHT,30,5,0.7
Cc1c2c(=O)n(-c3ccccc3Cl)[nH]c2cc(=O)n1Cc1ccccn1,DNKYHHFCPXKFIY-UHFFFAOYSA-N,DNKYHHFCPXKFIY,26,7,0.2
COc1ccc2nnc(=O)n(CCN3CCC(NCc4ccc5c(n4)NC(=O)CO5)CC3)c2c1,NNEYFRCCTNHGER-UHFFFAOYSA-N,NNEYFRCCTNHGER,34,11,-0.65
Cc1ccccc1CN1CCC(N2CCC(n3c(=O)[nH]c4ccccc43)CC2)CC1,CWPKTBMRVATCBL-UHFFFAOYSA-N,CWPKTBMRVATCBL,30,5,2.68
O=C(CSc1ccccc1)N1CCN(c2ccccc2)CC1,LEYSMPANZFBHNT-UHFFFAOYSA-N,LEYSMPANZFBHNT,22,4,3.2
CCN(CC)CCCNCc1cc(Cl)c2cccnc2c1O,HOFHLRCDGWSLHX-UHFFFAOYSA-N,HOFHLRCDGWSLHX,22,5,0.72
O=c1[nH]c2c(O)ccc([C@@H](O)CNCCc3ccc(CNCCc4ccccn4)cc3)c2s1,LKTUCRCSDXSENT-QFIPXVFZSA-N,LKTUCRCSDXSENT,33,8,-0.25
Clc1ccc2c(c1Nc1ncnc3cc(OCCN4CCCC4)cc(OC4CCOCC4)c13)OCO2,QPKZNXSXCNZSDC-UHFFFAOYSA-N,QPKZNXSXCNZSDC,36,10,2.6
CCn1cc(C(=O)O)c(=O)c2ccc(C)nc21,MHWLWQUZZRMNGJ-UHFFFAOYSA-N,MHWLWQUZZRMNGJ,17,5,-0.1
CC(C)c1nc(CN(C)C(=O)N[C@H](C(=O)N[C@@H](Cc2ccccc2)C[C@H](O)[C@H](Cc2ccccc2)NC(=O)OCc2cncs2)C(C)C)cs1,NCDNCNXCDXHOMX-XGKFQTDJSA-N,NCDNCNXCDXHOMX,50,13,4.3
CSc1ncccc1C(=O)NCC1CCCCC1,HTMBCOXHKJVSRZ-UHFFFAOYSA-N,HTMBCOXHKJVSRZ,18,4,2.93
Cc1c(F)cc(C(=O)NC2CC2)cc1-c1ccc(C(=O)NCC(C)(C)C)cn1,KKYABQBFGDZVNQ-UHFFFAOYSA-N,KKYABQBFGDZVNQ,28,6,3.5
COc1ccccc1C(=O)Nc1ccc(C)c(-n2cnc3ccc(N4CCN(C)CC4)cc3c2=O)c1,UEAUYQCUAUXUNU-UHFFFAOYSA-N,UEAUYQCUAUXUNU,36,8,2.93
COc1ccc(-c2cc(N)n3ncc(C#N)c3n2)cc1,QHSBQHSGTFDHBA-UHFFFAOYSA-N,QHSBQHSGTFDHBA,20,6,2.42
CN(C)CCNS(=O)(=O)c1ccc(Nc2nccc(-c3cnc4ccccn34)n2)cc1,HYBCPKCAHCAFSQ-UHFFFAOYSA-N,HYBCPKCAHCAFSQ,31,10,2.7
COCCCCC(=NOCCN)c1ccc(C(F)(F)F)cc1,CJOFXWAVKWHTFT-UHFFFAOYSA-N,CJOFXWAVKWHTFT,22,7,1.55
CNC1=Nc2ncccc2C(c2ccccc2)=NC1c1cccs1,KRBWMMUQSSQAQM-UHFFFAOYSA-N,KRBWMMUQSSQAQM,24,5,2.68
CCn1c2nc(=O)n(C)c(=O)c-2cc2ccccc21,XPADYKHELBQXCD-UHFFFAOYSA-N,XPADYKHELBQXCD,19,5,1.1
Cc1ccc(NC(=O)c2cccc(N(C)C)c2)cc1C(=O)Nc1cccnc1,OWBNNDBFOXLSDO-UHFFFAOYSA-N,OWBNNDBFOXLSDO,28,6,3.01
NC(=O)c1ccc(O[C@H]2C[C@H]3CC[C@@H](C2)N3Cc2ccccc2)cn1,IHHVZLHQDBHJII-VQFNDLOPSA-N,IHHVZLHQDBHJII,25,5,1.51
CCc1nn(C2CCCC2)c2c1CCn1c(-c3cccs3)nnc1-2,DHCOPPHTVOXDKU-UHFFFAOYSA-N,DHCOPPHTVOXDKU,24,6,3.6
CCCN1CCC(Oc2nccc(Nc3cc(NC(=O)c4cccc(N5CCOCC5)c4)ccc3C)n2)CC1,BBOLHCAQUHPGPL-UHFFFAOYSA-N,BBOLHCAQUHPGPL,39,9,2.6
COc1cc(N2CCN(C(C)=O)CC2)ccc1Nc1ncc(Cl)c(-c2cnc3cc(C)ccn23)n1,SDUYCSAXQCRGNJ-UHFFFAOYSA-N,SDUYCSAXQCRGNJ,35,10,3.3
COc1cnc(-c2ccccn2)nc1N1CCOCC1,ZCWRFOGZHHEQRW-UHFFFAOYSA-N,ZCWRFOGZHHEQRW,20,6,1.52
C[C@@H]1CN(C(=O)OC(C)(C)C)CCN1c1ncc(OCc2ccc(S(C)(=O)=O)cn2)cn1,RDCJWTSRPRQNRI-OAHLLOKOSA-N,RDCJWTSRPRQNRI,32,11,3.0
Nc1nccc(-c2cc3c([nH]2)[C@@H](CCF)CNC3=O)n1,LCBAQTCTQXHTJG-ZETCQYMHSA-N,LCBAQTCTQXHTJG,20,7,0.51
COc1ccc(-c2nc3c(NCC4CCNCC4)c(Br)cnc3[nH]2)cc1,WOTWXKACTZFRQE-UHFFFAOYSA-N,WOTWXKACTZFRQE,26,7,1.36
CCCSc1nc(Oc2ccc(CC(=O)O)cc2)ccc1C(=O)NC1CCCCC1,QMJHGNGJQQDHLD-UHFFFAOYSA-N,QMJHGNGJQQDHLD,30,7,1.79
O=C(Nc1ccc(N2CCOCC2)cc1)c1nnc(Nc2ccccc2)o1,PEVOMCOIDIUZEI-UHFFFAOYSA-N,PEVOMCOIDIUZEI,27,8,3.15
CNC(=O)c1[nH]cnc1C(=O)Nc1ccc(OC)cc1,ZLNXQUVLYNVOLC-UHFFFAOYSA-N,ZLNXQUVLYNVOLC,20,7,2.2
Cc1ccc(C(=O)NC2CCN(c3cc(C(N)=O)cc(Cl)n3)CC2)[nH]1,SJUVDTGGQJYTJG-UHFFFAOYSA-N,SJUVDTGGQJYTJG,25,8,2.64
COC(=O)C1=C(C)NC(C)=C(C(=O)OC)C1c1ccccc1[N+](=O)[O-],HYIMSNHJOBLJNT-UHFFFAOYSA-N,HYIMSNHJOBLJNT,25,8,3.29
O=C(c1cc(Cc2n[nH]c(=O)c3ccccc23)ccc1F)N1CCN(C(=O)C2CCCO2)CC1,ZNOCPAABZHOLJK-UHFFFAOYSA-N,ZNOCPAABZHOLJK,34,9,0.9
N#Cc1ccccc1COc1cc(OCCCN2CCCC2)ccc1C(=O)Nc1ccccc1,KDIRZGYSZKYRRI-UHFFFAOYSA-N,KDIRZGYSZKYRRI,34,6,2.66
COc1cccc([C@@H](C)NCCCc2ccccc2Cl)c1,ZVQUCWXZCKWZBP-CQSZACIVSA-N,ZVQUCWXZCKWZBP,21,3,3.0
Cc1ccc(NC(=O)c2ccoc2)cc1-n1cnc2ccc(N3CCN(C)CC3)cc2c1=O,NJOPZZLYRDEEQE-UHFFFAOYSA-N,NJOPZZLYRDEEQE,33,8,2.43
COc1cccc(C(=O)Nc2ccc(C)c(-n3cnc4ccc(N5CCN(C)CC5)cc4c3=O)c2)c1,GVXLYANMNMFHLJ-UHFFFAOYSA-N,GVXLYANMNMFHLJ,36,8,3.08
COc1ccc(CNC(=O)c2ccc(Oc3ccc(C#C[C@]4(O)CN5CCC4CC5)cc3)cc2)nc1,YQMHKWPHLMVWLN-LJAQVGFWSA-N,YQMHKWPHLMVWLN,36,7,3.1
Cn1cc(C#N)cc1-c1c2c(=O)n(CC#CCn3cncn3)c(=O)n(CC3CC3)c2nn1Cc1ccnc2ccc(Cl)cc12,HQZBFNBZQBGILQ-UHFFFAOYSA-N,HQZBFNBZQBGILQ,44,13,3.43
CCNCc1cncc(-c2ccc(F)cc2OC)n1,WPBRGSPFSJGKNQ-UHFFFAOYSA-N,WPBRGSPFSJGKNQ,19,5,1.18
COc1cc(C(=O)NCc2ccc(OCCN(C)C)cc2)cc(OC)c1OC,FEZBIKUBAYAZIU-UHFFFAOYSA-N,FEZBIKUBAYAZIU,28,7,0.74
CCCNC(=O)c1nnc2c(-c3ccc(OC)cc3OC)c(F)ccc2c1N,UMBHXQNJEMMKIG-UHFFFAOYSA-N,UMBHXQNJEMMKIG,28,8,3.52
CC(C)OC(=O)N1CCC(Oc2ncnc3c2CCN3c2ccc(S(C)(=O)=O)cc2F)CC1,HCCOWIAORWVUEZ-UHFFFAOYSA-N,HCCOWIAORWVUEZ,33,11,3.4
CCO/N=C(\c1ccc(Br)cc1)C1CCN(C2(C)CCN(C(=O)c3c(Cl)cncc3Cl)CC2)CC1,KUJWYGAYGZNEMX-QFMPWRQOSA-N,KUJWYGAYGZNEMX,35,9,4.0
C[C@H]1O[C@@H](n2cnc3c(N)nc(OCC4CC45CC5)nc32)[C@H](O)[C@@H]1O,ZFFWPQZVZZEZMJ-SUDWGGGTSA-N,ZFFWPQZVZZEZMJ,25,9,1.78
CCN(C(=O)Cc1ccc(S(C)(=O)=O)cc1)C1CCN(CCC(c2ccccc2)N2CCN(c3cccc(F)c3)CC2)CC1,XXWFSNOROXVFAO-UHFFFAOYSA-N,XXWFSNOROXVFAO,44,9,3.21
O=C(NS(=O)(=O)c1cccc(C(F)(F)F)c1)N1CCC(N2CCC(Oc3ccc(Cl)c(Cl)c3)CC2)CC1,AQIZHUDMGJRAMJ-UHFFFAOYSA-N,AQIZHUDMGJRAMJ,37,13,2.94
O=C(O)CCC(=O)N1CCC(c2nc(-c3cccs3)no2)CC1,DVWZPNUPHODCNV-UHFFFAOYSA-N,DVWZPNUPHODCNV,23,8,-1.27
O=C1c2ccc(O)cc2C(=O)N1c1ccccc1,HCUAWJNHCZEMJS-UHFFFAOYSA-N,HCUAWJNHCZEMJS,18,4,2.3
COc1ccc2ccc(=O)n(CCN3CCC(NCc4cc5c(cn4)OCCO5)CC3)c2n1,QLBYFMQWSKPLNE-UHFFFAOYSA-N,QLBYFMQWSKPLNE,33,9,1.16
Cc1cc(C)nc(SCC(N)=O)n1,CYWIRZGTWFPTMH-UHFFFAOYSA-N,CYWIRZGTWFPTMH,13,5,0.23
Cc1cc(Cn2[nH]c(=O)c3[nH]c4cc(Cl)ccc4c(=O)c3c2=O)oc1C,BBZQWGDQSGDLAR-UHFFFAOYSA-N,BBZQWGDQSGDLAR,26,8,1.0
O=c1[nH]c2c(O)ccc([C@@H](O)CNCCCSCCNCCc3cccc(Cl)c3)c2s1,JNRWMDWBIFENSQ-IBGZPJMESA-N,JNRWMDWBIFENSQ,31,9,1.06
Cc1ccsc1C(=CCCN1CCC[C@@H](C(=O)O)C1)c1sccc1C,PBJUNZJWGZTSKL-MRXNPFEDSA-N,PBJUNZJWGZTSKL,25,5,1.49
CC1Cc2ccccc2N1NC(=O)c1ccc(Cl)c(S(N)(=O)=O)c1,NDDAHWYSQHTHNT-UHFFFAOYSA-N,NDDAHWYSQHTHNT,24,8,1.83
C[C@H]1CN(Cc2cc(Cl)ccc2CC(=O)O)CCN1C(=O)Cc1ccc(Cl)cc1,UTYMAGFCZOUQSX-HNNXBMFYSA-N,UTYMAGFCZOUQSX,29,7,1.66
C[C@@](N)(Cc1ccccc1)c1ccccc1,JINQHBRSXWQJAZ-OAHLLOKOSA-N,JINQHBRSXWQJAZ,16,1,1.7
Cc1cc(CN2Cc3ccccc3C2C(=O)Nc2cc(Cl)ccc2Cl)ccc1OCC(=O)O,ZHCGQNNAVSUJQT-UHFFFAOYSA-N,ZHCGQNNAVSUJQT,33,8,2.19
CCC(CC)NC(=O)c1c(C)nn(C(C)C)c1NS(=O)(=O)c1ccc(C)cc1,ZKZJIFSDWOCTFN-UHFFFAOYSA-N,ZKZJIFSDWOCTFN,28,8,0.92
Cc1ccc(-c2cc(C(F)(F)F)n[nH]2)cc1NC(=O)c1ccc(OCc2ccccn2)cc1,GTYGXABMOCTPEJ-UHFFFAOYSA-N,GTYGXABMOCTPEJ,33,9,2.44
O=C(Cc1ccc(OCc2ccccc2)cc1)NO,BFFSFKBOYIWQLV-UHFFFAOYSA-N,BFFSFKBOYIWQLV,19,4,1.92
CS(=O)(=O)c1cccc(Nc2nccc(N(CC#N)c3c(Cl)ccc4c3OCO4)n2)c1,MGFILPDZSBIARL-UHFFFAOYSA-N,MGFILPDZSBIARL,31,11,3.16
CN(CCOc1ccccc1-c1cc(C(N)=O)c(NC(N)=O)s1)Cc1ccccc1,OVDHWXOTDVDEFA-UHFFFAOYSA-N,OVDHWXOTDVDEFA,30,8,3.46
Nc1nc(N)c2nc(CO)cnc2n1,CYNARAWTVHQHDI-UHFFFAOYSA-N,CYNARAWTVHQHDI,14,7,-0.45
CCOC(=O)Nc1ccc(NCc2ccc(F)cc2)nc1N,JUUFBMODXQKSTD-UHFFFAOYSA-N,JUUFBMODXQKSTD,22,7,2.22
O=C(Nc1ccccc1)Nc1ccccc1C(=O)O,RQPVXOUSZLDZFI-UHFFFAOYSA-N,RQPVXOUSZLDZFI,19,5,-0.12
CC(NC(=O)C1(N)CCN(c2ncnc3[nH]ccc23)CC1)c1ccccn1,ZBHPPMORCCNMSS-UHFFFAOYSA-N,ZBHPPMORCCNMSS,27,8,1.3
Cc1nc(NC(=N)N)nc2ccccc12,ONQKSKDLYYDFLL-UHFFFAOYSA-N,ONQKSKDLYYDFLL,15,5,-0.49
CNC(=O)c1ccc(Nc2nccc(-c3cnc(C)n3C(C)C)n2)cc1,PHSSTQVIBIMDLX-UHFFFAOYSA-N,PHSSTQVIBIMDLX,26,7,2.69
COC(=O)C1=C(C)NC(C)=C(C(=O)OCC(C)C)C1c1ccccc1[N+](=O)[O-],VKQFCGNPDRICFG-UHFFFAOYSA-N,VKQFCGNPDRICFG,28,8,3.59
Clc1ccccc1CN1CCc2sccc2C1,PHWBOXQYWZNQIN-UHFFFAOYSA-N,PHWBOXQYWZNQIN,17,3,3.46
Cc1[nH]c2ccccc2c1CCNCc1ccc(/C=C/C(=O)NO)cc1,FPOHNWQLNRZRFC-ZHACJKMWSA-N,FPOHNWQLNRZRFC,26,5,1.1
O=C(NC1Cc2ccccc2N(CCO)C1=O)c1cc2cc(Cl)sc2[nH]1,XJUVOPKVNMAOHD-UHFFFAOYSA-N,XJUVOPKVNMAOHD,26,8,3.05
NC(=O)c1ccc(O[C@H]2C[C@H]3CC[C@@H](C2)N3Cc2ccccc2)nc1,JFWPMQLTKWIWER-PIIMJCKOSA-N,JFWPMQLTKWIWER,25,5,1.25
NC(=O)c1cnc(N[C@H]2CCCNC2)c2cc(Br)sc12,QBQVOHINGWVRAQ-ZETCQYMHSA-N,QBQVOHINGWVRAQ,20,7,1.08
CCC(CC)NC(=O)c1c(C)nn(-c2ccccc2)c1NS(=O)(=O)c1ccc(C)cc1,ZTQBRVRSKFXKGM-UHFFFAOYSA-N,ZTQBRVRSKFXKGM,31,8,1.35
O=C(O)C[C@H]1CC[C@H](c2ccc(NC(=O)c3nnc(Nc4ccccc4F)o3)cc2)CC1,YSLYQJRLSVHXAK-SHTZXODSSA-N,YSLYQJRLSVHXAK,32,9,2.48
N#Cc1ccc(Cl)cc1S[C@H](CCN)c1ccccc1,OLZXHHOEVBLJLQ-OAHLLOKOSA-N,OLZXHHOEVBLJLQ,20,4,1.26
N#CC1(NC(=O)[C@@H]2CCCC[C@H]2C(=O)N2CCc3[nH]c4c(OC(F)(F)F)cccc4c3C2)CC1,VGFYFZDIJPOBAY-HZPDHXFCSA-N,VGFYFZDIJPOBAY,34,10,4.01
O=C(Nc1ccc(Cl)c(Cl)c1)N1CCN(C[C@@H]2CCCN(CC3CC3)C2)CC1,AYGDAGGEXLYLEB-KRWDZBQOSA-N,AYGDAGGEXLYLEB,28,7,2.54
Cc1ccc(NC(=O)c2cccc(N3CCOCC3)c2)cc1-n1cnc2ccc(N3CCN(C)CC3)cc2c1=O,AYOQBSVJMUNSBV-UHFFFAOYSA-N,AYOQBSVJMUNSBV,40,9,2.69
O=C(O)c1cncc(-c2ccc(Cl)c(C(=O)NCC34CC5CC(CC(C5)C3)C4)c2)c1,BFMYHRUQBZNPNN-UHFFFAOYSA-N,BFMYHRUQBZNPNN,30,6,0.85
COc1cncc(NC(=O)c2cc(NC(=O)c3cccc(C(C)(C)C#N)c3)ccc2C)c1,GJFXODQPYBBWHJ-UHFFFAOYSA-N,GJFXODQPYBBWHJ,32,7,3.04
Nc1nc(-c2ccccc2)nc2c1nc(O)n2Cc1ccccc1,GNJAVEOWBBQYSO-UHFFFAOYSA-N,GNJAVEOWBBQYSO,24,6,4.16
O=C1C(=O)c2cc([N+](=O)[O-])ccc2-c2ccccc21,KNAXWOBOCVVMST-UHFFFAOYSA-N,KNAXWOBOCVVMST,19,5,2.42
CC(C)Nc1ccc2cnn(-c3cncc(-n4ccc(CC(=O)O)c4)n3)c2c1,BBYRUZKRFAIQSR-UHFFFAOYSA-N,BBYRUZKRFAIQSR,28,8,1.24
NC1=NC(c2cccc(-c3cncnc3)c2)(c2ccnc(C(F)(F)F)c2)c2cccc(F)c21,KJPBADHCKFUMIL-UHFFFAOYSA-N,KJPBADHCKFUMIL,33,9,3.4
Cc1sc(N2CCN(C(=O)[C@@H]3CCCC[C@H]3C(=O)NC3(C#N)CC3)CC2)nc1C(F)(F)F,LQZGVZTWZJQLPS-HUUCEWRRSA-N,LQZGVZTWZJQLPS,32,11,2.87
COc1cc2ncnc(Nc3cccc(Cl)c3F)c2cc1CN(C)C1(C(N)=O)CCN(C)CC1,XRUQVQJWTQESAB-UHFFFAOYSA-N,XRUQVQJWTQESAB,34,10,2.16
COC(=O)c1c(C)[nH]c(C)c1C(=O)c1ccccc1Cl,NILFFAXTWMCOJH-UHFFFAOYSA-N,NILFFAXTWMCOJH,20,5,2.7
CNc1c(Br)cnc2[nH]c(-c3ccc(O)cc3)nc12,AYIOMPFFUCURGC-UHFFFAOYSA-N,AYIOMPFFUCURGC,19,6,2.47
CCNC(=O)c1ccc(CN2CCC(c3ccc(C(=O)Nc4ccccc4N)cc3)CC2)cc1,CRPSLFMUGWFWGH-UHFFFAOYSA-N,CRPSLFMUGWFWGH,34,6,2.24
COCCOc1cc(Nc2nccc(N(C)c3cc(CO)ccc3C)n2)cc(N2CCOCC2)c1,KDAWFHLPLNJQER-UHFFFAOYSA-N,KDAWFHLPLNJQER,35,9,3.3
COc1cc(Nc2cc(Oc3cccnc3)ccn2)cc(OC)c1OC,RJOVWAKDUXCTGH-UHFFFAOYSA-N,RJOVWAKDUXCTGH,26,7,2.66
C[C@@H]1CN[C@@H](C2CC2)C(=O)N(C)[C@H](C)C(=O)N[C@H](Cc2ccc(F)cc2)C(=O)NCCCc2ccccc2O1,WGYPAJVJMXQXTR-ABNZCKJZSA-N,WGYPAJVJMXQXTR,39,9,3.3
CC[C@H](NC(=O)c1c([S+](C)[O-])c(-c2ccccc2)nc2c(F)cccc12)c1ccccc1,GLZIAHGQHCQKEZ-GIFGLUKTSA-N,GLZIAHGQHCQKEZ,32,6,2.84
Cc1ccc2cc(C)c3nnc(SCC(=O)N4CCN(C(=O)c5ccco5)CC4)n3c2c1,UZWWWGACQJEADA-UHFFFAOYSA-N,UZWWWGACQJEADA,32,9,2.3
Nc1ccc2cccc(Nc3ncccn3)c2n1,HKWYQWIBPAFXEK-UHFFFAOYSA-N,HKWYQWIBPAFXEK,18,5,2.7
O=c1cc(N2CCOCC2)nc2ccccn12,VDMRPNTZWKDYBB-UHFFFAOYSA-N,VDMRPNTZWKDYBB,17,5,1.0
Clc1ccc(C2CC=CCNC2)cc1Cl,PMLBVCPRUZMORG-UHFFFAOYSA-N,PMLBVCPRUZMORG,15,3,1.86
O=c1c(-c2ccc3c(c2)OCO3)coc2cc(O)cc(O)c12,BNFXYMBRFDJYCH-UHFFFAOYSA-N,BNFXYMBRFDJYCH,22,6,3.5
c1ccc(Nc2ncnc3ccccc23)cc1,MTSNDBYBIZSILH-UHFFFAOYSA-N,MTSNDBYBIZSILH,17,3,2.94
O=C1COc2ccc(CNC3CCN(CCN4C(=O)COc5ccc(OC(F)(F)F)cc54)CC3)nc2N1,SJFWKKUVCFFLOM-UHFFFAOYSA-N,SJFWKKUVCFFLOM,37,13,1.82
N#Cc1nc(NC2CCCCC2)c(N)c(N2CCOCC2)n1,USGOWKMSEVEXFM-UHFFFAOYSA-N,USGOWKMSEVEXFM,22,7,2.81
OC(CCN1CCCC1)(c1ccccc1)C1CCCCC1,WYDUSKDSKCASEF-UHFFFAOYSA-N,WYDUSKDSKCASEF,21,2,1.78
COc1cc(F)ccc1-c1cncc(CNC(=O)c2cnccn2)c1,JVJRXNFULOSTER-UHFFFAOYSA-N,JVJRXNFULOSTER,25,7,2.5
COc1cc(-c2nnc(S)n2-c2cccc(C(F)(F)F)c2)cc(OC)c1OC,QJKFBVZQCXPXEU-UHFFFAOYSA-N,QJKFBVZQCXPXEU,28,10,2.27
COCCOc1ccc(-c2cc(C(N)=O)c(NC(N)=O)s2)cc1,CQVZMWKLFBXYDF-UHFFFAOYSA-N,CQVZMWKLFBXYDF,23,8,2.34
C[C@H](NC1=NC(=O)[C@@](C)(C(F)(F)F)S1)c1ccccc1F,KNHNFKZUNFPPQE-MADCSZMMSA-N,KNHNFKZUNFPPQE,21,8,3.1
O=C(c1ccc(F)cc1)C1CCN(C(=S)Nc2ccc(F)cc2)CC1,RUNKYBBMTKOGPK-UHFFFAOYSA-N,RUNKYBBMTKOGPK,25,6,3.4
COc1cc(F)ccc1-c1cccc(CNC2CCCC2)n1,BIHYIXDPXAATSU-UHFFFAOYSA-N,BIHYIXDPXAATSU,22,4,2.06
Cc1ncc(-c2ccnc(Nc3ccc(C(=O)NC4CCN(C)CC4)cc3)n2)n1C(C)C,WRNSLYRANAMPHH-UHFFFAOYSA-N,WRNSLYRANAMPHH,32,8,1.87
NS(=O)(=O)c1cccc2c1c([N+](=O)[O-])cc1nc(O)c(O)nc12,UQNAFPHGVPVTAL-UHFFFAOYSA-N,UQNAFPHGVPVTAL,23,11,0.36
N#Cc1nc(N2CCCCC2)c(N)c(N2CCOCC2)n1,VLOWXSDNZJXGHP-UHFFFAOYSA-N,VLOWXSDNZJXGHP,21,7,2.71
O=C(Oc1ccc(Br)cc1)N1CCN2CCC1CC2,RXLOZRCLQMJJLC-UHFFFAOYSA-N,RXLOZRCLQMJJLC,19,5,1.58
COc1ccc(COc2nc(Br)cnc2NS(=O)(=O)c2ccc(C)cc2)cc1OCCN(C)C,RNYPICBYZMHNQT-UHFFFAOYSA-N,RNYPICBYZMHNQT,34,11,1.68
CCN(C(=O)Cc1ccc(S(C)(=O)=O)cc1)C1CCN(CC[C@H](c2ccc(S(C)(=O)=O)cc2)c2cccc(F)c2)CC1,WBZBAOVCJATDCS-WJOKGBTCSA-N,WBZBAOVCJATDCS,42,10,2.9
COc1ccc(C(=O)Nc2cccc(NC(=O)c3cccc(N(C)C)c3)c2)cc1OC,MZKMKCXWIYNCQZ-UHFFFAOYSA-N,MZKMKCXWIYNCQZ,31,7,3.67
O=C(O)COc1ccc(Cl)cc1CN1CCC(S(=O)(=O)c2ccccc2)CC1,YWOJVUTXDCHINB-UHFFFAOYSA-N,YWOJVUTXDCHINB,28,8,0.48
COc1cc(OC2CCN(C)CC2)c2c(Nc3cccc4c3OCO4)ncnc2c1,MKPLAMMDMLMBRI-UHFFFAOYSA-N,MKPLAMMDMLMBRI,30,8,3.02
CC[C@H](N)C(=O)N[C@H](C#N)Cc1ccc(-c2ccccc2)cc1,DPOJEFZKFIWUGN-ROUUACIJSA-N,DPOJEFZKFIWUGN,23,4,2.6
O=C(O)CCc1ccc(OCc2cccc(Oc3ccccc3)c2)cc1,BWNUDKFBKGPSBH-UHFFFAOYSA-N,BWNUDKFBKGPSBH,26,4,2.47
COc1cc(C(CO)CO)ccc1Nc1ncc(Cl)c(-c2cnc3ccccn23)n1,IYWMYJHOIKQQFA-UHFFFAOYSA-N,IYWMYJHOIKQQFA,30,9,3.1
COc1cc2c(cc1-c1c(C)noc1C)ncc1[nH]c(=O)n([C@H](C)c3ccccn3)c12,VUVUVNZRUGEAHB-CYBMUJFWSA-N,VUVUVNZRUGEAHB,31,8,3.15
COc1cc2c(Nc3ccc(NC(=O)c4ccccc4)cc3)ncnc2cc1OCCCN1CCOCC1,OGNYUTNQZVRGMN-UHFFFAOYSA-N,OGNYUTNQZVRGMN,38,9,3.5
CNS(=O)(=O)c1ccc(Nc2nccc(-c3cnc4cccnn34)n2)cc1,FOJLLPFLWQTXFD-UHFFFAOYSA-N,FOJLLPFLWQTXFD,27,10,2.8
OCCn1cc(-c2cnc3nnn(Cc4ccc5ncccc5c4)c3n2)cn1,PDMUGYOXRHVNMO-UHFFFAOYSA-N,PDMUGYOXRHVNMO,28,9,1.7
NC(=O)C(NC(=O)C1(N)CCN(c2ncnc3[nH]ccc23)CC1)c1ccc(Cl)cc1,CAIYLCVURWLDCG-UHFFFAOYSA-N,CAIYLCVURWLDCG,30,10,2.2
NC(=O)C1CCN(CC(=O)Nc2ccc3c(c2)OCO3)CC1,OLGOIWAFQYDUEG-UHFFFAOYSA-N,OLGOIWAFQYDUEG,22,7,0.4
CC(O)(C(=O)Nc1ccc(S(=O)(=O)c2ccccc2)cc1)C(F)(F)F,LJLXQHHFAKVTNP-UHFFFAOYSA-N,LJLXQHHFAKVTNP,25,9,2.98
CC(C)(Cc1cccc(CC(=O)NCc2cccc(-c3ccc(O)cc3)c2)c1)NC[C@H](O)c1ccc(O)c(NS(C)(=O)=O)c1,YPHDIMUXXABSSO-YTTGMZPUSA-N,YPHDIMUXXABSSO,44,10,1.91
COCCN(c1ccnc(Nc2cc(N3CCOCC3)cc(N3CCOCC3)c2)n1)c1cc(CO)ccc1C,HVLNVFOAUCUYQK-UHFFFAOYSA-N,HVLNVFOAUCUYQK,39,10,2.8
Cc1ccc(NC(=O)[C@@H]2CCCN2S(=O)(=O)c2cccc3cccnc23)c(C)c1,DWDDBDJWOXJEMQ-IBGZPJMESA-N,DWDDBDJWOXJEMQ,29,7,3.8
O=C(CC1CCCCC1)Nc1c(Cl)ccc2nc(NCCCO)ccc12,KEVPDIFYRCNXJS-UHFFFAOYSA-N,KEVPDIFYRCNXJS,26,6,3.29
O=C(Nc1ccncc1)c1cccc2ccccc12,OKOUVXZHGBZILV-UHFFFAOYSA-N,OKOUVXZHGBZILV,19,3,3.1
N#Cc1ccc2ccc(=O)n(CCN3CC[C@H](NCc4cc5c(cn4)OCCO5)[C@H](O)C3)c2c1,PAHMIIXOZFIUNC-RBBKRZOGSA-N,PAHMIIXOZFIUNC,34,9,0.46
CNc1ncnc2c(CNc3cc(NC(=O)c4ccc5c(c4)OCCO5)ccc3C)cccc12,RPEPKEXWVOOGEL-UHFFFAOYSA-N,RPEPKEXWVOOGEL,34,8,4.0
Oc1cccc2nc(-c3ccccc3)cc(O)c12,YYSICMLHKRGBTP-UHFFFAOYSA-N,YYSICMLHKRGBTP,18,3,3.37
CC(=O)N1CCN(CCOc2cc(OC(C)C)c3c(Nc4c(F)ccc5c4OCO5)ncnc3c2)CC1,ODKPHHJCMRKOPX-UHFFFAOYSA-N,ODKPHHJCMRKOPX,37,11,3.06
NC(=O)Cc1nc(-c2ccccc2)cs1,MITSOTISLAVGFW-UHFFFAOYSA-N,MITSOTISLAVGFW,15,4,1.3
COC(=O)N1CCN(c2ccnc(-n3ccnc3)n2)C(CC(=O)NCc2ccc3c(c2)OCO3)C1,NVYMEDQKBQMAKF-UHFFFAOYSA-N,NVYMEDQKBQMAKF,35,12,1.88
c1ccc(CC2NCCc3ccccc32)cc1,YRYCIFUZSUMAAY-UHFFFAOYSA-N,YRYCIFUZSUMAAY,17,1,1.89
CC(C)N1CCC(N(C(=O)Cc2ccccc2)c2ccc(Cl)cc2)CC1,XHOJAWVAWFHGHL-UHFFFAOYSA-N,XHOJAWVAWFHGHL,26,4,2.3
CN(C(=O)Cc1ccc(O)cc1)C1CCN(CCC(c2ccccc2)c2ccccc2)CC1,MIUDYUJMSXWQAH-UHFFFAOYSA-N,MIUDYUJMSXWQAH,33,4,3.3
O=C(O)c1cc2cc([N+](=O)[O-])ccc2n1Cc1ccc(Cl)c(Cl)c1,YTXZWIOUWVRTFN-UHFFFAOYSA-N,YTXZWIOUWVRTFN,24,8,1.79
Cc1cc2c(s1)Nc1ccccc1N=C2N1CCN(C)CC1,KVWDHTXUZHCGIO-UHFFFAOYSA-N,KVWDHTXUZHCGIO,22,5,2.19
Cc1cc(F)ccc1OC1CCN(CC2CCN([C@@](C)(Cc3ccc(F)cc3)C(=O)O)CC2)CC1,LLEJNWFSXZIFMW-NDEPHWFRSA-N,LLEJNWFSXZIFMW,35,7,2.0
CCN1CCC[C@H](CN2CCN(C(=O)Nc3ccc(Cl)c(Cl)c3)CC2)C1,MLZKBOIYCFMLEI-HNNXBMFYSA-N,MLZKBOIYCFMLEI,26,7,1.86
COCC(C)n1nc(C)c(C(=O)N[C@@H](C)C(C)(C)C)c1NS(=O)(=O)c1ccc(C)cc1,PRLQJMZZLUVWAX-LWKPJOBUSA-N,PRLQJMZZLUVWAX,31,9,0.61
OC(Cn1cncn1)(Cn1cncn1)c1ccc(F)cc1F,RFHAOTPXVQNOHP-UHFFFAOYSA-N,RFHAOTPXVQNOHP,22,9,0.48
COc1ccc(N(C(C)=O)C(C(=O)NC2CCCC2)c2ccccc2F)c(OC)c1,XYAZHOGSJDVHKT-UHFFFAOYSA-N,XYAZHOGSJDVHKT,30,7,2.81
c1ccc(-c2n[nH]cc2-c2ccnc3ccccc23)nc1,IBCXZJCWDGCXQT-UHFFFAOYSA-N,IBCXZJCWDGCXQT,21,4,2.57
Clc1ccccc1CNC[C@H]1CC[C@H](CNCc2ccccc2Cl)CC1,RZRPZWGIOOZIBE-IYARVYRRSA-N,RZRPZWGIOOZIBE,26,4,2.74
CCC[C@@H](c1ccc(C(=O)O)c(Oc2cccc(Cl)c2)c1)N1CCC[C@H](n2cc(C)c(=O)[nH]c2=O)C1,OTDSFZWENWUAKU-REWPJTCUSA-N,OTDSFZWENWUAKU,36,9,0.5
Cc1cc(Oc2cc(S(=O)(=O)N3CCC[C@H](n4cc(C)c(=O)[nH]c4=O)C3)ccc2O)ccc1Cl,OSZDWXJDHLZQLU-INIZCTEOSA-N,OSZDWXJDHLZQLU,34,11,2.4
C[C@H](NC(=O)/C=C/c1ccccc1)c1cccc(N2CCOCC2)c1,QMIMHUDEVKGOTQ-DVQDXYAYSA-N,QMIMHUDEVKGOTQ,25,4,3.24
CC(C)Cn1c(=O)n(C)c(=O)c2c(-c3cncn3C)n(Cc3cccc4ccccc34)nc21,QJBUEINIMXZUED-UHFFFAOYSA-N,QJBUEINIMXZUED,33,8,4.1
COCCNc1nc(C#N)nc(NCC(C)C)c1N,PXEODUYQGHLVHJ-UHFFFAOYSA-N,PXEODUYQGHLVHJ,19,7,2.8
Nc1nccc2ccccc12,OSILBMSORKFRTB-UHFFFAOYSA-N,OSILBMSORKFRTB,11,2,1.5
Cc1ncc(-c2nc(Nc3ccc(C(=O)N4CCN(C)CC4)cc3)ncc2F)n1C(C)C,IOKHECWXZNKBBH-UHFFFAOYSA-N,IOKHECWXZNKBBH,32,9,2.49
COc1cc2ncnc(Nc3cccc(Cl)c3F)c2cc1CN1C[C@H](OC)C[C@@H]1C(N)=O,YFQAPABPZZSLEM-FZKQIMNGSA-N,YFQAPABPZZSLEM,32,10,3.09
CN[C@@H](C)C(=O)N[C@H](C(=O)N[C@H]1CCCN(CCc2ccccc2OC)C1)C(C)(C)C,UYPSMBAVTSRKEO-HFSMHLIXSA-N,UYPSMBAVTSRKEO,31,7,1.61
Nc1ncc(-c2cnn(C3CCOCC3)c2)cc1-c1nc2ccccc2o1,DFWNKJQCTALOPW-UHFFFAOYSA-N,DFWNKJQCTALOPW,27,7,4.0
CCN(C(=O)Cc1ccc(S(C)(=O)=O)cc1)C1CCN(CC[C@@H](c2ccccc2)C2CCN(S(C)(=O)=O)CC2)CC1,PPYMERDBEMQHQM-PMERELPUSA-N,PPYMERDBEMQHQM,41,10,1.05
O=c1c2ccccc2nc2ccccn12,MONJTOUXCWKOFS-UHFFFAOYSA-N,MONJTOUXCWKOFS,15,3,2.1
Cc1ccc(CO)cc1N(C)c1ccnc(Nc2cc(N3CCOCC3)nc(N3CCOCC3)n2)n1,YOYJOVLCPJZOQC-UHFFFAOYSA-N,YOYJOVLCPJZOQC,36,11,3.9
CCCNC(=O)c1nnc2c(-c3ncccn3)c(F)ccc2c1N,OKKCDBHXMZEFNG-UHFFFAOYSA-N,OKKCDBHXMZEFNG,24,8,2.07
CCC(c1nc2ccn(C)c2c(=O)n1Cc1ccccc1)N(CCCN)C(=O)c1ccc(C)cc1,NDKLWLWCAWTABU-UHFFFAOYSA-N,NDKLWLWCAWTABU,35,7,1.8
COC(=O)c1cccc(Cn2[nH]c(=O)c3[nH]c4cc(Cl)ccc4c(=O)c3c2=O)c1,DWRKYEGTECEBBW-UHFFFAOYSA-N,DWRKYEGTECEBBW,29,9,1.1
CCN1CCN(C(=O)c2cc3ccccc3[nH]2)CC1,PMEYJXDZLFOKCP-UHFFFAOYSA-N,PMEYJXDZLFOKCP,19,4,1.95
C[C@H]1O[C@@H](n2cnc3c(N)nc(Oc4ccccc4)nc32)[C@H](O)[C@@H]1O,COERWXRCVDFLFJ-PMXXHBEXSA-N,COERWXRCVDFLFJ,25,9,1.05
Cc1ccc(NC(=O)N2CCN(C[C@@H]3CCCN(C4CC4)C3)CC2)cc1Cl,UYGVZNATVIIKQC-KRWDZBQOSA-N,UYGVZNATVIIKQC,27,6,3.37
COc1cc(Nc2ncc(C)s2)nc(N[C@@H](C)c2ncc(F)cn2)n1,WGKSOSILOJKGAV-VIFPVBQESA-N,WGKSOSILOJKGAV,25,10,2.99
O=C(Cc1c(C(=O)O)[nH]c2ccccc12)Nc1cccc(C(F)(F)F)c1,TWIZQBBZMHJXRE-UHFFFAOYSA-N,TWIZQBBZMHJXRE,26,8,1.33
CC(C)(C)c1ccc(C2=NC(=O)C(CC(=O)O)S2)cc1,POKLEDFXLMGJLS-UHFFFAOYSA-N,POKLEDFXLMGJLS,20,5,-0.1
C[C@H]1CN(Cc2cc(Cl)ccc2OCC(=O)O)CCN1C(=O)Cc1cccc(Cl)c1,AKGCSSSQGMHLQE-HNNXBMFYSA-N,AKGCSSSQGMHLQE,30,8,0.78
O=C(Oc1ccc2c(c1)OCCC2=O)c1ccccc1,NBOAWMUWUXJPTE-UHFFFAOYSA-N,NBOAWMUWUXJPTE,20,4,3.6
COc1ccc2c(Oc3ccc(CC(=O)Nc4cn(C)nc4C)c(OC)c3)ccnc2c1,YYPVGQBXTJNGFW-UHFFFAOYSA-N,YYPVGQBXTJNGFW,32,8,3.5
O=C(Nc1cc(-c2ccnc(Nc3ccccc3)c2)ccn1)C1CCOCC1,CBHOUOHFUVTLFG-UHFFFAOYSA-N,CBHOUOHFUVTLFG,28,6,3.7
COc1ccc(-c2nc3c(NCCCNC(=O)C4(CN)CC4)c(Br)cnc3[nH]2)cc1,XUELBKVSGYWSKD-UHFFFAOYSA-N,XUELBKVSGYWSKD,30,9,1.9
COc1cccc(OC)c1-c1ccc(C[C@H](NC(=O)c2c(Cl)cccc2Cl)C(=O)O)cc1,DRSJLVGDSNWQBI-SFHVURJKSA-N,DRSJLVGDSNWQBI,32,8,-0.27
COc1cc(OC)c(S(=O)(=O)N2c3ccccc3Oc3ccccc32)cc1NC(=O)/C=C/C(=O)O,BFBNLXLYTNCBES-VAWYXSNFSA-N,BFBNLXLYTNCBES,35,11,-0.71
C[C@H](Nc1nc(Nc2cc(C3CC3)[nH]n2)cnc1C#N)c1ccc(F)cn1,XRMZZVRXPFSXIR-JTQLQIEISA-N,XRMZZVRXPFSXIR,27,9,3.18
COc1ccccc1Oc1c(NS(=O)(=O)c2ccc(C(C)(C)C)cc2)nc(-c2ncccn2)nc1OCCO,GJPICJJJRGTNOD-UHFFFAOYSA-N,GJPICJJJRGTNOD,39,12,1.03
NC1(c2ccc(-c3nc4ccccc4c(=O)n3-c3ccccc3)cc2)CCC1,RZIKDNGIUPBPPO-UHFFFAOYSA-N,RZIKDNGIUPBPPO,28,4,1.5
O=C(c1ccccc1)C(O)c1ccccc1,ISAOCJYIOMOJEB-UHFFFAOYSA-N,ISAOCJYIOMOJEB,16,2,2.13
CC(=O)Nc1ccc(O)cc1OC[C@@H](O)CN1CCC2(CC1)Cc1cc(F)ccc1O2,DHMMQCJCZXAHQH-IBGZPJMESA-N,DHMMQCJCZXAHQH,31,8,2.1
COc1cccc(Nc2ncnc3cc(OC)c(OC)cc23)c1,FMZCWRYXPHDICO-UHFFFAOYSA-N,FMZCWRYXPHDICO,23,6,3.1
COc1cc2ncc(C(N)=O)c(Nc3ccc(C)cc3F)c2cc1OC,PTVOXKKZUPVNAK-UHFFFAOYSA-N,PTVOXKKZUPVNAK,26,7,3.34
CN(c1ccc(-c2cc(F)ccc2OCC(=O)O)c(Cl)c1)S(C)(=O)=O,WBTRGYNCKRJCSO-UHFFFAOYSA-N,WBTRGYNCKRJCSO,25,9,-1.17
N#Cc1cnn2c(N)cc(-c3ccccc3)nc12,OFOBESMNUFHZLF-UHFFFAOYSA-N,OFOBESMNUFHZLF,18,5,2.48
CN1CCN(S(=O)(=O)c2ccc(-c3cnc(N)c(C(=O)Nc4cnccc4CN4CCCC4)n3)cc2)CC1,XLQSAYDDCSLSMI-UHFFFAOYSA-N,XLQSAYDDCSLSMI,38,12,3.28
N[C@@H](Cc1ccc(F)cc1)C(=O)O,XWHHYOYVRVGJJY-QMMMGPOBSA-N,XWHHYOYVRVGJJY,13,4,-1.06
CN1[C@@H]2CC[C@H]1C[C@@H](OC(=O)C(CO)c1ccccc1)C2,RKUNBYITZUJHSG-SPUOUPEWSA-N,RKUNBYITZUJHSG,21,4,-0.66
O=C1NC(c2ccc(Br)cc2)Nc2ccccc21,MNZHDYUFCVJFHW-UHFFFAOYSA-N,MNZHDYUFCVJFHW,18,4,2.68
COc1cc(C(=O)Nc2ccc(N3CCOCC3)cc2)nc2c(N3CCN(C)CC3)cc(F)cc12,IXZBMAVJNJWLBA-UHFFFAOYSA-N,IXZBMAVJNJWLBA,35,9,3.85
CCCC(=O)Nc1ccc(OCC(O)CNC(C)C)c(C(C)=O)c1,GOEMGAFJFRBGGG-UHFFFAOYSA-N,GOEMGAFJFRBGGG,24,6,-0.27
CN(C(=O)Cc1ccc(C#N)cc1)C1CCN(CCC(c2ccccc2)c2ccccc2)CC1,WPJMOEYNICQLQA-UHFFFAOYSA-N,WPJMOEYNICQLQA,34,4,3.7
Cc1c(Cl)ccc(OC2CCN(CC3CCN([C@@H](Cc4ccc(F)cc4)C(=O)O)CC3)CC2)c1Cl,SEIOTCVWLCUESB-DEOSSOPVSA-N,SEIOTCVWLCUESB,35,8,3.15
O=C(c1ccccc1)c1ccc2n1CCC2C(=O)O,OZWKMVRBQXNZKK-UHFFFAOYSA-N,OZWKMVRBQXNZKK,19,4,-0.93
CN1C2CCC1CC(OC(=O)C(CO)c1ccccc1)C2,RKUNBYITZUJHSG-UHFFFAOYSA-N,RKUNBYITZUJHSG,21,4,-0.09
C[C@@H]1CN(c2noc(C(F)(F)F)n2)CCN1c1ncc(OCc2ccncc2C#N)cn1,IPMIRPYUNFWKRA-GFCCVEGCSA-N,IPMIRPYUNFWKRA,32,13,3.95
CC(=O)c1ccc(S(=O)(=O)NC(=O)NC2CCCCC2)cc1,VGZSUPCWNCWDAN-UHFFFAOYSA-N,VGZSUPCWNCWDAN,22,7,-0.49
NC(=O)Nc1sc(-c2ccc(CN3CCCCC3)cc2)cc1C(N)=O,JYHYTJMGGOSNTG-UHFFFAOYSA-N,JYHYTJMGGOSNTG,25,7,1.75
Cc1oc(CN2CCNCC2)cc1C(=O)NCC12CC3CC(CC(C3)C1)C2,ZYKINZZRJCNHSD-UHFFFAOYSA-N,ZYKINZZRJCNHSD,27,5,1.03
C[C@H](CO)Nc1nc(SCc2ccccc2F)nc2[nH]c(=O)sc12,QBTGEPDYFFOCND-MRVPVSSYSA-N,QBTGEPDYFFOCND,24,9,3.0
O=C(O)COc1ccc(Br)cc1-c1ccccc1,PXZGZXHJYIRBHW-UHFFFAOYSA-N,PXZGZXHJYIRBHW,18,4,0.15
CN1CCC(=C2c3ccccc3C=Cc3ccccc32)CC1,JJCFRYNCJDLXIK-UHFFFAOYSA-N,JJCFRYNCJDLXIK,22,1,3.06
CCC(=O)N1CCN(C(=O)c2cc(Cc3n[nH]c(=O)c4ccccc34)ccc2F)CC1,IBNIZTOVOPEHQA-UHFFFAOYSA-N,IBNIZTOVOPEHQA,31,8,1.22
CCCOc1cc(OCCCN2CCCC2)ccc1C(=O)Nc1cccc(O)c1,OUUFECBZKWUVIX-UHFFFAOYSA-N,OUUFECBZKWUVIX,29,6,2.46
CC(=O)N1CCOc2cc(COc3ccccc3)cnc21,GYGTYEDMBXHWDC-UHFFFAOYSA-N,GYGTYEDMBXHWDC,21,5,2.8
Cc1sc(N)nc1-c1ccccc1,HTXQOROHFFYFMC-UHFFFAOYSA-N,HTXQOROHFFYFMC,13,3,2.75
CN(C)C(=O)c1ccc(C(=C2CCN(Cc3cscn3)CC2)c2cccc3cccnc23)cc1,RABWPAKZZQQZIZ-UHFFFAOYSA-N,RABWPAKZZQQZIZ,34,6,2.3
Cc1ccc(/C=C(\C#N)C(N)=O)cc1,GKITYBHTVPXXMR-UXBLZVDNSA-N,GKITYBHTVPXXMR,14,3,2.09
Cc1cc2n[nH]c(=O)n2c2cc(-c3cccnc3)ccc12,MZMCWYKOCNWNJK-UHFFFAOYSA-N,MZMCWYKOCNWNJK,21,5,2.72
Nc1ccccc1[N+](=O)[O-],DPJCXCZTLWNFOH-UHFFFAOYSA-N,DPJCXCZTLWNFOH,10,4,-0.96
C1=C(c2cc3ccccc3o2)C2CCN1CC2,AYQKIBOBFAZBCX-UHFFFAOYSA-N,AYQKIBOBFAZBCX,17,2,2.59
O=c1[nH]nc2cc(CO)c3ccc(-c4ccc[nH]4)cc3n12,FEKDFTQZRBQDGS-UHFFFAOYSA-N,FEKDFTQZRBQDGS,21,6,2.19
Nc1ccc2c(c1)C(=O)c1ccccc1-2,SJODITPGMMSNRF-UHFFFAOYSA-N,SJODITPGMMSNRF,15,2,2.9
O=C([C@H]1CCCCN1)N1CCN(c2nc(NCc3ccc(Cl)cc3Cl)c3cccnc3n2)CC1,GDQQUDANFRCFMF-HXUWFJFHSA-N,GDQQUDANFRCFMF,34,10,2.27
Nc1ncnc2sc(-c3c(-c4ccccc4)ncn3Cc3ccccc3N3CCOCC3)nc12,KXWVDPQADJDEQY-UHFFFAOYSA-N,KXWVDPQADJDEQY,34,9,3.58
Cc1cn([C@H]2CCCN([C@H](CC3CCCCC3)c3ccc(C(=O)O)c(Oc4cccc(Cl)c4)c3)C2)c(=O)[nH]c1=O,KIAAPOUCAAGGMQ-RPLLCQBOSA-N,KIAAPOUCAAGGMQ,40,9,1.83
CN1CCN(CCOc2n[nH]c3ncnc(Nc4ccc(OCc5ccccn5)c(Cl)c4)c23)CC1,BZUIGXZUUGQBLL-UHFFFAOYSA-N,BZUIGXZUUGQBLL,35,11,2.45
NC(=O)N1c2ccccc2C=Cc2ccccc21,FFGPTBGBLSHEPO-UHFFFAOYSA-N,FFGPTBGBLSHEPO,18,3,1.65
CCCN1CCN(c2ccc(C(=O)NC3(C(=O)NCC#N)CCCCC3)cc2)CC1,LLCRBOWRJOUJAE-UHFFFAOYSA-N,LLCRBOWRJOUJAE,30,7,1.33
CC(C)Oc1cccc(CC(=O)N2CCC[C@](CC[N+]34CCC(c5ccccc5)(CC3)CC4)(c3ccc(Cl)c(Cl)c3)C2)c1,RPDFDSQFBCJTDY-GAQXSTBRSA-N,RPDFDSQFBCJTDY,43,6,1.23
COc1nc(Br)cnc1NS(=O)(=O)c1ccc(Cl)s1,TZYSLHTWOJFPSJ-UHFFFAOYSA-N,TZYSLHTWOJFPSJ,19,10,0.99
CC(C)NC(=O)c1ccc2c(Nc3ccc(Cl)cc3)nc(N3CCOCC3)nc2c1,ARCOMIDVSXCMLF-UHFFFAOYSA-N,ARCOMIDVSXCMLF,30,8,2.78
Oc1ncnc2scc(-c3ccccc3)c12,OLGMRBGIXZANNV-UHFFFAOYSA-N,OLGMRBGIXZANNV,16,4,2.07
NC1(C(=O)NC(CCCN2CCOCC2)c2ccc(Cl)cc2)CCN(c2ncnc3[nH]ccc23)CC1,BAVQTLJQZAGNJY-UHFFFAOYSA-N,BAVQTLJQZAGNJY,36,10,2.7
COc1cc(N2CCN(C(C)=O)CC2)ccc1Nc1nccc(-c2cnc3ccccn23)n1,TVELTFUDLWTOQQ-UHFFFAOYSA-N,TVELTFUDLWTOQQ,33,9,3.0
Cc1onc(-c2ccccc2)c1-c1ccc(S(N)(=O)=O)cc1,LNPDTQAFDNKSHK-UHFFFAOYSA-N,LNPDTQAFDNKSHK,22,6,2.37
O=C1NC(=O)C(Cc2cccc(Oc3ccccc3)c2)S1,CEZZBCMZOCJIEY-UHFFFAOYSA-N,CEZZBCMZOCJIEY,21,5,2.84
CCCc1c(C(=O)Nc2ccc(F)cc2C)cnn1-c1ccccc1,ZDSITHVXPMNCQS-UHFFFAOYSA-N,ZDSITHVXPMNCQS,25,5,3.89
O=C(CN1C(=O)C(NC(=O)c2cc3cc(Cl)sc3[nH]2)Cc2ccccc21)NCCO,VUKPNWLGSLOHIF-UHFFFAOYSA-N,VUKPNWLGSLOHIF,30,10,3.05
Cc1ccc(-c2nc3ccccc3[nH]2)cc1NC(=O)c1ccc(OCc2ccccn2)cc1,XXXYUGWOUJSRGE-UHFFFAOYSA-N,XXXYUGWOUJSRGE,33,6,3.24
O=c1[nH]c2c(O)ccc([C@@H](O)CNCCOc3cccc(CNCCc4ccccc4F)c3)c2s1,UTPREWJYUHXHLZ-QHCPKHFHSA-N,UTPREWJYUHXHLZ,35,9,1.86
Clc1ccc2c(c1Nc1ncnc3cc(OCCCN4CCCC4)cc(OC4CCOCC4)c13)OCO2,HLILQABBLFGERM-UHFFFAOYSA-N,HLILQABBLFGERM,37,10,2.3
N#CCNC(=O)[C@@H]1CCCC[C@H]1C(=O)N1CCN(c2ccccc2)CC1,LNCZYHBVFQTPDF-QZTJIDSGSA-N,LNCZYHBVFQTPDF,26,6,1.75
Cc1cn([C@H]2CCCN(S(=O)(=O)c3ccc(C(=O)O)c(Oc4ccc(Cl)c(Cl)c4)c3)C2)c(=O)[nH]c1=O,DPZOECPGDFHXGD-AWEZNQCLSA-N,DPZOECPGDFHXGD,36,13,-0.87
CC(C)C(NC(=O)Cn1c(-c2ccccc2)cc2c(=O)n(CCN3CCOCC3)c(=O)[nH]c2c1=O)C(=O)C(F)(F)F,UBYXQHGKGLHIOW-UHFFFAOYSA-N,UBYXQHGKGLHIOW,41,14,1.91
O=S(=O)(NCC(c1ccccc1)N1CCCCCC1)c1cccc(Cl)c1,SZQOWBGHVDMDJT-UHFFFAOYSA-N,SZQOWBGHVDMDJT,26,6,3.39
Cc1cc(Nc2nc(O[C@@H](C)c3ccc(F)cn3)c(C#N)nc2C)n[nH]1,NUUZIPNBPALDNV-NSHDSACASA-N,NUUZIPNBPALDNV,26,9,2.86
CO[C@H]1CC[C@]2(CC1)Cc1ccc(-c3cc(Cl)cc(C#N)c3)cc1C21N=C(C)C(N)=N1,MQWMIBOBCNOFGX-TYRCWPPYSA-N,MQWMIBOBCNOFGX,31,6,3.8
Cn1cnc2c(-c3ccc(C4(N)CCC4)cc3)c(-c3ccccc3)ccc21,KQBSFOHZTGMBMA-UHFFFAOYSA-N,KQBSFOHZTGMBMA,27,3,2.5
CC(C)NC(=O)c1cc2c(-n3ccc(C(F)(F)F)n3)c(-c3cncc(C(=O)O)c3)cnc2[nH]1,UYBAOGSSQQTAHD-UHFFFAOYSA-N,UYBAOGSSQQTAHD,33,12,-0.62
Cc1[nH]c(C(=O)NC2CCN(c3ncc(C(=O)O)s3)CC2)c(Cl)c1Cl,DCKPCHMCUFLQER-UHFFFAOYSA-N,DCKPCHMCUFLQER,25,10,0.02
COc1cc(OC2CCNCC2)ccc1Nc1ncc(Cl)c(-c2cnc3ccccn23)n1,DVNORHCAMSIRBE-UHFFFAOYSA-N,DVNORHCAMSIRBE,32,9,1.8
CC(C)CCOc1ccc(N)cc1,LXWFHMREWLOKLM-UHFFFAOYSA-N,LXWFHMREWLOKLM,13,2,2.67
CC(C)c1ccc(Sc2cnc(O)c(C(=O)NCc3ccccc3)c2)cc1,LUYCLSKIFGYZQS-UHFFFAOYSA-N,LUYCLSKIFGYZQS,27,5,3.7
Cc1ccc2c(c1)c(-c1ccnc3c(C)cccc13)c(C)n2CC(=O)O,PYCNZTVHCBCNPY-UHFFFAOYSA-N,PYCNZTVHCBCNPY,26,4,1.29
O=C(Nc1ccc(Oc2cccnc2)nc1)c1nnc(Nc2ccccc2F)o1,AXJPXNNQSIMWMD-UHFFFAOYSA-N,AXJPXNNQSIMWMD,29,10,3.1
CN(C)CCCOc1nn(Cc2ccccc2)c2ccccc12,CNBGNNVCVSKAQZ-UHFFFAOYSA-N,CNBGNNVCVSKAQZ,23,4,2.4
Cc1ccc(-c2nnc(N3CCN(C(=O)c4ccco4)CC3)c3ccccc23)cc1,BHRQGUJVQWCXIL-UHFFFAOYSA-N,BHRQGUJVQWCXIL,30,6,3.78
CC(=O)Nc1ccc(CNc2[nH]nc3cccc(Oc4ccc(S(C)(=O)=O)cc4)c23)cc1,ZVFDFWFNVMWGJU-UHFFFAOYSA-N,ZVFDFWFNVMWGJU,32,9,2.63
CCS(=O)(=O)c1ccc(-c2cc(C(F)(F)F)ccc2CCC(=O)O)c(C)c1,RUOLUVWKKUNVSF-UHFFFAOYSA-N,RUOLUVWKKUNVSF,27,8,0.76
COc1ccc(OC)c(CNc2n[nH]c3ccnc(Oc4ccccc4)c23)c1,XWQFWBSOLVEUDU-UHFFFAOYSA-N,XWQFWBSOLVEUDU,28,7,4.25
CC(C)Cc1ccc([C@H](C)C(=O)NS(C)(=O)=O)cc1,KQDRVXQXKZXMHP-NSHDSACASA-N,KQDRVXQXKZXMHP,19,5,0.56
COCCC(NC(=O)C1(N)CCN(c2ncnc3[nH]ccc23)CC1)c1ccc(Cl)cc1,IDQNLUQAYNKBEW-UHFFFAOYSA-N,IDQNLUQAYNKBEW,31,9,2.95
COc1cc(OC)c(S(=O)(=O)N2c3ccccc3CCC2C)cc1NC(=O)NCC(=O)O,WMUPLNKGZUYFRQ-UHFFFAOYSA-N,WMUPLNKGZUYFRQ,32,11,-1.02
NC(=O)Nc1cc(-c2ccsc2)sc1C(N)=O,AZFVZMKCOBJRAW-UHFFFAOYSA-N,AZFVZMKCOBJRAW,17,7,2.3
COc1cc(F)ccc1-c1cncc(CNCC2CC2)n1,YICPRNFRCVOHKV-UHFFFAOYSA-N,YICPRNFRCVOHKV,21,5,1.8
CCCNC(=O)c1cc2c(-n3ccc(C(F)(F)F)n3)c(-c3cncc(C(=O)O)c3)cnc2[nH]1,LZUVYNLKKXOOOT-UHFFFAOYSA-N,LZUVYNLKKXOOOT,33,12,-0.79
COc1cc(OC2CCN(C)CC2)c2c(Nc3cccc4c3OCCO4)ncnc2c1,XKHSUSZUHQRZFF-UHFFFAOYSA-N,XKHSUSZUHQRZFF,31,8,2.26
O=S(=O)(NCC(c1ccccc1)N1CCCCCC1)c1ccccc1OC(F)(F)F,HTUBSQKLDNWSEN-UHFFFAOYSA-N,HTUBSQKLDNWSEN,30,9,4.09
CC(C)COc1cc(-c2cccc3c(=O)cc(N4CCOCC4)oc23)ccc1NC(=O)CN1CCOCC1,JNRPKMKRMUTLDI-UHFFFAOYSA-N,JNRPKMKRMUTLDI,38,9,3.8
CN1CCOc2cc(OC(=O)c3ccccc3)cnc21,DTNUUARSOITKQB-UHFFFAOYSA-N,DTNUUARSOITKQB,20,5,3.3
Nc1sc2c(c1C(=O)NCc1ccccc1)CCCC2,ZYOUJZMRHKGFLP-UHFFFAOYSA-N,ZYOUJZMRHKGFLP,20,4,3.52
CN1CCC(Oc2cccc3ncnc(Nc4ccc(OCc5cnccn5)c(Cl)c4)c23)CC1,HHHOBSDBLSOFLQ-UHFFFAOYSA-N,HHHOBSDBLSOFLQ,34,9,3.21
CC(=O)N1CCN(c2nc(C#N)nc(NCC(C)C)c2N)CC1,ZXQICUPPYQSPMO-UHFFFAOYSA-N,ZXQICUPPYQSPMO,23,8,2.4
CC(C)COCC(CN(Cc1ccccc1)c1ccccc1)N1CCCC1,UIEATEWHFDRYRU-UHFFFAOYSA-N,UIEATEWHFDRYRU,27,3,3.66
Cc1cc2n[nH]c(=O)n2c2cc(-c3cccc(CO)c3)ccc12,MVZJKIXWAVNGOX-UHFFFAOYSA-N,MVZJKIXWAVNGOX,23,5,3.36
O=C(O)C[C@H](O)C[C@H](O)/C=C/c1c(C2CC2)nc2ccccc2c1-c1ccc(F)cc1,VGYFMXBACGZSIL-MCBHFWOFSA-N,VGYFMXBACGZSIL,31,6,0.91
Nc1cccc2c1C(=O)C(=O)c1ccccc1-2,IPCICROLQBDSRE-UHFFFAOYSA-N,IPCICROLQBDSRE,17,3,2.95
CC(C)(C)OC(=O)N1CCN(c2ncc(OCc3ccncc3S(C)(=O)=O)cn2)CC1,WBNOMIXFUQWBTA-UHFFFAOYSA-N,WBNOMIXFUQWBTA,31,11,2.4
C[C@](O)(CS(=O)(=O)c1ccc(F)cc1)C(=O)Nc1ccc(C#N)c(C(F)(F)F)c1,LKJPYSCBVHEWIU-KRWDZBQOSA-N,LKJPYSCBVHEWIU,29,11,2.87
CNc1cccc(CCCc2ccc(C[C@H](NC(=O)c3c(Cl)cccc3Cl)C(=O)O)cc2)n1,LHCLWEHLDOMAOL-NRFANRHFSA-N,LHCLWEHLDOMAOL,33,8,0.57
O=C(NCc1ccncc1)c1ccc(Oc2ccccc2)cc1,GFGKJXGFRNRWOF-UHFFFAOYSA-N,GFGKJXGFRNRWOF,23,4,3.26
O=C(O)COc1ccc(Cl)cc1CN1CCN(S(=O)(=O)Cc2ccccc2)CC1,JBBOMVFXXYZQQP-UHFFFAOYSA-N,JBBOMVFXXYZQQP,29,9,0.33
C[C@@H](NC(=O)C1CCNCC1)c1ccc(Nc2ncc3cc(-c4ccncc4)ccc3n2)cc1,AFEZLCYYYAHZRZ-GOSISDBHSA-N,AFEZLCYYYAHZRZ,34,7,0.4
CN(C)C[C@H](O)Cc1ccc(Cl)c(C(=O)NCC23CC4CC(CC(C4)C2)C3)c1,XNANHPIYZJMJSP-GYVBGXKYSA-N,XNANHPIYZJMJSP,28,5,2.19
Oc1ccnc2ccccc12,PMZDQRJGMBOQBF-UHFFFAOYSA-N,PMZDQRJGMBOQBF,11,2,0.8
CN1CCN(CCCN2c3ccccc3Sc3ccc(C(F)(F)F)cc32)CC1,ZEWQUBUPAILYHI-UHFFFAOYSA-N,ZEWQUBUPAILYHI,28,7,4.31
COc1cc(Nc2cc(Oc3ccc(C)nc3)ccn2)cc(OC)c1OC,FUUAJSSRXYXCAH-UHFFFAOYSA-N,FUUAJSSRXYXCAH,27,7,3.21
CC1=NC(C)(c2cccc(-c3cccnc3)c2)N=C1N,GGFQOAKBKNUHNP-UHFFFAOYSA-N,GGFQOAKBKNUHNP,20,4,1.7
COc1cc(F)ccc1-c1cc(CNC2CCCC2)ccn1,JLVIGDFBOJCXJJ-UHFFFAOYSA-N,JLVIGDFBOJCXJJ,22,4,1.71
N=C(N)Nc1nc2ccccc2o1,FNGZREDJXWXRBW-UHFFFAOYSA-N,FNGZREDJXWXRBW,13,5,1.91
Cc1nc2nc(NC(=O)c3ccc(F)cc3)nn2c(O)c1Cc1ccccc1,GGRSTJBMFRIIGX-UHFFFAOYSA-N,GGRSTJBMFRIIGX,28,8,2.2
CN(C)C(=O)C(CCN1CCC(O)(c2ccc(Cl)cc2)CC1)(c1ccccc1)c1ccccc1,RDOIQAHITMMDAJ-UHFFFAOYSA-N,RDOIQAHITMMDAJ,34,5,3.47
Cc1ccc(NC(=O)c2ccnc(N3CCOCC3)c2)cc1Nc1ccnc(OCCCN(C)C)n1,JPFWBEDEFYHDAB-UHFFFAOYSA-N,JPFWBEDEFYHDAB,36,10,1.3
NNC(=O)c1ccncc1,QRXWMOHMRWLFEY-UHFFFAOYSA-N,QRXWMOHMRWLFEY,10,4,-0.57
CCS(=O)(=O)c1ccc(-c2cc(Cl)ccc2OCC(=O)O)cc1,MREHKHMPXVGCAP-UHFFFAOYSA-N,MREHKHMPXVGCAP,23,7,-0.78
C#CCn1c(=O)c2c(-c3cc(C#N)cn3C)n(Cc3ccnc4ccc(Cl)cc34)nc2n(CC2CC2)c1=O,VGAFFETXOZKKCX-UHFFFAOYSA-N,VGAFFETXOZKKCX,38,10,3.96
COc1cc(Nc2nc(N[C@@H](C)c3ncc(F)cn3)nc(N3CCOCC3)c2F)n[nH]1,KDEZEJSFZUZWID-JTQLQIEISA-N,KDEZEJSFZUZWID,31,13,2.64
Cc1cccc(Nc2ncnc3ccccc23)c1,AHFDWKXLJCGQHE-UHFFFAOYSA-N,AHFDWKXLJCGQHE,18,3,3.21
O=C(NCC12CC3CC(CC(C3)C1)C2)c1cc(OCCCNCCCO)ccc1Cl,LHQVVDIEPGMAMY-UHFFFAOYSA-N,LHQVVDIEPGMAMY,30,6,1.41
CCOC(=O)c1ccc(OCCC2(C#N)CCN(c3ccc(C)nn3)CC2)cc1,LBGUVZFJZLPGDV-UHFFFAOYSA-N,LBGUVZFJZLPGDV,29,7,3.54
CC(=O)[C@H]1CC[C@H]2[C@@H]3C[C@H](C)C4=CC(=O)CC[C@]4(C)[C@H]3[C@@H](O)C[C@]12C,GZENKSODFLBBHQ-ILSZZQPISA-N,GZENKSODFLBBHQ,25,3,3.25
O=C(c1ccc(F)cc1)C1CCN(C(=O)N2CCOCC2)CC1,GMMFPJSDOLRDOJ-UHFFFAOYSA-N,GMMFPJSDOLRDOJ,23,6,1.61
Cc1cc(Cl)ccc1N1CCN(C(=O)COCc2ccncc2)CC1,RXMRMUKXZYDILW-UHFFFAOYSA-N,RXMRMUKXZYDILW,25,6,3.22
CC1CN(C(=O)c2cc3ccccc3[nH]2)CCN1,HNVQQKFVQDIMFD-UHFFFAOYSA-N,HNVQQKFVQDIMFD,18,4,0.94
Clc1ccc(C2(c3ccc(-c4cn[nH]c4)cc3)CCNCC2)cc1,LZMOSYUFVYJEPY-UHFFFAOYSA-N,LZMOSYUFVYJEPY,24,4,1.51
Cc1cc(C)cc(-c2c(O)nc3cc(Cl)c(C(=O)Nc4ccncn4)cc3c2OCCC2CCCCN2)c1,PBZUGIXUZZZNKG-UHFFFAOYSA-N,PBZUGIXUZZZNKG,38,9,1.7
O=C(NCC12CC3CC(CC(C3)C1)C2)c1cccc(Cl)c1Cl,OFGFKUJAQALHEW-UHFFFAOYSA-N,OFGFKUJAQALHEW,22,4,4.37
CCOc1ccc(-c2cnc3n2CCCCC3)cc1,PALRXTFYFQKSTE-UHFFFAOYSA-N,PALRXTFYFQKSTE,19,3,3.01
CNc1c(Br)cnc2[nH]c(-c3ccnc(N)c3)nc12,YOUNKSLLTJRACV-UHFFFAOYSA-N,YOUNKSLLTJRACV,19,7,2.83
COc1cc(N2CCN(C(C)=O)CC2)ccc1Nc1ncc(Cl)c(-c2cnc3ccccn23)n1,ZNLCRBCFRLCIFE-UHFFFAOYSA-N,ZNLCRBCFRLCIFE,34,10,3.65
O=C(Nc1ccc(C(F)(F)F)c(Cl)c1)N1CCN(C[C@@H]2CCCN(C3CC3)C2)CC1,OPWYDQPIOWOAOA-HNNXBMFYSA-N,OPWYDQPIOWOAOA,30,9,4.06
O=C(OCC(O)CO)c1ccccc1Nc1ccnc2cc(Cl)ccc12,GWOFUCIGLDBNKM-UHFFFAOYSA-N,GWOFUCIGLDBNKM,26,7,3.5
CN[C@@H](C)C(=O)N[C@H](C(=O)N1CC[C@H]2CC[C@H](NC(=O)c3cccc4ccccc34)[C@H]21)C(C)(C)C,FTXKVJPIFDKIID-YBAXTEPTSA-N,FTXKVJPIFDKIID,35,7,1.94
COc1cc(F)ccc1-c1cccc(CNC2CCCC2)c1,KSYYFCDUINESKT-UHFFFAOYSA-N,KSYYFCDUINESKT,22,3,2.29
COc1cc(-c2cccc3c(=O)cc(N4CCOCC4)oc23)ccc1NC(=O)CN1CCOCC1,OWQIHYNKDOPWGC-UHFFFAOYSA-N,OWQIHYNKDOPWGC,35,9,2.3
CCOc1cc(-c2cccc3c(=O)cc(N4CCOCC4)oc23)ccc1NC(=O)CN1CCOCC1,RMKWCFQVLOKCHU-UHFFFAOYSA-N,RMKWCFQVLOKCHU,36,9,2.8
c1ccc(-c2ccc(C3CN4CCC3CC4)cc2)cc1,ONKAPNPOBBUQAF-UHFFFAOYSA-N,ONKAPNPOBBUQAF,20,1,1.76
Cc1cc(NC(=O)c2nnc(Nc3ccccc3F)o2)ccc1N1CCOCC1,SEQUCPOOQSZJDC-UHFFFAOYSA-N,SEQUCPOOQSZJDC,29,9,4.0
Nc1ccc(S(=O)(=O)Nc2ccccn2)cc1,GECHUMIMRBOMGK-UHFFFAOYSA-N,GECHUMIMRBOMGK,17,6,-0.01
O=C(c1cc(Cc2n[nH]c(=O)c3ccccc23)ccc1F)N1CCN(C(=O)C2CCOC2)CC1,LFBIBRZDFVGXGR-UHFFFAOYSA-N,LFBIBRZDFVGXGR,34,9,0.8
CCNC(=O)c1cc2c(-n3ccc(C(F)(F)F)n3)c(-c3cnc(OC)c(-c4n[nH]c(=O)o4)c3)cnc2[nH]1,OWLVIJCXPBKECA-UHFFFAOYSA-N,OWLVIJCXPBKECA,37,15,2.32
O=c1[nH][nH]c(=O)c2c1[nH]c1cc(Cl)cc(Cl)c12,ICOOPSMEAJSNMY-UHFFFAOYSA-N,ICOOPSMEAJSNMY,17,7,1.02
CCCCC(NC(=O)CC1CCN(Cc2ccn(-c3ccc(C(F)(F)F)cc3)c2)CC1)c1ccc(=O)[nH]c1,ORCCEUNUHQADKD-UHFFFAOYSA-N,ORCCEUNUHQADKD,38,9,2.89
O=C(Nc1ccc(N2CCOCC2)nc1)c1nnc(Nc2cccc(F)c2)o1,WFDORLFOPZGMLU-UHFFFAOYSA-N,WFDORLFOPZGMLU,28,10,3.2
Cc1ccc(F)c(Nc2ccnc(Nc3ccc(OCC(O)CN(C)C)cc3)n2)c1,HKTRJIILONQAFK-UHFFFAOYSA-N,HKTRJIILONQAFK,30,8,2.1
O=C(NC1CC1)c1cc(-c2cccs2)on1,SYENTKHGMVKGAQ-UHFFFAOYSA-N,SYENTKHGMVKGAQ,16,5,2.54
CCOc1ccc(NC(=O)CCc2c(C)nc3nc(C)nn3c2C)cc1,ZFFFVIWGCISVOP-UHFFFAOYSA-N,ZFFFVIWGCISVOP,26,7,2.1
CNc1c(Br)cnc2[nH]c(-c3cccc(N)c3)nc12,JOPQBRQUFRAGQH-UHFFFAOYSA-N,JOPQBRQUFRAGQH,19,6,2.96
Nc1nc(N)nc(-c2ccc(Cl)cc2)n1,ZHMAVICRSKFCFD-UHFFFAOYSA-N,ZHMAVICRSKFCFD,15,6,2.12
COc1cc(-c2nc(N3CCOCC3)cc(C3(S(C)(=O)=O)CC3)n2)c2cc[nH]c2c1,IORLBXCLALTTBB-UHFFFAOYSA-N,IORLBXCLALTTBB,30,9,2.4
Cc1ccc(S(=O)(=O)Nc2c(C(=O)N(C)C3CCCCC3)c(C)nn2-c2ccccc2)cc1,LZJNFCVJVFKBPQ-UHFFFAOYSA-N,LZJNFCVJVFKBPQ,33,8,1.69
CN(C)CCC[C@@]1(c2ccc(F)cc2)OCc2cc(C#N)ccc21,WSEQXVZVJXJVFP-FQEVSTJZSA-N,WSEQXVZVJXJVFP,24,4,1.48
COc1ccc(Nc2cc(Nc3ccc(OCC(O)CN(C)C)cc3)ncn2)cc1,VKBDUVWMGIHBQL-UHFFFAOYSA-N,VKBDUVWMGIHBQL,30,8,1.5
CC(CNS(=O)(=O)C(C)C)c1ccc(-c2ccc(C#N)cc2)cc1,HOQAVGZLYRYHSO-UHFFFAOYSA-N,HOQAVGZLYRYHSO,24,5,3.5
O=C(CSc1ccccc1)N1CCN(C(=O)c2ccco2)CC1,SXLXDQIYNZKFOQ-UHFFFAOYSA-N,SXLXDQIYNZKFOQ,23,6,1.6
N#Cc1ccc(C(=O)N2CCC3(CC2)N=C(N)c2c(F)ccc(F)c2N3)cc1,SYBIKAPEJWFEAV-UHFFFAOYSA-N,SYBIKAPEJWFEAV,28,8,0.86
CCN1CCCC1CNC(=O)c1cc(S(N)(=O)=O)ccc1OC,BGRJTUBHPOOWDU-UHFFFAOYSA-N,BGRJTUBHPOOWDU,23,8,-1.2
CNC1=Nc2ccc(Cl)cc2C(c2ccccc2)=[N+]([O-])C1,ANTSCNMPPGJYLG-UHFFFAOYSA-N,ANTSCNMPPGJYLG,21,5,2.41
CN(C)C(=O)[C@H](Cc1ccccc1)NC(=O)c1cc2ccsc2[nH]1,DCXIUFCQYPGTGL-HNNXBMFYSA-N,DCXIUFCQYPGTGL,24,6,3.1
CC(C)C(NC(=O)Cn1c(-c2cc(F)cc(F)c2)ncc(N)c1=O)C(=O)C(F)(F)F,DVNRYIBEOOQVDY-UHFFFAOYSA-N,DVNRYIBEOOQVDY,30,12,1.38
CC(C)N(c1nnc(N)s1)C(C)C,NMKUIHQPXZUGIB-UHFFFAOYSA-N,NMKUIHQPXZUGIB,13,5,1.49
CS(=O)(=O)c1ccc(CC(=O)N(C2CC2)C2CCN(CCC(c3ccccc3)c3ccccc3)CC2)cc1,YQBDDKXLWVVVHC-UHFFFAOYSA-N,YQBDDKXLWVVVHC,38,6,2.89
Nc1ccc(OCc2ccccc2)cc1,FIIDVVUUWRJXLF-UHFFFAOYSA-N,FIIDVVUUWRJXLF,15,2,2.2
NNCCc1ccccc1,RMUCZJUITONUFY-UHFFFAOYSA-N,RMUCZJUITONUFY,10,2,-0.01
CCN(C(=O)NCc1ccc(F)cc1)C1CCN(CCC(c2ccccc2)c2ccccc2)CC1,WUZQKQAXXKMHJZ-UHFFFAOYSA-N,WUZQKQAXXKMHJZ,35,5,3.9
Nc1n[nH]c2ncc3c(c12)CCCCCC3,VSWKWWMJAASEEW-UHFFFAOYSA-N,VSWKWWMJAASEEW,16,4,2.54
C[C@@H](NC(=O)[C@H]1CCCNC1)c1ccc(Nc2ncc3cc(-c4ccncc4)ccc3n2)cc1,UQUPPVNCPRBTOT-GCJKJVERSA-N,UQUPPVNCPRBTOT,34,7,1.69
Cc1c(Sc2ccc(Cl)cc2)c2c(C#N)c(Cl)ccc2n1CC(=O)O,YPACYKQXMOHNAV-UHFFFAOYSA-N,YPACYKQXMOHNAV,25,7,1.6
CC1(C)NC(=O)N(c2ccc([N+](=O)[O-])c(C(F)(F)F)c2)C1=O,XWXYUMMDTVBTOU-UHFFFAOYSA-N,XWXYUMMDTVBTOU,22,10,1.74
NS(=O)(=O)c1ccc2c(c1)C1C=CCC1C(c1cccc3ccccc13)N2,SIZWDJIHABLBSP-UHFFFAOYSA-N,SIZWDJIHABLBSP,27,5,1.9
CC[C@H](NC(=O)c1c([S+](C)[O-])c(-c2ccccc2)nc2ccccc12)c1ccccc1,BQWCXAMITVBWIR-FEAGIOCNSA-N,BQWCXAMITVBWIR,31,5,3.17
Cc1ccnc(NCc2ccccc2O)c1,VQKDOWCHFDCYAG-UHFFFAOYSA-N,VQKDOWCHFDCYAG,16,3,3.35
CC(C)c1nc(N2CCN(c3ncc(OCc4ccncc4C#N)cn3)[C@H](C)C2)no1,UNGZTVLHLKAKQE-OAHLLOKOSA-N,UNGZTVLHLKAKQE,31,10,3.3
O=c1[nH]c2c(O)ccc([C@@H](O)CNCCCSCCOCCc3cccc4ccccc34)c2s1,FAXCNWHLDSZHPC-QHCPKHFHSA-N,FAXCNWHLDSZHPC,34,8,3.12
COc1cc(N2CCN(CCS(C)(=O)=O)CC2)ccc1Nc1ncc(Cl)c(-c2cnc3ccccn23)n1,UCAMAKXQBMFBLP-UHFFFAOYSA-N,UCAMAKXQBMFBLP,37,12,3.1
COc1ccc(-c2nc(N)s[n+]2-c2ccccc2)cc1,WRLLQHDGZSTNQV-UHFFFAOYSA-O,WRLLQHDGZSTNQV,20,5,2.19
O=C1NC(=O)C(Cc2ccc3ccccc3c2)S1,OLOOKIQNTSJZJH-UHFFFAOYSA-N,OLOOKIQNTSJZJH,18,4,2.41
Cc1ccc(-c2cn(C)cn2)cc1NC(=O)c1ccc(OCc2ccccn2)cc1,IIZZQZANQFYVIQ-UHFFFAOYSA-N,IIZZQZANQFYVIQ,30,6,2.54
O=C(CN1CCOCC1)Nc1ccc(-c2cccc3c(=O)cc(N4CCOCC4)oc23)cc1OCC1CC1,YUZWKYFHKYQPMO-UHFFFAOYSA-N,YUZWKYFHKYQPMO,38,9,3.3
c1ccc(-c2[nH]nc3ccccc23)cc1,MXBKCOLSUUYOHT-UHFFFAOYSA-N,MXBKCOLSUUYOHT,15,2,3.79
CC(O)(C(=O)Nc1ccc(S(=O)(=O)c2cccnc2)cc1)C(F)(F)F,CBVDKJDKOREVOE-UHFFFAOYSA-N,CBVDKJDKOREVOE,25,10,2.08
CCCCC(c1ccncc1)n1[nH]c(=O)c2nc3cc(Cl)ccc3c(O)c2c1=O,MPEDBZJPDXRPGZ-UHFFFAOYSA-N,MPEDBZJPDXRPGZ,29,8,1.4
N#C[C@@H]1CCCN1C(=O)CNC12CC3CC(CC(O)(C3)C1)C2,SYOKIDBDQMKNDQ-XWTIBIIYSA-N,SYOKIDBDQMKNDQ,22,5,-0.48
CCOc1ccccc1N1CCN(Cc2c[nH]nc2-c2ccc(F)cc2)CC1,TXHDMRAYYSONQK-UHFFFAOYSA-N,TXHDMRAYYSONQK,28,6,3.38
COC(=O)Nc1nc2ccc(C(=O)c3ccccc3)cc2[nH]1,OPXLLQIJSORQAM-UHFFFAOYSA-N,OPXLLQIJSORQAM,22,6,2.9
O=C1O[C@@H](Cn2nncc2F)CN1c1ccc(C2=CCS(=O)(=O)CC2)c(F)c1,SJAIABNAHLTLCF-CYBMUJFWSA-N,SJAIABNAHLTLCF,28,11,3.54
C[C@H]1O[C@@H](n2cnc3c(N)nc(O[C@H]4CC[C@H](C)CC4)nc32)[C@H](O)[C@@H]1O,BPKWHAUDIQIJCD-XULTWRPTSA-N,BPKWHAUDIQIJCD,26,9,2.35
CC(C)Cn1c(=O)n(C)c(=O)c2c(C(=O)N3CC[C@@H](O)C3)c(Cc3ccnc4ccccc34)sc21,JOFQERPJMGKMMX-QGZVFWFLSA-N,JOFQERPJMGKMMX,35,9,1.65
CC(=O)c1cc2ccc(O)cc2oc1=O,BRQZHMHHZLRXOO-UHFFFAOYSA-N,BRQZHMHHZLRXOO,15,4,0.87
C[C@@](O)(C(=O)Nc1ccc(S(=O)(=O)NCCN2CCOCC2)cc1Cl)C(F)(F)F,SORDPRCCLIYEOW-OAHLLOKOSA-N,SORDPRCCLIYEOW,29,13,2.14
O=C1C(=O)c2cccc([N+](=O)[O-])c2-c2ccccc21,ZJQSMTNUXDRCDQ-UHFFFAOYSA-N,ZJQSMTNUXDRCDQ,19,5,2.6
CC(=O)N[C@@H]1CC2(CCN(Cc3ccc4[nH]c5ccccc5c4c3)CC2)c2ccccc21,FYCCIHGGLTVNRX-HHHXNRCGSA-N,FYCCIHGGLTVNRX,32,4,2.96
CC(C)(C)C(=O)N[C@H]1CCCCNC1=O,FAFRIRJGUOTURZ-QMMMGPOBSA-N,FAFRIRJGUOTURZ,15,4,0.58
O=C(CN1CCOCC1)Nc1ccc(-c2cccc3c(=O)cc(N4CCOCC4)oc23)cc1O,UAFBQETUXPWPCQ-UHFFFAOYSA-N,UAFBQETUXPWPCQ,34,9,2.4
CCCSc1c(C(=O)NC2CCCCC2)cnn1-c1ccc(C(=O)O)cc1,WRUCIVYHYJGMDK-UHFFFAOYSA-N,WRUCIVYHYJGMDK,27,7,0.64
Cc1ccc(-c2c[nH]nn2)cc1,ZPCIKQLLQORQCV-UHFFFAOYSA-N,ZPCIKQLLQORQCV,12,3,2.58
CCCCOc1nc(N)c2[nH]c(=O)n(Cc3cccc(CC(=O)O)c3)c2n1,SJNDRKWPSCLZAX-UHFFFAOYSA-N,SJNDRKWPSCLZAX,27,9,0.14
O=S(=O)(Nc1cccc2[nH]ncc12)c1cccs1,MIMZJKFDVCADOO-UHFFFAOYSA-N,MIMZJKFDVCADOO,18,7,1.7
COc1cc(OC)c(S(=O)(=O)NCc2ccccc2N2CCC(CO)CC2)cc1NC(C)=O,RILUGKNQULOTLJ-UHFFFAOYSA-N,RILUGKNQULOTLJ,33,10,1.03
COCCNCc1ccc(-c2cc(C(N)=O)c(NC(N)=O)s2)cc1,FARZBDPBWHIGIU-UHFFFAOYSA-N,FARZBDPBWHIGIU,24,8,0.87
Cc1ccc(S(=O)(=O)Nc2c(C(=O)N[C@@H](C)C(C)(C)C)c(C)nn2C2CCCCC2)cc1,FIMCKHZCISLYMQ-SFHVURJKSA-N,FIMCKHZCISLYMQ,32,8,1.97
Cc1nc2ccc(Oc3ccc(F)cc3)cc2c(=O)n1C[C@H]1CCCN(C(C)C)C1,FRKXOBMDEXCHHD-SFHVURJKSA-N,FRKXOBMDEXCHHD,30,6,2.4
Nc1ccc2cn[nH]c2c1,KEJFADGISRFLFO-UHFFFAOYSA-N,KEJFADGISRFLFO,10,3,0.52
Cc1cc(-c2ccc(Cl)c(C(=O)NCC3(O)CCCCCC3)c2)n[nH]1,INFAZCALLSRXIC-UHFFFAOYSA-N,INFAZCALLSRXIC,25,6,3.41
Nc1ccc(C(=O)Nc2cccc(-c3nc(N4CCOCC4)c4oc5ncccc5c4n3)c2)cn1,YBPIBGNBHHGLEB-UHFFFAOYSA-N,YBPIBGNBHHGLEB,35,10,3.44
O=C(CCS(=O)(=O)c1ccc(Br)cc1)NCc1ccc(F)cc1,PLIAUDLHFFFJEG-UHFFFAOYSA-N,PLIAUDLHFFFJEG,23,7,3.1
CC1(c2ccccc2)CC(=O)NC(N)=N1,CJGRNSIXWOGIIC-UHFFFAOYSA-N,CJGRNSIXWOGIIC,15,4,0.62
CN(C)C(=O)[C@H](Cc1ccccc1)NC(=O)c1cc2ccccc2[nH]1,QHLOERMHEQAPEA-SFHVURJKSA-N,QHLOERMHEQAPEA,25,5,3.4
Cc1cnc(Nc2cncc(N[C@@H](C)c3ncc(F)cn3)n2)s1,LPLPZSMLCGODQL-VIFPVBQESA-N,LPLPZSMLCGODQL,23,9,1.91
Cc1ccc(Oc2ccc(Nc3ncnc4[nH]nc(OCCN5CCC(O)CC5)c34)cc2Cl)cn1,UWUFUUGZSOQBCY-UHFFFAOYSA-N,UWUFUUGZSOQBCY,35,11,3.4
O=C(O)c1ccc(N2CCC(CN3CCC(Oc4ccc(Cl)c(Cl)c4)CC3)CC2)cc1,CUIDNQSCWXAPRS-UHFFFAOYSA-N,CUIDNQSCWXAPRS,31,7,2.31
COc1ccc(-c2ccccc2)cc1N1CC(=O)NS1(=O)=O,IGXKSKWHHHYBFM-UHFFFAOYSA-N,IGXKSKWHHHYBFM,22,7,-1.01
CCOc1ccccc1CNCc1cccc(CCNC[C@H](O)c2ccc(O)c3[nH]c(=O)sc23)c1,VKISKXWEKUKQJG-QHCPKHFHSA-N,VKISKXWEKUKQJG,35,8,1.13
CCCCNc1cc(C(=O)O)cc(S(N)(=O)=O)c1Oc1ccccc1,MAEIEVLCKWDQJH-UHFFFAOYSA-N,MAEIEVLCKWDQJH,25,8,-0.3
O=C(O)COc1ccc(C(F)(F)F)cc1-c1ccccc1-c1ccccc1,UVPKNLYZFYMWGO-UHFFFAOYSA-N,UVPKNLYZFYMWGO,27,6,1.38
Cc1nc(C(=O)N2CCCC3(CCN(Cc4ccc(Cl)cc4)CC3)C2)cs1,FXYMZHCQKFWAQZ-UHFFFAOYSA-N,FXYMZHCQKFWAQZ,27,6,0.64
COc1cc(Nc2nc3c(cc2F)ncn3[C@@H](CO)c2ccc(F)cn2)n[nH]1,HHCLGERVDPIQQT-ZDUSSCGKSA-N,HHCLGERVDPIQQT,28,11,2.18
CC1(c2ccc(Cl)cc2)CCN(C(=O)COCc2ccncc2)CC1,SMRBJTWWHGZDHF-UHFFFAOYSA-N,SMRBJTWWHGZDHF,25,5,2.79
NC1(C(=O)NC(CO)c2ccc(Cl)cc2)CCN(c2ncnc3[nH]ccc23)CC1,ZVHIYNJZANDKEG-UHFFFAOYSA-N,ZVHIYNJZANDKEG,29,9,2.4
CNC(=O)c1cccc(S(=O)(=O)Nc2ncc(C)nc2OC)c1-c1ccc(CC(C)C)cc1,LUGPNDHPEZLAMX-UHFFFAOYSA-N,LUGPNDHPEZLAMX,33,9,1.68
O=[N+]([O-])c1ccc(O)cc1,BTJIUGUIPKRLHP-UHFFFAOYSA-N,BTJIUGUIPKRLHP,10,4,1.5
CCC(CC)NC(=O)c1cnn(Cc2ccccc2)c1NS(=O)(=O)c1ccc(C)cc1,VAHWUGMTTGPDQF-UHFFFAOYSA-N,VAHWUGMTTGPDQF,31,8,1.52
O=c1c2ccccc2oc2cccc(O)c12,BNLRKUSVMCIOGU-UHFFFAOYSA-N,BNLRKUSVMCIOGU,16,3,3.8
COc1cc2c(Nc3cc(CC(=O)Nc4cccc(F)c4F)[nH]n3)ncnc2cc1OCCCN(CCO)CC(C)C,GTEPNHLYGWAOMI-UHFFFAOYSA-N,GTEPNHLYGWAOMI,42,13,3.61
COc1cc2c(Nc3c(Cl)ccc4c3OCO4)ncnc2cc1OCCCN1CCCCC1,QHIMVPIOWKYPSO-UHFFFAOYSA-N,QHIMVPIOWKYPSO,33,9,2.05
COc1cc2ncnc(Oc3cnn(CC(=O)Nc4ccc(N(C)C)cn4)c3)c2cc1OC,DYSDUQPAIATDAA-UHFFFAOYSA-N,DYSDUQPAIATDAA,33,11,2.36
C1CCc2c(c3c(N4CCCC4)nc(N4CCCC4)nc3n2CCN2CCOCC2)C1,UCTBRBDQLGKNHH-UHFFFAOYSA-N,UCTBRBDQLGKNHH,31,7,3.6
CC(C)(C)OC(=O)N1CCN(c2ncc(OCc3ccc(S(C)(=O)=O)cc3)nn2)CC1,UDMVFDQGWCZSIY-UHFFFAOYSA-N,UDMVFDQGWCZSIY,31,11,2.93
CC(C)C(NC(=O)Cn1c(-c2cccs2)ncc(N)c1=O)C(=O)C(F)(F)F,NEIDWSCQVXGHGF-UHFFFAOYSA-N,NEIDWSCQVXGHGF,27,11,0.68
Cc1ccnc2nc(C(=O)Nc3nccs3)nn12,IGDGSTFCYHKBHS-UHFFFAOYSA-N,IGDGSTFCYHKBHS,18,8,0.31
O=C(N[C@@H](Cc1ccc(N2CCN(c3ccccc3)CC2)cc1)C(=O)O)c1c(Cl)cccc1Cl,PMKNVYUBESXINP-QHCPKHFHSA-N,PMKNVYUBESXINP,34,8,0.08
CCNC(=O)Nc1nc2cc(-c3cccnc3)ccc2[nH]1,KWSSMBHDMXPYIA-UHFFFAOYSA-N,KWSSMBHDMXPYIA,21,6,2.34
CCCCC(CC)COC(=O)CC(C(=O)OCC(CC)CCCC)S(=O)(=O)O,HNSDLXPSAYFUHK-UHFFFAOYSA-N,HNSDLXPSAYFUHK,28,8,2.93
CN1CCCC1CCOC(C)(c1ccccc1)c1ccc(Cl)cc1,YNNUSGIPVFPVBX-UHFFFAOYSA-N,YNNUSGIPVFPVBX,24,3,3.04
NC1=NC(c2ccc(Cl)c(Cl)c2)CC(=O)N1,UZBGOMQLPVPSHH-UHFFFAOYSA-N,UZBGOMQLPVPSHH,16,6,1.46
N#Cc1c(-c2ccc(-c3ccccc3OC(F)(F)F)cc2)nc2ccncc2c1O,VHBHGRJDLFMVBX-UHFFFAOYSA-N,VHBHGRJDLFMVBX,30,8,3.45
NCC(O)(c1ccc(Cl)cc1)c1ccc(Cl)cc1,NEBLOWDPQKVZJW-UHFFFAOYSA-N,NEBLOWDPQKVZJW,18,4,2.69
Cc1ccnc(NS(=O)(=O)c2ccc(N)cc2)n1,QPPBRPIAZZHUNT-UHFFFAOYSA-N,QPPBRPIAZZHUNT,18,7,-0.51
O=c1[nH]c2c(O)ccc([C@@H](O)CNCCOCCCNCCc3cccc(Cl)c3)c2s1,SWIWUIRVOIOIIY-IBGZPJMESA-N,SWIWUIRVOIOIIY,31,9,0.83
Cc1cc(COc2ccc(NC(=O)[C@@H]3[C@@H](C(=O)NO)CCCN3C)cc2)c2ccccc2n1,RJSKOAOWDAMMHR-GMAHTHKFSA-N,RJSKOAOWDAMMHR,33,8,2.41
COC(=O)COc1ccc(C(=O)Nc2ccc(F)cc2)cn1,QIBUUCFTHGXSFM-UHFFFAOYSA-N,QIBUUCFTHGXSFM,22,7,2.43
CCC(c1ccccn1)n1[nH]c(=O)c2nc3cc(Cl)ccc3c(O)c2c1=O,IFBXEFWXXBKZDR-UHFFFAOYSA-N,IFBXEFWXXBKZDR,27,8,0.8
Cc1cccc(Nc2nnc(C(=O)Nc3ccc(N4CCOCC4)nc3)o2)c1,OGZIZBLZLLIMTJ-UHFFFAOYSA-N,OGZIZBLZLLIMTJ,28,9,3.42
CCOC(=O)c1ccc(OCC2CN(c3ccc(C)nn3)C2)cc1,DLKJQHYJZRHBSL-UHFFFAOYSA-N,DLKJQHYJZRHBSL,24,6,3.1
COc1cc(F)ccc1-c1cncc(CNC2CCCCC2)c1,HUYAYYNMFWAVOZ-UHFFFAOYSA-N,HUYAYYNMFWAVOZ,23,4,2.6
O=C(Nc1cccc(O)c1)c1ccc(OCCCN2CCCC2)cc1OCc1ccccn1,AMZPDASESZAAOP-UHFFFAOYSA-N,AMZPDASESZAAOP,33,7,1.78
CC(=O)N(c1ccccc1)C1CC(C)N(S(=O)(=O)c2ccccc2)c2ccccc21,VSEQHQHTFSCJDD-UHFFFAOYSA-N,VSEQHQHTFSCJDD,30,6,3.68
O=C(Nc1ccc(CCO)cc1)c1cc2cc(Cl)ccc2[nH]1,YNSNYERZCZJZER-UHFFFAOYSA-N,YNSNYERZCZJZER,22,5,3.85
CCN(C(=O)Cc1ccc(S(C)(=O)=O)cc1)C1CCN(CCC(c2ccc(F)cc2)c2ccc(F)cc2)CC1,WLNCGIQLHPVTPW-UHFFFAOYSA-N,WLNCGIQLHPVTPW,39,8,3.21
COc1cccc2[nH]ncc12,RHXWAMSYANZWMS-UHFFFAOYSA-N,RHXWAMSYANZWMS,11,3,2.1
O=C(NCC1CCCCC1)c1c(Cl)ccc2ncccc12,ITRDTWBRIGTAOE-UHFFFAOYSA-N,ITRDTWBRIGTAOE,21,4,2.65
Cn1c(N)nc(CCc2ccc3ccccc3c2)cc1=O,LTYRZHLAUJRMPD-UHFFFAOYSA-N,LTYRZHLAUJRMPD,21,4,2.7
