smiles,y,mace_e_min,mace_strain,mace_conf_spread,mace_conf_std,mace_fmax_final,mace_n_conf_ok,mace_rg,mace_pmi1,mace_pmi2,mace_pmi3,mace_asphericity
N#CC(OC1OC(COC2OC(CO)C(O)C(O)C2O)C(O)C(O)C1O)c1ccccc1,-0.77,-766.3905850834415,0.4716898428014247,0.4739694805975887,0.239603196479408,0.0477265440274348,3.0,4.080325410156134,3155.534880050752,5581.688029236077,6494.398558452317,0.3273262465608781
Cc1occc1C(=O)Nc1ccccc1,-3.3,-700.7666446041195,0.1111122596812492,0.0578985440733959,0.0334277335624738,0.0453327979928403,3.0,3.194022132788099,280.19710730004545,1774.2340973372263,2051.274103851437,0.4992304537017004
CC(C)=CCCC(C)=CC=O,-2.06,-469.8509510048221,0.0680724193371133,0.0411708675055706,0.0208635122126796,0.045052108094008,3.0,3.2352911387097776,160.13022209266987,1456.72802068914,1570.1042274397987,0.4851111746195288
c1ccc2c(c1)ccc1c2ccc2c3ccccc3ccc21,-7.87,-640.5400830759731,0.3879089829351869,7.064554665703326e-07,3.608949756219907e-07,0.0413322612623511,3.0,3.7401945765947913,518.0875854167223,3375.821961101276,3893.909546514052,0.4999999999993649
c1ccsc1,-1.33,-1672.5325568115425,0.017065138063117,2.1418600226752463e-08,1.2267483345638005e-08,0.043259886283687,3.0,1.357131989217038,62.3615765908762,92.60071703121386,154.96229362038503,0.499999999991272
c1ccc2scnc2c1,-1.5,-1405.263109870554,0.0669215881134732,7.930793799459934e-09,4.426923209113756e-09,0.042223293893635,3.0,1.9845316286275485,157.41473055370955,374.9893097289032,532.4040402825157,0.4999999999989697
Clc1cc(Cl)c(-c2c(Cl)cccc2Cl)c(Cl)c1,-7.32,-3416.211414285601,0.1122389876109082,2.661545295268297e-08,1.3810503561538829e-08,0.0470036554942193,3.0,3.031365735019186,1190.2569870621337,2404.2703189378494,2404.572559497596,0.2525641840578272
CC12CCC3c4ccc(O)cc4CCC3C1CCC2O,-5.03,-526.5641951645564,0.1642014898970956,0.151833488514967,0.0815079883359021,0.0340144736950495,3.0,3.4381348695007525,552.6368971666585,2788.127787160848,3098.9078654611144,0.4609770878374717
ClC1=C(Cl)C2(Cl)C3C4CC(C5OC45)C3C1(Cl)C2(Cl)Cl,-6.29,-3325.039520021852,0.2189399637572933,0.8827080237679183,0.4799619680693844,0.0414918654288771,3.0,2.7687379263148624,1676.3236009239613,2052.8519377483844,2110.6378152057982,0.1165761572624517
C=C(C)C1Cc2c(ccc3c2OC2COc4cc(OC)c(OC)cc4C2C3=O)O1,-4.42,-715.9926072446324,0.2702171411583549,0.0592995419065118,0.0296509194357543,0.0439770139398918,3.0,4.115617444319611,1914.0017268475035,5523.340274980511,5924.373680864429,0.3723098505879889
O=C1CCCN1,1.07,-600.3880617218274,0.0678956829915478,2.558072083047591e-07,1.3574466107567317e-07,0.0454487859938557,3.0,1.5661076789522983,69.7762455796874,145.2276105305745,202.47396941376803,0.4690580306848571
Clc1ccc2ccccc2c1,-4.14,-1278.67239893736,0.1231077532829658,3.624154487624765e-08,1.813593462588793e-08,0.0431405509796414,3.0,2.5452415323157025,183.183601472436,870.2842254425914,1053.4678269122433,0.4999999999982039
C=CCCC,-2.68,-356.75815983176665,0.0232562621313263,0.0151464585560461,0.0087447310303299,0.0323038105032777,3.0,1.8131731753375064,35.82240070671724,199.3755967049113,225.95322869547653,0.4795427381797441
CCC1(c2ccccc2)C(=O)NCNC1=O,-2.64,-658.7017140610876,0.221790895313461,0.2623859221785096,0.1514882096131135,0.0392218338480681,3.0,2.566593567106662,649.3274464615469,1092.2315321774115,1133.921278339863,0.232063542722656
CCCCCCCCCCCCCC,-7.96,-341.34348892769646,0.0493638590960472,0.0699756987887667,0.0355113628066585,0.0378491888572109,3.0,4.731554805321311,209.6744745103051,4288.205276778433,4385.255592882001,0.4871587691957432
CC(C)Cl,-1.41,-1432.0223224974034,0.021694897675843,2.006891008932144e-08,1.045924743605973e-08,0.0257507189446352,3.0,1.453731221292007,62.313972742203646,111.40830043797322,158.23607771818283,0.4510661674435682
CCC(C)CO,-0.47,-412.9474327914024,0.0323046443727434,0.0293798745406093,0.0152893125559588,0.0310061379007891,3.0,1.837588377632371,92.88184105615258,231.1910124884944,271.2448297963199,0.4026192982391566
N#Cc1ccccc1,-1.0,-679.7017564400246,0.0309271529786201,1.251537469215691e-07,6.403389838935255e-08,0.0454856158178159,3.0,2.000587474118743,88.18342936399112,324.5549369526533,412.73836631303976,0.4999999999944218
CCOP(=S)(OCC)Oc1cc(C)nc(C(C)C)n1,-3.64,-1051.343243108391,0.2160006648118724,0.0503090695492574,0.0256560728913572,0.0446413006013,3.0,3.477113230487112,1101.4795357579326,2885.2284162428864,3372.540993206506,0.4089459609190398
CCCCCCCCCC(C)O,-2.94,-384.888656780633,0.0517162177729915,0.0821612997970078,0.0410835781883762,0.0470626426246718,3.0,3.603305168643487,298.83340493780935,2000.37271862114,2175.3257723196625,0.4715260231785582
Clc1ccc(-c2c(Cl)ccc(Cl)c2Cl)c(Cl)c1,-7.43,-3416.2079092139943,0.1079447390366112,5.717738531529903e-07,2.938944189078045e-07,0.0466797601520974,3.0,3.280413900247853,1055.068748051481,2774.735989301444,3195.524856732775,0.4007549762467717
O=c1[nH]c2c(c(=O)n1C1CCCCC1)CCC2,-4.593999999999999,-596.1351825335847,0.2029874821673729,0.0365120565147663,0.0193919377404396,0.0439427754734818,3.0,3.0311742764946565,432.33415138748336,1825.592974187858,2047.559496304359,0.4486296662803761
CCOP(=S)(OCC)SCSCC,-4.11,-1781.4242598995122,0.2932577223255066,0.1200749369090772,0.0634387184756908,0.0474276953374756,3.0,2.9911729772661064,847.5884873687802,1768.4130105711,2043.0258432785952,0.3597727834557129
CCOc1ccc(NC(C)=O)cc1,-2.35,-622.2134580807451,0.0863145994935621,0.0455639135016099,0.0233133164722308,0.0387284725777922,3.0,3.1779243507464696,174.07447456978844,1640.6047076797586,1805.259006849005,0.4973909075191435
CCN(CC)c1c([N+](=O)[O-])cc(C(F)(F)F)c(N)c1[N+](=O)[O-],-5.47,-969.5664730800636,0.5542130091562285,0.2087094838279881,0.114116078525395,0.0481611411947563,3.0,3.14990049435168,1275.769018289176,2199.2171326717244,2919.5461722304435,0.4048756303266601
CCCCCCCO,-1.81,-398.9154045442804,0.0387637862677365,0.0640651875764888,0.0344288724578853,0.0377355627001334,3.0,2.813700676664873,104.941716976741,833.5680995009699,901.443750917949,0.4794407218847676
Cn1c(=O)c2[nH]cnc2n(C)c1=O,-1.39,-831.2615910838119,0.1256692274328088,5.521906132344157e-07,2.781093931748297e-07,0.0447491687627781,3.0,2.338909116348583,421.1090500132888,567.6242753117637,982.4723279242278,0.4968136520368739
CCCCC1(CC)C(=O)NC(=O)NC1=O,-1.661,-637.6749094363665,0.1935865124396514,0.1064600130193866,0.0538883858218588,0.042651262498548,3.0,2.52638139151782,667.8824016316631,971.6213869949162,1069.898392248041,0.2338039759167379
ClC(Cl)=C(c1ccc(Cl)cc1)c1ccc(Cl)cc1,-6.9,-2490.616185333141,0.0866084489025524,8.967894245870411e-06,4.6430148123687645e-06,0.0491367532266095,3.0,3.750996223740577,1375.670696491853,3267.134015074947,4306.204425897556,0.4609168246117336
CCCCCCCC(=O)OC,-3.17,-473.480284643346,0.0725106723602948,0.0184665856304491,0.0092356909481715,0.0210038951404732,3.0,3.19402033541211,160.56011892618525,1501.388169967964,1566.726987627354,0.4696113930443181
CCc1ccc(CC)cc1,-3.75,-441.9251786383563,0.0357559796957502,1.1791962606366725e-07,5.9153679350529407e-08,0.0313955872586917,3.0,2.5098322685947694,149.06143226636297,752.8266861087955,789.1099006006827,0.4285408675714978
CCOP(=S)(OCC)SCSC(C)(C)C,-4.755,-1543.9909659642058,0.2438529692080919,0.112142162186501,0.0578557060586803,0.0398804281095832,3.0,3.0905100746476486,929.727039209361,2224.1062427765664,2355.687573575884,0.3305917734245343
COC(=O)Nc1cccc(OC(=O)Nc2cccc(C)c2)c1,-4.805,-737.9379397865629,0.1506042742767022,0.004204794542602,0.0021259263036694,0.0494460635944429,3.0,4.489656055536072,826.0214510827311,5370.855561095716,5909.988489248699,0.4757285040865477
C=C(Cl)Cl,-1.64,-4526.01823282422,0.0338657245592912,1.1277734301984308e-10,5.6943375393524645e-11,0.0429140579755629,3.0,1.499189101538553,67.20599015929922,150.66875295772752,217.87474311702672,0.499999999997705
Cc1cccc2c1Cc1ccccc1-2,-5.22,-566.328349282586,0.0668588975386228,8.424285624641925e-08,4.2122357942797814e-08,0.0400318975431683,3.0,2.687799412292868,310.23784419316195,995.037039242013,1299.0728944650652,0.497612917259097
CCCCC=O,-0.85,-462.5059737874218,0.0428748792865008,5.937654350418597e-07,3.08922160603858e-07,0.0445120650035385,3.0,2.0964277685987267,51.98130286530411,339.7852285141836,365.3529460364671,0.4638519606444998
c1ccc(Nc2ccccc2)cc1,-3.504,-588.4658332640166,0.0941779241238691,2.8273643692955375e-07,1.4413166350248896e-07,0.0456437986261044,3.0,2.866685833297664,197.85174726807423,1223.7528103401216,1359.7723947809238,0.4772637821353225
CN(C)C(=O)SCCCCOc1ccccc1,-3.927,-839.6026027530214,0.1657705092584365,0.0492845060325635,0.0259800972430281,0.0442704020093766,3.0,4.024829617395619,395.21862870794587,3866.593360184314,3946.673718817936,0.4600754594213539
CCCOP(=S)(OCCC)SCC(=O)N1CCCCC1C,-4.15,-1093.6641409925712,0.436962999185198,0.1092093361803563,0.0570619791442484,0.048008170213988,3.0,3.447706071319432,1497.777208248213,3418.166675590411,3487.3606455806034,0.2951770144465845
CCCCCCCI,-4.81,-678.8154111960916,0.0600672966775164,0.0892838006784586,0.0474868609445341,0.0429736559785057,3.0,2.987016853016406,91.36745347190666,1950.3631694516328,1992.9459579375848,0.4877606653625931
Clc1cccc(-c2ccccc2)c1,-4.88,-1142.0078696329156,0.059360106177337,3.5946031857747585e-06,1.8086909276126229e-06,0.0415003049379014,3.0,2.967793923220798,304.31716425236766,1405.2301913186886,1613.706337622595,0.4703040709096424
C=CCCCO,-0.15,-462.4694383349074,0.0470186414768249,0.0563170817613354,0.0321527841797568,0.0482519301891871,3.0,2.0233100073096963,66.93058057051368,300.54893747530684,337.74835823842625,0.4559862260125063
O=C1NC(=O)C2(CCC2)C(=O)N1,-1.655,-826.1442508261023,0.3764156563738652,4.820882168132812e-06,2.5380975245284056e-06,0.0497133148704739,3.0,2.250691090494933,310.901002126222,580.1076215565861,812.5764111781612,0.4517385617976339
CC1CCC(C(C)C)C(O)C1,-2.53,-411.3901020847567,0.0789841512396378,0.2886831680971227,0.155768291490838,0.0464565104918678,3.0,2.444592648039104,250.3933262116806,738.8020924016286,878.5420502884917,0.4370244325303749
CC(C)OC=O,-0.63,-598.4658636113674,0.0714496405234967,1.359894667984918e-07,7.11030645126302e-08,0.0446965085138233,3.0,1.7162657430551458,77.70004493009733,201.42432724520108,239.9200740001628,0.4182971697150576
CCCCCC(C)O,-1.55,-398.921427048881,0.0434545096741203,0.0258377844329515,0.0130356037110029,0.0480952693063587,3.0,2.5364694039885824,119.4810331396406,680.5730352788313,695.1839444826597,0.4245738305890369
CC(=O)Nc1ccc(Br)cc1,-3.083,-4316.776956883746,0.0706492639146745,1.9121216610074049e-07,1.0982541314652689e-07,0.0412769336968472,3.0,3.040846524940627,142.59376477140648,1838.3534423555625,1977.8073573421848,0.499206229622383
Nc1cnn(-c2ccccc2)c(=O)c1Br,-3.127,-3785.861624695293,0.2661951342306565,1.154548954218626e-06,6.052100191614905e-07,0.0405668216877478,3.0,3.0599311441130586,442.4806387791749,2049.4323934428976,2491.1331695561817,0.4998434723048087
COC(=O)C1=C(C)NC(C)=C(C(=O)OC)C1c1ccccc1[N+](=O)[O-],-4.76,-772.2083571823965,0.545721945585683,0.0466728735118522,0.0264825555665888,0.046929366203846,3.0,3.1284260655137004,1785.940888579902,2253.3902263795,2739.942860692312,0.2628804102251799
Cc1ccc2ccc(C)nc2c1,-1.94,-568.9517488830517,0.1807555701670935,7.37875780032482e-06,4.225595113340485e-06,0.0468367778202678,3.0,2.5358035714666154,220.26393909137136,793.7884829331373,1007.8395899305476,0.4969177475478101
C#CCCCCCC,-3.66,-387.67660494153466,0.0278128450390795,0.0463114337035222,0.0232797965393399,0.0417976967415319,3.0,2.7184156073959063,98.30593394470714,735.3242443350911,795.0780862834183,0.4757557825687646
CCC1(C2=CCCCC2)C(=O)NC(=O)NC1=O,-2.17,-661.9052221223257,0.2890774063162098,0.1167641315005312,0.060267576915161,0.045974386612154,3.0,2.734786214811471,755.7250004892013,1329.6377180310074,1448.80519205825,0.2803163841654268
c1ccc2c(c1)ccc1c3ccccc3ccc21,-8.057,-629.1869272057041,0.2953899294079747,1.633561623748392e-07,8.197942743942818e-08,0.0429163944822922,3.0,3.172895914086415,397.32191589669,1900.9750748485703,2298.2969907435154,0.4999999999994027
CCC(C)n1c(=O)[nH]c(C)c(Br)c1=O,-2.523,-3210.31195005472,0.1758144270424964,5.498004611581564e-07,2.9279881202855026e-07,0.0418084634395337,3.0,2.744907974364109,566.0068315252828,1538.6325438855526,1830.1731694924893,0.4250163289205835
Clc1cccc(-c2c(Cl)c(Cl)cc(Cl)c2Cl)c1Cl,-8.6,-3984.750282387689,0.1225772465841146,1.0818330338224769e-06,5.531999358599588e-07,0.0417145723421349,3.0,3.2927785683918347,1463.919662854214,2822.2617229862403,3539.075569621558,0.3944490162017682
Cc1ccccc1O,-0.62,-590.1947645044705,0.0427842787503323,0.0060736739869753,0.0035066316970264,0.0394763639723361,3.0,1.87443264893668,153.63449889816192,227.86119013177813,378.40360550792354,0.49591430488769
CC(C)CCC(C)(C)C,-5.05,-333.3427229008961,0.0307552671438315,0.0920112429957953,0.0531223858202867,0.0301545932224002,3.0,2.5013372286946463,177.7677420480894,690.0858036169237,737.09952918696,0.4113050468075181
Cc1ccc(C)c2ccccc12,-4.14,-527.0443442897744,0.1630713896702218,1.035823515849188e-07,5.727513480834372e-08,0.0459828270202142,3.0,2.360468476041625,424.1375334981739,449.4411916306393,867.367185914135,0.4964193139211714
Cc1cc2c3ccccc3ccc2c2ccccc12,-6.57,-604.4301089562327,0.3155935384165786,9.44746716413647e-08,5.1837848463201657e-08,0.0470844593245109,3.0,3.230175561470169,562.7538766762669,1967.188368044171,2526.828937641801,0.4993839497733193
CCCC(C)=O,-0.19,-462.5286821888365,0.043900898254833,0.050966040561434,0.0291822960802875,0.0456997115580727,3.0,1.8271621985978608,75.66172609946784,235.83943151909145,263.6192985944516,0.409183699220392
Clc1cc(Cl)c(Cl)c(-c2c(Cl)c(Cl)cc(Cl)c2Cl)c1Cl,-9.15,-5121.8472017990725,0.1421126689965604,1.401494955644012e-07,7.103497781141686e-08,0.0376504182236788,3.0,3.426349219106376,2179.5807178159685,3955.342318898959,3955.4473846165,0.2244969481106892
CCCOC(=O)CC,-0.82,-525.9815503703122,0.0772987137406744,0.0344336658381507,0.0186606877233951,0.04452510172434,3.0,2.340916319699591,97.32478046923134,558.6165223953283,617.1465597584313,0.4685692624437129
CC12C=CC(=O)C=C1CCC1C3CC(O)C(O)(C(=O)CO)C3(C)CC(O)C12F,-3.68,-677.125388813897,0.46109614182933,0.695700591772038,0.3954228824532766,0.0436893591527838,3.0,3.639562631537175,1198.265268668885,4586.798312381842,4664.7533785765945,0.3799175313726076
Nc1ccc(O)cc1,-0.8,-658.6643812075221,0.0533469203564891,5.442598194349557e-08,2.815922964193634e-08,0.0326585422588233,3.0,1.984969632906876,89.42066516982075,340.8235218564207,429.7072484079261,0.4993752274120305
O=C(Cn1ccnc1[N+](=O)[O-])NCc1ccccc1,-2.81,-798.542889259791,0.2158600727234443,0.0210578894329955,0.0121566498605477,0.0462661773065662,3.0,3.527758640118874,598.7776443282809,2736.621980786152,3142.33971780852,0.4692808663855267
O=C1C(O)=C(C2CCC(c3ccc(Cl)cc3)CC2)C(=O)c2ccccc21,-5.931,-929.1197914482576,0.1992520108979079,0.0339811902958899,0.0196174760609273,0.0409381252636689,3.0,4.479705813267683,1190.7133570923604,6541.160351618979,6991.483645574923,0.4470505760529153
CCNc1nc(Cl)nc(N(CC)CC)n1,-4.06,-954.236872513856,0.3043828521622345,0.0687090339706628,0.0394189451755521,0.0442650329598394,3.0,3.06874265399664,826.8399457069726,1390.6600108555351,2108.979226077891,0.474271740294146
NC(=O)c1cnccn1,-0.667,-842.2602095400161,0.1255516887740668,8.736788004171103e-08,4.4071136213187534e-08,0.0469528171166631,3.0,2.04338021023301,126.428117220963,387.6265841805082,514.0547013744379,0.4999999999727331
CCC(Br)(CC)C(=O)NC(N)=O,-2.68,-3384.12260504418,0.2805818154738517,0.3082335052313283,0.1777061853125807,0.0474420952196451,3.0,2.444045896810437,502.0756541005395,1070.4081469760404,1260.047834699842,0.3760221803595592
Clc1ccccc1-c1ccccc1Cl,-5.27,-1710.5568859449495,0.0842440548221929,7.088674465194345e-07,3.9209235930530354e-07,0.042407028299269,3.0,2.628485939827441,599.7816076911404,1219.6195106789023,1263.3118955887076,0.2799081823247
O=C1CN(N=Cc2ccc([N+](=O)[O-])o2)C(=O)N1,-3.38,-1069.6327996292323,0.2636016010437743,0.0178967316533089,0.0103306702346499,0.0457068812606378,3.0,3.7366616635302297,276.4939146954089,3057.501672806439,3316.6613566849774,0.4973867951904516
O=[N+]([O-])c1ccc(Oc2ccc(Cl)cc2Cl)cc1,-5.46,-1809.9509744535376,0.1561841269140131,1.0900839697569609e-06,6.094356624129434e-07,0.038456890668315,3.0,3.689480695798111,604.8519277263036,3502.161271253957,3627.2595713466,0.433868307713029
CC12CCC(CC1=O)C2(C)C,-1.96,-469.90432518180575,0.1083906429084891,2.352471710764803e-06,1.3105238543772394e-06,0.0402115149720676,3.0,2.008121844594213,345.39112939821405,424.2642415166423,458.1522755614863,0.1600441469248089
C=CCC1(c2ccccc2)C(=O)NC(=O)NC1=O,-2.369,-760.484242485509,0.33303370262729,0.1824308046270744,0.091493572512985,0.0492924898218468,3.0,2.788265899374854,908.6133992015356,1344.52126931249,1544.6727869497154,0.2706757419596094
CCCCC(=O)OCC,-2.25,-503.9184026531119,0.0709295734413899,0.0285981661927507,0.0143281145016356,0.0495435574845171,3.0,2.6285092856222763,111.32911238026016,832.6258225735587,854.984930681,0.4479698407065199
CC(=O)OCCC(C)C,-1.92,-503.9190326697093,0.0679526021431229,0.0340041886083781,0.019632316742003,0.0380058708199004,3.0,2.6710669494729684,116.83173508783976,832.6089367207148,908.2233167133858,0.477308799313104
CCCCCC(=O)OCN1C(=O)NC(c2ccccc2)(c2ccccc2)C1=O,-5.886,-661.5245162477745,0.4004040963918669,0.0479657536779996,0.024859765442133,0.0462259673972603,3.0,3.952401172001161,1743.7132748100682,4747.537860337818,5394.941753245284,0.3983946971027145
Clc1cccc(-c2cc(Cl)ccc2Cl)c1,-6.01,-2279.110428802718,0.0768390511657344,0.0008896314684534,0.0005126311390364,0.0417923695327739,3.0,3.2735028550163583,750.053957472066,2226.6748114654965,2542.733418481142,0.4146596832953709
CCCBr,-1.73,-6661.288975937259,0.0178758818365167,3.499153535813093e-07,1.7556107211467893e-07,0.049736385920316,3.0,1.4627206657928509,44.07650629014615,228.5841906875613,253.63907884766675,0.4625025878950027
CCCC1COC(Cn2cncn2)(c2ccc(Cl)cc2Cl)O1,-3.4930000000000003,-1268.2434712959785,0.2272183262975886,0.2440189971021027,0.1290807810113917,0.0488363929659998,3.0,3.5761896628894374,1320.834296370145,3356.2859509969503,4076.273604325853,0.4262995199335417
COP(=S)(OC)SCC(=O)N(C)C=O,-1.995,-1810.5288402662693,0.4608722959237639,0.1629263473951141,0.0917999859592734,0.0496140220927937,3.0,2.6460665865720667,630.5530562228221,1426.7591321568552,1545.1688906339034,0.3342759484575383
Cc1ncnc2nccnc12,-0.466,-783.8489196849589,0.3331208873296418,1.737371349008754e-07,9.297920988984073e-08,0.040274037201328,3.0,2.124175023732138,248.7687352812873,412.2269907307033,657.9238857472818,0.4976655048309918
NC(N)=S,0.32,-1865.322145097725,0.0151347133014496,1.193327443615999e-05,5.967743255647621e-06,0.0438922074718248,3.0,1.382765511233956,47.30510570866706,98.5635774157883,145.2088841197959,0.4977281038634296
Cc1ccc(C)cc1,-2.77,-470.29209739952086,0.0360343644115346,0.0001719589618005,9.92763245490625e-05,0.0462435724552366,3.0,2.03436623330318,92.65905979551984,349.85350306433673,436.2709680817511,0.492846653529875
CCc1ccccc1CC,-3.28,-441.924229722033,0.0419553631400049,0.0341557989340799,0.0197196908877308,0.0381703273078187,3.0,2.2499750816912427,331.4515937623199,388.4879937738268,639.0280613633937,0.4366917268069589
ClC(Cl)(Cl)C(Cl)(Cl)Cl,-3.67,-9652.64101929591,0.2493638965825084,1.1787051334977152e-08,6.6320104202812314e-09,0.0192496063451489,3.0,2.06827699276817,589.258088681608,718.0131492412402,718.0131688313945,0.0896606812583377
CC(C)C(C(=O)OC(C#N)c1cccc(Oc2ccccc2)c1)c1ccc(OC(F)F)cc1,-6.876,-758.5315251991852,0.3116396263721981,0.0514159365775412,0.0264297134034547,0.0484222656313645,3.0,5.022021696489424,2237.261184444,10070.71597205967,10464.793665962166,0.4119340739350899
CCC[N+](=O)[O-],-0.8,-677.8912096841615,0.0643681855308386,0.0046600803507317,0.0026904944861815,0.0263377594306562,3.0,1.830862150051531,57.85691929251526,256.6900696590555,282.7492034398313,0.4437703358209575
CC1CCC(C(C)C)C(=O)C1,-2.35,-438.63060138564055,0.0701462538745545,0.1240831799714214,0.0620533500478263,0.0443221536943698,3.0,2.3110064435901934,272.0239169472412,653.310275862841,722.3194680389112,0.3594702664438268
CCN1c2cc(Cl)ccc2NC(=O)c2cccnc21,-5.36,-1089.363607785686,0.277396046782087,6.921400199644268e-07,3.490341513664417e-07,0.0476662687516372,3.0,3.1738008092494985,880.7769757457887,2109.0527950224136,2524.5396868312305,0.4078465499344529
O=[N+]([O-])c1cccc(Cl)c1Cl,-3.48,-2636.329956726353,0.1159785041818395,8.694842108525336e-07,4.44093458361683e-07,0.0348389499605625,3.0,2.368319702635852,376.27792087544486,737.129853077602,1040.368410799792,0.4648973563614667
C=CCC1(C(C)CCC)C(=O)NC(=S)NC1=O,-3.46,-876.1002752275272,0.1997313760330143,0.1036555189348291,0.0595441847094429,0.0475242718052179,3.0,2.899421302594741,1043.5644507976886,1394.9708434645963,1837.8908259747293,0.3365940838815396
c1ccc2c(c1)-c1cccc3cccc-2c13,-6.0,-644.8882149912814,0.1676081756668281,9.845462045632305e-08,5.5150869191322233e-08,0.0475765318311325,3.0,2.7261332899911324,484.1936116168383,1018.9330782674602,1503.12668988402,0.4999999999995747
CCCOC(C)C,-1.34,-404.92020684260376,0.0322918627280159,0.041019077758392,0.0236821716464493,0.047378955619156,3.0,2.264058325455485,79.3944403098135,460.9779960001375,507.1380141829412,0.4672333554195411
Cc1cc(C)c2ccccc2c1,-4.29,-527.0441506293874,0.1447111822817532,9.38342054723762e-06,4.697871056214411e-06,0.0466909426575619,3.0,2.43939361793677,319.95086700030936,612.8214072941986,926.541279751245,0.4966374976051099
CCC(=C(CC)c1ccc(O)cc1)c1ccc(O)cc1,-4.07,-577.5580678078534,0.1459811890927085,0.0454019775170309,0.0227039637385011,0.0418010948061595,3.0,3.6813708095588136,577.0802955401803,3243.883241422076,3452.821032741264,0.4466896052921675
N#Cc1c(Cl)c(Cl)c(Cl)c(C#N)c1Cl,-5.64,-4384.280275106628,0.0970570246136048,2.1098821889609098e-07,1.0549678940928985e-07,0.0349696969207407,3.0,2.838398465483752,1060.7653509257896,1081.4756672980084,2142.2410182236213,0.4999999999997253
Clc1ccc(Cl)c(-c2ccc(Cl)c(Cl)c2)c1,-7.25,-2847.6588162524577,0.0830103244661586,0.0001426829476258,8.177930034635161e-05,0.0387664444122855,3.0,3.5296677455508365,841.092549211491,3061.307328917544,3372.897545780652,0.4215063124268908
c1ccc(C2CO2)cc1,-1.6,-616.4337164025695,0.0978450606544356,3.052662577829324e-06,1.6146397475537176e-06,0.0425215280348666,3.0,2.130012625333583,117.69657126012228,441.4023622979201,531.140134664061,0.4736803932990185
CC(C)c1ccccc1,-3.27,-454.0799173318276,0.0288155511425429,3.479744918877259e-07,1.9310685347730265e-07,0.0467778646659344,3.0,2.1594622267717103,149.20138420004048,465.56534803338405,506.238451963948,0.3928091299177022
CC12CCC(=O)C=C1CCC1C2CCC2(C)C(C(=O)CO)CCC12,-3.45,-526.4466976104113,0.259581076385075,0.3037358394140028,0.1521320228734845,0.0481388301479877,3.0,3.810340018495042,776.297116455229,4377.659804500767,4441.968671192491,0.4198566781456829
Clc1c(Cl)c(Cl)c2nccnc2c1Cl,-5.43,-3838.334469712934,0.2702744372363668,4.423782229423524e-08,2.5521836811118826e-08,0.0456482089251966,3.0,2.7831841432107587,1002.6361126205466,1072.6872513456797,2075.3233639524874,0.499999999996449
OC1COC(O)C(O)C1O,0.39,-779.6762761028864,0.1432302889461425,0.1352926513973216,0.0721418904000617,0.0460616657138993,3.0,1.9487489651457528,286.7557315132312,415.0667125661086,438.45169652523447,0.1996581953705056
ClCCl,-0.63,-5223.81873991353,0.0096565516796545,3.2378011383116235e-10,1.6870575128526168e-10,0.0263438969527583,3.0,1.4106955410676434,15.617745888783851,155.00328959960538,167.39894010279312,0.4903759982452748
CCc1cccc2ccccc12,-4.17,-527.0390872374584,0.1463617873650946,0.0157604255655314,0.0090990194893037,0.0477956590726483,3.0,2.387732722226441,358.2694667174952,553.9081902149294,869.2175975424058,0.4752880869459885
COC=O,0.58,-779.6630579481159,0.0525287259515607,2.5665940484032035e-09,1.383410802830237e-09,0.0231543780258205,3.0,1.2653218203424774,25.09896709002624,72.62619124081168,94.56606684147772,0.4832969076760779
O=[N+]([O-])c1ccccc1O,-1.74,-929.421500179008,0.1239197620689083,0.4225039223256317,0.2439327515434788,0.0403931334687912,3.0,2.085005197433368,211.9461936361036,392.7992910955838,604.7454847205604,0.4999999999899734
Cc1c[nH]c(=O)[nH]c1=O,-1.506,-824.4325527066852,0.0748249870066501,6.14720192970708e-07,3.098696628693921e-07,0.0359542874862098,3.0,2.0154387135592007,156.12283536777858,357.6953897119675,510.738321802637,0.4969848519813115
CC(C)C,-2.55,-308.1764911789809,0.0075544411702139,4.3338332034181803e-08,2.2022865598333524e-08,0.0318244162731541,3.0,1.4369302475585444,64.42881964251822,64.42882920828501,111.16756396265586,0.4204350430178949
OCC1OC(n2cnc3c(O)ncnc32)C(O)C1O,-1.23,-863.8306561149589,0.2674287121626548,0.0628977414417022,0.031539368637023,0.0441866073884326,3.0,3.293438117540974,459.4795907590836,2558.380920119449,2800.9570574463714,0.4612804750332668
N#Cc1cc(I)c(O)c(I)c1,-3.61,-1932.724960816212,0.0609197739977389,3.572495188564062e-09,1.7862587082356647e-09,0.0444577907421425,3.0,2.961226372386378,853.3802709249418,2399.130282746605,3252.5105536707733,0.4999999999997274
O=C(Nc1ccc([N+](=O)[O-])cc1Cl)c1cc(Cl)ccc1O,-4.7,-1718.737296010618,0.2229315016738837,0.191066579100152,0.1103122965101438,0.0357554602005182,3.0,4.054475776591597,933.8446020353238,4507.492149651601,5313.468001608748,0.4879674865793452
CCCCC,-3.18,-316.75709113250184,0.0152159789377037,0.0201797360077762,0.0116507181520558,0.0283858402228354,3.0,1.860085228046676,42.79266544064701,219.10230545133368,237.37798006484329,0.4483587508383529
Oc1ccccc1,0.0,-644.0407915908553,0.0208876772230723,1.0354779078625145e-07,5.369304572753566e-08,0.0429636262397619,3.0,1.723390650097036,88.43037298983771,191.0923268099378,279.5226997997207,0.4999999999981132
Nc1ccc2cc3ccccc3cc2c1,-5.17,-623.0413633164989,0.2791235450840759,3.338700480526313e-07,1.9164355886847122e-07,0.0494555247130351,3.0,2.973974343130996,254.2226137838929,1455.1943212251358,1708.9736675711404,0.49987031179962
Cn1cnc2c1c(=O)[nH]c(=O)n2C,-2.523,-831.2650998676032,0.1231547698189388,3.726745489984751e-07,1.903182375526412e-07,0.0430194838263258,3.0,2.3783100366654986,371.7920749536216,650.4230858170253,1015.9631699933263,0.4969231213478165
c1ccc2cnccc2c1,-1.45,-643.7995947067923,0.1438080894567974,1.2398231774568558e-07,6.940375692786639e-08,0.0441397508396518,3.0,2.082913379490469,156.27776139710286,404.0952110565127,560.3729724526224,0.4999999999982216
COP(=S)(OC)SCC(=O)N(c1ccc(Cl)cc1)C(C)C,-4.432,-1623.210025877607,0.4988684021154768,0.0770408595781191,0.0388517090342251,0.0483479836856148,3.0,4.226506225565392,958.020650382844,5976.29488188677,6207.496059082199,0.4414563081256502
CCCCCCc1ccccc1,-5.21,-424.90335663680526,0.0446853519715659,0.0259148122604528,0.0144948960546604,0.0480470079298082,3.0,3.480991309853924,160.70349977367772,1870.034482524405,1901.9561293437653,0.4661448939414594
Clc1ccccc1-c1ccccc1,-4.54,-1142.0041166376,0.0644322930857015,3.38394966092892e-06,1.754207291790462e-06,0.0431895681695391,3.0,2.6286303197685674,385.6598220236632,998.8427765641738,1222.581492166918,0.4337790129086628
C=C(C)CCC,-3.03,-356.7782050256984,0.0331787164732304,0.0089608913604024,0.0051735658261273,0.0409441239445425,3.0,2.011529009945128,66.20068899290484,280.50657489682646,334.3735456915504,0.4815569766836137
CC(C)C(C)C(C)C,-4.8,-330.62855865064563,0.0443337145588884,0.10223610902176,0.0516233803827109,0.0419191866464894,3.0,2.096320116992469,182.93108878823412,375.6092118664088,445.45800577549454,0.3730718794883589
Clc1cc(Cl)c(Cl)c(Cl)c1Cl,-5.65,-5738.704581668225,0.0601191276364261,1.2354576028883456e-08,6.576290478884981e-09,0.0318638073895429,3.0,2.6954464421478512,726.4292284459261,1092.282651990912,1818.711880433489,0.4999999999988044
O=[N+]([O-])c1cccc(O)c1,-1.01,-929.4109239181244,0.1029724380659899,0.0187804283214063,0.0108428829734227,0.0321235961467243,3.0,2.23141359385203,182.8848533624896,509.7725805749285,692.6574337785665,0.4999999998846099
C=CCCCCCCCC,-5.51,-356.7919093107427,0.039360358929116,0.0658441791329096,0.0344957093088017,0.0456964141995867,3.0,3.040254481663222,206.6398600591664,1161.2029119842528,1225.2297752222746,0.4418015299227624
CC(=O)OCC(COC(C)=O)OC(C)=O,-0.6,-753.7784614205642,0.1827198681457957,0.134992122719268,0.068557658852155,0.0408820940145309,3.0,2.868960297464181,633.7584064411344,1272.762650516545,1685.5404958032077,0.4344481601879174
CCCCc1c(C)nc(N(C)C)nc1O,-2.24,-536.6928244700946,0.2112584680908185,0.0258043524081585,0.0136219515106322,0.0408705587949977,3.0,3.1419997604617547,427.04397610918016,1735.689912760433,1969.6151211543488,0.4509755064220405
CC1(C)C(C=C(Cl)Cl)C1C(=O)OC(C#N)c1ccc(F)c(Oc2ccccc2)c1,-7.337000000000001,-1245.2222366046246,0.5327434664213797,0.1845152369569405,0.106213570630459,0.0475934934999153,3.0,4.906093579292437,1916.0966472736643,9277.351575226396,9712.98201720906,0.4237893057626989
c1ccncc1,0.76,-614.6183734318691,0.0248985721173085,2.612978278193623e-09,1.331940784667757e-09,0.0447692341394009,3.0,1.4601337631194902,82.87620280015344,85.76851813160279,168.64472093174317,0.4999999999969964
CCCCCCCBr,-4.43,-3372.002836342943,0.0283757119614165,0.0738036121765617,0.0405654846763746,0.0494775478857382,3.0,2.867656499592725,116.24629785317516,1385.1058857072512,1444.305414384098,0.4802511405797036
Cc1ccncc1C,0.36,-523.64733197676,0.0487144953367533,1.7093043425120413e-07,8.856827990469611e-08,0.036871085227558,3.0,1.8889859044361168,155.7733306802624,229.68596566397383,379.26330108476094,0.4918315386134945
CC12CCC(=O)C=C1CCC1C3CCC(O)(C(=O)CO)C3(C)CC(O)C12F,-3.43,-629.0519484465295,0.3878335866393172,0.4142421716751414,0.2073994245778716,0.04519300774866,3.0,3.8083183081908274,987.2383068086452,4854.184382821903,5194.315139451916,0.4377100221293284
CCSCc1ccccc1OC(=O)NC,-2.09,-936.180687616317,0.1182780159360845,0.0545225131027109,0.0273847718322995,0.0485083475979558,3.0,2.9466123552342185,854.3618343417696,1266.5462580693272,1791.5415799131067,0.4080773462944742
CCOC(=O)CC(=O)OCC,-0.82,-680.6184659678602,0.1330116589906538,0.0460318801688117,0.0265758274076291,0.040180830779831,3.0,2.6402954533185365,229.39620478373507,949.1794374594892,1054.5518357247436,0.4411959648080611
C=C(C)C1CC=C(C)CC1,-4.26,-409.1565394973996,0.060750961620215,0.011369039886631,0.0065636227395853,0.0475575554651589,3.0,2.4246333582601136,163.26536208478836,699.802370243689,738.7769615870484,0.4158807209720928
c1ccc2c(c1)CCC2,-3.04,-500.1555433003009,0.051167788589737,5.799320206278935e-07,3.021777157700208e-07,0.0481792006791116,3.0,1.9935883482501464,141.57803696954062,334.6821337156592,463.1197650843998,0.4858131669252154
CC(C)(C)c1ccc(O)cc1,-2.41,-506.1826081128463,0.0675715785619104,0.0035364931791264,0.0020416795821151,0.042456736595908,3.0,2.483264128307578,195.92996257014627,785.3843903337707,871.3915039009162,0.4369268299542809
O=C1NC(=O)C2(CC2)C(=O)N1,-1.886,-908.96789307269,0.1858187558973441,9.965333447325977e-08,5.4613447222142484e-08,0.0406854420969189,3.0,2.148089293531907,287.30790338332685,442.9435874173139,692.1026659024192,0.4724399090058229
Clc1cccc(I)c1,-3.55,-2243.2619921291075,0.0246437554014846,2.5174813345074654e-08,1.4084016434573161e-08,0.0385384055892792,3.0,2.403666385874007,203.7157680215296,1173.970106665741,1377.685874621969,0.4999999999759374
Brc1cccc2ccccc12,-4.35,-4474.33739435799,0.1414177092956379,8.357164915651084e-08,4.2343804205115145e-08,0.0363491380476656,3.0,2.3934556976321084,355.657252242642,830.570198411262,1186.2274506532378,0.4999999999992977
C/C=C/CC,-2.54,-356.76561615006943,0.0270368254423374,0.0215652521692391,0.0124506874173331,0.0312360989785266,3.0,1.915804460165785,29.468113155190693,239.4336695429328,245.93214226162212,0.453300857248312
Cc1cccc(C)n1,0.45,-523.6528906859255,0.0358463866978127,4.1192834032699466e-08,2.3214519087779072e-08,0.0370876954576738,3.0,1.9410653723899705,140.44474674024224,266.3833973153326,400.642632092514,0.4922805120217247
ClC=C(Cl)Cl,-1.96,-6610.691007591096,0.0292009743352537,5.558831617236137e-09,2.912278724750931e-09,0.0460013651977644,3.0,1.882813512686772,130.4985224176724,335.2418333231612,465.74035574071473,0.4999999999987989
Nc1cccc2ccccc12,-1.92,-600.7708656341362,0.1509932387925801,0.0014987012964411,0.0008646718245675,0.0477732354339314,3.0,2.215783587860757,258.7089454885834,444.6325580706754,702.6876776267176,0.4995347677536138
Cc1cccc(C)c1,-2.82,-470.2923462261689,0.0331355935486499,0.0003934928572562,0.0002271624900929,0.0362148467913199,3.0,1.9928447173181685,139.9334207184566,284.82016895304434,418.52398510782734,0.4925576492789849
Oc1ncc2nccnc2n1,-1.947,-953.5714760748956,0.3335468429795583,3.272361936978996e-09,1.8651095463367904e-09,0.0414499343128665,3.0,2.1975741097658315,166.85556503507505,548.4892327120709,715.3447977471054,0.4999999999992727
CO,1.57,-525.1665863718396,0.0237984469522416,1.269518179469742e-08,7.158323152845394e-09,0.0228736847326759,3.0,0.84130325700437,3.91266925877846,20.35752489184228,21.08789520343424,0.4245467857902351
CCC1(CCC(C)C)C(=O)NC(=O)NC1=O,-2.468,-612.8966085938346,0.2189141380586079,0.1957024620569427,0.1096529670432484,0.0447173150221891,3.0,2.7973698819513104,769.2488146082837,1290.4574886080895,1481.639022295813,0.3049230371830213
CCC(C)=O,0.52,-486.9219363131417,0.0455010394543933,0.0574212180472386,0.0331521264008583,0.0384096928978565,3.0,1.6120077630424114,52.36281073325105,139.6241332943331,182.76308979212703,0.4747655441618498
O=c1[nH]cc(F)c(=O)[nH]1,-1.077,-1166.4674012310848,0.0772380761263775,2.281558408867568e-08,1.2989182737218729e-08,0.0388390322058433,3.0,1.987954200214984,156.61684117995682,357.44805242505504,514.06489358098,0.499999999975653
Nc1ncnc2c1ccn2C1OC(CO)C(O)C1O,-1.95,-781.8531308865622,0.2859911806699529,0.2876336783956503,0.1630029624130724,0.045548504148605,3.0,3.276835645570544,608.1304931630477,2322.014978786324,2787.804464280019,0.4744707691134532
Oc1cccc(O)c1,0.81,-744.3538480847468,0.0245541913154738,5.21304173162207e-08,2.650043835801853e-08,0.0387278142625276,3.0,1.922076438004144,133.021731037484,273.77360096879534,406.7953320051852,0.4999999999974261
CCCCCCO,-1.24,-404.9281480505345,0.0440499251126311,0.0331636488281219,0.0189438639485186,0.042406960973589,3.0,2.504946230483769,69.74664325838765,587.3876311554652,625.1371350682109,0.4744079038408913
CCCCCCl,-2.73,-1052.5352507643188,0.0230165836728701,0.0408948554431845,0.0208071196697768,0.0474819040316683,3.0,2.2713055510248044,74.55535383863001,489.9861485889291,535.2485967517053,0.4726361677035955
C=CC=C,-1.87,-424.7523229835608,0.0191311463549936,6.152276910142973e-08,3.0900987289522835e-08,0.0408888249916498,3.0,1.5197472791734428,11.911837401778412,113.02076552111647,124.93260292288412,0.4999999999959547
CCCOC(C)=O,-0.72,-555.8325842449947,0.0698311495671077,0.006125393025286,0.0035364729850727,0.0438332988914034,3.0,2.072045380274113,87.8837262864528,368.2049985879687,420.9012119077039,0.4581997960897414
Oc1ccc2c(c1)CCCC2,-1.99,-548.7823162951304,0.0469168395793531,0.0015169034031714,0.0008757128020458,0.0392288316817244,3.0,2.384958357243761,196.45507501081823,656.8326376954637,832.7001823766014,0.4876380894550202
NC(=O)CCl,-0.02,-2022.791507411717,0.0886015706455509,1.1092961358372122e-06,5.734088886084762e-07,0.0447709744541134,3.0,1.6749205938793148,51.90525203291005,211.99662663036892,260.756360731431,0.4939684732445017
COP(=S)(OC)Oc1cc(Cl)c(I)cc1Cl,-6.62,-2827.4736850584377,0.2174472881742986,0.1067908867989899,0.0550408858730103,0.0476448154993286,3.0,3.540698376248604,1000.6382145100912,4352.042456108698,5002.185359154567,0.4649657813235862
Cc1ccc(Cl)cc1,-3.08,-1326.8592866549554,0.0351984608132625,6.682239472866058e-08,3.542741710171695e-08,0.0269897972284713,3.0,2.19870862195171,90.42368119792216,523.0795301155464,610.3821456147673,0.4974433510857754
CSc1nnc(C(C)(C)C)c(=O)n1N,-2.253,-977.8051563477928,0.385834895329026,3.1903618946671486e-06,1.6875191547953406e-06,0.0416419482692392,3.0,2.7713372237068827,410.1764986685855,1294.2114347405006,1587.1932477466646,0.4630811541601097
Cc1ccc(OP(=O)(Oc2cccc(C)c2)Oc2ccccc2C)cc1,-6.01,-843.0315994422239,0.3332165461906697,0.0112881882596411,0.0060746034524068,0.047042796869693,3.0,3.792597362084703,2451.93459036447,3246.7549473483145,4898.391792725933,0.4183101537349337
CCCCCC=O,-1.3,-445.8211354606096,0.0515564413180982,0.0258846179731335,0.0145704272473469,0.0410896596695772,3.0,2.5877407562236945,39.010145864743954,646.1278648848145,656.2986750499745,0.4780288024363724
CCCCOC(=O)c1ccc(N)cc1,-3.082,-594.7743565529487,0.1117901314428309,0.0340849448803055,0.018108834208871,0.0465097732199201,3.0,3.4051233407695416,233.1260239237472,2083.6788947997443,2164.5176316591696,0.4648218880646126
Cc1ccc2c(c1)Oc1ncc(N)cc1C(=O)N2C,-3.043,-728.4446320903684,0.3106385627688723,0.0075508525405894,0.0042055091364875,0.0437919238360067,3.0,3.0896236534983825,798.1013364953241,1755.878284452922,2319.653641356089,0.4494911707042463
CC(C)=CCC/C(C)=C\CO,-2.46,-438.5781163918922,0.0924655410271952,0.1425743241270538,0.0728056408525499,0.0465234887598876,3.0,3.0629352259738973,263.4140544175801,1218.7115218443928,1412.1457364121002,0.4752221608413364
Clc1ccc(-c2ccccc2Cl)cc1,-5.28,-1710.557927132416,0.073587917824625,2.7032001526094973e-06,1.3590412051286909e-06,0.044482605243905,3.0,3.114825724249266,385.6855839396284,1860.5182473818352,2082.813103853141,0.4607764308840346
CCCCCCCC(=O)OCN1C(=O)NC(c2ccccc2)(c2ccccc2)C1=O,-6.523,-630.0025869251556,0.405425189062953,0.1484838345495518,0.0834028552356604,0.0499858075216029,3.0,4.633274743927936,1600.8137415169908,7618.4835961600675,8319.34766805617,0.4459122454349804
CC[N+](=O)[O-],-0.22,-774.2106729453127,0.0610015244365058,5.412402970250696e-09,3.120398585658341e-09,0.0225732552271448,3.0,1.456450653517377,54.87310929904216,118.83362986189849,144.76478405856,0.4000379985664428
C=C(C)CN(CC)c1c([N+](=O)[O-])cc(C(F)(F)F)cc1[N+](=O)[O-],-6.124,-933.3720443506836,0.412386805517599,0.1415046550901024,0.0774752592282351,0.0425514255149189,3.0,3.366118595348172,1290.2312130236771,2850.1237799484265,3411.982806247084,0.3932626235114355
Clc1ccc(Cl)c(Cl)c1Cl,-4.57,-4696.371108788701,0.056475447549019,4.8603396862745285e-09,2.602963031832597e-09,0.0317579799883638,3.0,2.51917193734002,437.61701903789816,932.4192121215908,1370.0362311583333,0.4999999999992132
CCCC(C)(COC(N)=O)COC(N)=O,-1.807,-630.6358526858147,0.1016995634927298,0.1168542516315938,0.0638550979687722,0.0363684376881884,3.0,3.0867251291948383,726.003527146992,1548.1923175008162,1884.7774607123936,0.3966938028352115
CC(=O)C1CCC2C3CC=C4CC(O)CCC4(C)C3CCC12C,-4.65,-480.22505811693753,0.2364421171914728,0.1234623378950345,0.0631553078533131,0.0497589006493761,3.0,3.527302865903492,844.7552019898233,3410.225505257177,3620.346903232118,0.4123517965296187
CI,-1.0,-1837.974841740848,0.0347521028616029,1.031185092870146e-08,5.355597372860329e-09,0.0488110061951308,3.0,0.6940025933574215,3.2112499444541247,66.758044486958,66.75804456132067,0.4759485924719255
CC1CC(C)C(=O)C(C(O)CC2CC(=O)NC(=O)C2)C1,-1.13,-596.0009856012463,0.1593129154243797,0.1618438076548045,0.0819257911296343,0.0490963105534407,3.0,3.573481709951782,811.3550881628626,2987.931775348905,3386.3146562705806,0.4390233558955682
CCCCCCC(=O)OCN1C(=O)NC(c2ccccc2)(c2ccccc2)C1=O,-6.301,-644.9056064999171,0.3435278817050857,0.1918171381403226,0.109931708687592,0.0484872167742006,3.0,3.873385364964549,2472.9637229221307,4150.2993454836,5213.323843348013,0.364775403617265
CC1=CC(=O)CC(C)(C)C1,-1.06,-484.031689497496,0.0551035107946518,4.998091753805056e-07,2.683061131571576e-07,0.0414366078969846,3.0,2.17531340248281,332.03199088028816,380.19780872587006,595.7864336513197,0.4022775953104441
CCC(C)C1(CC)C(=O)NC(=O)NC1=O,-2.39,-637.6729782673028,0.2254276693274732,0.2741695635741052,0.1534333199181752,0.0356732240621083,3.0,2.438241581137308,703.7146857799892,829.1765696079841,990.7586969584752,0.2264053497111655
CCCCC(=O)CCCC,-2.58,-417.2269122958609,0.0619357884770579,0.0606658143660752,0.0321213206314802,0.0316945235679354,3.0,3.166299740104692,113.97958518734691,1335.1903540803046,1402.9113290388532,0.4835133521013557
CCC1(c2ccccc2)CCC(=O)NC1=O,-2.337,-623.3694197398643,0.1869845186956809,0.0072208623278129,0.0041687896050539,0.0469157884731553,3.0,2.676074710365899,711.2504368456264,1096.867528164149,1303.7576537183627,0.3065743622468591
CCC(C)CC,-3.68,-322.76899432744665,0.0239321525205014,0.0226395637146197,0.0117829447543551,0.0229525298278239,3.0,1.9602985976910947,76.08587463955473,271.1251352767085,315.1135582573912,0.4490700244107676
CCOc1ccc(C(C)(C)COCc2cccc(Oc3ccccc3)c2)cc1,-8.6,-581.1608134469054,0.2051596401979623,0.1221941101139236,0.0640610657721684,0.04483512833588,3.0,4.196491460322976,2132.490452920048,5199.109594987403,5928.996121920387,0.3817165758633075
Cc1ccccc1-n1c(C)nc2ccccc2c1=O,-2.925,-662.528720500239,0.293378479876992,2.503726136637852e-06,1.3490482971565644e-06,0.0449646707609347,3.0,3.0902516241219127,544.1220193467517,2025.092359172624,2211.3620640451186,0.4190878055897151
N#CCCl,-0.092,-2687.126711781036,0.0224854501593654,7.492599252145737e-08,4.306039211342912e-08,0.0473830884149916,3.0,1.5362335856767957,20.377624367186044,159.36762471301537,176.5932088774699,0.491075420669487
CCOP(=S)(CC)Oc1cc(Cl)c(Cl)cc1Cl,-5.752000000000001,-2495.619936913453,0.1356644106854219,0.0025092010619118,0.0012598339596975,0.0418626020672542,3.0,3.310710450136687,1218.471769607795,2805.967315726993,3288.3408563850367,0.3880745243423851
C#CC1(O)CCC2C3CCC4=CC(=O)CCC4(C)C3CCC21C,-5.66,-516.5728467301785,0.2208006754917733,0.1909558549523353,0.0984133438406696,0.0488918562475426,3.0,3.4762819897314583,861.6264558195026,3236.9646708081486,3453.1082220260364,0.4065359578820695
c1ccnnc1,1.1,-719.6585238985733,0.0752690840945433,2.270098775625229e-09,1.2959361250715255e-09,0.0220675930269091,3.0,1.4284597453701584,79.8220806371446,83.60134364628512,163.4234242833923,0.499999999996826
Clc1cc(Cl)c(Cl)c(Cl)c1,-4.63,-4696.378184138855,0.0409625418324139,1.1204974725842476e-08,5.700846282309552e-09,0.0490152686779828,3.0,2.611030052958814,600.9588300607451,870.811942033558,1471.7707720926328,0.4999999999990928
CC1COC2CC3(C)C(CC4C5C=C6CC(O)CCC6(C)CC5CCC43C)OC2C1,-7.32,-484.031711600332,0.3163263939422904,0.2299611482303589,0.1149908927262211,0.0485650670509766,3.0,4.580415426446512,1183.023117501343,7822.173900912764,8392.848176959778,0.4635196045165997
Nc1ccccc1O,-0.72,-658.6701687461137,0.121499681217756,2.634496922837571e-07,1.4269520957203826e-07,0.0488156075587522,3.0,1.8507947182746336,148.96086083673603,226.00664750948795,372.6555620167447,0.4968980117753224
CCCCCCCCC(=O)OCC,-3.8,-453.48488579783833,0.0826974422325292,0.1714471836639859,0.0945387286132044,0.0491887831784126,3.0,3.878439763233602,216.2621610675983,2667.0989658595445,2721.247566016832,0.470213375119607
COCC(=O)N(c1c(C)cccc1C)C(C)C(=O)OC,-1.601,-624.2336005999546,0.2929510791909706,0.2853062282738392,0.1647193372888936,0.0438272292264893,3.0,3.049372817440146,1181.891558599469,1821.3655349735136,2191.652031241116,0.314841715116407
CNC(=O)Oc1ccccc1OC(C)C,-2.05,-643.2144111558822,0.1725071593864413,0.0021571713768935,0.0012452576859531,0.0457321879342811,3.0,2.7366244330466496,699.5494961361568,939.2851926461416,1495.2843309236223,0.4519989760840634
CCC(C)Cl,-1.96,-1201.623514800376,0.0341986847051885,0.0313139378304185,0.0168895747011643,0.0399397953985414,3.0,1.68196974044715,110.00275717035176,162.17362136333804,251.56616083700987,0.4590361882754347
Oc1ccc2ccccc2c1,-2.28,-660.8591454438184,0.1205906813374895,3.750756150111556e-08,2.083124172560734e-08,0.0381945622719046,3.0,2.330232783815578,175.77380258045665,607.0833998493355,782.8572024297126,0.4999999999993105
CC(C)Oc1cc(-n2nc(C(C)(C)C)oc2=O)c(Cl)cc1Cl,-5.696000000000001,-1250.8937698957486,0.3519952491551521,0.1035564756166422,0.0565942074006736,0.0445196214526118,3.0,3.755614093913606,1420.6530133290453,3655.737973622236,4662.014736884313,0.4555582432215977
C#CCCCC,-2.36,-399.2455541354356,0.0173677829989173,0.0055930120433913,0.0032290999312333,0.028253208249451,3.0,2.223952743542064,34.15513573693766,378.3197977428826,400.1076806387448,0.4845450944327024
C#CCCCCCCC,-4.24,-383.9748151290052,0.0334589253525337,0.0558924569686496,0.0279898121986695,0.0470213640110637,3.0,3.293900900299473,51.780048625567936,1306.8669231455212,1337.025048741354,0.4919141668097117
Cc1ccccc1Cl,-3.52,-1326.861289616549,0.0477263576212863,2.5600456865504384e-07,1.383349633641408e-07,0.047660024512061,3.0,1.994782935218797,176.55555989946075,328.6803202852836,502.1518767383405,0.4969292124651316
CC(C)OC(C)C,-1.1,-404.92586787389945,0.0369664119079971,2.0101106201764201e-07,1.0407419312343224e-07,0.0499955040258607,3.0,1.995469774298376,122.16113756026554,324.4218643340187,367.1341130794799,0.3917985471995784
Nc1ccc(S(=O)(=O)c2ccc(N)cc2)cc1,-3.094,-1053.940282037528,0.1372011164021387,0.0074096278949582,0.0041042675687105,0.0471634217455549,3.0,3.1561918336859627,666.9406436905797,2019.8175467389049,2260.1459956540084,0.4056228678154837
CNN,1.34,-457.3857555239916,0.1108785256683404,0.1365390528108037,0.0788306746519211,0.0461127664597498,3.0,1.1605907759829088,13.514626984205028,51.86622597765718,58.73713213202328,0.4434453080225918
C#CC,-0.41,-453.7857898617898,0.0031412612702297,2.6411271392134956e-08,1.3230059495534372e-08,0.036401078385641,3.0,1.2276506491074264,3.128305572165976,58.81885461706832,58.81885550618962,0.4734072972257825
CCOP(=S)(OCC)ON=C(C#N)c1ccccc1,-4.862,-1233.9008417490168,0.3592741488391766,0.1395548988948576,0.070257403886658,0.0491170384484309,3.0,3.52444091669392,931.7103948919472,3026.6819978991007,3452.3037046589934,0.4267027568504583
CCNP(=S)(OC)OC(C)=CC(=O)OC(C)C,-3.408,-1095.098768657157,0.2796737847238546,0.1393768375710351,0.0708116512021075,0.0480817469528782,3.0,3.7046679494307697,748.8918346455047,3304.9906746585643,3667.743154355463,0.4473600878388991
C=CC=O,0.57,-653.2138606483322,0.0314557563251582,0.0687673972242919,0.0397028709618768,0.0411941143225425,3.0,1.4512374678637765,10.548455510032722,107.52738479747048,118.0758403073242,0.4999999999950074
O=c1[nH]cnc2nc[nH]c12,-2.296,-947.613911202578,0.0874254988666507,8.73151293490082e-08,4.81137601888712e-08,0.0372671088760559,3.0,1.978246355263356,209.6362248647929,323.040284747776,532.6765096125014,0.4999999999989979
Oc1ccc2ncccc2c1,-2.16,-721.8354190539566,0.1674211695954,5.5430064094252884e-08,2.7768724435605414e-08,0.0471233209674004,3.0,2.301090857793339,173.12759840552596,595.5026743703469,768.630272773685,0.4999999999979262
Fc1ccccc1,-1.8,-752.1895458440935,0.0243849787548242,4.944740794599056e-08,2.6985617618157357e-08,0.0361347465221352,3.0,1.718247350280051,88.1591339453231,195.5770030862448,283.73613702224566,0.4999999999818102
CCCCl,-1.47,-1432.012368139444,0.0170777980783896,2.0063635020051157e-07,1.0988752757418053e-07,0.0496418957419085,3.0,1.5436103125323968,42.135491339570336,153.8185365389948,178.32087440174655,0.4505577977427555
CCOC(C)=O,-0.04,-598.4771622155032,0.0634546188921376,0.0017963048667297,0.0010370873705427,0.0314704336639072,3.0,1.834043433012464,59.23851336020181,241.81368728192305,291.67480229948154,0.483924908374528
CCCC(C)(C)C,-4.36,-327.21505974575183,0.0249146816749998,0.1122543991323254,0.0648100903091757,0.0365618944961991,3.0,2.054285255139897,123.46213422762064,358.8859366897542,363.3997470225517,0.3363395615020692
Cc1cc(C)c(C)c(C)c1C,-4.0,-432.47443750912527,0.1014196385785908,1.0961648513330149e-06,5.748347724651581e-07,0.0415095709380085,3.0,2.357908051167461,349.5824457780811,482.5509770659249,816.3155147011785,0.4903114005191984
CC12CCC(CC1)C(C)(C)O2,-1.64,-438.6276721522983,0.1122988819624879,5.130059435032308e-07,2.588329129711791e-07,0.034080441216213,3.0,2.0273093139855125,322.9680816709985,463.9746629310085,481.011687631909,0.1819920754144194
CCCCOC(=O)CCCCCCCCC(=O)OCCCC,-3.896,-489.813505939196,0.1507478371095203,0.0852794631027791,0.0426955881407932,0.0466943836887536,3.0,5.528580279404681,700.7699206848425,9182.318136243835,9340.344250239985,0.4709462632131737
Clc1ccc(-c2ccc(Cl)cc2)cc1,-6.56,-1710.5613586503748,0.0656217478172038,1.2490563676692543e-06,6.313922229153676e-07,0.037556817248857,3.0,3.660772870141392,175.24252638868398,2850.141113322822,2954.1504728422,0.4879435445951152
Cc1cccnc1C,0.38,-523.6489260909286,0.0483130652883119,4.4186890590935946e-08,2.2321574622143724e-08,0.0417352330072346,3.0,1.8776319973784443,157.46076363819728,223.4066307708158,374.689972551256,0.491756622392803
C=C(C)C1CC=C(C)C(=O)C1,-2.06,-506.147722793007,0.0670280397116585,0.0054757861162215,0.0031612476724256,0.03480743007967,3.0,2.4873449288184832,223.4176143052391,766.9204323680372,868.4619948817857,0.4298322479794064
CCOP(=S)(OCC)SCSc1ccc(Cl)cc1,-5.736000000000001,-2061.809331279353,0.3198431517666904,0.1377251725789392,0.0720719020798282,0.0491173408829239,3.0,3.973101380300469,1044.102155168473,4741.143710496773,5038.919251660675,0.4259437811233574
COc1cc(C2c3cc4c(cc3C(OC3OC5COC(C)OC5C(O)C3O)C3COC(=O)C23)OCO4)cc(OC)c1O,-3.571,-773.5604174122197,0.6993278325171559,0.0992790279487962,0.0504053920609198,0.0479944201833068,3.0,4.810109734363171,4386.143277962909,11029.178421791965,11819.97951538279,0.347912503583711
c1cc2cccc3c4cccc5cccc(c(c1)c23)c54,-8.804,-654.7295580683857,0.2688100582781771,2.2424501366913322e-08,1.1750624241823433e-08,0.0473771734720443,3.0,3.0301350411847143,800.7838912937301,1515.9105604021115,2316.694451691624,0.4999999999988739
Cc1ccc([N+](=O)[O-])cc1[N+](=O)[O-],-2.82,-975.3581479139654,0.2086003133881604,1.151176547864452e-06,6.422529862988552e-07,0.0433318196130583,3.0,2.6062548066860094,336.3799219678436,913.0502599588024,1224.8971491091554,0.489985676415235
Brc1ccc2ccccc2c1,-4.4,-4474.338891943218,0.1203695404110476,1.3757380656898024e-07,6.929503082113305e-08,0.0393767066621359,3.0,2.6958512708000457,188.0771930605176,1316.8276532996117,1504.9048463597978,0.4999999999995577
CNC(=O)Oc1cccc(N=CN(C)C)c1,-2.34,-652.5677116681625,0.1739685619941156,0.001552729478135,0.0008899856823806,0.0493401311240249,3.0,3.6258011074325673,405.3826668978345,2593.426657336477,2818.7505037058063,0.4680605253475398
COc1cnc2ncncc2n1,-1.139,-854.0818283355734,0.4218357778263453,2.838587533915416e-07,1.566541301575757e-07,0.0390087154765717,3.0,2.4132464056449776,207.8328429097849,738.075864777778,942.7593762617248,0.4983297268072142
Cc1ccnc2c1NC(=O)c1cccnc1N2C1CC1,-3.19,-700.1868459099537,0.4055085797335778,8.613886166131124e-06,4.309702245202841e-06,0.049676979104066,3.0,2.9480523125594464,1034.3164556264026,1475.1531900550942,2119.4331066768927,0.4079856453651025
CCOP(=S)(OCC)Oc1nc(Cl)n(C(C)C)n1,-3.658,-1511.1367462702883,0.2956403981515905,0.0659669926535571,0.0330512243536093,0.0485596518700926,3.0,3.43430807458573,1098.46679985907,2913.473890842571,3388.778188167678,0.4080549879731542
C=CC(=C)C,-2.03,-409.0875848992678,0.0269311485872094,1.1150314094265927e-07,6.184041174410833e-08,0.0402667351220503,3.0,1.6108285337077326,58.725635921810415,119.5892041538576,175.19123968375604,0.4910851695594692
C=CC(C)(O)CCC=C(C)C,-1.99,-438.581245080193,0.0859651015289273,0.1578761281925835,0.0855440207746581,0.0382480830685676,3.0,2.813780866729908,252.3506035165906,1052.3697049470595,1137.833609016329,0.4266647170000321
COP(=S)(OC)Oc1ccc(SC)c(C)c1,-4.57,-1539.821152418945,0.2247192909926525,0.0663857806866872,0.036598470077866,0.0459205399675522,3.0,3.3641751403778475,585.360655176651,2764.349052525692,2950.1778045640085,0.4322868095405788
OC1CCCCC1,-0.44,-445.84554844104713,0.0409326788103499,0.2265862748336076,0.1290151916022872,0.0432088073787553,3.0,1.805960373998534,116.80780447595316,224.87608000072092,311.6648907188406,0.4518409120618306
C=CCC1(C)C(=O)NC(=O)NC1=O,-1.16,-764.9323031816547,0.2372301591458381,0.0972909486699791,0.0524274397140451,0.0399652598741477,3.0,2.342214207249372,447.3444468096645,720.116210145649,831.3954502925048,0.2978908793973021
CC12CCC3C(CCC4CC(O)CCC43C)C1CCC2=O,-4.16,-476.5700125585813,0.2022710309138347,0.3601156919285131,0.1952449130144696,0.0456378370334949,3.0,3.3557461912690454,683.9357936629793,2802.856916417812,3054.6735031000903,0.4292691663212098
OCC(O)C(O)C(O)C(O)CO,0.06,-720.9629121915236,0.2142519511107821,0.2213782824619556,0.1111134691914308,0.0445776187206042,3.0,2.5247952531339184,371.3801843540752,872.8263251419337,1078.3374994022704,0.4230904006461209
Cc1ccc(-c2ccccc2)cc1,-4.62,-547.461985506456,0.0572432434582879,6.03773514740169e-07,3.032500847331039e-07,0.0335049757063819,3.0,2.907774511033799,177.1755052568397,1282.1383791688818,1385.6589544784297,0.4734224176482289
CCNc1nc(Cl)nc(NC(C)C)n1,-3.85,-1018.2532787700658,0.3386819596016721,0.0067278663955221,0.003374976612861,0.0449757408422034,3.0,2.999821400589393,669.0939762938079,1332.4415857472964,1880.3321971521068,0.4677707574561814
NC(=S)Nc1ccccc1,-1.77,-1178.5641365679355,0.1341992224115529,0.1595249371493992,0.0921015579667904,0.0466600713035948,3.0,2.552690790638174,143.61968561465392,874.7783412193411,965.3379550563476,0.4725173595937729
CCCC(=O)CCC,-1.3,-433.70086249974105,0.0553177622205112,0.0019268542255304,0.0011124565315843,0.0403243224384698,3.0,2.4406356261896045,92.67294663603546,621.0363333284256,646.658555325543,0.448156005910987
CC(=O)C(C)(C)C,-0.72,-445.84167975777854,0.0638352448495425,1.02491321740672e-06,5.526719099380486e-07,0.0448243159457016,3.0,1.7827714364214884,157.39586073172796,217.7932655816429,261.48907681693163,0.2825912063305693
Oc1ccc(Cl)cc1,-0.7,-1606.207242994747,0.0284561922235297,1.8277205526828772e-08,9.499620568149006e-09,0.0435285272839902,3.0,2.174159833856091,88.55129600268268,519.1244587366718,607.6757547391506,0.4999999999990094
O=C1CCCCC1,-0.6,-496.3694554417873,0.0605171619426982,4.56289853900671e-07,2.418329696442597e-07,0.0474917292512784,3.0,1.7639077341500533,118.68991706755804,202.4834908158156,289.5575065005561,0.4454065243104867
Cc1cccc(N)c1,-0.85,-523.6599142751749,0.0532106752325489,0.0012404621538735,0.0007161719405583,0.0316519636312917,3.0,1.970428810165439,137.641286473607,280.2014010487033,414.2428753918373,0.4956549498551312
N#CC(Cl)(Cl)Cl,-2.168,-6856.373384677275,0.0304248696920694,2.270098775625229e-09,1.1395181034721835e-09,0.0297236505678615,3.0,1.7739807566587746,299.1381865969018,304.792702882848,304.7927671745411,0.0092762123618171
CNc1cnn(-c2cccc(C(F)(F)F)c2)c(=O)c1Cl,-4.046,-1372.4319742485104,0.3803157020520302,0.0197690039422013,0.0113956103224215,0.0435348015406651,3.0,3.7234165651329496,773.4668951984323,3483.943703928354,4162.626551289893,0.4886148749269256
CCCCCCCCC(C)=O,-3.3,-411.3815113131198,0.0579034132169908,0.017913783507538,0.009142162975351,0.0400312502774327,3.0,3.260144981324093,215.7225010707075,1504.664720400779,1601.4370692663474,0.4628614341178706
CCN(CC)c1nc(Cl)nc(NC(C)C)n1,-3.785,-901.5275440148243,0.3199667158551165,0.0950058311755128,0.0534825282908035,0.0455285694022083,3.0,3.0895717437456973,1016.4859193220776,1380.1555178476451,2256.557173230979,0.468960621605012
CCOC(=O)c1ccc(N)cc1,-2.616,-656.8479987955611,0.1101073651007027,1.231219357578084e-07,6.230991405018076e-08,0.0475209220832733,3.0,2.7983255407239227,175.68869987965263,1142.7828668910222,1268.6419180651496,0.4803610270175831
Clc1ccc(Cl)c(Cl)c1,-3.59,-3654.043353006817,0.0348198801511898,3.470631781965494e-09,1.7354188495927627e-09,0.0410140560533169,3.0,2.490054743876525,275.130851111683,849.8647584297142,1124.9956095265231,0.4999999999929448
Cc1nnc2n1-c1ccc(Cl)cc1C(c1ccccc1Cl)=NC2,-4.09,-1395.6944962619966,0.2121195399013231,0.0771455008507473,0.0445391856472072,0.0495273875675054,3.0,3.319005785763096,1814.810349717333,2442.112611651251,3304.564098447944,0.355902498098214
Oc1ccccc1O,0.62,-744.3426764437863,0.0617916408027667,0.0242553797070286,0.0140038481626849,0.0387524690244288,3.0,1.8389282841102843,149.4634094959751,223.65856437366773,371.6001088529703,0.4979522812542143
CCN1c2ncccc2C(=O)N(C)c2cccnc21,-2.62,-689.9746614987846,0.3937685494784091,2.1279265638440847e-06,1.2099884649121346e-06,0.0489009769818114,3.0,2.834926173972397,954.0065240951444,1315.928358708644,1817.4723429854464,0.3755242296903783
CSC,-0.45,-1445.6035694384727,0.0087946226831263,4.156754584982991e-08,2.09020120641996e-08,0.0497529839901313,3.0,1.2092652277479343,28.63114195811508,65.4108770616276,87.66616129092056,0.4636355827843819
Cc1ccccc1Br,-2.23,-5161.660708961514,0.0469744259607978,4.842877388000488e-08,2.4216173069250623e-08,0.0297816401764589,3.0,2.013083949247568,182.27268278074217,512.3980825171201,691.5865096767743,0.4977701592071792
CCOC(N)=O,0.85,-678.1562080430709,0.0410190289858292,0.004851513343965,0.0028010187985324,0.0404726175964946,3.0,1.7017017226669005,66.38900435048238,210.14639946690235,239.45940248925976,0.4225839517188449
CC(=O)OC1(C(C)=O)CCC2C3C=C(C)C4=CC(=O)CCC4(C)C3CCC21C,-5.35,-560.3710881087402,0.3881028411487932,0.674611511240073,0.3705798081413355,0.0417207886016142,3.0,3.937943572968409,1229.4425490402502,5213.0198498048585,5483.224117947756,0.4125297215411652
CC(C)C(O)C(C)C,-1.22,-398.9237768327304,0.0493591645845299,0.1418611865683487,0.0741859983368817,0.0436076747980485,3.0,2.0571630876656544,176.85473144726484,369.0288757240584,437.6484490430808,0.3763446341856671
c1ccc2ccccc2c1,-3.6,-583.7726688446611,0.1178521318961429,1.8017090042121712e-08,9.473230976359978e-09,0.0423703679197206,3.0,2.103184626554322,159.98604027693364,406.9769822053224,566.9630224811353,0.4999999999981298
CCNc1ccccc1,-1.7,-498.6179671592256,0.0536001940454298,0.0343672632625384,0.0198419024476546,0.045381462695368,3.0,2.346100742153269,104.10587325512992,566.9144195079248,663.0079038427114,0.4939575464523933
O=C1NC(=O)C(c2ccccc2)(c2ccccc2)N1,-4.097,-736.8308515392561,0.2786226904245268,1.3865756045561284e-06,7.838873937474622e-07,0.0486608670356258,3.0,2.9197156698779136,1094.860581884844,1350.2592331592878,1856.0034476106475,0.3412943768524314
Cc1c2ccccc2c(C)c2c1ccc1ccccc12,-7.02,-583.7827765297423,0.5140111906111997,0.0174452648316219,0.0100712449166512,0.0481517259016168,3.0,3.2420293015926265,672.1564336724211,2041.4933307342333,2675.171764473254,0.4928083122651449
CCOP(=S)(OCC)SC(CCl)N1C(=O)c2ccccc2C1=O,-6.34,-1699.566269542768,0.5500599777151365,0.1780149049009196,0.0892974251308204,0.046252654386392,3.0,3.390694357830645,2001.6404993628305,3349.4613505038965,3704.6296019651295,0.2777817994235136
COc1ccc(C(c2ccc(OC)cc2)C(Cl)(Cl)Cl)cc1,-6.89,-1625.491233520437,0.2105045648713712,0.0031274375287466,0.001796209134048,0.0474245517719915,3.0,3.6294866143933424,1745.641055223551,3121.485047656342,4239.330372054082,0.4259557906874715
O=C(NC(=O)c1c(F)cccc1F)Nc1cc(Cl)c(F)c(Cl)c1F,-7.28,-1920.9233015114453,0.3207866019947687,0.0164100519032217,0.0094739001484608,0.0466829442623681,3.0,4.496533256593505,1144.503678651653,6748.699450442607,7517.882702390605,0.4750381562494146
CCCCC(=O)OCN1C(=O)NC(c2ccccc2)(c2ccccc2)C1=O,-4.678,-680.1792506553139,0.387264102246263,0.0309394027717644,0.0165688652242495,0.0419493390633942,3.0,3.88180401919214,1575.0692594324253,4397.627644016056,5069.940732770022,0.4109697511014048
CN(C)C(=O)Nc1ccc(Cl)cc1,-2.89,-1128.0988845351417,0.085252370157832,1.243326551048085e-06,6.344156178064314e-07,0.045084111120176,3.0,3.2400259474827218,194.65408557177048,1910.0945364536049,2066.0146601401725,0.4906259227890581
OC(Cn1cncn1)(c1ccc(F)cc1)c1ccccc1F,-3.37,-822.1035383513781,0.2657365012710215,0.0998723596603667,0.0546562906743088,0.0437607755080696,3.0,3.326822741790178,1219.4644588641563,2445.5780601792576,3004.312669407748,0.3900364372249746
CC(=O)OCC(=O)C1(O)C(OC(C)=O)CC2C3CCC4=CC(=O)C=CC4(C)C3(F)C(O)CC21C,-4.13,-700.857217480115,0.5370664168221992,0.6537109667769982,0.3727294233409491,0.0469000034498915,3.0,4.178112267477201,2361.103786697999,6598.855461102135,7746.496068602073,0.421676641383884
CCCCBr,-2.37,-5310.333067022695,0.0149904809804866,0.0142970819288166,0.0082544140729941,0.0355740185400429,3.0,2.0517922717283024,31.990058624902115,551.0699337954468,570.6077198534766,0.4890885873651973
Brc1cc(Br)c(Br)cc1Br,-6.98,-23870.37626335934,0.0412550987675786,4.831235855817795e-09,2.6942665714382e-09,0.0466147354417906,3.0,3.0155661860060885,1011.1984266618572,2568.9492265758154,3580.1476532317743,0.4999999999990365
CC(=O)CC(C)C,-0.74,-445.84149171769576,0.0470074618970102,0.0494211935529165,0.0285332591396593,0.0394091564172886,3.0,2.0278941060270426,105.58802861391533,338.6716979624167,379.5353526262053,0.414732088192715
CCSC(=O)N(CC)C1CCCCC1,-3.4,-746.7249273726624,0.1858124668397067,0.0910888618527678,0.0497838120977376,0.0405788974567112,3.0,2.865955009215505,442.0845951898462,1447.2952101856497,1648.3421096704474,0.426884809199562
COc1ccc(Cl)cc1,-2.78,-1371.918421846515,0.0409930704445287,1.7953425412997603e-08,9.039285144017833e-09,0.0473635062073792,3.0,2.42817111690679,102.97778054618033,739.2865031128069,839.066930095986,0.4980946969488883
CC1(C)C(C=C(Br)Br)C1C(=O)OC(C#N)c1cccc(Oc2ccccc2)c1,-8.402000000000001,-3635.4751169895294,0.2893603553820867,0.0833213819714728,0.0417916654110446,0.0455770791606532,3.0,5.4093086956687335,1849.841025300362,13609.91467180446,14105.52644925571,0.4519965010621254
C=CCC1(C(C)CC)C(=O)NC(=O)NC1=O,-2.016,-650.1486339940661,0.3071707970484567,0.275133927421848,0.142156435146125,0.035535222569277,3.0,2.581559278713593,819.0142597066125,988.7738228005112,1181.35027327531,0.2348636456927055
COP(=S)(OC)Oc1ccc([N+](=O)[O-])c(C)c1,-4.04,-1427.4312504423406,0.3297312993963714,0.0410093681130092,0.0207675668224757,0.0403911184676663,3.0,3.233427761859601,584.7092933434164,2543.61099289768,2668.6054930680466,0.4138661007840932
Ic1cccc2ccccc12,-4.55,-1033.038959985113,0.1424983864999376,1.1701922630891205e-07,5.9012740668193e-08,0.0477733638236439,3.0,2.4058580948391164,363.03897136783104,1107.5598256021276,1470.598796969649,0.4999999999995547
CCS,-0.6,-1445.6107396598018,0.0274438007818389,3.444802132435143e-08,1.7429666663065978e-08,0.0490320245759056,3.0,1.3163676973997958,17.558826880606446,94.46868430949452,103.29318845768344,0.4577207226161326
ClCC(Cl)Cl,-1.48,-4962.220387819911,0.0289461540960473,0.059197602677159,0.0341777421624542,0.0297133058045115,3.0,1.9033390769151488,143.9292036187451,347.5026468593352,475.0754323336034,0.4827854514965143
Cc1cc(OC(=O)N(C)C)n(-c2ccccc2)n1,-2.09,-675.8982914752822,0.2651161652720475,0.0008395585900871,0.0004842373948746,0.0480678401252447,3.0,3.179599184712469,973.071519018252,1544.9278975698226,2441.5295173199206,0.4843397553200455
NC(=O)c1ccccc1O,-1.82,-762.7606984025273,0.0679832421083119,0.2539046244601195,0.146591901230037,0.0398971843059242,3.0,2.1355484075131126,213.7078007241549,414.4448210571759,622.7014529388098,0.495622967621333
Cc1ccccc1[N+](=O)[O-],-2.33,-762.544790738662,0.1284265695649082,1.7817728803493085e-07,9.47445864460572e-08,0.041149774714515,3.0,2.110197225477444,220.0278251820773,402.15809398210143,599.1465486920945,0.4807731760089919
CC(C)C1(C(C)C)C(=O)NC(=O)NC1=O,-2.766,-637.6746717345179,0.2997910398371459,0.1660139516643539,0.0944814202499449,0.0468995718156015,3.0,2.428391887022261,619.3112732063362,901.8150705192028,982.1753602277738,0.2256340337364859
CCc1ccccc1C,-3.21,-454.0819055592489,0.0406688932598626,7.470371201634407e-07,3.843442755890218e-07,0.0432020323014249,3.0,2.1025150166062816,201.4514913261632,351.316901518778,509.8922840323089,0.4579557191231871
CCCCCCCCl,-4.0,-871.0444747210277,0.0277653116027067,0.0733946158215985,0.0408037883005364,0.03115510885262,3.0,2.783681007266164,118.1248290935863,955.1829729704904,1013.4190752489508,0.4704521415282445
CCC1(CC)C(=O)NC(=O)NC1=O,-2.4,-705.0770104216416,0.2682774072927714,1.419248292222619e-06,7.299397771397749e-07,0.0299526901933703,3.0,2.3229552160468363,483.43601274056107,700.998194739583,803.4427840441894,0.262900712407465
c1ccc(CCc2ccccc2)cc1,-4.62,-527.0327403058502,0.0467876629099919,0.024276216086946,0.0140158515827093,0.0464710692014335,3.0,2.828334835116216,362.3973362428202,1193.664796584042,1360.00355942657,0.4279198307819819
ClC(Cl)C(Cl)Cl,-1.74,-6525.707429801051,0.0613233256299281,5.546462489292026e-07,3.108885168525364e-07,0.0469116217418664,3.0,1.948986894850388,287.5570811231287,448.7318141394911,538.793146440815,0.3167239597171336
CCN1c2cc(OC)cc(C)c2NC(=O)c2cccnc21,-5.153,-669.7652134557416,0.3007613819318067,0.0080702576815383,0.0046593585503573,0.0474943285114035,3.0,3.190472482422245,1104.041521881549,2011.8764482770232,2652.1995019260257,0.4125785092907567
Cc1ccc2c(ccc3ccccc32)c1,-5.84,-583.791410593891,0.2039777411882823,4.447940227692016e-06,2.2999105347887487e-06,0.0453004870394715,3.0,2.860971426656989,311.5081178279027,1263.7362422455324,1572.1287737364562,0.4990091185944736
CCCCOC(=O)c1ccccc1C(=O)OCCCC,-4.4,-598.9847415049278,0.1722242490795906,0.1250286130380118,0.0643642834030381,0.0464098936210438,3.0,3.3034918137805147,1335.885771642749,1986.73489805801,2752.635157806658,0.3964654813990919
COc1c(O)c(Cl)c(Cl)c(Cl)c1Cl,-4.02,-3619.000871399912,0.0807975623683887,0.0248515815037535,0.014346555216006,0.0410044458907202,3.0,2.7271103371346888,881.9892605830033,1089.4018702016938,1924.2820973233988,0.4877593224174874
CCN(CC)C(=O)C(Cl)=CCOP(=O)(OC)OC,0.523,-1195.620345857042,0.2772491997675388,0.0469438560176058,0.0251605838368313,0.0400154061194439,3.0,3.829847557741701,662.5064113046789,3944.036138870425,4184.93719228479,0.4496282335289918
CC12CCC3C(=CCc4cc(O)ccc43)C1CCC2=O,-5.282,-577.5703536093783,0.1944309112914197,0.1767795773084799,0.089715994546806,0.0465984843834908,3.0,3.28766167569929,616.4213093949757,2478.312289532196,2706.4357507200143,0.4282639818616214
CCOC(=O)c1ccccc1S(=O)(=O)NN(C=O)c1nc(Cl)cc(OC)n1,-4.5760000000000005,-1367.2773629077997,0.7962938193304581,0.6342862510064151,0.3381285573463681,0.0482464735238782,3.0,3.928642372845231,1653.0062199597687,5295.496909117599,5856.259584198981,0.4067456343784497
COc1ccc([N+](=O)[O-])cc1,-2.41,-833.9568144704042,0.1088287235343159,2.40816007135436e-07,1.239098464651434e-07,0.0456373718200788,3.0,2.552706408244193,140.81642499631732,858.672221773552,996.2876842194,0.4983935550934899
CCCCCCCl,-3.12,-948.1787263553653,0.0271615182064124,0.019224290666898,0.0110991436669099,0.0290982508251928,3.0,2.882559425215939,42.75693418238617,968.8014212494944,992.9407107058964,0.4906249967766303
Clc1cc(-c2cc(Cl)c(Cl)c(Cl)c2Cl)c(Cl)c(Cl)c1Cl,-9.16,-5121.840101537644,0.1392989569576457,2.043889253400266e-06,1.156327796193583e-06,0.049527019402817,3.0,3.855172489499046,1673.8079746305832,5549.849010724067,5550.47762222339,0.3492760914454672
OCC1OC(OCC2OC(OC3(CO)OC(CO)C(O)C3O)C(O)C(O)C2O)C(O)C(O)C1O,-0.41,-787.4921320618405,0.7144608757589594,0.2896272377256537,0.1488244559263676,0.0499343623339892,3.0,4.726456066438519,2176.2876754624426,9712.916042416004,10648.46762864523,0.4417410968177044
CCCCCCCCCCCCCCCCCCCCCCCCCC,-8.334,-348.3070687469102,0.0787277611816534,0.1458979699855263,0.0753036223482026,0.0422887824291782,3.0,7.003783704417397,1102.0768207534556,17350.95472370356,17524.19442618328,0.4734984360568698
CCN1c2ccccc2N(C)C(=O)c2cccnc21,-3.324,-656.8329467875958,0.3201598173072852,0.0041372944033355,0.0023880833342175,0.0469876442643125,3.0,2.847389770149604,957.8395126720898,1346.9990137375523,1802.567149572502,0.3606788720861299
CC(Cl)Cl,-1.29,-3398.71779307574,0.0199124205901171,8.727511158213021e-09,4.388486008945308e-09,0.0415387061025966,3.0,1.529161179124363,78.88339099997842,159.1810609756107,224.7105358292509,0.4702864040219593
Nc1ccc(S(N)(=O)=O)cc1,-1.34,-1277.5074123022184,0.0948781717925157,0.0026010180881712,0.0014837889937358,0.0457561806212556,3.0,2.44772980822128,192.8776164880215,890.2676950946809,980.3103440626918,0.447549789643794
CCCN(CCC)c1c([N+](=O)[O-])cc(C(C)C)cc1[N+](=O)[O-],-6.49,-635.6063923134502,0.3794358833001752,0.0662706867478846,0.0347565270171802,0.0488149564001316,3.0,3.233829840911312,1449.9128622964124,2359.962237820577,2660.610965565588,0.2840225141093369
ClC1C(Cl)C(Cl)C(Cl)C(Cl)C1Cl,-4.64,-4526.199801918238,0.0941448198718717,0.3945411482418421,0.2258994961641242,0.0231594217295277,3.0,2.671968182264729,948.54073682767,1276.6115481194602,1927.3307818715489,0.4227373147677263
CCOP(=S)(NC(C)C)Oc1ccccc1C(=O)OC(C)C,-4.194,-995.0728322913484,0.3015740158298285,0.1309995552946929,0.0707453315290829,0.047807183848197,3.0,3.4829141316024894,1588.7258894379202,2835.310909639504,3955.693096253783,0.4408013094761995
Clc1cccc(Cl)c1Cl,-4.0,-3654.036036226911,0.0480602822281071,1.5861587598919872e-08,8.012682802821177e-09,0.0328092382343167,3.0,2.2736004510102577,336.2612466164836,601.6491083127806,937.9103549221946,0.4999999999956981
ClC(Cl)(Cl)Cl,-2.31,-10226.941150606472,0.0103741683997213,2.9103830456733704e-11,1.5434636905844978e-11,0.0081332032763707,3.0,1.6973346529458475,295.4139888706593,295.41401928089493,295.4140312871061,9.211251363117873e-08
O=[N+]([O-])c1ccc(Cl)c(Cl)c1,-3.2,-2636.3527775782272,0.1093334732504445,1.8873834051191807e-08,9.80439540685017e-09,0.0366604820766374,3.0,2.617056712191332,311.5551963697964,1003.4158389958858,1314.9710353490395,0.4999999999932916
OC1CCCCCCC1,-1.29,-424.4617207325525,0.0869417855974461,0.1766124039822898,0.0992136155464918,0.0495070397265353,3.0,2.1204334846509507,218.8394126031049,392.11062614749216,542.0203133436366,0.4364140755328737
CC12CCC(=O)C=C1CCC1C2CCC2(C)C1CCC2(C)O,-3.999,-487.3563970388755,0.1973752581980079,0.4152613918740826,0.230134757047012,0.038413894874714,3.0,3.4873881511374845,711.4304667604331,3245.396341171156,3400.0866450745534,0.4181285330383595
CCOc1ccc(NC(N)=O)cc1,-2.17,-664.5924663357149,0.1043263587889669,0.0406554079381749,0.0209330062354628,0.0481905171600669,3.0,3.1635599297711017,173.21469932304848,1635.1581341727835,1798.6906391670802,0.4973085437487377
CC1CCC(C)CC1,-4.47,-356.8255916757824,0.0205510311752732,0.1837031262402888,0.0925529186502025,0.0460105980670358,3.0,1.975463330111889,154.16261492462075,333.67748382515856,387.9957645396163,0.371333216318253
c1cnc2c(c1)ccc1ncccc12,-2.68,-707.5154171076143,0.2859055967928725,8.58908606460318e-08,4.774932036811048e-08,0.0371825775120126,3.0,2.558921695798442,304.94920225554887,875.0803387378635,1180.0295409916555,0.4999999999988319
COC(C)(C)C,-0.24,-412.9343045058253,0.0393776298678858,5.862939360667951e-07,3.0369521111171453e-07,0.0431502400072051,3.0,1.653621644731028,113.86290311560376,184.0181467589044,184.205049219108,0.1914416810568316
CC=Cc1ccc(OC)cc1,-3.13,-548.7259980472426,0.0622080005268799,2.1359828679123893e-06,1.1533446840136668e-06,0.0474951804581105,3.0,2.838266040881857,127.66827419506564,1073.9038554878643,1186.233948677448,0.4935349257945408
CCCCCCCCCCCCCCCCO,-7.0,-376.6316850837533,0.0604558802006067,0.1333536248494056,0.0673065423750915,0.0389184318747004,3.0,4.705172504220909,632.343191063645,4894.317391490737,5208.237143547483,0.469430785289574
O=c1cc[nH]c(=O)[nH]1,-1.4880000000000002,-941.3214746398272,0.0875511267549882,4.55456756753847e-08,2.6293183019800882e-08,0.0424128366834222,3.0,1.834671060325662,129.04397557451117,248.2462387640853,377.290214321346,0.4999999999758137
Nc1ncnc2nc[nH]c12,-2.12,-848.3539932546475,0.0829386731747945,6.1930222727824e-07,3.504299241380664e-07,0.0488004030435879,3.0,1.9890942448255595,209.70290199643028,325.24789517672434,534.3317887601972,0.4994207640019018
Clc1cc(Cl)c(-c2cccc(Cl)c2Cl)cc1Cl,-7.21,-3416.2050032142024,0.0989128916407935,4.34664252679795e-06,2.1898371002477708e-06,0.0469059113454057,3.0,3.4293241252417994,945.6034257098012,3254.832975933537,3477.181360424954,0.3959998104426187
COc1ccc(C(O)(c2cncnc2)C2CC2)cc1,-2.596,-654.4089114855373,0.173700890118198,0.0352052897505927,0.0188192249378633,0.0434989060871207,3.0,3.2603593122620875,833.5421431743407,2067.821366923004,2547.651491705842,0.4305807682989782
c1ccc2c(c1)-c1cccc3c1c-2cc1ccccc13,-8.23,-654.7207254246727,0.2287541977748333,1.3848330127075317e-07,7.740131508248831e-08,0.0370212250848716,3.0,3.225132490085204,688.0334818575594,1936.426239497739,2624.4597213543875,0.4999999999996359
O=C(Nc1ccccc1)Nc1ccccc1,-3.15,-668.4768476269198,0.0749449265131261,4.757821443490684e-07,2.452977450589087e-07,0.0415661090051591,3.0,3.594839449257458,220.61523891380787,2532.2259200985595,2732.969130160835,0.4963643883435749
CCC1(c2ccccc2)C(=O)NC(=O)NC1=O,-2.322,-750.9506770125884,0.3313434164738282,0.064598524611938,0.037075037194038,0.0486614905979273,3.0,2.6883917678361176,768.400085177522,1257.9679755217237,1330.6235985221151,0.2385645110494243
Clc1ccc(-c2cccc(Cl)c2Cl)cc1,-6.29,-2279.105971481955,0.0827626233949558,4.057990736328065e-06,2.0946441243163696e-06,0.043063821864051,3.0,3.3670019511211504,448.0013983223735,2558.755001887855,2832.5067906619465,0.46924109588657
CC(C)c1ccc(NC(=O)N(C)C)cc1,-3.536,-538.7191932982765,0.0956760651133663,6.329293682938442e-05,3.6231983023610815e-05,0.0476792440725361,3.0,3.4249697617426635,252.19519430806903,2236.1911878527826,2351.325961334203,0.4708546532719311
CCN(CC)C(=O)CSc1ccc(Cl)nn1,-1.716,-1349.595402990804,0.2473001085454598,0.0246852135824156,0.0126144251718247,0.0487655892790321,3.0,3.274463100413876,720.926557722851,2231.2180232384453,2618.033723080564,0.4361904976746314
CCC(C)(C)CO,-1.04,-404.933193549195,0.0616561154747614,0.0651151908568863,0.0334293142436536,0.0437409113744585,3.0,1.839651570464807,190.384642999758,215.17398505160924,286.0402722310662,0.2910812437551886
CCCOC(=O)CCC,-1.75,-503.9176438521448,0.078017370595262,0.0238160842800425,0.0135964481506937,0.0427594579917514,3.0,2.658865396378044,124.30619115989248,817.1044631352299,899.3203140629108,0.4765988049113386
Cc1c([N+](=O)[O-])cc([N+](=O)[O-])cc1[N+](=O)[O-],-3.22,-1147.6226192126012,0.2991581052156107,0.0002416497154626,0.000130356503475,0.0421760282554709,3.0,2.8433013186348384,899.7093106768484,970.5218766270464,1802.20360876866,0.4811265557883672
CC(C)OP(=S)(OC(C)C)SCCNS(=O)(=O)c1ccccc1,-4.2,-1412.959994864888,0.4007122540206183,0.1886815081525128,0.0947743583689289,0.0468418825447675,3.0,3.8183263161361896,1285.745943587531,4986.279351869701,5318.849848198472,0.4103964696820283
C1CCCCCC1,-3.51,-356.80833229674795,0.0312757420524576,2.0021525415359065e-07,1.001206353649432e-07,0.0488952384695586,3.0,1.7894518768414185,159.94940668770374,176.057766244398,292.8222870674105,0.4262609306517673
CCCOC=O,-0.49,-598.4552906947523,0.0647765945159335,0.0088281786192965,0.0046243570897856,0.0342783356089673,3.0,1.90140544462016,48.19745464138832,285.1984797968699,303.6708272169753,0.4510570253082852
Cc1ccccc1C(C)C,-3.76,-441.9249726065241,0.0484653061103017,0.0882568928282125,0.0509551015208662,0.0479866879594747,3.0,2.226842946125472,253.26364268155848,468.0985476306448,609.8058377867255,0.4085312523973321
Nc1cccc(Cl)c1,-1.37,-1452.8466116089471,0.0547757241438375,5.62795321457088e-08,2.9028693560134884e-08,0.0480447931787968,3.0,2.1107347553643683,146.58338886718457,421.9775419355404,568.1480156820255,0.499636613074145
CC(C)CC(C)C,-4.26,-327.21427577590873,0.0192258728402521,0.1200682221315219,0.0693213316821394,0.0457780006391482,3.0,2.091614965182221,121.83887647060658,363.8612535381851,391.0641923027083,0.3790020416474398
c1ccc2c(c1)oc1ccccc12,-4.6,-696.7448070546793,0.0758653793564008,7.32488842913881e-08,3.8762692379193e-08,0.0499557746280516,3.0,2.5085438256309094,218.5891703131257,839.8270011703204,1058.4161714826305,0.4999999999991422
CCOC1Oc2ccc(OS(C)(=O)=O)cc2C1(C)C,-3.42,-942.242730571488,0.2670303905979381,0.1616626080794958,0.0815044006589507,0.0447062379258638,3.0,3.5732047834671112,517.4420313736887,3281.5972820342126,3512.8711234772804,0.4592686181939588
CN(C)C(=O)Nc1cccc(C(F)(F)F)c1,-3.43,-879.3973586267307,0.1275516588248137,0.0011127198486065,0.0006421547562979,0.0479076626037421,3.0,3.3496552115012315,406.7482052680145,2266.2199296004765,2537.827461114031,0.4733747317683914
c1ccc2nc3ccccc3cc2c1,-3.67,-657.752041740004,0.2907704437857319,8.388487913180143e-07,4.477739398769693e-07,0.0381276792920639,3.0,2.702796346434327,232.02254833219428,1077.2135338285727,1309.2360821582768,0.499999999998667
CC12CCC(=O)C=C1CCC1C2C(=O)CC2(C)C1CCC2(O)C(=O)CO,-3.11,-601.703254115547,0.4008427092012425,0.3072690223671088,0.1674795071694219,0.0463664686340358,3.0,3.685528495683196,1107.1385745626508,4294.32203768749,4390.61080660795,0.3848850592585416
OCC1OC(O)C(O)C(O)C1O,0.74,-779.6764281719447,0.1913968368571659,0.1661619020233047,0.089726799663658,0.0445874047331391,3.0,2.265321697928611,386.056590434749,640.3920993679196,822.5580573428233,0.3760630750373766
Cc1cccc(O)c1,-0.68,-590.1939701750748,0.0268383371403615,0.0008554310497856,0.0004938300539492,0.0425761961392553,3.0,1.957575177578874,136.19587618796234,279.76223658962044,412.8485997722213,0.4962340758717972
CC1Cc2ccccc2N1NC(=O)c1ccc(Cl)c(S(N)(=O)=O)c1,-3.5860000000000003,-1271.0951084702488,0.4776136916698306,0.195515774852538,0.0982408557660674,0.0497447566513436,3.0,4.098195633032019,1189.8551167053483,5271.452942605031,5827.1406019007445,0.4455850218198211
CCC(C)C(=O)OC1CC(C)C=C2C=CC(C)C(CCC3CC(O)CC(=O)O3)C21,-6.005,-549.7891173432607,0.2963803213278879,0.32004910356045,0.1659359822103157,0.0393989975598377,3.0,4.1963166262441325,2580.268544148449,5341.462598242828,6325.664351695708,0.3738419633134295
O=[N+]([O-])c1ccc([N+](=O)[O-])cc1,-3.39,-1091.3297455578224,0.1995791730332712,1.4534452930092814e-07,8.0322218725316e-08,0.027558952848056,3.0,2.668672437108824,163.54707809666397,1033.6865905599875,1197.2336685922317,0.4999999999726787
CCC1(C2=CCC3CCC2C3)C(=O)NC(=O)NC1=O,-2.696,-647.3248929241438,0.3119991891217069,0.1064119204856979,0.0605682486655134,0.0448667277345528,3.0,2.8058831184546644,873.9953512513584,1579.8569728840705,1676.454736551298,0.2681423868371529
CCCCCCCCCC(=O)OCC,-4.1,-445.8534731698981,0.0756889872827741,0.0829134047198749,0.0452299795126486,0.0496072325459239,3.0,3.649215444791545,353.4986647433304,2407.130824186244,2574.65585811794,0.4638837885408678
CN(C)C(=O)Nc1ccccc1,-1.6,-606.9245828793809,0.0787780548780574,5.178135324968025e-07,2.5890942135286085e-07,0.0450960409028155,3.0,2.739600203261347,190.9007408317321,1060.244861602495,1213.7508896003906,0.4845953922031245
CCCOCC,-0.66,-412.9280977847002,0.0207371088990839,0.0104139691766249,0.006012363257115,0.0483253968282905,3.0,1.941593662133796,72.77332757125339,282.5435426121188,309.29639259678925,0.4256045678369288
CC(C)O,0.43,-441.0197765413334,0.0258727243444809,0.0097945630504909,0.0056548929760655,0.046865314855403,3.0,1.3711258334487064,58.22736024899166,62.26853247874334,105.46339073213504,0.428731183910831
Cc1ccc2ccccc2c1,-3.77,-551.3561484618406,0.1277638229366857,4.771774911205284e-06,2.6066792011340013e-06,0.0421043101405426,3.0,2.350770776987532,178.65311416678352,608.7252044734926,784.262184751144,0.4980133340924011
ClC(Br)Br,-1.9,-30734.20179854292,0.0107258546922821,2.444721758365631e-09,1.298141767513252e-09,0.0186356661041857,3.0,1.7146628468596483,203.8559277217436,414.5453251425391,606.2961153982988,0.4900171408330633
CCC(c1ccc(O)cc1)C(CC)c1ccc(O)cc1,-4.43,-550.8480213037319,0.1373294170152803,0.1154849754784663,0.0613529094342046,0.0499103399268244,3.0,3.2992898655635834,1341.0747389461876,1818.0863462726209,2727.0069412979537,0.4207640183497284
CCOC(=O)CC(SP(=S)(OC)OC)C(=O)OCC,-3.37,-1419.6120316526944,0.4295419113332173,0.1326037152030039,0.0673454213492053,0.0467830995424761,3.0,3.25802274668092,1214.1425312195784,2594.662392799429,3204.330385695624,0.4056784935438282
ClCc1ccccc1,-2.39,-1326.854281629992,0.0395079010995687,4.9898517318069935e-08,2.5407875658788373e-08,0.0324930461126523,3.0,2.175873446239765,119.74585135394578,510.20342835197926,568.6462241612287,0.4460973686794346
C/C=C/C=O,0.32,-572.3979750701786,0.0377844977920176,0.0668353179025871,0.0385873568486978,0.0496190190872089,3.0,1.865245641917488,15.474053847363429,229.92269439641,242.3162381305856,0.4936436160078653
CON(C)C(=O)Nc1ccc(Br)c(Cl)c1,-3.924,-3966.0366692504817,0.1136879760451847,2.599845174700022e-07,1.409485750120231e-07,0.0496369638120979,3.0,3.672070757023476,451.2276153012026,3558.856681512591,3906.2981118867688,0.4867155319492668
Cc1c2ccccc2c(C)c2ccccc12,-6.57,-561.0815609561269,0.3389766418913496,5.422734830062836e-07,2.83348008767116e-07,0.0277566855644007,3.0,2.7955592759957018,498.84414612734224,1119.0801856892067,1606.4196817723534,0.4964191642521164
CCCCCC(=O)OC,-1.87,-503.9136332191425,0.072125085758671,0.0493130858631047,0.0260198658263856,0.0332912732004029,3.0,2.647487441324922,135.6217733830214,819.2197122629631,870.1692868342797,0.4513472837448393
CN(C)C(=O)Nc1ccc(-n2nc(C(C)(C)C)oc2=O)c(Cl)c1,-4.328,-964.5292713251572,0.366064682668366,0.1441255854224437,0.083210602373083,0.0479777516923439,3.0,4.234431732215636,983.7540972132584,5268.617961779347,5896.988289846772,0.4698673499353339
CC(=O)Nc1ccc(F)cc1,-1.78,-773.1941707059959,0.0718651032748312,0.0018019626186287,0.0010402873472817,0.0418155230033624,3.0,2.6518407941552766,138.6852951993005,939.9205019958335,1075.465374942155,0.4985399705433821
CCc1cccc(CC)c1N(COC)C(=O)CCl,-3.26,-867.5567561615326,0.1517246495350264,0.1569819589931285,0.0812383118101448,0.0449056203409405,3.0,2.904569484577963,1434.1578282231976,1473.0557356449983,1644.6116630946874,0.1161398070113748
C1=CCCCC1,-2.59,-399.3341646423165,0.0266597454256043,2.02380761038512e-08,1.0942102918791386e-08,0.0378066738279619,3.0,1.5825470333455025,105.8478896006622,109.99692626210891,195.61712352125892,0.4482977461832209
CC12CCC(=O)C=C1CCC1C2C(O)CC2(C)C1CCC2(O)C(=O)CO,-3.09,-580.7936784443788,0.3335665289523604,0.1415943238207546,0.0725822288703932,0.0489955032913767,3.0,3.826559267835077,1043.522323133519,4693.803439138469,4877.531520866085,0.4118617442318387
c1cncnc1,1.1,-719.7583194222635,0.0338296000318223,7.73070496506989e-10,3.9842771608581367e-10,0.0443091747362647,3.0,1.4210583833690764,79.68452798094,82.04977295815185,161.73430093908323,0.499999999996882
O=[N+]([O-])c1ccc(Cl)cc1,-2.92,-1742.9226974360863,0.102391731703392,1.1805241229012609e-08,6.200177407291448e-09,0.0497238925258258,3.0,2.5360147486224824,125.85237113295972,887.429393355656,1013.281764464426,0.4999999999875703
CCC(=O)OC,-0.14,-598.4689989073283,0.0669247289897612,0.0284603809850523,0.0164316081992059,0.0401245576832413,3.0,1.7918970582171396,52.431484841726885,235.11659016819385,278.2501665798494,0.4832921781407636
O=[N+]([O-])c1ccccc1Cl,-2.55,-1742.8990246120889,0.1043766049187979,5.187339411349967e-06,2.8488591002914867e-06,0.044370271358415,3.0,2.1400956476294177,324.7755845344384,429.2095121174859,689.2033393582112,0.4530024351340606
CCCCN(C)C(=O)Nc1ccc(Cl)c(Cl)c1,-4.77,-1296.7874967908122,0.1045909462991403,0.0253889894738676,0.0136750744537622,0.0467836450938718,3.0,3.756408586771194,730.0830723448976,3185.545259740069,3850.0869463305135,0.4914883239431902
CN1CC(O)N(c2nnc(C(C)(C)C)s2)C1=O,-1.877,-955.6603714268882,0.326467816496006,0.6081947043494438,0.3511413395211716,0.0424436595775066,3.0,3.160760776253421,472.573951342907,2165.1504310187283,2483.838649033543,0.4690225986722391
O=[N+]([O-])c1ccccc1,-1.8,-849.4835726659829,0.0981393487181776,1.457010512240231e-09,7.42679139505402e-10,0.0329916246678016,3.0,2.046623577186612,125.57211401463208,390.0990003447893,515.6711143586309,0.4999999999982639
Ic1ccccc1,-3.01,-1200.9152391588475,0.0173733069641457,3.22888809023425e-08,1.6975129412447298e-08,0.0410005959043465,3.0,1.928611355554784,87.99010462926925,670.8353581716391,758.8254627997057,0.4999999999985487
Cc1ccccc1N1C(=O)c2cc(S(N)(=O)=O)c(Cl)cc2NC1C,-3.78,-1271.122577228051,0.4543656553069013,0.193815748563793,0.1025253189718772,0.0438044765359483,3.0,3.9236590395189865,1004.6199750054134,4853.72986120239,5405.690799253484,0.4581312496621388
COc1ccccc1OCC(O)COC(N)=O,-0.985,-731.0207442923983,0.1480621632290422,0.0709845248638885,0.0355757076986208,0.0489935419862728,3.0,3.6210577029986015,448.1149291844711,2798.6882874102407,3079.581628255812,0.4728499503300137
CCCCOCN(C(=O)CCl)c1c(CC)cccc1CC,-4.19,-769.76092506681,0.2040386393709923,0.1641943014910794,0.0834692690157517,0.0399744294986298,3.0,3.402314616299015,1656.959294903359,2538.639315768523,3024.1933888315425,0.3063276597708674
Oc1cccc(Cl)c1Cl,-1.3,-2568.372732209152,0.0475662300450494,1.7716956790536642e-08,9.930738622720133e-09,0.0483274011546275,3.0,2.149050983924204,326.1089338023175,426.6796923731101,752.7886261746062,0.4999999999987902
CCCC(=O)OC,-1.92,-555.8262598609921,0.0634474478083575,0.0221837674216658,0.0114571431064422,0.0462092328036547,3.0,2.009309710521173,81.42436611099015,359.26468372055297,383.9992833649748,0.4261850621560411
CCC(=O)Nc1ccc(Cl)c(Cl)c1,-3.0,-1730.6962579372143,0.0819525021652225,3.0706607503816485e-05,1.7721916434345276e-05,0.0481772980012614,3.0,3.2587030852721703,320.37154577553406,1998.500721689802,2312.7106488991444,0.4986678794923779
Nc1nc(N)c2nc(-c3ccccc3)c(N)nc2n1,-2.404,-769.0042890159034,0.5276247734691424,0.0613352850123192,0.0354118245741452,0.0473102139428448,3.0,3.3462813410247763,517.0370968000265,2391.397901376959,2763.574309509598,0.4737910632310732
CCCCCC(=O)OCC,-2.35,-486.945060216288,0.0739988088898826,0.0063478124666289,0.0032349042357494,0.0460501205293295,3.0,2.776129343647493,185.68694483942045,1001.7574369253012,1035.4396791303272,0.4265989580566792
OCC(O)C1OC2OC(C(Cl)(Cl)Cl)OC2C1O,-1.84,-2083.713189590834,0.3938682087609777,0.1635934008518234,0.0840366961292483,0.0405399325664804,3.0,3.0149900301006904,810.5361748753423,2296.947843182668,2519.6916502517147,0.3833602580402362
Cc1ccc(N=CN(C)C=Nc2ccc(C)cc2C)c(C)c1,-5.47,-545.8927319571178,0.3698625809702207,0.1057209905447962,0.0571032153621798,0.0436659695541598,3.0,3.3371534270901746,1387.7123146484162,2213.490091360131,2934.0621886127474,0.3863111661392558
COc1nc(NC(C)C)nc(NC(C)C)n1,-2.478,-576.9254096661658,0.4004756865906529,0.0769100498146144,0.0419797165729659,0.0459072216012094,3.0,3.1626670783098705,833.3642432274304,1490.283491775527,2183.382094822885,0.4678788150471696
C=CCCCCCC,-4.44,-356.78345550777846,0.0334384509169467,0.0581490207478054,0.0298561302798585,0.0366932945365874,3.0,2.804188015864353,79.22199618342715,825.6861304066687,859.9062685780024,0.4738332771503927
Cc1ccc(N)cc1,-1.21,-523.6584329802749,0.0593102132061176,2.5165718398056924e-08,1.3346982776868572e-08,0.0433296121408376,3.0,2.0167970880400548,91.38241202433352,346.27734529170965,434.0479792641313,0.4958394253337767
Nc1nccs1,-0.36,-1699.7326118181493,0.0639050931567908,3.731911419890821e-07,1.968437245504238e-07,0.0385818300921487,3.0,1.55104788572407,93.30183209845742,147.81282837222756,240.70404666431529,0.499147056700836
CNC(=O)Oc1ccccc1,-1.803,-701.8434832902183,0.0868983263135305,0.0029869131376472,0.0017243618897932,0.0415881948820441,3.0,2.545036999934449,142.1143351404295,879.6510258067922,936.4905454246928,0.4544710750471238
CCCC(O)CC,-0.8,-404.935979036609,0.0505863945963938,0.0361799130696454,0.018587809745717,0.0443002688088816,3.0,2.2473399603582256,76.55389295648483,456.4347934116674,499.108730767809,0.4660595442308174
Oc1c2ccccc2cc2ccccc12,-4.73,-669.5956746260421,0.2769364294254046,1.3755088730249554e-06,6.895050063749459e-07,0.0367428915441692,3.0,2.7403183013974446,348.05300162339614,1110.8652882804142,1458.206689057139,0.4997560013772359
Cc1ccc2cc3ccccc3cc2c1,-6.96,-583.7816976329295,0.2559452520890772,1.2415111996233463e-06,6.213031895607682e-07,0.0468483922817884,3.0,2.9815930162630617,256.8424686469208,1453.890573055363,1707.6278997045613,0.49909080251053
Cc1cccc(C)c1C,-3.2,-454.08490063447726,0.0587000609884853,1.7004349501803515e-06,9.515685427054116e-07,0.0465228359561722,3.0,2.06457790189346,226.2470170723195,290.732900572161,507.6781094184154,0.4908388720584164
CNC(=O)Oc1ccc(N(C)C)c(C)c1,-2.36,-605.0051762811919,0.1374728873488493,0.0001019154951791,5.882494959529335e-05,0.0391579091248878,3.0,3.199067793512032,319.06359096090114,1910.2577522002755,2033.379277931164,0.4518186136355546
CCCCCCCC(C)O,-2.74,-390.5018632571077,0.0538528002380189,0.0327770614039764,0.0173907757411024,0.0477586849312053,3.0,3.139757903468748,190.8534601613718,1255.3299695282524,1398.030290841259,0.4827782204846382
CN(C(=O)NC(C)(C)c1ccccc1)c1ccccc1,-3.35,-574.9710383722464,0.2030907517801097,0.0409610907699971,0.0236488076297917,0.0465328327399075,3.0,3.726416112376405,557.0837687910476,3312.685268244692,3583.2199052569804,0.4600151345219868
CCCC(=O)CC,-0.83,-445.83915537386974,0.0566110119107179,0.101081773680562,0.0510761469103903,0.0261096151098295,3.0,2.2403083375347697,62.96287358094871,447.40937978056,495.0401481100592,0.4845142810023058
N#Cc1cc(Br)c(O)c(Br)c1,-3.33,-10781.769878269375,0.0676103224686812,4.1385646909475327e-08,2.1901430100514948e-08,0.032249285229948,3.0,2.7796880506016195,776.0814123076776,1363.5482085621643,2139.629620864403,0.4999999999984953
Clc1ccc(-c2ccccc2)cc1Cl,-6.39,-1710.5566000766155,0.0657113255292642,5.707275704480708e-06,2.8883228976467832e-06,0.0460520660220786,3.0,3.202694747288992,364.9628921261106,1973.1535261832591,2238.588099753716,0.4777698455183517
CN(C(=O)COc1nc2ccccc2s1)c1ccccc1,-4.873,-992.8011328682578,0.2656290293089114,0.3252719053707551,0.1734679072187325,0.0494076297089153,3.0,3.562669162600847,932.1196681258964,3152.2900992142536,3489.5254040242203,0.414761422480157
Oc1cccc2ncccc12,-2.54,-721.831512068522,0.1823520809466572,7.985921911313199e-06,4.321306207263086e-06,0.0422194044436658,3.0,2.1818827870350224,255.0410410398736,436.13045037355255,690.9390497547198,0.4998317929347107
CC1=C(C(=O)Nc2ccccc2)SCCO1,-3.14,-1003.0931363187566,0.1662711596072767,0.0705322384492319,0.040721555516703,0.0458251494694784,3.0,3.2633011146521267,419.4920969913642,2114.9944454923534,2477.0172937817574,0.488399505960817
CCOc1ccc2nc(S(N)(=O)=O)sc2c1,-3.81,-1550.1300815798218,0.2559194904315518,0.1787309967985493,0.0970935018100424,0.0483246357689678,3.0,3.424459538853669,350.8892308048591,2732.742680487073,2974.731117805555,0.4816956912785322
Oc1c(Cl)c(Cl)c(Cl)c(Cl)c1Cl,-4.28,-5454.831073969288,0.0877635046490468,2.5873305276036266e-08,1.3226902490236764e-08,0.0456617457579467,3.0,2.7219912779286086,881.6774005129275,1091.57269643908,1973.250096945584,0.4999999999981189
ClCBr,-0.89,-16728.2249486764,0.0142669259803369,1.731677912175655e-09,8.661140536396404e-10,0.0330007055890312,3.0,1.4095150292266114,17.108679965628955,241.5480709939893,255.43415463985409,0.4936919236088548
CCC1(CC)C(=O)NC(=O)N(C)C1=O,-2.23,-667.7577289263742,0.2607472107556532,3.172190190525725e-06,1.813608243876126e-06,0.0458320317791135,3.0,2.409473112233718,533.9341209654087,811.3387339884697,956.3068427039972,0.2966311674866526
CC(=O)OCC(=O)C1CCC2C3CCC4=CC(=O)CCC4(C)C3CCC12C,-4.63,-552.2924205702249,0.2855117170802259,0.4365683183386863,0.2352612143214128,0.0416325295366952,3.0,4.113269431999815,1045.9257324770804,5639.829820316008,5919.057775128057,0.4352348121277364
NC(=O)NCc1ccccc1,-0.95,-642.680218294011,0.0944506785508565,1.2266700650798157e-06,6.622044223153472e-07,0.0456512625642933,3.0,2.738404162397929,157.71583829530553,1033.908624952839,1060.747330106449,0.4383089971438164
Cc1ccc(NC(=O)N(C)C)cc1Cl,-3.483,-1042.4065129162757,0.1135041445195383,0.0004591614051605,0.0002648760890245,0.048842103449421,3.0,3.150345934385435,374.11860158324,1764.7592863327325,2082.624238806267,0.4864945274182243
CON(C)C(=O)Nc1ccc(Cl)c(Cl)c1,-3.592,-1665.15661974993,0.1103982314598397,0.0007873916401877,0.0004545005507712,0.0494328970020976,3.0,3.4587276018674253,422.89725664257287,2609.347500894151,2927.4051901607872,0.482093430774586
OC1CCCCCC1,-0.88,-433.6951625197622,0.0608470472416229,0.0657930019733612,0.035970045239795,0.0498354301929469,3.0,1.940118177653319,168.93733038548731,292.4299681359153,398.25333535433344,0.4207615384918785
CS(=O)(=O)c1ccc(C(O)C(CO)NC(=O)C(Cl)Cl)cc1,-2.154,-1675.4547763029186,0.3094101024180418,0.1152457928255898,0.0576232374220409,0.0433235179369961,3.0,4.315832066016752,826.7955111958308,6160.92087955728,6282.257083701135,0.4438530373993188
CCCC(C)C1(CC)C(=O)NC(=S)NC1=O,-3.36,-871.3688614593952,0.182425486658758,0.2580607740164851,0.1450760133606896,0.0472969077579668,3.0,2.8850397110767063,884.8042349429161,1443.164861934516,1706.192712302165,0.3177883482643237
CC(=O)Nc1nnc(S(N)(=O)=O)s1,-2.36,-2001.6354258481767,0.3860711628149147,0.0153730419842759,0.0088740809677082,0.0493591414429398,3.0,2.8207562633211496,268.9672403530762,1551.6623643399053,1715.901513239308,0.4694830703724641
O=[N+]([O-])c1ccc(O)cc1,-0.74,-929.4142498798352,0.0926987863294925,8.379720384255054e-08,4.335114789538772e-08,0.0398981849772666,3.0,2.304110590315509,126.41054266765477,612.1140993393157,738.5246418760929,0.4999999999107155
ClC1=C(Cl)C2(Cl)C3C4C=CC(C4)C3C1(Cl)C2(Cl)Cl,-6.307,-3374.136228226559,0.2139704255387187,0.0071745937748346,0.0041409066667266,0.0341778277502624,3.0,2.741665791329468,1527.2467294914206,1878.035528960709,2080.3681187178618,0.181567380355939
C1CCOC1,0.49,-486.8792413299445,0.0216719098780231,3.4744516597129405e-08,1.7376568269328292e-08,0.035950517224955,3.0,1.3619580361167605,70.76111503016496,71.63758914496331,125.10812644758556,0.4308974635806393
Nc1ccccc1[N+](=O)[O-],-1.96,-837.5225590275046,0.1738223494248814,4.16148395743221e-07,2.112332975374471e-07,0.0452894776487061,3.0,2.101082827003004,215.6023976062237,394.8324899218904,609.093115507293,0.4988985493452003
Clc1cccc(-c2cccc(Cl)c2Cl)c1Cl,-7.28,-2847.653527199023,0.1058693058585049,1.431420969311148e-06,7.44288668284286e-07,0.0370573462498226,3.0,3.128438317921321,723.2183228130282,2489.654251409936,2502.417705203092,0.3580463070686817
CCCCC1C(=O)N(c2ccccc2)N(c2ccccc2)C1=O,-3.81,-630.7462668528694,0.3769329999922775,0.0677238571370253,0.0342842184331745,0.0426298257396994,3.0,3.3706592932165216,1555.5314419097983,2347.279694380387,3104.434155595167,0.3714134459484613
Cc1c([N+](=O)[O-])cccc1[N+](=O)[O-],-3.0,-975.3496210238884,0.2246763640832796,0.0003363328760315,0.0001919805212388,0.0387349443080621,3.0,2.509470210720093,321.2827751113645,857.2151082799337,1115.4708544190182,0.4717486885813567
CC(=O)C1CCC2C3CCC4=CC(=O)CCC4(C)C3CCC12C,-4.42,-497.7331522194799,0.210029460304213,0.0970689270361617,0.048639506411951,0.0498991603306214,3.0,3.6615813548747234,793.2325490243127,3710.8649772816393,3928.186202209263,0.4266950070017503
CCN(CC)c1nc(Cl)nc(N(CC)CC)n1,-4.4110000000000005,-857.355173034655,0.2650483651232207,0.1918533259195101,0.0960735857243784,0.0471216991697165,3.0,3.0926397985344507,1062.101770559913,1493.9935541348216,2374.6697228283465,0.4617998241769755
O=C1C2CC=CCC2C(=O)N1SC(Cl)(Cl)C(Cl)Cl,-5.4,-2853.5728780102104,0.3937295095674926,0.0226203808269929,0.0118140043581919,0.0426881153782873,3.0,3.1363932731541326,944.118649129062,2850.3550282023466,3072.6510063611727,0.3825407328270208
Brc1ccc(Br)c(Br)c1,-4.5,-18034.54178893223,0.0337575411249417,9.89530235528946e-10,5.409712407109647e-10,0.0347027630820729,3.0,2.8289659108869114,542.2721805540748,1977.103375290667,2519.3755558227085,0.4999999999954287
O=C1Nc2ccc(Cl)cc2C(c2ccccc2)=NC1O,-3.952,-1140.2769571630647,0.2724933577410411,0.0401370849649538,0.0231726977219284,0.0428570973399988,3.0,3.224065755819095,1543.200634239082,1647.888869938668,2769.485972586705,0.4238841547194923
C=CCC1(C(C)CCC)C(=O)NC(=O)NC1=O,-2.356,-625.0070820851488,0.3186445174687833,0.1870451902832428,0.0944787152017764,0.0480768153495414,3.0,2.7525008498272383,961.8913951364484,1228.742862269822,1420.0147182372184,0.2286579042905473
Cc1ccc(C(C)C)cc1O,-2.08,-506.1867941242407,0.0590205529479135,0.0043018845262849,0.0024836860329816,0.0458668028598955,3.0,2.484192743972604,232.17096434460336,750.7932314546925,871.1275573689722,0.435809263818395
O=C1CSC(=S)N1,-1.77,-2837.6069765107054,0.0622715337558474,1.6683770809322596e-08,8.343256078658803e-09,0.0348315969945412,3.0,1.942725977623993,145.47379747671172,358.751954960926,501.0886026083324,0.4968696655501949
O=c1c(O)c(-c2ccc(O)cc2O)oc2cc(O)cc(O)c12,-3.083,-939.6297917509918,0.2729709067280055,0.5641239102296822,0.29468431284431,0.0406217601326181,3.0,3.626897331567938,863.2197206060275,3181.869868272892,3906.4199872815766,0.4822510633713497
O=C1C2(Cl)C3(Cl)C4(Cl)C(Cl)(Cl)C5(Cl)C3(Cl)C1(Cl)C5(Cl)C24Cl,-5.259,-6555.621034006925,0.5480404794216156,1.7666025087237358e-08,9.275724536835388e-09,0.0411367060233362,3.0,2.880138686087846,2557.5309374777853,2663.0885514611914,2918.778937339492,0.1056843287868424
CCN(CC)C(=S)SSC(=S)N(CC)CC,-4.86,-1584.284592564682,0.5719290807828656,0.1392507698401459,0.07022503303838,0.040817660922119,3.0,2.9736990759818176,937.9809853846932,2144.9016061914417,2161.373380296804,0.2868232255286308
C1CCCCC1,-3.1,-356.8202417018636,0.0066830100331571,0.2278383588800352,0.1315425312532211,0.0353401369534239,3.0,1.6136469244350278,116.67563405853949,116.67574527499178,204.94014479110083,0.4306840673596384
ClC1=C(Cl)C(Cl)(C2(Cl)C(Cl)=C(Cl)C(Cl)=C2Cl)C(Cl)=C1Cl,-7.278,-6780.950617035347,0.1616128759051207,0.2798213420028332,0.1614290180875511,0.0441372765803773,3.0,3.188923518496736,2288.4955388805392,3589.929138557214,3774.414867141444,0.2212800017542553
Cc1cc(Cl)ccc1N=CN(C)C,-2.86,-1003.6790722559084,0.1322620074461156,0.196734014825779,0.1128580293370276,0.0487095275004679,3.0,3.174027619102593,263.6350551014833,1786.8868400813244,1912.3239809321883,0.4638665007526129
CC12CCc3c(ccc4cc(O)ccc34)C1CCC2=O,-5.24,-607.1237709826501,0.2547473242266278,0.210785876141017,0.1164845035733547,0.0458298048331319,3.0,3.4474540575167616,503.6454242493588,2761.680522233777,3065.543615024804,0.4674148606987525
CCCCCCCCO,-2.39,-394.239052839348,0.0435978941841312,0.0319960589622496,0.0183948580490645,0.0412227767759951,3.0,3.1447913339097515,103.8659354093026,1221.062477988033,1250.9658925901024,0.4704378347777987
CCSCC,-1.34,-1010.0934106767178,0.0112464911908318,0.0228643950249534,0.0132007560293105,0.0452467882576795,3.0,1.8863590235087049,34.8688252957914,292.3261554738471,314.61755796798053,0.4800115688332022
ClCCCl,-1.06,-3398.721895276449,0.0123364266910357,0.0501810393761843,0.0289720269775337,0.0300185161360521,3.0,1.8891386074075136,17.11100727088411,339.1998981459697,349.99200711629555,0.4909727962738295
CCC(C)(C)Cl,-2.51,-1052.5465257997896,0.0468990784720517,0.0219933543739898,0.0126978646185361,0.0447339004831071,3.0,1.7337451429159922,166.1782167405247,211.47324045118165,263.15841802588386,0.2824636581545226
ClCCBr,-1.32,-10588.978816648836,0.0117187020223354,0.0562823887303238,0.0324946218663107,0.0480435168176973,3.0,1.926385572487545,17.403972496253946,517.9334707576804,529.0256541591738,0.494034515107041
Nc1ccc([N+](=O)[O-])cc1,-2.37,-837.5239072907679,0.1176472365386871,2.573051460785792e-07,1.286673615131839e-07,0.0406856054670892,3.0,2.3106959650588106,126.9536158155551,610.7032371209532,737.3398273070958,0.4997850206792912
OCC1OC(OC2C(CO)OC(O)C(O)C2O)C(O)C(O)C1O,-0.244,-785.4122499264872,0.4909998618750251,0.5493229958738084,0.2793248154939697,0.0459924564658221,3.0,3.2796030869675685,1127.405307072072,2889.879354451889,3346.0690246467107,0.399700868103144
CCN1C(=O)c2cccnc2N(CC)c2ncccc21,-2.86,-662.213014679217,0.368254796761903,0.0606918579724151,0.0350398817011442,0.0471117249323906,3.0,2.93140353739632,1187.6354125591783,1341.4873141617966,2082.2927850624,0.3927072252123346
Clc1ccccc1,-2.38,-1569.3598928176718,0.024024303031183,2.2679159883409745e-08,1.255523094573574e-08,0.0339012140973728,3.0,1.90769378136536,88.00919447787741,321.6153569659894,409.6245514377548,0.4999999999913188
C=CCCCCCCC,-5.05,-356.7882646217269,0.0392756818364432,0.0619772362442745,0.0357824909786315,0.045103442918897,3.0,3.1619879487386893,96.57682608544869,1193.038450448122,1234.7821155794952,0.4777964224363189
Brc1ccc(I)cc1,-4.56,-7036.761903383177,0.0202072780375601,5.0989910960197455e-08,2.8409891225592197e-08,0.0244962770812709,3.0,2.93214184744721,88.13343252250357,2344.142442672183,2432.2758751907727,0.4999999999989899
CCC(C)(O)CC,-0.36,-404.9411187540953,0.0580678164096752,0.0188340306995087,0.0099320241758258,0.0473138799337536,3.0,1.8392050379889024,187.8453123311544,216.0803796339449,287.33751008551167,0.2971232822239513
CCCCCc1ccccc1,-4.64,-432.4674484080125,0.0363762368560856,0.0272630376275628,0.0156296637160105,0.0417122309589304,3.0,2.777439467090553,254.35648454915693,980.3045821657772,1052.5749079740235,0.4135044178982883
NC(=O)NC1NC(=O)NC1=O,-1.6,-962.3522373737106,0.2601213619673217,4.884494046564214e-06,2.708565887778528e-06,0.0422721299148046,3.0,2.412221185388957,247.51543101503376,712.5404200051597,880.0500416924808,0.4545447386294321
O=C(OCC(O)CO)c1ccccc1Nc1ccnc2cc(Cl)ccc12,-4.571000000000001,-1016.157574944604,0.4325922667048871,0.4659365262559731,0.2423121421768383,0.0405385409458329,3.0,4.558752763813707,1893.6785662922605,6142.935079755272,7458.822449653468,0.4612679346977999
Clc1ccc(C(c2ccc(Cl)cc2)C(Cl)Cl)cc1,-7.2,-2313.907083704292,0.1309690021516871,0.0011312460483168,0.0006529329000085,0.0452145111293487,3.0,3.702059796545417,1540.45570614641,3030.558663934732,4201.2754985036345,0.4559968309969068
CC(=O)OC1CCC2C3CCC4=CC(=O)CCC4(C)C3CCC12C,-5.184,-526.4630246128522,0.2285117285209708,0.2724064883805113,0.1362234018595556,0.0443800842295485,3.0,3.909391273486285,717.9319404582303,4627.204815551584,4756.172935630196,0.4380842719186726
Clc1cccc2ccccc12,-3.93,-1278.6718350161805,0.1385290939542756,2.809138095472008e-07,1.4905683274291654e-07,0.0383886428457813,3.0,2.3285871319316285,328.616728416818,553.1389405135312,881.7556689270518,0.4999999999975631
CCN1c2ccccc2C(=O)N(C)c2ccccc21,-4.749,-625.5824563653521,0.2917631824457203,4.582791007123888e-06,2.3085808422335414e-06,0.0449995041945399,3.0,2.8564801698460136,966.5283856462622,1363.1756210141286,1787.8464992053578,0.3484608416615831
CCCCC(C)O,-0.89,-404.93657521724623,0.047535661387883,0.0312597246920631,0.0160030563277516,0.0460325975299756,3.0,2.340582057980268,75.77158417528901,498.7731300360383,544.9727841240884,0.4728684340304128
CCCC1CCCC1,-4.74,-356.81294213985547,0.0408871580530103,0.0420446292355336,0.0211487958058834,0.0414721225850482,3.0,2.1922233083724625,122.78012029959368,455.99225079326953,499.8125926625426,0.4210106151882475
CCOC(=O)c1cncn1C(C)c1ccccc1,-4.735,-643.1916322460555,0.1457987459943979,0.0304565005390031,0.016052975072493,0.0491643919026159,3.0,3.3485921330627755,536.1800114294772,2417.221205541932,2525.1698732831096,0.4152074186731123
Oc1ccc(Cl)c(Cl)c1,-1.25,-2568.3664145138955,0.0344490050556487,0.0025078151084017,0.0014478814898013,0.0470002862522752,3.0,2.2731662359258835,274.4676864042737,567.7842237345476,842.2519101387863,0.4999999999993855
CC1(C)C(C=C(Cl)Cl)C1C(=O)OC(C#N)c1cccc(Oc2ccccc2)c1,-8.017000000000001,-1187.733564715288,0.3551356018870137,0.1691020189391565,0.0846191735759348,0.0498583262183905,3.0,3.723741077500143,2484.922658032021,3823.082247153693,5236.977391793109,0.3977437333344408
c1ccc2ocnc2c1,-1.16,-777.4721479083938,0.0794314262948319,3.346940502524376e-09,1.7358163269146902e-09,0.0341819464528409,3.0,1.8799423365570391,125.75031436199804,295.2521896349949,421.00250399697694,0.4999999999987933
CCCCCO,-0.6,-412.9464057510814,0.0454102575822616,0.0275670389355582,0.0151578655882637,0.0410162645092596,3.0,2.297620575286271,32.14527359044953,441.4995369128005,457.0535217934149,0.4818497310274551
CCN(CC)c1ccccc1,-3.03,-465.88562192641336,0.1029090308620652,0.0202578821590577,0.0116953403861588,0.043274883291138,3.0,2.426752499401477,299.6004143394396,612.4615324535538,845.6895523523477,0.4607584164561643
Fc1cccc(F)c1,-2.0,-977.366139031626,0.0373003475087898,4.803951014764607e-09,2.510880816505517e-09,0.0270796575885777,3.0,1.9177788165053,133.8618641549202,285.76463886811683,419.6265030214405,0.4999999999969062
N#CCCCl,-0.29,-1910.384565397569,0.022401276990422,3.1131639843806624e-07,1.7766534053018229e-07,0.0266665898818471,3.0,1.753493545371171,58.75008831509972,225.92464845248003,265.83894262026746,0.4645729215543355
CC(C)(C)Cc1ccccc1,-4.15,-432.4720989020749,0.0509621530964068,2.7551395760383457e-06,1.4465359984837814e-06,0.0463612399680578,3.0,2.477853734234204,209.6869935805899,766.7913023787044,843.9480060510612,0.4214819580360158
Clc1ccccc1I,-3.54,-2243.254584924206,0.0358568654519331,2.1296727936714888e-08,1.068415258400122e-08,0.0451240113549836,3.0,2.052165700681966,306.80436708749664,697.4105648717859,1004.2149319491584,0.4999999999944612
c1ccc2[nH]nnc2c1,-0.78,-769.9791124666971,0.1058987216401874,5.067704478278756e-09,2.5684378362323716e-09,0.0482546802272668,3.0,1.8853709752396848,124.42610890234582,299.02555030865034,423.4516592101744,0.4999999999978489
CNC(=O)Oc1cccc2c1OC(C)(C)C2,-2.8,-655.9483128343921,0.1854526630559121,6.964546628296375e-08,3.5110282646296547e-08,0.0414197331328853,3.0,2.85983127206914,664.4229927813143,1255.068759346599,1699.652336822726,0.4353281225391603
Cc1cccc(C)c1O,-1.29,-553.3521062928203,0.0555785030337574,1.4629767974838614e-07,8.049005042377619e-08,0.0492012684841893,3.0,2.0280480051207537,219.22805368241285,286.34787989692575,499.36460681228107,0.4937807699191024
CC(C)C(C)O,-0.18,-412.9552176068631,0.0481347376244229,0.0067705924830079,0.0039090008558966,0.0467510717501657,3.0,1.715968657552372,111.89990288600052,186.9261757672694,220.2978102084084,0.3217679323021528
OC(c1ccccc1)c1ccccc1,-2.55,-605.1769728204974,0.0934086397464852,4.628436727216467e-06,2.421518278730331e-06,0.0438571717974202,3.0,2.772572149607835,347.2351351242256,1200.5134958100612,1284.7839829957204,0.3976619216071603
CCCCCCCCCC(=O)OC,-4.69,-453.4821498778787,0.0904462006965332,0.035791350839645,0.0178958356840652,0.046501454358134,3.0,4.061131033518621,230.5928993557252,2900.134404268877,3014.319560649315,0.4806908755634434
COP(=S)(OC)Oc1ccc([N+](=O)[O-])cc1Cl,-4.31,-2032.042449964152,0.2930991590692429,0.0838930763493408,0.0425103708894367,0.046343951623468,3.0,3.2189492934502524,760.8657495499983,2485.225703502719,2922.101771570808,0.4445622180864982
CC(C)CBr,-2.43,-5310.336538313156,0.021146283717826,0.0084492958703776,0.0048781947680813,0.0381285492608521,3.0,1.6195442028076656,89.94031226614248,303.4785801741242,325.36704290505673,0.395422952293514
CCI,-1.6,-1282.547511002378,0.03920163298244,1.584339770488441e-08,7.928087382334279e-09,0.0373351560874983,3.0,1.0802719367457647,17.22740496216694,167.920991405865,178.87343213705907,0.4824597645470075
Cc1nc(N(C)C)nc(OC(=O)N(C)C)c1C,-1.95,-622.0110935263062,0.2994933723530266,0.0024100508926494,0.0013865852410434,0.0445037204158458,3.0,3.071745058693122,706.6999583484687,1656.2779329209184,2133.8676661035497,0.4463157371925771
CCCCCCBr,-3.81,-3824.281324002367,0.0251351818442344,0.0274706288619199,0.0158601743885307,0.0496949880341631,3.0,2.9285425979741246,46.42103095018606,1378.6195880972602,1406.4280593804615,0.4933830388465904
CCCC(C)C,-3.74,-322.770405995969,0.0200349088936491,0.092102997740767,0.0531756783707344,0.0394314736781202,3.0,2.02912170000028,75.60320466522508,292.9867095466338,341.05745522994414,0.4596366263797527
Cc1c(F)c(F)c(COC(=O)C2C(C=C(Cl)C(F)(F)F)C2(C)C)c(F)c1F,-7.321000000000001,-1305.3627162011085,0.2434469823128893,0.2247404383597313,0.1202798827784515,0.0461146717149289,3.0,4.819962012467922,1157.3001916217388,8947.320895907587,9351.548460339944,0.4597354047629602
CCc1cccc(C)c1N(C(=O)CCl)C(C)COC,-2.73,-830.1852338359765,0.2302907279372448,0.2087427289079642,0.1044517468380127,0.0429461346659437,3.0,3.094999183040088,1392.960964395282,1753.3484664196103,2290.66565668304,0.3132325047882632
O=[N+]([O-])c1ccc(C=NO)o1,-2.19,-1094.922731990176,0.1438181994781189,0.0393415760081552,0.022713858961013,0.0446133661024513,3.0,2.5483548557137548,133.26518610642864,880.4462890057868,1013.7114735467296,0.4999999992273512
CC(C)C(Nc1ccc(C(F)(F)F)cc1Cl)C(=O)OC(C#N)c1cccc(Oc2ccccc2)c1,-8.003,-1002.587331862342,0.3203869424032746,0.1891047538883867,0.1073091638201143,0.0435444537340534,3.0,4.91494276590711,3084.6889798857173,10060.698964096224,11152.262850991334,0.410640328352095
Nc1nc[nH]n1,0.522,-810.4367499846122,0.1065808879247924,7.389917300315575e-08,4.108033565541175e-08,0.0455578604579937,3.0,1.4726297980987415,52.34632878070428,130.22920535189908,182.11139432276667,0.4987256705914526
BrC(Br)Br,-1.91,-42238.60127851942,0.0170781132474076,8.119968697428703e-09,4.158335496532586e-09,0.0489049887475827,3.0,1.8004679555639107,412.7353233293729,412.7353700100368,813.0778188667596,0.4923790354465039
COP(=O)(OC)C(O)C(Cl)(Cl)Cl,-0.22,-2967.0230867447085,0.2992231365788029,0.1231239429762354,0.0678714964011874,0.0474700392647503,3.0,2.4261084109160005,608.1412153539669,1134.1143844609592,1288.1850552149092,0.3237557007968427
CCOP(=S)(OCC)SCn1c(=O)oc2cc(Cl)ccc21,-5.233,-1829.8390881556188,0.4851872166764224,0.1335173387633403,0.066998894637499,0.0416568109847918,3.0,3.947758468535232,1279.4991043265766,4728.837084467188,5455.8018418726,0.4493626818810178
OCc1ccccc1,-0.4,-590.1727710222099,0.0296038013384531,0.0115420582151273,0.0066638052636849,0.0491574600499068,3.0,1.992542077512472,107.75715590924904,340.3190826986765,410.6037931147252,0.4543690948275787
O=c1oc2ccccc2c(O)c1C1CCCc2ccccc21,-2.84,-687.4694170658049,0.2761206217655854,0.2855158117163228,0.160389096344416,0.0436758735739338,3.0,3.3802350413791955,793.7485860556122,2887.660576588273,2999.0009359858755,0.3862274068556682
Oc1ccc(Br)cc1,-1.09,-6030.976834655095,0.0235921577113913,2.2657332010567188e-08,1.1423137594482752e-08,0.0485378452134579,3.0,2.262101816409751,88.6471325952413,796.6580219567516,885.3051545515938,0.4999999999992098
CC(C)Br,-1.59,-6661.297766664657,0.0178822784364456,1.0302755981683732e-07,5.1754140702155e-08,0.0341897380371027,3.0,1.3617502841145157,62.670296718823664,173.30272115312525,220.17452476069008,0.4641227950205442
CC(C)CC(C)(C)C,-4.74,-330.6300997986096,0.0309386188782809,0.1305112066620495,0.0701060123178347,0.0348179501565806,3.0,2.140006205629364,170.84729433239133,414.60170724578944,460.83080085585937,0.3647896359231969
O=[N+]([O-])c1cc([N+](=O)[O-])cc([N+](=O)[O-])c1,-2.89,-1279.4258572742376,0.2590097748361586,9.619907359592617e-08,5.508429041429197e-08,0.0407143855278266,3.0,2.8358470079028697,856.898137692845,856.8982930964311,1713.7964305943783,0.4999999999428469
CN1C(=O)CN=C(c2ccccc2)c2cc([N+](=O)[O-])ccc21,-3.796,-783.7445828929242,0.2761940604868869,3.891494998242706e-06,2.063492703408121e-06,0.0498502416697361,3.0,3.3500981692236125,1751.0151745933902,1778.5895757639946,3098.747320284589,0.4304787732685982
CCC,-1.94,-294.9030701141775,0.0087817531634755,1.6726062312955037e-08,8.642842571360641e-09,0.0409306345390779,3.0,1.2756970107063184,17.051495177457387,59.3612436983456,67.11442923464647,0.4307279392222118
Nc1cc(N2CCCCC2)nc(N)[n+]1[O-],-1.989,-636.2375629594395,0.7273716682611848,0.0168284587634843,0.0096251965871727,0.0460949327841179,3.0,2.9193638753808964,379.5132920454866,1443.7402175664354,1743.5414818345455,0.4771407710660093
Nc1cccc2nc3ccccc3cc12,-4.22,-665.4331375104495,0.32487340292937,0.0036521683759929,0.0021075180439659,0.0413929857238285,3.0,2.7927112934567866,335.6611028546566,1179.638331243207,1514.501114958072,0.4997364415473497
c1ccc2cc3c(cc2c1)-c1cccc2cccc-3c12,-8.49,-654.7163297214606,0.2488136355277674,4.58312570117414e-08,2.3927604321463013e-08,0.0404958800104616,3.0,3.364530121224468,557.4398409671651,2298.7931589507903,2856.232999917865,0.4999999999998092
OC(c1ccc(Cl)cc1)(c1ccc(Cl)cc1)C(Cl)(Cl)Cl,-5.666,-2736.0484743874604,0.3475440195034025,1.0891541023738682e-05,5.918770367941134e-06,0.0422487792796042,3.0,3.5882256095270906,1920.732123638576,3186.961886923482,4432.306222712446,0.4238107935334461
c1cc2c3c(cccc3c1)CC2,-4.63,-573.4627079716888,0.1954775439007789,3.2412572181783617e-08,1.6226161488445917e-08,0.0409791325372332,3.0,2.2383921180857502,355.50992811271965,420.2447336239696,769.5727240426083,0.4959835259866028
Brc1ccc(Br)cc1,-4.07,-12198.70621294478,0.0217425817390903,2.039596438407898e-07,1.0228776290272681e-07,0.0318003733216244,3.0,2.8172001795397663,88.2323583529868,1784.0631766405756,1872.2955349930128,0.4999999999995861
Cn1c(=O)on(-c2ccc(Cl)c(Cl)c2)c1=O,-2.82,-1982.40267826958,0.1976055067789275,0.0010430340844322,0.0006021740384641,0.030634565489579,3.0,3.34975947433024,474.5196526799304,2456.4537880937587,2927.631998018106,0.4994293267120246
Oc1ccc(-c2ccccc2)cc1,-3.48,-637.5815994653259,0.0544294263108895,9.14113479666412e-06,5.047195173016316e-06,0.0482486417874718,3.0,2.896430972169889,175.2725090061596,1288.348784194725,1392.285204647321,0.4743816538750828
CC1=C(C(=O)Nc2ccccc2)CCCO1,-2.56,-623.3299350274666,0.1478649599848722,0.0321639068861259,0.0185697983511371,0.0462534507943099,3.0,3.24298021274736,358.2247329736208,2025.751533392749,2186.0043696651137,0.4547183209124843
C=COCC,-0.85,-486.8409348085393,0.030058414128689,0.0773732762545478,0.0446714801641932,0.0424464067332465,3.0,1.6894241620491184,30.500843329554645,178.46357094171688,202.6445505859944,0.4844065293935353
C#CCC,-1.24,-424.6958184011416,0.0118606794403604,1.3566022971644998e-08,6.783986214111348e-09,0.0435808095958616,3.0,1.5255597324100292,18.41674204296524,110.57174666420964,122.79165016460456,0.4747668569678278
COc1ncnc2nccnc12,-1.11,-854.0844002252222,0.4428813515769434,3.0866431188769645e-08,1.7514187527791888e-08,0.0383575367722599,3.0,2.297619016612569,273.7850060054599,583.7981492697718,854.4348960229063,0.4981576950637341
CCCCC(C)(O)CC,-1.6,-394.2492663056594,0.0630612496079265,0.0404827008678694,0.0233726384478697,0.0427891165692001,3.0,2.4366429499683093,212.6648563361425,629.2673237753718,704.4903246882762,0.4024529857916371
Clc1ccc(Cl)cc1,-3.27,-2611.7061913809825,0.0289595137292053,3.7580321077257395e-09,1.885520932137432e-09,0.0283772297447285,3.0,2.403613340476115,88.18628256544064,761.0736550276386,849.2599375898952,0.4999999999975367
CC(=O)OCN1C(=O)NC(c2ccccc2)(c2ccccc2)C1=O,-4.47,-752.9336993310018,0.3320650591776939,0.01594453171856,0.0092052423224809,0.048023310878528,3.0,3.547198320343518,1479.47381914985,2988.1375047934,3694.3793126110018,0.3953502136754662
CSCS(=O)CC(CO)NC(=O)C=Cc1c(C)[nH]c(=O)[nH]c1=O,-1.981,-1195.0104309443022,0.2790689438188565,0.2620883319759741,0.1313074831061247,0.0478713927851952,3.0,4.6195284228500215,1245.3531729975134,6835.145523495643,7345.407357796,0.4499625206001766
Cc1c[nH]c2ccccc12,-2.42,-577.7663512155633,0.0653793145665986,4.8716174205765135e-08,2.4401664034605813e-08,0.0482119816431593,3.0,2.1151695764078555,192.0491348976708,396.38895305375735,585.327527804414,0.4973428892370083
COc1ncc2nccnc2n1,-1.11,-854.0874803959886,0.3905385511316126,0.0800606494249223,0.046223009176944,0.0472263776305446,3.0,2.390091603623637,208.31668960734905,719.5541444226776,924.7280485663372,0.4983006974485317
CNC(=O)Oc1ccccc1C1OCCO1,-1.57,-734.8784069699967,0.1758530581500963,0.0046668216382386,0.0026940240951223,0.0434308375268887,3.0,2.7860891445551785,760.6499681032597,1048.5112518312362,1656.3609392945264,0.4538747029660221
CC(C)CNC(=O)N1CCNC1=O,-2.15,-611.370076006068,0.1626376074200379,0.5656499668766628,0.317247281615307,0.0445385894673095,3.0,2.797240696465624,277.48529241509726,1243.3511845775008,1377.8014113772338,0.4480930036668766
CC#N,0.26,-602.4926696923295,0.0169892370186062,2.1827872842550278e-10,1.164796969633392e-10,0.0116258454530182,3.0,1.1684986919692828,3.1570406098174297,54.47480223484279,54.47480224679382,0.4710229274031531
CCOC(=O)NCCOc1ccc(Oc2ccccc2)cc1,-4.7,-674.0525227316712,0.1401151604914048,0.0903861877304734,0.0452039152508984,0.0494632464001713,3.0,4.99337995890793,512.8363285738793,7204.277709267243,7310.114446296141,0.4721618864837237
CC(=O)N(c1onc(C)c1C)S(=O)c1ccc(N)cc1,-3.59,-1005.3905467921616,0.5992792429533438,0.1369205934970523,0.0686966167399065,0.0499589550760355,3.0,3.20925464671369,915.527881234302,2437.160435155792,2689.7346337518466,0.376762251130651
ClCC(Cl)(Cl)Cl,-2.18,-6525.699219769074,0.0599229110666783,6.218760972842574e-08,3.1156291943850535e-08,0.0317807190711175,3.0,1.9148517607096087,273.44417645434385,465.00953475085214,492.35513304632775,0.2500802148271581
CCCCO,0.0,-424.1701954312968,0.0391870612611455,0.0340956751506382,0.0170657435227267,0.04961117517266,3.0,1.928611129909234,27.24101472171257,255.2272162285617,268.938827889413,0.4748466906619853
CC1CCCCC1NC(=O)Nc1ccccc1,-4.11,-537.4750895273205,0.0976710175564221,0.2564660564057703,0.1326090083404506,0.0489903274072802,3.0,3.6589466369117982,358.9967171583614,2829.8536684919254,3031.8864829117574,0.4741144822498874
Clc1cc(Cl)cc(Cl)c1,-4.48,-3654.049907062707,0.0277789781539468,5.820766091346741e-10,2.987132856725998e-10,0.0166987556432176,3.0,2.5534654661224416,591.511208299805,591.5113189796675,1183.0225272789298,0.4999999999993479
O=Cc1ccco1,-0.1,-849.9469543575083,0.0541401131158636,0.0265837439856113,0.0153481280174483,0.0436203346969736,3.0,1.7868378148972266,60.93855784353984,245.8406094219337,306.7791672639387,0.4999999999958686
CC(C)CCO,-0.51,-412.9482506396232,0.0280140485319861,0.0556292097780897,0.0292272618275836,0.0385488357492972,3.0,1.8681872424034065,88.1753801316318,249.5653236016216,277.5680821300266,0.3916074551110992
O=Cc1ccc2c(c1)OCO2,-1.63,-855.5160407841657,0.205629782336473,0.0194773007115145,0.0112452200252494,0.0484427266481134,3.0,2.367760292409729,175.86766815439418,667.4494876381019,840.0607577225805,0.4980618080055662
C=C(C)C,-2.33,-356.7557236441537,0.01588339605496,1.743410393828526e-08,8.787546115595805e-09,0.0439432016039269,3.0,1.4102797223773669,54.76946323316687,59.91810670556762,108.4975863417245,0.47147409538468
O=Cc1ccccc1,-1.19,-672.1429734082204,0.0414519891201052,2.488195605110377e-08,1.4355113685229102e-08,0.0423084137282137,3.0,1.979886564602909,95.38558977623455,320.6152698457846,416.0008596219001,0.4999999999986549
C=C(C)C(=C)C,-2.4,-399.2959618881959,0.0558623535262086,1.4197212294675411e-08,7.806056409179925e-09,0.0438565054756636,3.0,1.747693111316355,102.365721480147,151.6465714805029,247.8063196132554,0.487478177800197
CCOC(=O)CCN(SN(C)C(=O)Oc1cccc2c1OC(C)(C)C2)C(C)C,-4.71,-781.1371310032657,0.4806001998367719,0.3007099633032339,0.1676466464242484,0.0466165991789543,3.0,3.708722305303235,2096.2107864584696,4104.54282669189,5092.588109053563,0.3911982001717858
CN1C(=O)c2cccnc2Oc2ccccc21,-3.672,-767.8589691045745,0.2656915899860905,7.832095434423536e-07,4.116883400547124e-07,0.0442218098397396,3.0,2.724877685041774,647.8602165338394,1114.6619853324885,1597.0487246751934,0.4481939797341861
c1ccc2c(c1)Cc1ccccc1-2,-5.0,-593.6496007550035,0.0588284299410588,3.584918886190281e-07,1.794434471964156e-07,0.0434787325243741,3.0,2.552563043373136,229.0395390311755,855.5578849411468,1081.4804498669114,0.4985589318296083
CC1CCCCC1,-3.85,-356.82490977837864,0.0184378145395385,0.30198398038101,0.1588117458926424,0.0482491867054769,3.0,1.841222109306557,119.36215636209394,229.83071801241653,316.5479587296416,0.4484360667230724
N=C(N)NS(=O)(=O)c1ccc(N)cc1,-1.99,-1180.2122566849473,0.2648167621518951,0.1091024134875624,0.0546586191891555,0.0483287424927917,3.0,2.7256987872543923,477.3232037291589,1259.752559071376,1446.3326422081293,0.3994895392289133
COC(=O)c1ccc(O)cc1,-1.827,-767.2512364892816,0.0772345206478348,0.0032545862650295,0.001879013851252,0.0421955050950424,3.0,2.5809516791577414,144.67800137193748,870.4120571482362,1011.9337296524692,0.4984404468513044
CC1CCCO1,0.11,-462.5049108875984,0.0292791643978489,0.0194292358182792,0.0112174517735097,0.0333654417363951,3.0,1.6045252836307728,76.85527958900893,157.40130191152207,209.24762323025683,0.4402407590464368
CC1=C2C3OC(=O)C(C)C3CCC2(C)C=CC1=O,-3.09,-611.2564273197394,0.1663252233047387,0.3732858956645941,0.1866856399030705,0.0416476457326728,3.0,2.8977896268526373,640.321027570959,1627.4052380905266,1868.827694363484,0.393275722394875
OCc1ccccc1OC1OC(CO)C(O)C(O)C1O,-0.85,-740.0610994268638,0.3227137517496885,0.1219221064311568,0.0653033003193064,0.0431856432287883,3.0,3.2199611405151067,1034.963418281356,2251.604167777494,2649.8202327555905,0.3798508394205566
CCCI,-2.29,-1030.078347041933,0.0498648082648287,7.268681656569242e-08,3.6367566138050375e-08,0.0360799566829423,3.0,1.372277451416386,46.74077470475044,282.8679644878522,310.63610417481533,0.4694616389342028
CCNc1nc(NC(C)C)nc(SC)n1,-3.04,-872.2075560054732,0.4039859404292656,0.0937136726570315,0.0504597349625173,0.0465464413817647,3.0,3.098262796636829,697.8513645618839,1537.8794964896415,2128.6561223929475,0.4748492164767415
CCCO,0.62,-441.0060874561929,0.0309508621930945,0.0036311095063865,0.0018156516101583,0.0466034701692337,3.0,1.4467549827066333,35.47014238447562,99.43425251305166,116.6694778970067,0.4218522387772161
CC(=O)C1(O)CCC2C3CCC4=CC(=O)CCC4(C)C3CCC21C,-3.817,-526.4540060495449,0.2876576379603648,0.2418515099489013,0.1213687025229315,0.0481283651561178,3.0,3.7059134343444873,787.7438474833235,4043.997495226559,4245.41778151674,0.4309463059505379
CCCC(C)O,-0.29,-412.95488971981626,0.0430127915551565,0.1101295078005932,0.0557934879704199,0.0464689734770916,3.0,1.9835488487405888,69.2642093874192,290.2547598780976,334.1273927649455,0.4620031505178656
O=C(c1ccccc1)C(O)c1ccccc1,-2.85,-672.1679936376595,0.1433019397154566,0.2802194423711626,0.1617847542208051,0.0492538409998806,3.0,2.854956963243829,626.5515777326764,1268.488642033652,1564.9329738247689,0.3945299091195097
Cc1ccc(O)c(C)c1,-1.19,-553.3507816030659,0.0555287631705141,0.0057398058361286,0.0033138652305978,0.0315342834933164,3.0,2.120935313080562,167.06339382987812,385.589860896849,546.4506506728342,0.4943246439113537
O=[N+]([O-])c1cccc(Cl)c1,-2.77,-1742.9211684002205,0.1035568342012993,2.1016603568568826e-08,1.0593799595799853e-08,0.0339964631006841,3.0,2.410909139020583,216.65172451995264,699.1223901441797,915.7741146538732,0.4999999999938527
Cc1c(N)c(=O)n(-c2ccccc2)n1C,-0.624,-648.1385134775095,0.2861518354693544,0.001187435362226,0.0006841240921878,0.0471197301481562,3.0,2.762527408026666,411.6888564624234,1186.85476986345,1503.6082550573778,0.4684308160220197
Clc1ccc(-c2cc(Cl)ccc2Cl)c(Cl)c1,-6.57,-2847.6615661984947,0.0886868556044646,1.134118065237999e-06,6.201744058714482e-07,0.036413209414292,3.0,3.34035078266638,880.6307522814097,2693.835533634032,2941.3263134862887,0.3923716879818936
ClC(Cl)=C(Cl)C(Cl)=C(Cl)Cl,-4.92,-7929.581409451309,0.0781640168570447,4.172761691734195e-07,2.08880519086065e-07,0.0497245243140644,3.0,2.5539834528719307,672.3765264573702,1335.2343182572008,1393.9674968467004,0.2798932366584746
CCNc1nc(NC(C)(C)C)nc(SC)n1,-4.0,-828.0330649789981,0.399482698081556,0.0464958977281639,0.0252786084970301,0.0472545771790064,3.0,3.1631873353457087,736.0295282616999,1755.6752945134158,2338.212770778383,0.4671774840348318
CCC(C)CCO,-0.71,-404.9293045080636,0.0413499442656757,0.0446714921872626,0.0232363961914786,0.04376617571937,3.0,2.0710453533760664,138.3143580934292,334.4004771132146,403.8062383793696,0.4146761611402286
Cc1ncc2nccnc2n1,-0.12,-783.847529723132,0.3147842443922855,0.0003498320911603,0.0002013692792677,0.0345380418601836,3.0,2.2225099858261865,169.62734248612043,553.8558635873294,720.3770824538595,0.4978440988086368
C#CC1(O)CCC2C3CCC4=Cc5oncc5CC4(C)C3CCC21C,-5.507000000000001,-554.9210535755794,0.358988065203448,0.263968671177281,0.1364116370365179,0.0491641590266541,3.0,3.7788213422155295,817.7321672394493,4366.755397748713,4453.111999756257,0.4178803985535538
CCCCI,-2.96,-885.8103811777337,0.0345744336009374,0.014469641722826,0.008353965638155,0.0464735482101709,3.0,1.9631003687288289,33.36397133891482,682.0406484655514,702.937958489917,0.4911324597249572
CC1OC(OC2C(O)CC(OC3C(O)CC(OC4CCC5(C)C(CCC6C5CC(O)C5(C)C(C7=CC(=O)OC7)CCC65O)C4)OC3C)OC2C)CC(O)C1O,-4.081,-607.3101844515098,0.7795145202544518,1.1658404898480512,0.6551256452879355,0.0482989092475583,3.0,7.9759896145186335,3095.601519098187,47415.425663613016,48851.31688031505,0.4830126349872677
FC(F)(F)c1ccccc1,-2.51,-1033.4439563730996,0.0603695641057129,3.566019586287439e-07,1.794359625456203e-07,0.0382349571369026,3.0,2.133774246357177,176.92748497228044,532.6511171819881,620.9169958269522,0.4286043006359554
CCCCCCOC(=O)c1ccccc1C(=O)OCCCCCC,-6.144,-545.1710504800786,0.1800866159719589,0.0884901888857712,0.0447957896216829,0.0389571662352058,3.0,4.29066615773473,2889.6904296773405,3690.584866222566,5734.271595885351,0.4262326796116126
c1ccc2c(c1)sc1ccccc12,-4.38,-1115.2773035811158,0.1331824865192175,9.594441507942977e-08,5.0770112539570675e-08,0.0441957596504761,3.0,2.5321428119476086,311.57027875304505,869.8326170335577,1181.4028957861306,0.499999999999377
Clc1ccc(-c2ccc(Cl)c(Cl)c2Cl)c(Cl)c1,-7.8,-3416.2046650204693,0.106668931315653,1.928492565639317e-06,9.659514536220997e-07,0.0489030228208784,3.0,3.5431869653609485,771.4286524359007,3637.2078258087663,3787.280608723309,0.4179680707984754
Clc1ccc(-c2ccc(Cl)c(Cl)c2Cl)c(Cl)c1Cl,-8.01,-3984.7477938699694,0.1262147063534939,1.9153521861881018e-06,9.601853573491534e-07,0.0473671116090917,3.0,3.657364666531005,907.6186755285826,4332.929041633275,4413.514296283842,0.4063067019432578
CC(=O)CC(c1ccccc1)c1c(O)c2ccccc2oc1=O,-3.893,-722.3559363566734,0.3218934246324352,0.0437424088850093,0.0219099534297829,0.0479716381148406,3.0,3.3421921604985547,1413.4822798711127,2492.557588887184,2982.272554323174,0.3451235932314943
OC(c1ccccc1)C(O)c1ccccc1,-1.93,-628.4495844676089,0.1617374219604244,0.220065948942647,0.1169652040553071,0.048091034632075,3.0,2.8555169501672046,647.018950334055,1214.4599739658709,1632.728554136162,0.4299484382798553
COC(=O)c1ccccc1C(=O)OC,-1.66,-780.5932155093025,0.1528768629177648,0.0312427808676147,0.0180374380749052,0.0375613121474433,3.0,2.567661515038665,645.8716622421068,693.2386566572012,1221.381869019186,0.4518052245299966
CCCCCCCC(=O)OCC,-3.39,-462.5465231572397,0.077977848410228,0.0754874972371908,0.0420973172116785,0.0385662726338048,3.0,3.552988883329789,206.44327646152445,2028.8075580163377,2114.0786065472325,0.4713415982839271
CCSSCC,-2.42,-1624.2990568378325,0.0440531437743629,0.0527363591609173,0.0263731856752808,0.0275593438575717,3.0,1.917262959861628,150.68920638701204,355.9489216488731,392.0746405964549,0.3539009214344301
CCOCCOCC,-0.77,-479.5903991344441,0.0425256339949555,0.0568625427204096,0.0300861468683953,0.0486683611423956,3.0,2.7152323758856207,64.31982907247568,826.5839982445924,851.5981858494752,0.4769224253165011
Clc1cc(Cl)c(Cl)cc1Cl,-5.56,-4696.378948713808,0.0364663290311,2.9976945370435715e-09,1.58269221677728e-09,0.0263889172505723,3.0,2.659817732084499,442.85499459726617,1084.4303584994575,1527.2853530740556,0.4999999999922515
Nc1ccc(-c2ccc(N)cc2)cc1,-2.7,-601.192629726785,0.1036293660799856,0.001698521840808,0.0009805013641581,0.0410114173539824,3.0,3.1654462059145665,176.93054861957344,1704.7319102801646,1810.565528320937,0.4803660984737473
C=CCCCCC,-3.73,-356.77823212704334,0.0281635925011869,0.0521782223740956,0.026186114470464,0.0381243224239212,3.0,2.3665129045855995,97.72909420284184,469.4293994050405,532.6335834936929,0.4675903743351423
CCCCc1c(C)nc(NCC)[nH]c1=O,-3.028,-536.7027663626977,0.14758929949312,0.0385857911314815,0.0222773986299975,0.0471260049124214,3.0,3.2515347195651256,370.2276412338687,1914.8337432706296,2140.429905223229,0.4662143855004872
CCCC(C)C1(CC)C(=O)NC(=O)NC1=O,-2.39,-612.8908605260284,0.3068926978485251,0.2442067066403979,0.1226135792117308,0.0455069181608525,3.0,2.6763216558549265,805.8017130004191,1124.510805783542,1311.1806080246504,0.263902887607304
Nc1ccccc1Cl,-1.52,-1452.8484258273686,0.0657160707960429,7.67875462770462e-07,3.851480963551714e-07,0.0476596721138904,3.0,1.976913023130728,171.05387280728522,327.70706058677195,498.38122965137615,0.4996190629571404
COc1cccc(Cl)c1,-2.78,-1371.9198453963477,0.0509669131715782,0.0035532294677977,0.0020514393658384,0.0419090365841364,3.0,2.286237884857087,220.16477698847604,526.6939688827583,743.6603079044197,0.4978495302668343
CCCCN(CC)C(=O)SCCC,-3.53,-738.1660144257828,0.15495333688159,0.0422300261925556,0.0221496354749135,0.0442185672058551,3.0,2.779961077235079,718.3218670367778,992.2985504540196,1432.3391107422312,0.4028577434413671
CCCCOC=O,-1.37,-555.814528099774,0.0652977080389973,0.0163203629654162,0.0081734262035193,0.0353672913159693,3.0,2.104413412991414,89.46522348012647,400.4672086094316,414.6709495633876,0.4092515612605213
CC12C=CC(=O)C=C1CCC1C2C(O)CC2(C)C1CCC2(O)C(=O)CO,-3.18,-601.6901039914022,0.3142209279540111,0.264321857568575,0.1340782853362179,0.0488581358924176,3.0,3.778238739275247,969.2243971031564,4433.1963683547565,4888.490152807299,0.4474346274016348
ClC(Cl)Br,-1.54,-19229.80102331627,0.0107792831404367,3.623426891863346e-09,2.0023826644641723e-09,0.0478578885273199,3.0,1.6196984370228822,155.20995309671326,280.4026907768234,423.941417196295,0.4862348591045893
CC12CC(=O)C3C(CCC4=CC(=O)CCC43C)C1CCC2=O,-3.48,-570.7544567224932,0.2733857870043721,0.1408290648869297,0.0751529260110489,0.0436765354925203,3.0,3.248911847551397,900.0942727753327,2650.7933544326497,2790.7714095296724,0.3638161092156344
c1ccc(-c2ccc(-c3ccccc3)cc2)cc1,-7.11,-590.8700302420525,0.0841285841088392,0.0036634339194279,0.0021139005359655,0.0389134262143893,3.0,3.830716803117627,262.0688380133685,3161.471254058783,3335.7779943041287,0.4868453329449905
O=Cc1ccc(O)cc1,-0.96,-763.8969294198506,0.0523054110253724,0.0032128700586326,0.0018548461732617,0.0399080400835307,3.0,2.2201175868400784,98.3443355088325,503.590418036544,601.9347535438484,0.4999999999979
CBr,-0.79,-14226.630565964024,0.0040354861703235,2.7939677238464355e-08,1.428118317682104e-08,0.0492497452821078,3.0,0.7574231689553852,3.211684031865067,52.85969845557768,52.85970015539846,0.4696206909655017
Cc1cc(S(=O)(=O)c2ccccc2)ccc1NS(=O)(=O)C(F)(F)F,-3.8,-1506.5910740497786,0.5128568994623492,0.0764470963185885,0.0441316594843179,0.0440697053890699,3.0,3.91699615157603,1023.1698507519178,5245.959074602887,5372.0568564879495,0.4165057171924497
CC(=O)CC(c1ccc(Cl)cc1)c1c(O)c2ccccc2oc1=O,-5.839,-1043.0875182467985,0.2637938703483087,0.3879927906818921,0.2190754171662556,0.043473939716378,3.0,3.770607077717228,1672.646105221214,3598.7172085665443,4475.428547120139,0.4110772568159297
CCc1ccc2ccccc2c1,-4.29,-527.0396799164021,0.1283739668015187,3.6551355151459575e-06,1.8658604268614317e-06,0.0378987371776392,3.0,2.586811059085532,209.7002340962973,858.8246169113032,1022.303048783114,0.4773932972808498
Cc1c[nH]c(=O)nc1N,-1.4580000000000002,-739.0622133875904,0.1422833019278186,2.2404601622838527e-06,1.1420162266368549e-06,0.0444143469461999,3.0,2.0208635366906487,159.35935320519448,353.3499932872366,509.33299102071686,0.4966855126879359
Clc1c(Cl)c(Cl)c(-c2ccccc2)c(Cl)c1Cl,-7.92,-3416.1901604433497,0.1130549601948587,5.41374902240932e-07,2.7200811019284546e-07,0.0464540888665038,3.0,3.186874812311202,1184.7692484087102,2218.099460488741,3227.5266366970727,0.4728364639647462
O=C(Nc1ccccc1)c1ccccc1I,-4.21,-972.942456385227,0.1098619671138294,2.712738933041692e-06,1.4918302336611077e-06,0.0457586599201711,3.0,3.0176831211947404,876.6404941014746,2201.2618382564933,2807.2703103900594,0.4517980115831438
Cc1cc2nc3c(=O)[nH]c(=O)nc-3n(CC(O)C(O)C(O)CO)c2cc1C,-3.685,-770.7070132053034,0.6258269195895991,0.2274783128741546,0.1158706601289152,0.0454492086280404,3.0,3.930857496134608,2405.8735183896447,3584.9723457010973,5640.191219210644,0.4689146492332833
Fc1ccccc1Br,-2.7,-6588.029115177988,0.0259294088755268,2.157612470909953e-07,1.0882363202820469e-07,0.0495198234232182,3.0,1.9866780869956735,177.6489352873333,513.0583747089155,690.7073099557102,0.4999999999699304
Oc1ccc(Cl)cc1Cl,-1.55,-2568.377118933269,0.0421370360563742,3.1126546673476696e-08,1.7042094539555853e-08,0.0413914294288331,3.0,2.377826971815219,230.4451148343103,691.1498835687978,921.594998403016,0.4999999999994074
CC1(C)C(C=C(Cl)Cl)C1C(=O)OCc1cccc(Oc2ccccc2)c1,-6.291,-1158.9507225649386,0.2816829222210799,0.1124200514313997,0.0609911611727798,0.0484235790377037,3.0,4.465585959945387,1653.6195790268894,6599.869210750084,7352.2176191584285,0.43870752898616
CN1C(C(=O)Nc2ccccn2)=C(O)c2ccccc2S1(=O)=O,-4.16,-1091.1583032101485,0.3070698389274184,0.0097596909836283,0.0056347372469022,0.0373958913647461,3.0,3.639979091103698,818.4072545335038,3701.184220350194,4260.711575773536,0.4696201098681384
CCC(=O)OCN1C(=O)NC(c2ccccc2)(c2ccccc2)C1=O,-4.907,-725.2982937047982,0.3926467103447066,0.0380947831072262,0.0201275916603349,0.0435936215129819,3.0,3.4872325644235995,1456.9876518284914,3026.078280195063,3746.457490074672,0.4016926731584235
C1CCCC1,-2.64,-356.8009271996058,0.0272305042863081,5.294677976053208e-07,2.824168324406452e-07,0.0430727112864004,3.0,1.4358740311682048,77.35875100840822,77.44503842411333,134.39567148414417,0.4240744968797851
Cc1ccccc1N,-2.21,-523.660823514895,0.0667914399928122,9.07893991097808e-08,4.6417865920396164e-08,0.0481906942669378,3.0,1.8883951800275265,155.29372558778843,228.63647155792884,380.31418637089496,0.4952460217033735
C=CCc1ccc(OC)cc1,-2.92,-548.7182058697299,0.0591698575481132,0.0021310635493136,0.0012301303501367,0.0408441262068182,3.0,2.7394241214433173,144.1793496111716,1002.6611995700428,1077.5518501458816,0.4678490185753529
CN(C)C(=O)Nc1cccc(OC(=O)NC(C)(C)C)c1,-2.93,-621.7226492722551,0.1760622042238537,0.0053583579174301,0.0026986815720788,0.0405092904301654,3.0,4.0512006229505815,725.6106714760895,3949.047265563921,4494.52475693793,0.4799608201262013
C=CC(C)C,-2.73,-356.7615675356643,0.0216527664924797,0.0113081655572386,0.0065287666472021,0.0410085107056599,3.0,1.670481953634727,66.6624520670449,141.56159379575053,183.20078586440872,0.4317053693815199
Oc1ccccn1,1.02,-734.1335251691748,0.0756138630440546,0.2165264942486828,0.1250116290763901,0.0460771607896522,3.0,1.6761215318865783,85.63341307049217,181.54175666898104,267.1751697394606,0.499999999998105
CC,-1.36,-271.68183480372034,0.009768354982043,2.1013875084463507e-09,1.2108806806929892e-09,0.032229071509305,3.0,0.9692842429705752,6.224422370349612,25.138912900914924,25.13891302111185,0.3761994552891414
Clc1ccccc1Cl,-3.05,-2611.699198742442,0.0343485480079834,5.325637175701559e-08,2.8461357107781466e-08,0.0497937201842694,3.0,2.049362758823676,265.04578043837074,352.32931423844224,617.3750946448154,0.4999999999732759
Sc1nc2ccccc2s1,-3.18,-2034.055108059216,0.0972126530396053,6.744448910467328e-08,3.5197370882893556e-08,0.0337899888548633,3.0,2.3779981771560674,178.9818725602637,766.7620972252354,945.7439697820454,0.4999999999976454
Clc1c(Cl)c(Cl)c(-c2c(Cl)c(Cl)c(Cl)c(Cl)c2Cl)c(Cl)c1Cl,-11.6,-6258.929083826675,0.1945074035320431,1.9033905118703842e-07,1.0786910638581861e-07,0.0438578280541936,3.0,3.7284184448025006,2191.9513052202456,5835.558298523757,5835.561074983149,0.3121904217438246
COc1c2occc2cc2ccc(=O)oc12,-3.664,-865.6477502417446,0.271416652816697,1.2434611562639477e-08,6.233990104755609e-09,0.0477846420130467,3.0,2.7878743849466017,477.3299810719151,1204.5542978866124,1678.709491834872,0.4990543965051441
CC(N)=O,1.58,-633.0022175923208,0.0211851656731596,5.61597516934853e-07,2.8741555949997655e-07,0.0358464881181781,3.0,1.2947109042151148,46.34826939265531,54.24360054114002,97.43671005470716,0.4838091830159071
Cc1cccc2ccccc12,-3.7,-551.3565199595457,0.1386544836022949,2.0172956283204257e-07,1.0500103269741493e-07,0.043398513612969,3.0,2.231881828267858,264.2521701097184,445.6533582920152,706.7851574694449,0.4977925605112759
CCN(CC)C(=O)C(C)Oc1cccc2ccccc12,-3.57,-574.9332949409211,0.2660044959120569,0.047899477140163,0.0251754604181611,0.0442822751597121,3.0,3.3693234014695843,843.3483540957502,2489.4227536426883,2828.370956754105,0.4108320374700753
CC(O)C(C)(C)C,-0.62,-404.9393916008876,0.0664110824145609,0.0030971304277045,0.0017880935197657,0.0408291734278621,3.0,1.793233252437158,162.00605105095838,225.05408180208696,270.0780613329761,0.2834291483298041
CCCC(=O)OCC,-1.36,-525.9814964084251,0.0720622635617473,0.0235217010158521,0.0122942575349921,0.0358071996099048,3.0,2.3662693086479525,83.69200999931626,594.6789545193235,622.4422515459232,0.4550731711779528
CC1=CC(=O)c2ccccc2C1=O,-3.03,-744.8624862467996,0.0594094228508765,1.656771928537637e-07,8.357722403016403e-08,0.0301445615166173,3.0,2.4590231807565748,387.6742850152243,655.0075128405207,1039.6288103189106,0.4985316934719734
c1ccc2c(c1)ccc1ccccc12,-5.26,-612.1581016180795,0.1965518656088534,6.501250027213247e-08,3.283415055891462e-08,0.0388279595099557,3.0,2.614661535876493,308.7100638622821,909.7786471957916,1218.4887110575728,0.4999999999993841
Cc1ccnc(C)c1,0.38,-523.6506391298468,0.040332858927286,1.575208443682641e-07,8.854105097390606e-08,0.0482995239937547,3.0,1.9596088825163709,132.9075447082634,281.6896797709763,408.3752085176916,0.4923819861823673
CCCCCCCCCO,-3.01,-390.49774388010303,0.061594684373631,0.0271489467104402,0.0149983153764898,0.0437391762884871,3.0,3.646902205932536,85.32780763003022,1856.0364788491688,1895.868421196868,0.4880013125450486
BrCBr,-1.17,-28232.62910962692,0.0074111053836531,1.5686964616179466e-08,8.361920997168966e-09,0.0311118409966208,3.0,1.5767610507537948,19.18060780552611,414.6108041128038,430.5771932846079,0.4962675465806778
CC1CC2C3CCC4=CC(=O)C=CC4(C)C3(F)C(O)CC2(C)C1(O)C(=O)CO,-3.59,-636.2130713607963,0.4229210625126143,0.4100971138541354,0.2186581648075762,0.0383128590164892,3.0,3.8116811956218752,1153.1794455225422,4910.572389945072,5340.498097869742,0.4322859287331987
Cc1ccc2cc(C)ccc2c1,-4.89,-527.0436281157454,0.137797567047528,0.000652573438856,0.0003760678211104,0.0450420571393313,3.0,2.5953355743080504,187.4938793928985,867.9366481483761,1049.200205993552,0.4970309186401576
CCSC(=O)N(CC(C)C)CC(C)C,-3.68,-707.2501373339544,0.1612474813155131,0.096322045483248,0.0498907021602688,0.0427761370378384,3.0,2.882983337130274,903.6970468113144,1039.668261827714,1670.033221531355,0.418165673716995
O=[N+]([O-])OCC(CO[N+](=O)[O-])O[N+](=O)[O-],-2.22,-1304.5481106124969,0.4062514641227608,0.0737523657480778,0.0379644278703509,0.0491007175474974,3.0,3.026938948938633,776.6255582119054,1401.8530277536447,1982.790183005732,0.4506532752083548
Nc1cccc([N+](=O)[O-])c1,-2.19,-837.5194501620699,0.1273687967986916,6.70986992190592e-07,3.359103266661962e-07,0.0449383433952441,3.0,2.2384897910554766,184.01745186089423,508.4294765013629,691.8066887730442,0.4995372698756733
CCCCCl,-2.03,-1201.615028409318,0.0164780560007784,0.0347211870321189,0.0179338885936672,0.039702838763465,3.0,2.0952890790797123,29.72505292638004,382.8816825152076,400.1664958617816,0.4844561704822586
O=CNC(N1C=CN(C(NC=O)C(Cl)(Cl)Cl)C=C1)C(Cl)(Cl)Cl,-4.19,-2992.0724477888475,1.1762791688961445,0.2954433824925218,0.1695199535390112,0.0451951710279391,3.0,3.79393701661678,1520.0260727513505,5104.757856282726,5780.389756186911,0.4269604465733265
Cn1cc(-c2ccccc2)c(=O)c(-c2cccc(C(F)(F)F)c2)c1,-4.445,-832.6471566841108,0.2422399747156305,0.0027965735571342,0.0016140652426749,0.047833447000323,3.0,4.003497874213359,1301.8028926899765,4228.990633930779,5025.956078254708,0.4497769737233503
Nc1cc2c3ccccc3ccc2c2ccccc12,-6.2,-636.9724705421842,0.323920189486671,0.0084581906521634,0.0048155542743812,0.046327130865683,3.0,3.2209371923183063,559.0725845223556,1965.8208429443696,2523.4940631001714,0.499722732779915
CC12CCC3c4ccc(O)cc4CCC3C1CCC2=O,-3.955,-550.863530795956,0.1675043251198076,0.2139369165961397,0.1073171687326967,0.0484485366155641,3.0,3.367309961431558,611.4419320086959,2620.6838589489757,2899.2495018986847,0.442592679788015
CCN1c2ccccc2N(C)C(=S)c2cccnc21,-4.706,-915.3112516398464,0.4718233541279915,0.0102436907291121,0.0059137268174422,0.0452888398530226,3.0,2.889304540750551,1177.8657021269858,1380.643804048938,1938.8687212283935,0.3402055853075937
CC1CO1,-0.59,-525.8219707992549,0.0744917173406065,5.7564648159313954e-08,2.895668257329724e-08,0.0380168487079221,3.0,1.271207006177371,27.569989934199672,75.51793399293535,84.62283212958803,0.390897696675691
O=C1CN=C(c2ccccc2)c2cc([N+](=O)[O-])ccc2N1,-3.796,-823.775430941138,0.2380491088624694,6.287900760071352e-06,3.369084169881364e-06,0.0452262703888413,3.0,3.3047262770731525,1544.4876422755117,1684.9815088683135,2914.173408505864,0.4459030574984711
CCNC(=S)NCC,-1.46,-960.2067745808096,0.0854239382824744,0.0797579231511917,0.0413426516154366,0.0353266001379479,3.0,2.317444876282552,204.10987695811403,529.2670596776815,686.8652104203576,0.4661420279330313
Oc1cc(Cl)cc(Cl)c1Cl,-2.67,-3530.536314757983,0.0424864451779285,0.1479501277499366,0.0854190448186318,0.0421035307844732,3.0,2.532842797923887,413.0734826031257,853.5554807481046,1266.6289633498,0.4999999999990406
CCCCC(=O)OC,-1.34,-525.9766431746717,0.0673197139349213,0.0543073439075669,0.0285616501087672,0.0485932326142015,3.0,2.335479852897425,97.08089526031311,568.3112125262462,601.7894666225221,0.4471554050938325
Nc1ccccc1,-0.41,-559.403443890729,0.0436242685873367,9.83982317848131e-09,4.922971450134839e-09,0.0454370965213682,3.0,1.7406245751312428,88.9422029211689,193.44660420804007,281.9308220884231,0.4991877705346444
Cc1cccc2c(C)cccc12,-4.678999999999999,-527.0444285510222,0.1598265244847425,6.262598617468029e-08,3.6057254969209176e-08,0.0399402713405249,3.0,2.371620203240561,329.6253582031408,552.2121931029445,875.5969634496979,0.4964363810532226
NS(=O)(=O)c1cc2c(cc1Cl)NCNS2(=O)=O,-2.63,-2170.3493485813246,0.2357198551762849,7.16971408110112e-06,3.958091623927212e-06,0.0487096583486385,3.0,3.054988818239436,764.8543061261862,2120.2527149866514,2672.258031475997,0.4601743194087818
C1=Cc2cccc3cccc1c23,-3.96,-629.1352901894197,0.2118834978446102,3.876630216836929e-08,2.0343987709193065e-08,0.0474114774685424,3.0,2.2089905135963206,332.2571015368555,410.4044492771416,742.6615508131481,0.4999999999987551
CCCCCOC(=O)CC,-1.28,-486.94494273538623,0.0803873660643148,0.0466534534843958,0.0249985020001555,0.0425642876178262,3.0,2.980537404023813,126.164806660296,1178.449344570469,1257.6657573801026,0.4813351068930169
CCNc1nc(NC(C)C)nc(OC)n1,-2.084,-597.5562993065986,0.4504115259987884,0.0919687548412184,0.0481834737409009,0.0445144034095683,3.0,3.0170792606906955,572.1726827512631,1407.5485950128827,1866.543796976924,0.4696826077771482
c1ccc2c(c1)cc1ccc3cccc4ccc2c1c34,-8.699,-654.7314474029127,0.3398965844207851,4.6131390263326477e-07,2.3518508199224894e-07,0.042069002888008,3.0,3.172296031491373,589.0631308869266,1950.1093752181705,2539.172506102937,0.4999999999993777
CCBr,-1.09,-9025.462600062889,0.0105395016580587,4.515459295362234e-08,2.4062120964838755e-08,0.0476429765059321,3.0,1.1578378054505365,16.756943165264435,132.4586364363541,142.94152804153993,0.4780537830853066
CCC#CCC,-1.99,-399.2562695285797,0.0195580160079771,3.9649876271141693e-07,2.014078362180896e-07,0.0339708026330323,3.0,2.2162682622680347,53.66281313104508,356.0209368980389,397.2930904091324,0.4844061476023149
CC1OC(OC2C(O)CC(OC3C(O)CC(OC4CCC5(C)C(CCC6C5CCC5(C)C(C7=CC(=O)OC7)CCC65O)C4)OC3C)OC2C)CC(O)C1O,-5.292999999999999,-595.0985914819455,0.7530051518697292,0.3884890895424178,0.1953586747545597,0.0499181496907879,3.0,8.275909193986411,3752.046037684668,49448.40156084042,51583.433004452585,0.4843262216191205
C=C(C)CC,-2.73,-356.7685413683946,0.0309052259881355,0.0180100527895774,0.010398027832227,0.0453831113136305,3.0,1.669046895713738,58.48533112702584,141.5267061615302,190.74056206010164,0.4756961101265803
Oc1cccc2cccnc12,-2.42,-721.8478297360366,0.187510121771993,9.716677595861257e-08,4.8924425811315125e-08,0.0488046493866221,3.0,2.1644789463193166,256.9410537622314,423.13374707816513,680.074800839999,0.4999999999989726
c1ccc2c(c1)CCCC2,-4.37,-480.6181619152271,0.0358055657598015,2.5751614884939045e-07,1.288543657005127e-07,0.031244175367298,3.0,2.158907921724134,180.02830761497918,446.42602724377633,605.9391705315816,0.4830715975085895
O=C1OC(c2ccc(O)cc2)(c2ccc(O)cc2)c2ccccc21,-2.9,-767.8167851944248,0.2093381207268976,0.0120492663190816,0.0060681826741167,0.0365771320110348,3.0,3.449595851802367,1989.068406818468,2271.111383825825,3315.842960057508,0.3576022987272108
Brc1cc(Br)cc(Br)c1,-5.6,-18034.550523693484,0.0253604347235523,5.529727786779404e-10,2.7686906964576987e-10,0.0414571625199119,3.0,2.936199301546273,1356.9959408819552,1356.9959449797943,2713.99188586076,0.4999999999996335
COP(=S)(OC)Oc1cc(Cl)c(Cl)cc1Cl,-5.72,-3011.6940057853485,0.2056656041822862,0.0738940350274788,0.0426627283114813,0.0482686193968738,3.0,3.2625429656690232,1038.596596958458,2540.378264672697,3265.934573633055,0.4520749297113482
Cc1cc(=O)[nH]c(=S)[nH]1,-2.436,-1410.3253693559127,0.1039223330881213,1.868029357865453e-07,9.343384622974217e-08,0.0428567674110795,3.0,2.194141952765646,272.1531873793313,413.8822635798194,682.9086983004705,0.4977107095959848
C=CCc1ccc(O)c(OC)c1,-1.56,-611.2069958218334,0.0774966067619971,0.1883033686117414,0.1050956717779863,0.0382245086827199,3.0,2.64600314155189,348.4882762541356,830.8075229878436,1119.997845502672,0.473527648299341
C=CCC1(C(C)C)C(=O)NC(=O)NC1=O,-1.7080000000000002,-680.4932210396508,0.3286691131761472,0.2632099786242179,0.1318779515283557,0.0409873103437438,3.0,2.505618650637748,675.6289329268567,862.9411577401922,1101.1679409181656,0.3013917162423128
c1cc2ccc3cccc4ccc(c1)c2c34,-6.176,-644.9095385898484,0.2448520862308214,4.5914930524304516e-08,2.2959527512358133e-08,0.0481743706872771,3.0,2.62841140273696,495.4521471083641,901.842834208172,1397.294981315727,0.4999999999993526
CCOC(C)OCC,-0.43,-479.609235128271,0.0703299828419403,0.0750084200535639,0.0433060177318417,0.0497237719639031,3.0,2.2809707685999334,163.1462962251216,470.69168867969086,595.860735167944,0.4681324448009645
CC1(C)CON(Cc2ccccc2Cl)C1=O,-2.338,-1026.412870536811,0.1176910656577092,0.0257189640178694,0.0148469683997398,0.044867914716972,3.0,2.843899104498239,624.3616587640574,1491.5466512902003,1761.348673103195,0.3993499576869163
CCCCOCCO,-0.42,-479.60857848319125,0.0534971957531524,0.134281184633437,0.0673062414978861,0.0380380564968557,3.0,2.4635684725443454,113.6981910040968,638.5935368469234,682.168649918654,0.4486028286834749
O=[N+]([O-])c1c(Cl)c(Cl)c(Cl)c(Cl)c1Cl,-5.82,-5316.607495366488,0.15247687017836142,1.2732925824820995e-08,6.942293104222901e-09,0.038146987467436264,3.0,2.829049914450748,1133.235061706009,1267.8349935761314,2326.147023640241,0.4838954651444133
O=C1C(Cl)C(CCl)CN1c1cccc(C(F)(F)F)c1,-4.047,-1702.101817426073,0.1824092193855904,0.002991688816109672,0.0015002379021142782,0.048283558074554436,3.0,3.545238678900549,1160.3897659318584,3057.205823007385,3628.1297963768616,0.418764511518872
c1ccc2ncccc2c1,-1.3,-643.8019090861093,0.1647629826584307,4.5925844460725784e-08,2.2978095382841815e-08,0.043331046502478404,3.0,2.0694560587197075,158.79049157896173,394.36493834791054,553.1554299226137,0.49999999999524675
COC(=O)c1cc(O)c(O)c(O)c1,-1.24,-889.2656928945177,0.12032529346834053,0.1323244504237664,0.07639750434444395,0.045408822762316906,3.0,2.7264037759968067,326.7250380773722,1043.663410723914,1367.243073113577,0.49884973793228155
OC(Cn1cncn1)(Cn1cncn1)c1ccc(F)cc1F,-1.8,-885.7829453993646,0.268727534730715,0.3583403346274281,0.19051878453768006,0.04396278246440449,3.0,3.2653660291302113,1093.9762896385664,2497.2874800344125,2940.159755231767,0.38927404143883587
O=c1[nH]c2cc(Cl)ccc2o1,-2.8310000000000004,-1696.1337179683965,0.20771006472568843,2.1827872842550278e-09,1.2560540020855151e-09,0.037329572946751786,3.0,2.575642082394268,153.1244707391888,971.7515980713335,1124.876068810458,0.49999999999952693
Clc1ccc(-c2c(Cl)c(Cl)c(Cl)c(Cl)c2Cl)c(Cl)c1,-7.92,-4553.295185558017,0.13608924702566583,9.707146091386676e-07,4.924531804554285e-07,0.03800240400915614,3.0,3.5657995849119355,1414.8354853367389,3929.375392445806,4708.362734354388,0.43247672499937384
O=C1NC(=O)C(=O)C(=O)N1,-1.25,-1279.950106259427,0.150311621140645,1.0774056136142462e-07,6.194160771540713e-08,0.018266664001791444,3.0,2.0776358615087713,271.8165355427462,341.4386745612701,613.25520934396,0.49999999937949474
ClCCCCl,-1.62,-2569.119919717324,0.02112013140140334,0.0330873871462245,0.019102997519517984,0.046472196553267016,3.0,1.9232053505193893,80.94178255569676,365.7225654948486,389.1055540144927,0.42603704387786656
Fc1cccc(Br)c1,-2.67,-6588.036043115698,0.030736799497390166,2.949673216789961e-08,1.6763572651838886e-08,0.034037270804684924,3.0,2.1793070414696243,151.5740903110139,679.5691811436661,831.1432714429171,0.49999999999232214
Clc1ccc(Br)cc1,-3.63,-7405.206229021656,0.025076294143218547,1.7535057850182056e-08,8.916994039684792e-09,0.049257402088434085,3.0,2.546892350436962,88.24240756903596,1153.6417461860672,1241.8841537485862,0.4999999999969736
CC(C)C(C)C,-3.65,-322.7705288530692,0.02721937686055753,0.003432782097661402,0.0019819160692356756,0.041287437506076045,3.0,1.802850779085445,119.22831462703381,173.55304349632218,267.422338571938,0.452586198131871
C=CCC,-1.94,-356.74167443682245,0.017775967988200136,0.007907751583843492,0.004565538150205805,0.04333019058719814,3.0,1.5396933722254924,22.437473460479342,120.5046763646949,123.08334801502052,0.41932782894169846
Clc1ccc(Cl)c(-c2cc(Cl)c(Cl)c(Cl)c2Cl)c1,-7.68,-3984.750936409771,0.1126521287515061,5.065565346740186e-06,2.551291985455627e-06,0.04301736071763862,3.0,3.5134836982772,1407.9392436406106,3617.244223866797,3884.2366880777727,0.3531311463417833
Nc1cc[nH]c(=O)n1,-1.155,-827.2625613224106,0.1123865378976916,2.4646033125463873e-07,1.3157151212076682e-07,0.0467154280488142,3.0,1.8435419562698763,129.25202997448724,248.40944138302527,377.5450688920231,0.4998458429521664
FC(F)(Cl)C(F)(Cl)Cl,-3.04,-5975.490490488679,0.13434653481817804,1.5266195987351239e-06,8.457194412221623e-07,0.04762802081024392,3.0,1.9024829965237893,320.0160818489403,466.3355634973488,569.9776816905462,0.3101908455304767
CCC#N,0.28,-520.6022646121637,0.026053265888549504,2.9610419005621225e-08,1.598211506212702e-08,0.03382451060789708,3.0,1.4839510547705792,18.16637249060201,106.24141104231013,118.17673480937917,0.4736367368140141
Clc1ccc(C(c2ccccc2Cl)C(Cl)Cl)cc1,-6.51,-2313.906733998579,0.16064079330681125,0.041293298731034156,0.023253205551921993,0.03451868698738007,3.0,3.2878108831835986,1504.271307256087,2428.0483049607083,2986.6237057021744,0.34167809545110317
COc1ccccc1[N+](=O)[O-],-1.96,-833.9393867803111,0.14068784678420343,6.755435606464744e-07,3.3853468175422205e-07,0.04729412291782584,3.0,2.2267605464611324,359.22523982751375,419.4975376092336,739.9253758672414,0.4737828956568895
CC12CCC3C(CC=C4CC(O)CCC43C)C1CCC2=O,-4.12,-495.33722854509574,0.26785082934293314,0.14978557864014874,0.08326362158096838,0.04427406491766091,3.0,3.3522002369505426,667.9033414746984,2809.6577376606087,3004.779370166246,0.4213283820995239
CC12CC1(C)C(=O)N(c1cc(Cl)cc(Cl)c1)C2=O,-4.8,-1527.829176832213,0.5408902962444699,3.2816148829006124,1.8946410265497864,0.04696190463563555,3.0,3.3469825499498547,934.0044582000808,2359.0632606860963,3072.8812683213055,0.4641726393994249
c1cc2ccc3ccc4ccc5cccc6c(c1)c2c3c4c56,-9.018,-677.2808772938652,0.2948246697742434,1.0811345418915153e-07,5.5732577037581774e-08,0.04872020534459075,3.0,3.0857159575094935,1117.7848160990038,1513.406959065795,2631.191775159868,0.49999999999887296
CCC(C)c1cc([N+](=O)[O-])cc([N+](=O)[O-])c1O,-3.38,-820.4123548807976,0.24202291676192544,0.511337395379087,0.28379649940533813,0.03989402142755461,3.0,2.9592822893447046,1051.2902372291169,1186.7554171583527,1969.2488074838166,0.43175142575102826
COC1=C(OC)C2C(=O)OCC2C=C1,-1.899,-721.7324175340616,0.17122681245746207,0.3543513241529581,0.20119603830029104,0.043876554876627345,3.0,2.4669913769696756,434.4716706934881,832.4524078012275,1121.2648942574695,0.435046934500444
OCC(O)CO,1.12,-670.6087910338429,0.0726319997356768,0.02572508936827944,0.013608692671734831,0.046429722032041036,3.0,1.7992504054527696,90.44706951779519,219.1454219787044,286.67969324358637,0.46003763295092426
COc1ccccc1O,-1.96,-675.9390851862449,0.04976498988253297,0.1895573562487698,0.10944098954757106,0.03335042587463163,3.0,2.0327928712681795,192.34246296782607,322.22329600832234,511.38022630495567,0.49688535798968614
CCOP(=S)(OCC)Oc1nc(Cl)c(Cl)cc1Cl,-5.67,-2581.3385298225876,0.36632853382616304,0.08768443281587679,0.04467343293113864,0.04733588879134602,3.0,3.4009533044471656,1299.9044157792778,2970.061923567766,3839.867976167552,0.44399568346492385
Cc1c2ccccc2cc2ccccc12,-5.89,-583.7779200837327,0.2957492763762275,6.817790563218296e-07,3.859969274839947e-07,0.04842904708392259,3.0,2.7641647995396363,357.981293691803,1112.8861260034232,1467.1140801605125,0.4987208426439134
Cc1cc(=O)n(-c2ccccc2)n1C,0.715,-640.0175995862633,0.2967530365094717,5.656693247146904e-07,2.892579224217508e-07,0.04783686673251304,3.0,2.6332913311375234,357.3170273091129,998.4234204703994,1254.7172311345794,0.459742635974441
CCCCOC,-0.99,-412.9235032292364,0.02242791199751082,0.04016064145707787,0.02145184199049681,0.022087732357542078,3.0,2.230514496469402,30.57572625824384,415.80316177660063,430.7479761778297,0.48185608206836306
Cc1cnc2cncnc2n1,-0.8540000000000001,-783.8467515437856,0.32253919752656657,3.436198312556371e-07,1.721785427823824e-07,0.04163182538770572,3.0,2.2301496717061777,170.03944779044895,558.4185511608802,725.3456397191461,0.49785456817912094
CCNc1nc(Cl)nc(NCC)n1,-4.55,-1097.6239472839477,0.3519701487457496,0.016957741980149876,0.008528347593259393,0.03623199870695208,3.0,2.816783176552865,628.6095729479243,1012.7198282598786,1558.6876151863605,0.47348994589512133
CC(=O)N(C)C,1.11,-522.4956705506726,0.0641489671806994,6.703085091430694e-07,3.3813467480115615e-07,0.03462385266256269,3.0,1.673490152311442,102.47067766856743,146.46257825554875,239.0491394223223,0.4793261826278937
CSc1nc(N(C)C)nc(N(C)C)n1,-2.676,-925.4947433329365,0.3775290141311416,0.03318066773863393,0.019154236720316367,0.04974723252255517,3.0,2.809728264325228,759.9552269584786,933.2573326071067,1674.6596152658135,0.4944606820001998
C=C,-0.4,-356.63861798964257,0.007742654685898742,4.637513484340161e-09,2.5001473376034014e-09,0.03496151370620456,3.0,0.8443608748676841,3.435763738541964,16.565203343161645,20.000967081703134,0.4999999999749893
CC(C)(C)CCO,-0.5,-404.9326638018717,0.040891574884881265,0.03756827750476077,0.019777628527402887,0.04184821978713436,3.0,2.0270240619651467,120.93699507408395,356.90513004277466,361.81301522933705,0.33965597559466565
C=CCC1(CC)C(=O)NC(=O)NC1=O,-1.614,-717.8399064671836,0.3017548895368236,0.16028512883349322,0.09230477051791953,0.03838050211878584,3.0,2.3971916632390218,565.7889449087323,784.3238890753612,904.8936606571177,0.2539936499255761
Oc1ccc(Cl)c(Cl)c1Cl,-2.67,-3530.528360085945,0.05440890363388462,0.15138599782221718,0.08740274194813921,0.039152617019326263,3.0,2.386174361053085,404.18928534020694,719.9944372160487,1124.1837225499244,0.49999999999673933
COc1ccccc1,-1.85,-590.1576077809682,0.03583813009390724,7.408016244880855e-08,3.7554411224286055e-08,0.045171245364085205,3.0,1.9677134681763533,99.01633830060877,321.2865154907477,417.11087642464355,0.4961737063834609
CC(C)OC(=O)C(O)(c1ccc(Cl)cc1)c1cccc(Cl)c1,-4.53,-1292.0335185940955,0.296514661727997,0.0865073718232452,0.04749189460241367,0.046426933596784146,3.0,3.5599940687287184,1967.9748392978236,2963.0464699473437,3667.024446891167,0.3276536084418189
CC12CCC(=O)C=C1CCC1C2C(O)CC2(C=O)C(C(=O)CO)CCC12,-3.85,-601.6955496574814,0.3378130026940198,0.6328995537733135,0.31657991541490293,0.04525635357195956,3.0,3.665371263217949,1106.656010997642,4137.484670822471,4441.112248028624,0.4095915179639102
COc1ccc(Oc2ccc(NC(=O)N(C)C)cc2)cc1,-4.16,-667.2886480879927,0.12899871194167645,0.005467533203045605,0.003082572572914982,0.04933673493180106,3.0,4.357794241346053,651.4259605602168,4898.789492778978,5324.848183778888,0.47883815070561053
CCc1ccc(C)cc1,-3.11,-454.0824598315482,0.036273272840844584,0.001000128924715682,0.0005773576549283157,0.04233964808481504,3.0,2.2807959320363516,114.56194367425833,534.1447732864864,601.8092948343133,0.461036309566916
CC(C)SC(C)C,-2.24,-823.4507726950796,0.03710426384714083,0.03045209246192826,0.01758145017579547,0.03768655572984381,3.0,2.0607400687952993,140.11095197114332,425.0627539413178,439.0570122606356,0.3563777708466797
O=[N+]([O-])c1cccc([N+](=O)[O-])c1,-2.29,-1091.329881286805,0.1825693057398894,1.9606522982940078e-07,1.002764116900282e-07,0.03143981899841711,3.0,2.5281455788874823,255.27901167447936,819.1866439327049,1074.4656555917516,0.49999999999235306
CCOP(=S)(OCC)SCSP(=S)(OCC)OCC,-5.54,-1946.9933747951027,0.6361314052628586,0.2907720879884437,0.16620934496232023,0.0481706763505802,3.0,3.4614055796927463,1412.916037047568,3886.286677346581,3913.4450938425325,0.322949142338469
CCC1(C(C)C)C(=O)NC(=O)NC1=O,-2.21,-667.7599407957607,0.3036328262242023,0.054755943401687546,0.03161322340487544,0.046260162273323926,3.0,2.391719956625723,510.9929280654311,822.4761446244738,934.319194286917,0.2863953342475232
CC(=O)OCC(=O)C1(O)CCC2C3CCC4=CC(=O)CCC4(C)C3C(=O)CC21C,-4.21,-621.1667977255717,0.4343135209637694,0.2834813191075227,0.1480379637880551,0.04188441585374362,3.0,4.257103677384648,941.3603038679257,6783.764925181768,6863.363609327105,0.4372201686537228
Cc1ncc([N+](=O)[O-])n1CCO,-1.22,-808.9693478177816,0.15187861406593584,0.1323577137554821,0.06623723426504836,0.04782209862314548,3.0,2.334800306946425,387.56246711399893,588.7595104715982,889.7208515405339,0.45133241741158603
Nc1ccc(Cl)cc1,-1.66,-1452.8448226566031,0.04899593647860456,2.2351741790771484e-08,1.1475816307171293e-08,0.04955317793166744,3.0,2.184511047002311,88.95652578184254,520.0365793182857,608.5671026600855,0.4996499955065104
CCCC(C)(C)CO,-1.52,-398.91975972818756,0.05017288325689151,0.06445964842714602,0.03277472818159231,0.03611548347154665,3.0,2.1683440404819327,185.55617572529704,422.1827474199939,484.97746060418416,0.37343590938337873
c1ccoc1,-0.82,-695.946784530349,0.035924406851336244,6.461050361394882e-08,3.660892010198041e-08,0.048516099241362125,3.0,1.253784622160763,53.052978716437174,53.959279230619494,107.01225794704413,0.49999999999526906
COCCCNc1nc(NC(C)C)nc(SC)n1,-2.928,-823.0583438991059,0.3682829676363326,0.1537294649388059,0.07738718124043144,0.048090752143638386,3.0,3.772356186750828,1078.4864141792996,2859.167836139854,3786.270234066572,0.48000882043607457
CN(C)C(=O)NC1CC2CC1C1CCCC21,-3.1710000000000003,-496.8684453976919,0.12116999395584571,0.09115034938440658,0.05262557721084951,0.047287872146141885,3.0,3.196695803930988,307.5799117331557,2085.2284479671002,2151.152609951762,0.4438311004455419
CC(C)(C)c1ccccc1,-3.66,-441.92381991729854,0.05888684414458112,5.363017407944426e-07,2.7848752178496344e-07,0.04331376061474046,3.0,2.233162143308358,195.30734684171318,528.9799767058204,614.4464367206491,0.41061801300863954
CC(=O)CCC1C(=O)N(c2ccccc2)N(c2ccccc2)C1=O,-3.27,-693.7534272684927,0.41671329175005667,0.07974014892170089,0.040783929317060534,0.044781732160845196,3.0,3.580949261308883,1463.4722387208824,2907.7239365209175,3896.278374791986,0.43905494490289765
CC(=O)OCC(=O)C1(O)CCC2C3CCC4=CC(=O)C=CC4(C)C3C(O)CC21C,-4.37,-621.1595432564843,0.4353545907579246,0.7101744490064448,0.37343731846533446,0.048024797226230605,3.0,4.174387509361056,1007.4968946145315,6417.659716969012,6601.926743167648,0.43765230208978506
CCCOC,-0.39,-424.14333224984654,0.02211319387788535,0.04882386724511889,0.026313786071364236,0.04852971182786591,3.0,1.737100466428106,40.51380008810783,193.80946198487166,213.0117158712968,0.4499756477820702
CC(=O)OC(C)C,-0.55,-555.8412425886538,0.0755204175839026,5.200308805797249e-08,2.7408222113988616e-08,0.0430446594903246,3.0,1.9136575690093145,105.26262164913712,298.80454752569665,343.97234496372,0.41264584916226693
Brc1ccccc1,-2.55,-6362.859830563347,0.020267353189410642,1.7898855730891228e-08,8.974008141878693e-09,0.031583915819695454,3.0,1.951321956876463,88.0185939027718,509.8216912447291,597.8402851279781,0.49999999998283584
CCOC(=O)c1ccc(O)cc1,-2.35,-711.2894650857453,0.08030223181231122,0.009719641857373063,0.00490233519616776,0.0436848039552307,3.0,2.8315933491288487,193.6723863259557,1141.8476484545563,1329.2520104582713,0.49764227389768056
CCCC(=O)OCN1C(=O)NC(c2ccccc2)(c2ccccc2)C1=O,-5.071000000000001,-701.2674761546284,0.39354886007640744,0.005736073420848697,0.002935339661060555,0.04452799251434847,3.0,3.68971338735841,1483.6971500231082,3685.165661999942,4426.001452303726,0.4160798558557297
CCC(=O)OC1CCC2C3CCC4=CC(=O)CCC4(C)C3CCC12C,-5.37,-517.5344776430119,0.21615452614423702,0.3016698641840776,0.15335342413330036,0.04778288281198605,3.0,4.06846314051455,876.1657681470747,5145.091291703843,5383.175728650696,0.44073374497092266
c1cc2ccc3ccc4ccc5ccc6ccc1c1c2c3c4c5c61,-9.332,-697.321922934563,0.3346684755124443,3.622044459916651e-07,1.932227393358127e-07,0.02932562737834289,3.0,3.159412883765389,1499.0696786074125,1499.090732740955,2998.160411347745,0.4999999999997295
O=c1[nH]cnc2[nH]ncc12,-2.266,-947.579595771014,0.129468490360523,6.816662789788097e-08,3.674436606017422e-08,0.04284615007715888,3.0,1.9957871099479112,207.16494571539317,334.9997368300401,542.1646825451969,0.4999999999988598
C=CCl,-1.75,-2441.342072223058,0.01507900734031864,4.1263774619437754e-08,2.3564983713106663e-08,0.045028790057943816,3.0,1.2191711823885676,8.746322776031171,84.14637995844498,92.89270273439034,0.4999999999941555
CN(C)C(=O)C(c1ccccc1)c1ccccc1,-2.98,-583.4509316888774,0.16517562262379215,0.02258773681751336,0.013040451730451038,0.03840291976609275,3.0,2.999782573456273,1006.4215282910553,1370.7544159624665,1929.9236693465596,0.3841269522697852
BrC(Br)(Br)Br,-3.14,-56244.53898122501,0.06260245578596368,2.3283064365386963e-10,1.4257906835893972e-10,0.004513507727913132,3.0,1.9000363692026647,798.1461447737622,798.1461985034429,798.1462612728412,1.1230302401553905e-07
CCN1c2cc(N(C)C)cc(C)c2NC(=O)c2cccnc21,-4.871,-618.5841073191613,0.35434081128187245,0.180526931239001,0.10422475259531044,0.04126860292257839,3.0,3.344230464686808,1114.1598849790446,2430.2930863385136,3084.767990334435,0.4254911580993589
O=C1NC(=O)c2ccccc21,-2.61,-873.2448008551844,0.14103390295713325,2.6266206987202168e-09,1.4347174421884725e-09,0.025730794571615926,3.0,2.190842229628421,286.8452029811435,419.36225128876526,706.2074542699042,0.4999999999992888
OC(c1ccc(Cl)cc1)(c1cncnc1)c1ccccc1Cl,-4.38,-1409.2984254261441,0.28087454845081083,0.18409272353892447,0.09876696369615084,0.04805507180303388,3.0,3.4213082376304076,1727.3249816742762,2506.14487958953,3520.0603736115154,0.3986651631032761
COC(=O)c1ccccc1,-1.85,-696.0733750864872,0.07129523432740825,1.7561251297593117e-07,9.169845650903364e-08,0.04499706419101919,3.0,2.32812275715398,142.10372628836407,597.4287705762464,736.3758654939866,0.497856643923615
Cn1ccc(=O)[nH]c1=O,-0.807,-824.4092527730731,0.11164722746798361,4.147077561356127e-07,2.205182377846339e-07,0.04988882328359705,3.0,1.9968338759150344,154.71593143844416,349.7369379526267,501.2752931368377,0.4968305078080525
CCCCC1C(=O)N(c2ccccc2)N(c2ccc(O)cc2)C1=O,-3.73,-662.9647781284384,0.38377201889670687,0.06543639565279591,0.033998300001855226,0.04514151291861788,3.0,3.5376821000667134,1872.122263066469,2560.4218799058954,3686.8135324087125,0.39886515767489333
Clc1ccc(Cl)c(-c2cccc(Cl)c2Cl)c1,-6.47,-2847.6575672017234,0.09737915715231793,4.010784323327243e-06,2.0796886877815225e-06,0.04761434567747906,3.0,3.1836722175277354,911.292250138158,2393.330087189977,2614.261204496572,0.3679624798690991
CCC1NC(=O)c2cc(S(N)(=O)=O)c(Cl)cc2N1,-3.29,-1485.1102277817781,0.16856511893274728,0.0954682660085382,0.05146920315912122,0.04895807774277286,3.0,3.244615625926067,751.7395325709358,2455.188442400449,2893.4391035727804,0.44582763621802096
CN(C)C(=O)Nc1ccc(Cl)c(Cl)c1,-3.8,-1649.268850345639,0.09250729629275156,1.0032454156316817e-06,5.579268238228957e-07,0.04159812088083844,3.0,3.274914019521272,388.16989889855415,2138.5868953617355,2473.095432347146,0.489150972256822
C1=CCCC1,-2.1,-409.12809435427175,0.03007158222681028,1.108492142520845e-08,5.5518302594386316e-09,0.04650629931799591,3.0,1.3958188851777849,68.88931862252757,69.13999283850184,127.40459539448022,0.4583032463053287
O=C1NC(=O)C(O)(C2(O)C(=O)NC(=O)NC2=O)C(=O)N1,-1.99,-1182.834350281995,0.5046206168444769,0.5552524473059748,0.3204654241115441,0.04553996849554849,3.0,2.7856475390381386,700.0842794871834,1860.7542546669295,1880.2065586165158,0.31900074424826647
CCCCCCCCC,-5.88,-333.33686795126374,0.03086316708504455,0.024251875320260297,0.013026429267282834,0.03833255463530638,3.0,3.1564508261250723,107.21456746770903,1209.3124269690047,1239.208479087764,0.46880326569149816
Oc1ccccc1Cl,-1.06,-1606.2132575307296,0.04057984121754998,3.576860763132572e-08,1.836528578457492e-08,0.03985653532174158,3.0,1.9618538258943559,168.0851070742833,326.7064315919978,494.7915386647928,0.49999999999748557
Cc1cc2ccccc2c2ccc3ccccc3c12,-6.59,-604.4203874179005,0.40267700697950204,8.307204552693292e-06,4.225203406783193e-06,0.037856115700875104,3.0,3.194443441394384,550.161465852603,1926.4100965543835,2468.9426543565005,0.49845502526394825
CCOc1ccccc1,-2.33,-553.3223839544697,0.03858254484111967,0.04635828092796146,0.026764937060607175,0.04843028780038142,3.0,2.3019305025717554,102.53872412380818,547.9575670903903,644.2012414902595,0.49511406582330814
CCOC(=O)C=Cc1ccccc1,-3.0,-628.302067025796,0.09685925447047339,0.03220175518799806,0.018591678582650015,0.04979610280274916,3.0,3.313853477871856,176.38640602083828,1798.8378839730465,1895.0297639282142,0.47884082677931333
Cc1[nH]c(=O)n(C(C)(C)C)c(=O)c1Cl,-2.484,-1079.8532004811805,0.21455577006418025,5.865695129614323e-07,2.949438820888297e-07,0.03427172565620865,3.0,2.620229246487387,502.93985966698466,1051.7848750153587,1420.34627844405,0.45269517783142066
O=C1CN=C(c2ccccc2Cl)c2cc([N+](=O)[O-])ccc2N1,-3.499,-1214.6540248153854,0.256970423994062,0.06924232943856623,0.03997614791824962,0.04997184164027273,3.0,3.239593920920273,1789.3135355129302,1878.9761876557702,2958.5064289528923,0.3800436451193073
Cc1ccc(S(N)(=O)=O)cc1,-1.74,-1191.7816041895608,0.07277721910577384,0.013512085031834431,0.007775726382983698,0.02676657357893424,3.0,2.4597961890467603,193.92171578190823,894.8517247768888,983.1204888259754,0.44626652941600115
C#CC(C)OC(=O)Nc1cccc(Cl)c1,-2.617,-1187.5677994587284,0.08272459524960141,0.020025784437166294,0.011533431896586453,0.04988170718703873,3.0,3.5017703717381727,383.3669969155266,2407.612628828747,2694.1371358888114,0.48202717883837837
CCCCCC(C)C,-5.08,-330.62963171303267,0.03177151156342006,0.024810084058117354,0.012495474807815207,0.02882874739086874,3.0,2.7475591967906605,87.61129754782894,793.0769333990522,844.0051339777361,0.4782684396733366
CC1(C)C(C=C(Cl)C(F)(F)F)C1C(=O)OC(C#N)c1cccc(Oc2ccccc2)c1,-8.176,-1049.852922580159,0.39277707521250704,0.0421220006319345,0.021739784997705597,0.04635750342241168,3.0,3.8088931219580715,2957.7995009843407,4326.725933479662,5768.144538268942,0.36855557396877625
CCCC1C(=O)N2C(N(C)C)=Nc3ccc(C)cc3N2C1=O,-3.5380000000000003,-642.6336279806459,0.35631160874982015,0.07209524915742804,0.03669940835793408,0.04902041117068673,3.0,3.1911290452187324,1354.388757685762,1913.7919851786294,2849.174719597043,0.4264688787973906
CN1C(=O)CN=C(c2ccccc2)c2cc(Cl)ccc21,-3.754,-1041.533709203571,0.21469489549053833,2.42610985878855e-06,1.2840015111219736e-06,0.047638168110074035,3.0,3.276882538978997,1518.1524084168902,1742.810583533641,2854.1544263651967,0.42873396025311283
CCC(O)C(C)C,-0.7,-404.93643938835874,0.055183941420182236,0.09161681193654658,0.052894986427185015,0.039100276406090914,3.0,1.9105424247701017,150.17971761105233,254.27749149584804,341.4701127040927,0.4077707037010794
CCOP(=S)(OCC)Oc1ccc(S(C)=O)cc1,-2.3,-1452.9345406636312,0.2434896123231738,0.08053986846061889,0.04147040645389151,0.04274820161112591,3.0,3.709050056506548,864.3055528270224,3622.937510864264,3996.6420123574944,0.4386233430692884
CC1(C)C2CCC1(C)C(O)C2,-2.32,-438.6218987433706,0.12676628732151585,0.05037892427390034,0.02908506644048944,0.0485646893933901,3.0,2.0236260035084324,337.61781942358954,448.4668363844824,477.26660390543526,0.17647217574416932
CC12CCC(=O)C=C1CCC1C2CCC2(C)C(O)CCC12,-4.02,-495.3445712755827,0.1848534942328115,0.47752104172104737,0.25224816445460146,0.047402854456041754,3.0,3.454731630268543,629.2008290284335,2979.840507900758,3275.9050671745545,0.4491535525413038
CCCCCCC,-4.53,-327.2094580667828,0.021008384363085497,0.015135882656068134,0.007633992106299496,0.03872851521648972,3.0,2.359201980154177,100.51375256790602,490.50512424040977,524.4299117574585,0.4365129986306666
Oc1cccc2ccccc12,-2.22,-660.8562492441941,0.13905689293460455,7.72117346059531e-07,4.0159097931126284e-07,0.04623692105484918,3.0,2.207339212011276,257.12615121882334,445.46769708456424,702.327745852112,0.4998105567850289
CC1CCCCC1C,-4.3,-356.8241230217968,0.021600166337520932,4.138346412219107e-07,2.259046008627152e-07,0.04342811621251859,3.0,1.9138092273815819,189.87861906597405,264.02475320239415,368.11602931307675,0.38347784920403766
COc1cc2c(N)nc(N3CCN(C(=O)OCC(C)(C)O)CC3)nc2c(OC)c1OC,-3.638,-682.8910780371045,0.623099001670198,0.5172221125976648,0.2642750886492947,0.046753051549163205,3.0,5.210029526842358,1247.1599137903793,10776.73519095256,11617.85248883136,0.48252505717804184
c1cc2c3c(c4ccc5ccccc5c4cc3c1)CC2,-7.85,-617.1698013513371,0.3863554958625173,3.9848964661359787e-07,2.1063926450278583e-07,0.04893050371849428,3.0,3.3065061115933227,589.6215659427928,2194.069838372453,2777.5232905050116,0.49888963778767986
CC(=O)C1(C)CCC2C3C=C(C)C4=CC(=O)CCC4(C)C3CCC21C,-5.27,-499.7891806194685,0.2595982919629023,0.49242025832791114,0.2600357707688243,0.0480067697410508,3.0,3.7264150667273253,995.2587112977474,4058.4614864245377,4402.955467578782,0.42609910150849023
CCCCCC(C)=O,-1.45,-433.69977454979835,0.05079230825322156,0.012760054283717182,0.007360472972828324,0.035774178222007645,3.0,2.5643428643211768,95.91827596305342,674.5658672596373,731.2831642850533,0.4731971274240197
COP(=O)(NC(C)=O)SC,0.54,-1604.0367836546873,0.4368584772819304,0.033219882639969,0.019148446654430225,0.0485524399935725,3.0,2.2113959788456805,434.261648897845,589.500067515578,767.6600201255166,0.3331932824594025
CCCCSP(=O)(SCCCC)SCCCC,-5.14,-1289.6993114806658,0.35991326379735256,0.033235469527426176,0.017395126894023366,0.04532758003048498,3.0,3.4641353946030082,1681.0062606525003,2353.328584733355,3513.8306491397084,0.42593493423275336
O=C1NC(=O)C2C=CC=CC12,-2.932,-777.9913781418377,0.12770961586466,8.227652870118618e-08,4.191782854119977e-08,0.043416739394767985,3.0,2.1300794059254446,324.2556801246684,382.7370131019476,646.4564098927104,0.4531783718063382
NS(=O)(=O)c1cc2c(cc1Cl)NC(C(Cl)Cl)NS2(=O)=O,-2.68,-2869.4864945069944,0.26814554289740045,0.22351810896361712,0.11864137512383877,0.04769826412597013,3.0,3.6605929735527587,1202.797844935286,4137.5182116867545,4860.764165569302,0.4506711419522784
CC=C(C)C,-2.56,-356.77164685710426,0.023396486553792784,9.249106369679794e-08,4.7097256604656465e-08,0.03776561700584888,3.0,1.6924291801860585,62.35717084636879,143.15597779891021,196.26453101014164,0.4764383875464174
Cc1ccc(C)c(C)c1,-3.31,-454.08720755782116,0.051035503660386894,2.408178261248395e-07,1.253170539659384e-07,0.03799761609994141,3.0,2.1511690586233345,170.46125596769735,390.39955519971875,551.5507213837237,0.4915600783176219
Oc1cc(Cl)c(Cl)cc1Cl,-2.21,-3530.5343071064467,0.04471566551364958,0.1395991386671085,0.08059759980920651,0.039402054613387784,3.0,2.5612252397214155,358.4287545014072,936.7463520360295,1295.1751065371548,0.4999999999995051
c1ccc2c(c1)cnc1ccccc12,-2.78,-657.7633634790235,0.27966865415692155,1.3849603419657797e-07,6.924804252361788e-08,0.04659325015369207,3.0,2.5925914676292776,303.7208067974888,900.9253357039112,1204.6461425012424,0.49999999999951955
CCCC(C)(O)CC,-0.98,-398.9261797398727,0.062271699967823224,0.09642329219605017,0.049882977174599226,0.042822157851819274,3.0,2.184970064238416,155.01957085241324,457.3552370697105,497.16287263935806,0.384130592182103
CCCCCCCC,-5.24,-330.626407748289,0.02259865253290627,0.0016844079618749674,0.000972490625589688,0.030311694164718708,3.0,2.503663588704945,158.5346060940258,604.7456849955596,668.8077659767418,0.42937243710400663
c1ccc2cc3ccccc3cc2c1,-6.35,-612.1472931570563,0.24519191729996237,9.298855729866773e-08,4.715383148512748e-08,0.03538141477846252,3.0,2.7446511007438525,233.03965659514506,1109.6166114035682,1342.656267998361,0.49999999999949646
NNc1ccccc1,0.07,-583.6218840308329,0.08441109847808548,0.24075352819454565,0.1389987392393469,0.044926595918098576,3.0,1.9843566286301153,100.16518093649411,328.0538237699809,423.4520301987145,0.4943712933593538
CCC=O,0.58,-525.9188447456155,0.03890811061592103,0.037084270315062895,0.021410606922674647,0.04663401842186594,3.0,1.3875859068182714,30.066882947933845,84.82639111086061,108.7605683458931,0.4718063917506342
C1CCCCCCC1,-4.15,-356.8049169500666,0.04163383642298868,0.07324866941598884,0.042290131927322235,0.044634668017314076,3.0,1.9357846097708222,221.25363675454042,235.18604290769824,384.5658379610339,0.4065519676902496
C=CCC1(CC=C)C(=O)NC(=O)NC1=O,-2.077,-729.6610452136684,0.276361094081949,0.10514107184644672,0.05535759847332473,0.041398102803264954,3.0,2.577217553014179,701.9169840172891,927.992181384316,1136.0664157101378,0.2826523419480986
ClC(Cl)Cl,-1.17,-7725.399053475313,0.006147257845441345,9.262294042855501e-09,5.163351934175269e-09,0.033744866003086835,3.0,1.5988528698267392,155.38204196582615,155.38207608582857,299.52911270292964,0.48124555364868604
O=c1ccnc(S)[nH]1,-2.273,-1673.6394510528928,0.12419828979182057,3.4717595553956926e-07,1.8551651186724872e-07,0.04696154915413227,3.0,2.0251568998626617,141.11677120665675,384.4556566489552,525.572427843873,0.49999999998788086
O=C(Nc1ccccc1)N(Cc1ccc(Cl)cc1)C1CCCC1,-5.915,-854.8930789392333,0.16815880529611604,0.09293907923711231,0.049484127414182316,0.04346255318933114,3.0,3.95709780588132,1958.4997370755796,3462.4700185131187,4877.39344885128,0.4442759424230651
CC1=CCCCC1,-3.27,-392.6301967576994,0.033322976356430445,4.01469151256606e-08,2.2855455695342884e-08,0.042436489782480984,3.0,1.8282328965304167,111.64114724056431,221.53534780157437,309.72760824870136,0.462145953137744
CCCCC(C=O)CC,-2.13,-424.46193526057266,0.0520918021666148,0.12009063065124792,0.06822965422626684,0.03665623279218589,3.0,2.5893556979877026,208.04186229896817,695.6394224238242,815.6210735969637,0.44601646893552727
COc1c2occc2c(OC)c2c(=O)cc(C)oc12,-3.0210000000000004,-805.2900313236938,0.24651051216642372,2.1961859602015465e-06,1.1314193495097775e-06,0.042620134399179985,3.0,2.9646764839084265,1000.9786175485254,1309.4029997858572,2264.3646031308017,0.4898388682324093
c1ccc2c3c(ccc2c1)-c1cccc2cccc-3c12,-8.0,-654.7134477774008,0.251300199652178,2.3904794943518937e-07,1.1960945089855914e-07,0.042869917486306634,3.0,3.20136000552446,647.2228014856423,1938.6896725869683,2585.9124740723646,0.4999999999997591
CCC(C=O)CC,-1.52,-445.82276012622856,0.0561029362197587,0.019880547684806515,0.011040594010035034,0.040507797319567176,3.0,2.0066220467003455,151.64926735184477,270.30778896629744,384.6458946589688,0.45149933721097313
CCCOCCC,-1.62,-404.9152553927509,0.029618912736623315,0.04499889775615884,0.024160252423308597,0.03779893077086236,3.0,2.399045985327305,63.13449064808269,540.9828303764313,572.0261127378169,0.4719495250539816
CCCCCCCCCCCCCCO,-5.84,-379.2720493015395,0.0736796303463052,0.127268265998282,0.06480152150280626,0.044476870615335284,3.0,5.027648597746103,259.55618204857245,5262.163796808964,5316.811120769542,0.480730098038606
Oc1c(Cl)ccc(Cl)c1Cl,-2.64,-3530.529780904482,0.07062703686096938,1.7826096154749393e-08,8.921242384487361e-09,0.03852526067932239,3.0,2.4851941619062434,341.83457890176436,877.5862029262634,1219.4207818265295,0.49999999999897565
NC(N)=O,0.96,-766.7925955601332,0.07788276195969956,1.1821157386293635e-07,6.043267040258627e-08,0.024525432578107523,3.0,1.2448105457655685,44.83243809545009,48.62784320203858,92.65966405343512,0.4956797963103816
C#CCCC,-1.64,-409.0343577101745,0.014989836910899612,0.005195743679905718,0.0029997618399098883,0.03012427902649985,3.0,1.8853292985807277,21.412923463330017,225.35706589114497,237.4834264035958,0.4804479767441584
Brc1cccc(Br)c1,-3.54,-12198.70628646821,0.02531094432924874,3.373133949935436e-08,1.706430325293833e-08,0.033293316690616276,3.0,2.592905365028278,228.52384966748272,1357.5095162090206,1586.0333658763068,0.4999999999996228
CCCCCCCCCCCCCCCCCCO,-8.4,-374.5463393929225,0.06897155099795782,0.149553526280215,0.0749438139038966,0.04923672773009341,3.0,5.923337636663461,360.56882983621585,9269.049355336107,9351.939444716592,0.48515394896972003
CC(=O)Nc1ccccc1,-1.33,-630.9781208367424,0.07065783555117378,2.6904672267846763e-07,1.5049766609118313e-07,0.04055793955679061,3.0,2.3973274851615147,135.03427188527917,643.358930245097,775.2532105211573,0.49797486062127755
O=C1C=C2CC3(O)COc4c(ccc(O)c4O)C3=C2C=C1O,-2.7,-855.556834687438,0.21990938008093508,2.2676576918456703e-06,1.2178824347159216e-06,0.0478910431091288,3.0,3.4876199950297084,871.315748113602,2863.537959687537,3569.71320843569,0.4768692203373433
NNC(=O)c1ccncc1,0.009,-756.5448543832727,0.1047865530326817,3.121749614365399e-07,1.601910232185065e-07,0.04915185960465342,3.0,2.3419227965110645,137.92557500962508,621.8005462251947,744.6125592826563,0.48985139199928135
OC1C=CC2C1C1(Cl)C(Cl)=C(Cl)C2(Cl)C1(Cl)Cl,-5.46,-3811.6942049450217,0.18706909081083722,0.5654153836949263,0.30063041817933056,0.04456100344292242,3.0,2.7013134206629137,1577.5256465052105,1712.1613461250324,1889.162918053549,0.12932681422205053
CC(C)CCOC=O,-1.52,-525.9676015815437,0.0638606800166599,0.03456643615390931,0.018335805668743915,0.044909966504786146,3.0,2.3311587300730863,119.04335519334036,541.8796453547283,601.5738135325291,0.45067173330905663
CC(=O)c1ccccc1,-1.28,-616.514984808571,0.04829959792914451,1.1462725524324924e-07,5.7572364135625266e-08,0.04606965217042876,3.0,2.1353395281063055,135.47962545781988,413.92104962603537,546.2983228064153,0.49716056946459486
c1ccc2nc(-c3ccc4ccccc4n3)ccc2c1,-5.4,-683.0381892059075,0.38353190296766115,0.32324229987716535,0.18662399748666916,0.04737623339446396,3.0,3.7911342423749477,367.47115276704926,3316.36654274406,3683.8376949550448,0.4999999999243907
CCOP(=O)(OCC)OCC,0.43,-921.4866255160489,0.1596859625860816,0.06245253917222726,0.03604233800223708,0.03990912871015985,3.0,2.4997421460953486,616.503167005334,616.6249793928032,1043.3492070545794,0.40905301021882684
CC12CCC(C1)C(C)(C)C2=O,-1.85,-469.90421291892267,0.10671159830599208,1.4632496458943933e-07,8.446028636284126e-08,0.03916033020875355,3.0,2.043566694442044,321.85865750302804,429.4068160836699,520.2681382732835,0.2780016511479765
COc1cnc2cncnc2n1,-0.91,-854.0873328610634,0.41635883778872085,2.250271791126579e-08,1.1367076690574093e-08,0.042541837370349576,3.0,2.406859357971394,207.48392898893627,733.4297373744282,937.7703150888775,0.4983240292292758
ClC1=C(Cl)C2(Cl)C3CC=CC3C1(Cl)C2(Cl)Cl,-5.64,-3891.8537386920434,0.1461730883893324,0.27757100682356395,0.16025564871219497,0.04734721977813362,3.0,2.6145471530275395,1426.3056541910244,1461.579180328871,1744.8847029887195,0.17247115824508716
CC(C)[N+](=O)[O-],-0.62,-677.9004123266349,0.07479357461670588,1.2274358596187085e-07,6.592542370310272e-08,0.038454592946667226,3.0,1.6010708396130011,97.79675462589422,173.11960018895948,185.85572397355287,0.2711648879483872
c1ccc2c(c1)[nH]c1ccccc12,-5.27,-640.5012640499309,0.09016233280635788,2.0972947822883725e-08,1.096998736359629e-08,0.046283568774474655,3.0,2.528757474496836,221.47031309425714,847.7795494624372,1069.2498625563494,0.4999999999993711
OCC(O)C(O)CO,0.7,-694.8583042747513,0.13854474616164225,0.36039900607647724,0.18044577725305622,0.04795161860695865,3.0,2.1410808949415925,111.31085234467487,494.42973582411787,513.9111116857608,0.4106562648717315
CCCOC(=O)c1ccc(N)cc1,-2.452,-622.2301444555676,0.1143772024588543,0.020003202498628525,0.010001836629292295,0.048511232608907134,3.0,3.014376751524825,269.36534411506403,1378.5786254779305,1608.9911606884061,0.4878952694529104
CNC(=O)C=C(C)OP(=O)(OC)OC,0.6509999999999999,-1018.5315446859852,0.2869125021243235,0.09000331400966388,0.04742519361538094,0.04347042350597245,3.0,3.143613672350939,371.88448321919367,1917.4348156811757,2121.4460451282594,0.4604342391458555
O=C1CCC(=O)N1,0.3,-818.4349962013683,0.12302207300854207,3.54702933691442e-10,1.9603356064202007e-10,0.02519370006204295,3.0,1.750513104916126,84.87633887357232,221.84639260817113,300.5533470651353,0.48973662333520684
CCC(C)C(C)C,-4.28,-327.21150943399374,0.027734551872526936,0.07634567418881488,0.04182859811618191,0.033665884316916625,3.0,1.9600267366931803,162.24238602417248,277.37618775465415,330.2974869031031,0.3345111736976926
CCCCc1c(C)nc(NCC)nc1OS(=O)(=O)N(C)C,-4.16,-818.4210090714168,0.5932765147008467,0.023042177039314993,0.011911852757263237,0.049442250815311874,3.0,3.395009241039182,1476.8240586414997,2411.8938609235292,3405.4514500828227,0.42904516822999916
CCN1c2ncccc2C(=S)N(C)c2cccnc21,-4.634,-956.2854254617835,0.7104661969933659,1.0711883078329265e-06,5.485315420262988e-07,0.044364008948153635,3.0,2.8790077847610474,1163.355370336579,1367.9978029465342,1950.4055616267322,0.3510700484332743
CCN1C(=O)c2ccccc2Oc2ccccc21,-3.68,-689.2214918876604,0.2659139349198085,0.0010043377988040447,0.0005798191568985,0.04498516153577955,3.0,2.8086221314941375,787.5470226160627,1237.979666383397,1749.4313879905476,0.4210899887514634
C1CCOCC1,-0.03,-462.50670626145956,0.024374280234951584,8.498227543896064e-08,4.860368909915897e-08,0.03957957549660402,3.0,1.5478784957949498,107.38595052469756,111.82081770497965,193.53492852288133,0.4336764688844575
C#CCCCCC,-3.01,-392.5475894975952,0.021908144382905448,0.02296212467354053,0.01151901499550819,0.03881519463019549,3.0,2.3633805344611454,90.42107946095761,462.9398913608586,521.0006052793264,0.4689440230822014
COc1ccc2ccc(=O)oc2c1CC=C(C)C,-4.314,-646.2277154395373,0.2421854185704433,0.03433390771897393,0.01982222664087267,0.03494939650658976,3.0,3.054437003634739,1133.0420293467378,1239.2349197726041,2185.971890094482,0.45738621803189744
Cc1ccc2c(ccc3c4c5c(cccc5cc32)CC4)c1,-7.92,-596.063358690081,0.393310713730898,1.2569467799039558e-05,6.6655644536785436e-06,0.04776315845581061,3.0,3.543747760880685,595.5541721688685,2779.182923456372,3365.4470860894717,0.4986197956320328
CCOC(=O)c1ccccc1,-2.32,-647.6148306612124,0.0763445310840325,4.357698344392702e-07,2.404423196673514e-07,0.030278609105102633,3.0,2.544095606799059,169.77743686189817,826.2271341332855,948.0134035147115,0.47468856067672843
CC(C)CCl,-2.0,-1201.6190534968684,0.024677731005795067,0.003985810988524463,0.0023011706624823385,0.025838031897934797,3.0,1.6724781757762226,87.10298833706455,203.1154499874331,227.62969082713306,0.36252068596442266
C#CC1(O)CCC2C3CCc4cc(O)ccc4C3CCC21C,-4.3,-548.7482163156784,0.19287214058931568,0.2654684157059819,0.14024954148501342,0.048846704872704684,3.0,3.615339803155458,604.0125812924368,3475.7207605848375,3668.8282975042416,0.4440005076479808
CCCCCCCCCCCC(=O)OC,-4.69,-439.33700752816884,0.08874232476227917,0.043826419445395004,0.02215887071182609,0.02628459740183545,3.0,4.290780660087479,474.35227625902706,3576.3251880294683,3841.9951052210004,0.47284192804086916
CCCSCCC,-2.58,-823.4465408453319,0.03411378541204613,0.021181188501941506,0.010834424220490257,0.04349698788197624,3.0,2.443468202572373,114.00843579549218,609.2544655623418,688.6257724339033,0.47485054269573906
c1ccc2cc3cc4ccccc4cc3cc2c1,-8.6,-629.1690934854176,0.3737146057865175,1.321859599556774e-07,6.727725007980455e-08,0.03921627789451747,3.0,3.4093620597921928,306.29152893079544,2347.340774752513,2653.6323036798954,0.4999999999991685
CCCCCBr,-3.08,-4436.184886233302,0.024374955653911456,0.032214351507718675,0.017261300789348958,0.047358674778080805,3.0,2.2400459503922407,87.3968857416997,686.7193187735136,741.7328389159554,0.4781704652260357
C/C=C/CCCC,-3.82,-356.78220716217083,0.031636254204386205,0.0009775674989214167,0.0005642668428546679,0.03494039292446099,3.0,2.495940560086858,62.8379755909741,568.1649227278472,592.376914348217,0.46739746010018085
CCCCCC1CCCC1,-6.08,-356.8153230856976,0.05274002238729736,0.07719342280688579,0.04106803913811974,0.04639650526730571,3.0,2.9701124924603417,124.50979758538485,1135.7163540780634,1214.5765961775157,0.4812076259206039
Clc1ccc(Cl)c(-c2c(Cl)c(Cl)cc(Cl)c2Cl)c1,-7.42,-3984.754118453003,0.11188322083035018,5.712790880352259e-07,2.866868038299487e-07,0.043996506959341625,3.0,3.325982775284138,1646.0328406773622,2901.612805349244,3436.225992380202,0.338279022376345
CC(Cl)(Cl)Cl,-2.0,-4962.206630461993,0.02700225171429338,6.592017598450184e-09,3.3409443292790065e-09,0.03346263928414086,3.0,1.6555764074416273,215.3863279274446,215.38634469440407,300.4863885782946,0.2832076776246837
CON(C)C(=O)Nc1ccc(Cl)cc1,-2.57,-1164.8454017887648,0.08796699895901838,0.2935911821878108,0.1695045879007404,0.04849120882907333,3.0,3.3472907673599472,270.7433934195236,2153.459411338494,2385.8045946329958,0.4919527755516137
O=C1NC(=O)C2(CCCCC2)C(=O)N1,-3.06,-717.8753241301899,0.32213308105565375,0.15201257208173047,0.08776416316975627,0.04228817811994312,3.0,2.4424934428225797,404.26096202066503,894.667615227585,1042.1128152763304,0.3767812091896332
CN(C)C(=O)OC1=CC(=O)CC(C)(C)C1,-0.85,-604.0368859974197,0.16207334211139823,0.008971801129519008,0.0051796148895434276,0.04870293180673336,3.0,2.9215005584830727,459.21023349743774,1479.5049202239313,1667.5800492540636,0.41870402125840195
Cc1ccc(Br)cc1,-3.19,-5161.659324810116,0.030562317740987055,1.8611899577081203e-08,9.791638713479287e-09,0.029889335768744574,3.0,2.273595320453761,90.48194457371294,795.2086300714703,882.5705517619459,0.4982324229615383
CCOCC,-0.09,-424.1518366572643,0.016993260074741556,0.05161286083057348,0.029798664526314567,0.03756406153745606,3.0,1.8261862378230158,27.610748310938718,225.86676819552653,240.91639664433578,0.47393054180197364
CC(C)NC(=O)N1CC(=O)N(c2cc(Cl)cc(Cl)c2)C1=O,-4.376,-1452.1133292748684,0.4086749653579318,0.4796173608774552,0.27690434839952155,0.046019888382411646,3.0,3.939110276619628,1135.836338332436,4112.8967388380825,4997.336646558472,0.47484695865085197
CCCCN(CC)c1c([N+](=O)[O-])cc(C(F)(F)F)cc1[N+](=O)[O-],-5.53,-886.3619143343492,0.3792738085758174,0.11692389496602118,0.0672650913633846,0.048328988309870126,3.0,3.3541560980048613,1532.449464298022,2765.4272517290556,3246.23900011376,0.33802213640506135
Cc1cc(C)c(O)c(C)c1,-2.05,-526.5563388829788,0.06647638720096438,1.5914702089503407e-07,8.621596812029077e-08,0.04901414519067731,3.0,2.2366805204095166,287.98298395573124,398.03950036897453,676.6637908016346,0.4930846798282421
c1ccccc1,-1.64,-527.0106510392615,0.01162841028872208,1.7137608665507287e-08,9.019116021844583e-09,0.03700200381470952,3.0,1.499561435889932,87.8268598531174,87.82688118065163,175.65374103352354,0.4999999999964548
Clc1ccc(I)cc1,-4.03,-2243.2618564710783,0.023531987237220164,4.162575351074338e-08,2.250408229575149e-08,0.02747134057838833,3.0,2.57212577550952,88.10766834329803,1489.4535759122855,1577.561244253372,0.49999999999898215
COc1ccc(NC(=O)N(C)C)cc1Cl,-2.564,-1078.3088676050133,0.10117807042843197,5.060464900452644e-07,2.53611110775635e-07,0.048219214504659345,3.0,3.3595588946755175,424.4298563473163,2181.9012296444394,2555.6344466931337,0.4900813985025908
CC(C)N(C(=O)CCl)c1ccccc1,-2.48,-989.5639691869119,0.17986204902263125,0.07227323004190112,0.04005997605152675,0.04375062451456124,3.0,2.768896831687382,689.5230095079681,1076.4031979268989,1480.023867153847,0.4034129291334909
C=Cc1ccccc1,-2.82,-526.9833096115674,0.02819733115393319,7.020389602985233e-08,3.598412324517889e-08,0.042003280518875384,3.0,2.01327218374751,96.26495195425557,325.89069244232405,422.1556443858243,0.499999999986077
COCOC,0.48,-564.5788228584059,0.05667292903217458,0.1198377630835239,0.06918835675528731,0.042897554854319106,3.0,1.6498542765213366,34.02976843226855,181.9097391889004,198.32458434511733,0.45559067138567666
Cc1ccccc1C,-2.8,-470.2926471395449,0.03948754722478043,1.654188963584602e-07,8.306612754995681e-08,0.04349822424669856,3.0,1.9131118636136406,158.84780067360467,232.81677951520942,385.48454337633524,0.4919840666511116
CCC(C)O,0.47,-424.1806423420498,0.04208670842672291,0.02964840008644387,0.01504227444916609,0.044356890414554685,3.0,1.6348884220636697,62.1172203000425,145.87241029491062,188.2511955870654,0.4475742107580562
Oc1ccc(O)cc1,-0.17,-744.3465305515671,0.03517724381345033,0.0025683619132905733,0.0014828388592148037,0.04621554634146581,3.0,1.9714937215543644,88.77774080487423,339.2042037487128,427.9819445533183,0.49999999999851785
CC12CCC3c4ccc(O)cc4CCC3C1CC(O)C2O,-4.955,-560.3811392399792,0.20662380421345006,0.04759778899097,0.025767796390314058,0.04960198988850499,3.0,3.571963923807823,633.8981016127328,3180.243598791998,3544.875241769673,0.46202031943703065
c1ccc2c(c1)Cc1cc3ccccc3cc1-2,-8.04,-615.094182609646,0.1404764301078103,6.0888851294294e-08,3.1209321491834225e-08,0.04298826480164226,3.0,3.1939453650601406,318.97809570839485,1888.9413273072228,2204.8104872588633,0.49929496530978085
O=C1CNC(=O)N1,-0.4,-932.5692279460126,0.16242806595619186,6.520349415950477e-08,3.705965203093113e-08,0.04252074696426476,3.0,1.7151933994680757,76.74871226876247,219.24134724062895,292.8406708196065,0.4946226924662486
CCCCCCc1ccc(O)cc1O,-2.59,-526.3716811729322,0.06570074338378618,0.0174121690542961,0.00942892995523916,0.044068519909893154,3.0,3.508026328390405,246.1301165060837,2187.0686436035057,2348.369567813287,0.4819387047379736
C=CCSS(=O)CC=C,-0.83,-1584.7465514397236,0.3314551639414276,0.17157096964365337,0.08603107574105613,0.04561762562866101,3.0,2.4793658313589124,250.2677230684305,775.2664468258386,969.4344711464203,0.47106576028679414
CCOP(=S)(OCC)Oc1ccc2oc(=O)c(Cl)c(C)c2c1,-5.382000000000001,-1518.0584868522242,0.3144300205312902,0.06395885452366201,0.03474639357452504,0.04077674522109568,3.0,3.8727414348936633,1081.3173121653303,4733.380267139151,5066.765814033202,0.42619238852517927
Cc1c(C)c2c3ccccc3ccc2c2ccccc12,-7.01,-583.7864793037372,0.41234378174704034,1.0961717634927481e-05,5.486066335540372e-06,0.04171281358574366,3.0,3.2297974819139235,699.4138280741778,1991.4722189516892,2657.349329227853,0.4936898176257568
CCCCC(=O)OC1(C(=O)CO)C(C)CC2C3CCC4=CC(=O)C=CC4(C)C3(F)C(O)CC21C,-4.71,-614.5374372383786,0.4718516091670608,0.18448534745402867,0.10023807794045819,0.04343229725735554,3.0,4.261875654314917,1891.9099838332872,7575.867837206606,7845.220274504609,0.396589420706958
O=c1[nH]c(=O)c2[nH]c(=O)[nH]c2[nH]1,-3.93,-1085.294856157636,0.1723274182950263,2.6627822080627084e-07,1.3368386342242248e-07,0.035716963813544514,3.0,2.381461701292207,266.2515004520053,687.1721441418222,953.4236444755994,0.49999999993747374
Oc1c(Cl)cc(Cl)c(Cl)c1Cl,-3.1,-4492.683822162158,0.06455751940666232,0.0076136313873576,0.004395729301781531,0.04712156622772343,3.0,2.639574214575056,674.4028256763247,941.1937313791316,1615.596557052172,0.4999999999986741
Clc1cccc(Cl)c1,-3.04,-2611.7061839875746,0.030046279967791634,2.011438482441008e-08,1.1249334337223044e-08,0.03395542761553103,3.0,2.287564516845949,177.6846438778401,591.5487487736335,769.2333926502472,0.4999999999985528
Clc1ccc(C(c2ccc(Cl)cc2)C(Cl)(Cl)Cl)cc1,-7.15,-2760.6154875645893,0.19478143256856129,1.126552524510771e-05,6.036245071892912e-06,0.048991339758691146,3.0,3.6508451154557076,1842.743430435165,3178.1537249631083,4428.490138885163,0.43311410910546694
CC(C)COC=O,-1.01,-555.8178335849126,0.06125795813386503,0.00475540751722292,0.0027454888314764124,0.044375851751253706,3.0,2.0854623463337596,85.80042466447789,374.55427092727155,428.0294315459979,0.4622394376831513
CSc1ccccc1,-2.39,-1139.4771484477387,0.025622004784963792,1.1794327292591333e-07,6.28117845555753e-08,0.03747235176011782,3.0,2.0869054167154424,122.8139717690988,440.21137824718005,518.808636161915,0.45738629740014686
CCN1c2ncccc2C(=O)Nc2c(C(F)(F)F)cc(C)nc21,-4.207,-887.4171985431066,0.4669500661693746,0.0029604790106532164,0.0017087121847102467,0.04874671831954142,3.0,3.2334807942285644,1378.6598290922295,2247.3560299949236,3113.349905197127,0.4176665056126415
CCCCCC,-3.84,-322.76888511806044,0.027514999722370703,0.05476901607471518,0.027427791862735466,0.042711612430747274,3.0,2.3213040456467846,34.42360103834352,439.2129597715159,455.09555351210605,0.4796295446575711
COC(=O)c1cccnc1,-0.46,-762.7041770019185,0.09238959235517541,0.008008632239580038,0.004623781648368189,0.048589061024392255,3.0,2.305979947106609,140.64722463456982,590.1705642908303,727.6567765945784,0.49782795101104477
NS(=O)(=O)c1cc2c(cc1C(F)(F)F)NC(Cc1ccccc1)NS2(=O)=O,-3.59,-1421.716820506486,0.3793545355583774,0.088705376649159,0.04684882947551096,0.048659497235339286,3.0,3.985091029926797,1737.6865995207352,5348.537394800662,6298.533612118383,0.4374703358978372
Clc1ccc(-c2cc(Cl)c(Cl)c(Cl)c2Cl)cc1Cl,-7.82,-3984.7479138928716,0.10725681405165233,1.962165697477758e-06,9.88468493232211e-07,0.04906825747328307,3.0,3.842957528684829,1124.7732724005014,4484.403257920648,5049.535379513393,0.4445848866532176
C=CC1(C)OC(=O)N(c2cc(Cl)cc(Cl)c2)C1=O,-4.925,-1677.220202371021,0.2750172150990693,0.03405789151292993,0.019663166845656693,0.04964447155662426,3.0,3.3791265292773014,939.3245751793186,2437.811079233241,3156.7105104403845,0.4650862593760056
CCNc1nc(Cl)nc(NC(C)(C)C#N)n1,-3.15,-1069.7563678140473,0.3833773626574839,0.024300576606037794,0.013346989712344794,0.04740890108184206,3.0,3.2453939026561756,909.5091632837646,1686.115668100029,2474.654617048117,0.4755581620353699
c1ccc2c(c1)c1ccccc1c1ccccc21,-6.726,-629.1882779849976,0.2654153407092963,1.227417669724673e-07,6.627144172040354e-08,0.04777483161010562,3.0,2.926175522945449,977.3836228327785,977.3844806749345,1954.7681035034366,0.49999999999865036
CC=C(C(=CC)c1ccc(O)cc1)c1ccc(O)cc1,-4.95,-607.0821937158427,0.18549586561857723,0.14326389531197492,0.08164444680784189,0.044468293900125196,3.0,3.725227681117662,585.0806663663984,3293.702638563838,3513.3881924574775,0.44799960999782446
CCCCC(CC)COC(=O)c1ccccc1C(=O)OCC(CC)CCCC,-6.96,-510.9248225247982,0.23019023991946597,0.11270522380800685,0.06488415924392836,0.045681851953466066,3.0,4.584577057101793,1710.5730997656465,6972.373936916331,7735.072156653199,0.43872876291048196
CCc1ccccn1,0.51,-523.6429866237414,0.03427664086666482,0.02347226744495856,0.013551607812615699,0.03512957719509003,3.0,1.976285798410456,107.43513116730962,330.8451425197753,398.75929564445335,0.45044506990155453
COP(=O)(OC)OC(Br)C(Cl)(Cl)Br,-2.28,-9344.67107999891,0.33353516660281457,0.04573728269315325,0.024356570597071244,0.04547906530874848,3.0,2.6744112273581577,1292.5669141589785,1646.421634450681,2508.0186124208117,0.414081591329641
c1ccc(-c2ccccc2)cc1,-4.345,-573.4536506544359,0.047922797997671296,2.8624599508475512e-06,1.5316328479747601e-06,0.031212667132312424,3.0,2.6339698453255744,174.78198372393413,930.4112327883487,1034.5899304716618,0.46587861337034026
Clc1cc(Cl)c(-c2c(Cl)cc(Cl)cc2Cl)c(Cl)c1,-8.71,-3984.7622503962407,0.10389087109069806,4.48198989033699e-09,2.443768768647403e-09,0.030692089800968735,3.0,3.3550454334517035,1189.9363762615021,3467.0323497366853,3467.0397115788887,0.3283940892794011
CN(C)c1nc(N(C)C)nc(N(C)C)n1,-3.364,-563.031000473073,0.3857717573228001,5.115691965329461e-05,2.6717019151897894e-05,0.046423323812394356,3.0,2.812288444464176,830.1323617819631,846.7104678839177,1649.4311249662205,0.49169055794881855
CC(C)CC(C)(C)O,-0.92,-398.92605585395785,0.045222943561384454,0.09821277883202129,0.052883831634367606,0.04145074314272133,3.0,2.1058172903547208,164.86858924140975,409.3820335190296,456.3548583581863,0.3708288492565362
O=C1NC(=O)C2(CCCCCC2)C(=O)N1,-3.168,-680.5184837320817,0.31519383323393413,0.11346908935593092,0.06550978028834815,0.04211537869580927,3.0,2.5996147186964853,445.2759034753917,1123.0048665779084,1273.22706438085,0.38413154498223834
OCC1OC(O)(CO)C(O)C1O,0.64,-779.6827906359446,0.2754836246422201,0.2424029329267796,0.12198702479244475,0.04620401379780621,3.0,2.3017524780779257,331.15641108922495,702.483547197867,875.316247149287,0.40956199450527186
Cc1cc(C)cc(O)c1,-1.4,-553.3513163601787,0.03362672500588815,0.0009910370117722778,0.0005721720634970868,0.048263544981238506,3.0,2.1460450973956116,280.62265254711104,285.1340175438367,559.5259027557117,0.4944321010827758
O=C(Nc1cccc(Cl)c1)OCC#CCCl,-4.37,-1687.8902078712229,0.08173486794839846,0.001335422246484086,0.0007709766159130773,0.04511391692529936,3.0,4.355105695122579,430.18347259837236,4468.282543436233,4892.195443001653,0.49935912484415135
CC(=O)Nc1ccc(Cl)cc1,-2.843,-1289.3031898564445,0.07499364244722528,1.3045428204350173e-07,6.884422417755225e-08,0.039817430789056675,3.0,2.871960315355952,140.77249699639708,1259.75104449984,1397.3829621712432,0.49887626391225215
Clc1ccc(Cl)c(-c2c(Cl)c(Cl)c(Cl)c(Cl)c2Cl)c1,-8.94,-4553.295135999925,0.13735286163864657,3.9463338907808065e-07,2.1854186756193489e-07,0.03615773030100576,3.0,3.4574319502760917,1664.2120610665338,3628.5497759069613,4158.0841061933215,0.3635576263247251
CCC(C)(C)C,-3.55,-322.7733585569104,0.02271049435421446,1.7142701835837215e-07,9.533410570566759e-08,0.04207362479670178,3.0,1.7360793272524666,116.49356443867921,201.13307949443586,201.84941594444845,0.21320891009920878
CNc1ccccc1,-1.28,-523.6359502995291,0.04925754353644152,8.517235983163118e-08,4.263825582492272e-08,0.0489471313403412,3.0,2.0002529018750077,100.86311841971781,330.4245976673682,426.17709724671846,0.4940041136954892
C=CCC=C,-2.09,-409.0661014403277,0.029496217549422,6.052050594007596e-08,3.062016426423139e-08,0.04408390347363974,3.0,1.824821416747032,25.397534525338045,213.35115008367944,214.92020462383647,0.44456435580876197
CC(=O)OCC(=O)C1(O)CCC2C3CCC4=CC(=O)CCC4(C)C3C(O)CC21C,-4.88,-601.3324925685836,0.390529833130131,0.15587208725628443,0.08180844362126605,0.0436973064681871,3.0,4.25879995898114,1098.505870964687,6613.640065524684,6961.10095408294,0.44605415239906787
Cc1cc([N+](=O)[O-])cc([N+](=O)[O-])c1O,-1.456,-1029.0256330674433,0.21824797250519623,4.1514067561365664e-07,2.378568364450747e-07,0.04905759994486673,3.0,2.6751113174513774,507.7131541821904,911.7250009073382,1416.3430540803065,0.49890736181417933
O=C1Nc2ccc(Cl)cc2C(c2ccccc2Cl)=NC1O,-3.604,-1543.7640030848645,0.28583699394221185,0.03352369438653113,0.01935479034853842,0.04542208483898212,3.0,3.179648465263722,1735.3840045900479,1934.188692437736,2824.327415405917,0.35036343927195
Oc1cccc(Cl)c1,-0.7,-1606.2087945254718,0.029793316160066752,0.0007330733897106256,0.00042323630148156027,0.04670264234420705,3.0,2.1022301719569096,144.81528131432538,423.31704705029995,568.1323283646183,0.4999999999991137
Clc1cccc(Br)c1,-3.21,-7405.206221325359,0.027682195737725124,3.688910510390997e-08,1.8569044967753505e-08,0.041358235683989705,3.0,2.390699992957581,195.68329675872496,898.5503581982055,1094.233654956648,0.499999999999414
NS(=O)(=O)c1cc2c(cc1Cl)N=CNS2(=O)=O,-3.05,-2357.639969151293,0.28352790922508575,0.10664302286750171,0.0580197490059996,0.03982696838090387,3.0,3.034983653921721,756.9600439806507,2068.6359257920353,2622.0848832849283,0.461192887425955
CCC1(C)C(=O)NC(=O)NC1=O,-1.228,-752.5639787179002,0.29558215447104885,5.049842002335936e-07,2.827503142180149e-07,0.033821657698712204,3.0,2.243270867871501,387.34503378836604,580.8660158212299,744.4496146150423,0.3497135127734864
OCCOc1ccccc1,-0.7,-628.0647849260439,0.06648900462278107,0.11018590162893815,0.058728958512766126,0.04979082359826437,3.0,2.5340425031397142,125.26855724671556,779.4148267648811,869.7470198260962,0.4799157896548782
c1ccc(Cc2ccccc2)cc1,-4.08,-547.456223482429,0.04658280472176557,2.538530679885298e-06,1.3576784854444633e-06,0.04697817471614002,3.0,2.8088724324255967,250.0858963695267,1184.4128464148823,1220.2333833620985,0.41220312345791943
CCCCCC(O)CC,-1.98,-394.24425604833164,0.051398319856161834,0.0576591737644776,0.028831179968509524,0.03980168697264988,3.0,2.927183211850359,125.50988842216788,1009.6385743345717,1096.5945432540432,0.48242106905381094
CCN(Cc1c(F)cccc1Cl)c1c([N+](=O)[O-])cc(C(F)(F)F)cc1[N+](=O)[O-],-6.78,-1321.4671423560972,0.4351032222912181,0.07272987769101746,0.041248140096826334,0.048980162024485775,3.0,3.5228609219647162,1976.4823863627585,3904.0381052368366,4587.346080518503,0.3590498309497892
CC(C)Nc1nc(Cl)nc(NC(C)C)n1,-4.43,-954.2498926287601,0.36083007299748715,0.17738485320296604,0.08869433317422468,0.04881771296097214,3.0,3.1707863464578447,843.9626401218133,1551.7615662483845,2223.272340508594,0.4612166573747154
CCCC(C)CO,-1.11,-404.93033326075357,0.04161295961966971,0.020341504463431193,0.010553195394116222,0.04626835136056379,3.0,2.1759103361796273,133.03456616690275,366.0616800851475,468.43529850103744,0.467273017372879
CCCCC(C)(C)O,-1.08,-398.92796814048694,0.04768389412856777,0.0921607836644398,0.046819294034439005,0.039081477702201314,3.0,2.360075625732657,124.70332602295869,579.413400326083,590.3858306194576,0.40368087288692195
CCc1ccccc1,-2.77,-470.28708049115187,0.0227256680445862,1.521384547231719e-07,7.964646774597469e-08,0.04512516704660464,3.0,2.0200124952471943,110.01223565478666,342.9316173419557,413.4826803272751,0.45228195212537325
CCC1(CC=C(C)C)C(=O)NC(=O)NC1=O,-2.253,-650.1621720653919,0.24406357798943645,0.25252768045538687,0.12637147623882988,0.04252151360978691,3.0,2.6216964805053746,740.2122365384988,1095.1620749848628,1247.4348118239354,0.26434059153748496
ClC1=C(Cl)C2(Cl)C3C(Cl)C=CC3C1(Cl)C2(Cl)Cl,-6.317,-4460.396836597074,0.16364618053194135,0.356647584689199,0.19415214370877654,0.049941733230124415,3.0,2.7342995640960788,1523.7694713552924,1931.6814764550638,2126.424891890516,0.18749753142265146
C=C(Br)CC1(C(C)CC)C(=O)NC(=O)NC1=O,-2.647,-2838.589385002783,0.40531803949852474,0.2866494472400518,0.14831590825018307,0.041933055102794096,3.0,3.0593172736923706,866.2179624493779,2304.8579680425505,2503.654050982765,0.36671044283296406
CC1(C)C(C(=O)OC(C#N)c2cccc(Oc3ccccc3)c2)C1(C)C,-6.025,-629.3993975968738,0.20820084417573526,0.022711942368914606,0.013082449035825235,0.04015788814965755,3.0,4.3258897818861115,1275.503442901022,5635.780303396826,6166.708749679089,0.4396294663130973
COC(C)(C)CCCC(C)CC=CC(C)=CC(=O)OC(C)C,-5.19,-471.7370404064508,0.18211264734418364,0.29533872826505103,0.1681732446204861,0.04121709295932098,3.0,5.716560564769511,471.95215262987927,9840.881954808849,9979.427186625866,0.4832952876663777
CCOC(=O)CC,-0.66,-555.8326512884423,0.07134951224725228,0.03050057556174579,0.01647754534595455,0.03865215067481395,3.0,2.0159905331185386,74.98592348894023,364.0587551090238,391.13684058792415,0.43875821318837377
CSc1nc(NC(C)C)nc(NC(C)C)n1,-4.1,-828.034865419121,0.3889648794756795,0.036399734428414376,0.020794767663195206,0.044890728988778016,3.0,3.221722787235366,928.0313563945921,1645.412234558071,2436.8852703933967,0.4719809704996564
C#CC(C)N(C)C(=O)Nc1ccc(Cl)cc1,-3.9,-1042.014811096705,0.12400880478526233,0.007801762465533102,0.0045036348231566325,0.04674040323823264,3.0,3.407055630290112,471.3448485883534,2365.513367996159,2658.3590546992145,0.46642681477306547
Cc1cc2ccccc2cc1C,-4.72,-527.0444960623212,0.14851871521386784,1.856260496424511e-07,9.435008466232113e-08,0.04860458381922269,3.0,2.5016959050486745,231.55964261203798,749.2801295445751,974.660605035635,0.4968300929112931
Clc1ccc(-c2cc(Cl)ccc2Cl)cc1,-6.25,-2279.110451579292,0.07596059745992534,5.487941962201148e-06,3.011230243557877e-06,0.0490118824322456,3.0,3.427548181094481,659.1478184330937,2448.639792246669,2943.3698087647044,0.47206980219977757
Clc1ccc(-c2cc(Cl)c(Cl)c(Cl)c2Cl)c(Cl)c1,-7.39,-3984.7509705578386,0.11173767525178846,1.6470876289531589e-06,8.75549904683672e-07,0.04320922880598737,3.0,3.6322738792626503,1153.6225831302806,3925.6991666115164,4442.734213305998,0.42835633352428837
N#CN=C(N)N,-0.31,-810.4594357040457,0.16677500604600937,8.192455425160006e-08,4.312231870065564e-08,0.044336841008403786,3.0,1.7217264654987168,49.54947119758261,200.0271234931639,248.91901709664359,0.49867913347326737
O=[N+]([O-])C(Cl)(Cl)Cl,-2.0,-6313.562348686796,0.1873238204716472,6.0801030485890806e-06,3.099843437964842e-06,0.0497478126226291,3.0,1.8003041321484374,332.1211348090793,349.9387041831332,383.39179210421435,0.11049238267595132
Clc1cccc(Cl)c1-c1ccccc1,-5.21,-1710.5551748198925,0.08218784796918044,2.1391315385699272e-08,1.0808607076244604e-08,0.03780064949346649,3.0,2.6811514694982383,685.6423733011544,1005.7787912832489,1516.06268973754,0.4421664829446777
COc1ccc(C=O)cc1,-1.49,-696.0253308030055,0.07348789266507083,0.0011671312513499288,0.0006738138671993397,0.03898482461150911,3.0,2.452232249208513,120.36063189663946,699.9658491828874,817.1340489255325,0.4980465676597443
CC(=O)Nc1ccc([N+](=O)[O-])cc1,-2.692,-836.0600015687236,0.14363089924881933,9.090217645280063e-07,4.5548512460074785e-07,0.03505636141423524,3.0,2.993155990875033,178.61520811530778,1437.0347018794469,1612.504521249383,0.49902468839469283
CCCCCCC(=O)OCC,-2.74,-473.4843278820638,0.0743078942377906,0.024192712089643464,0.013070115597908992,0.04480410900491314,3.0,2.82126267828668,224.8545007042787,1143.7655223317433,1150.4257666644176,0.40516804182635163
CC(=O)Nc1ccc(O)cc1,-1.03,-701.8473817022423,0.07737751827698958,1.1547126632649451e-07,5.870615607538138e-08,0.04855706341489893,3.0,2.645385602166672,138.89768523249316,920.5329521757093,1056.294349250086,0.49851542888526285
c1ccc2[nH]ncc2c1,-2.16,-689.5577152498128,0.09525979090540204,5.933543434366584e-09,3.2649532259073362e-09,0.0355768271835767,3.0,1.9135998679329096,125.51400912554266,307.09499567201084,432.60900479528436,0.49999999999622163
CC1(C)OC2CC3C4CCC5=CC(=O)C=CC5(C)C4(F)C(O)CC3(C)C2(C(=O)CO)O1,-4.31,-651.9374024388031,0.4821875325287692,0.734930677441298,0.3757506976623574,0.04885919569911861,3.0,3.7940467695248516,1546.7748999257321,5341.402455149712,5621.022692983992,0.3872843314016633
Nc1nc2[nH]cnc2c(=O)[nH]1,-3.583,-923.4028056203725,0.09377927083005488,1.08536914922297e-06,5.95530904572099e-07,0.04087782504077432,3.0,2.1694916134015036,260.47025314274697,451.1279025511279,711.0377172292422,0.4996059010288401
COC(C)=O,0.46,-664.3716969760239,0.06019839721830067,5.3032636060379446e-09,2.8962402884618107e-09,0.03654605932032189,3.0,1.499815611076141,48.9128518103674,120.85192208522277,163.50877505913104,0.4808695318182206
CC12CCC3C(CCC4CC(=O)CCC43C)C1CCC2O,-4.743,-476.5697232033097,0.19916118010951323,0.6567391766766377,0.3700336730164342,0.040325583732393575,3.0,3.253619221212337,782.4089012746848,2599.2832151127313,2767.673862869917,0.3890732282882535
C=CC(O)CCC,-0.59,-445.79640915616676,0.0617837825557217,0.047949125571904005,0.024382769669472726,0.03928627535687473,3.0,2.1982341774700247,93.30221339162004,408.66764294963343,466.0328226448868,0.4614436666785235
O=C1NC(=O)C2C3C(C(O)(c4ccccc4)c4ccccn4)=CC(C3=C(c3ccccc3)c3ccccn3)C12,-3.931,-707.3565229032238,0.4004749906816869,0.20204012335307198,0.1166435308965636,0.04648267938558851,3.0,4.063043168102224,3824.365390043635,6026.832029321601,7039.488069377062,0.3002902112853791
CCCCOCCCC,-1.85,-394.2271646204109,0.03933601807511877,0.1390628466160706,0.06969281685363166,0.041626360142848755,3.0,2.9179662576346805,144.0301182227383,998.0127519171871,1075.6678823519362,0.4691470811400452
CCCCCCCCCCCCO,-4.8,-382.7254324850849,0.05692856930545531,0.041315491744171595,0.022117079109656167,0.04520857409043228,3.0,4.304620666103224,170.00512317623492,3336.45199298086,3399.1764379024808,0.48421960727614044
CCN1c2nc(N(C)CCO)ccc2NC(=O)c2cccnc21,-3.36,-677.7569294461159,0.5025853412444121,0.22779850231017917,0.11475331278506537,0.049547213053915094,3.0,3.609054190445045,968.1637688887827,3399.3377733111815,3795.7230699221814,0.4246812186050292
CCCC(C)(C)O,-0.49,-404.94240725489954,0.04286066999702598,0.008055526448515593,0.004167659528773076,0.048423018826007476,3.0,2.0141445756100946,117.58486541212261,351.9412691516442,359.4927527574815,0.34696022247601593
Nc1nc(=O)[nH]cc1F,-0.972,-1035.097585591771,0.1316971443593502,1.6442209016531706e-07,8.950374074416687e-08,0.03827248326927151,3.0,1.9902953067316098,156.3589522575248,355.0373175348136,511.3606993271714,0.49996521978887526
CCCCOc1ccc(C(=O)OCC)c(N(CC)CC)c1,-3.84,-535.8026463665911,0.2043073373097286,0.07570197663881117,0.03786667368588675,0.04672958680686256,3.0,3.8481384089784654,960.2554912315491,3651.0183910264404,4078.367127270758,0.43466665231965984
CCCCCC(C)(C)O,-1.72,-394.2500718083201,0.04977965935177053,0.03475751086807577,0.01869546049668753,0.04608248626489689,3.0,2.7448138047575847,129.5201496132316,909.9293890483209,922.8719045674054,0.43683975342728293
Cc1c(C)c(C)c(C)c(C)c1C,-5.23,-424.90565843773754,0.14531022441587993,1.428648829460144e-06,7.377835008274782e-07,0.034616221803199246,3.0,2.4437972759675657,489.587896503624,489.58875515498977,959.0949932835381,0.4895309335797367
Cc1ccc(C(C)C)c(O)c1,-2.22,-506.1846474659607,0.06077441817433282,0.048467199314472964,0.02798253067097292,0.04584227889767556,3.0,2.4177022592313424,224.78039323884755,709.3873225431435,822.0011641284262,0.43177226715161693
c1cnc2ncncc2n1,0.02,-875.3332305295199,0.3110835921106627,6.59783836454153e-08,3.469679029375814e-08,0.0439247915737373,3.0,1.9872106366259945,151.6104714319642,370.1559104655152,521.7663818236751,0.49999999992831634
CCOP(=S)(OCC)Oc1ccc([N+](=O)[O-])cc1,-4.66,-1327.0703188298403,0.2547414917353308,0.033375657360011246,0.01706354491323791,0.049231008783957045,3.0,3.531058167719359,830.8403136496353,3043.0270935922567,3389.1527157855576,0.42849028472521317
C,-0.9,-220.61201073151247,0.002168559441997786,9.094947017729282e-13,4.547473508864641e-13,0.0015672228462269909,3.0,0.5447016580535071,3.173304219498051,3.1733042457217535,3.1733044070204826,5.496181827358924e-08
c1ccc2c(c1)CCN2,-1.04,-552.2025979797036,0.10910328147474502,3.970581019530073e-07,2.1331381472307787e-07,0.04798447646762776,3.0,1.9675115303933586,137.96302829381216,327.9494244960872,456.7026812428596,0.48991710370195735
O=[N+]([O-])c1cccc2ccccc12,-3.54,-803.8194448797678,0.24535017242124013,9.699269867269322e-07,4.868014116309852e-07,0.041939215811396854,3.0,2.4344842088899004,369.00157324755804,671.1206254109579,1012.547561025408,0.48638353461334893
CCC(C)C(C)=O,-0.67,-445.8377701740231,0.05039794562435418,0.0093394262221409,0.005391765757048331,0.049270493377244186,3.0,1.8823391575162876,175.53169662315545,235.92071618906078,298.3286385982711,0.31040409873807273
Nc1nc(O)nc2nc[nH]c12,-3.401,-923.385559745728,0.13489099374055513,0.0409942075584695,0.023667831310689086,0.047429824350561325,3.0,2.1650585042562693,264.65993624595274,444.04210985715576,708.1257780146418,0.49959310329650647
O=c1oc2ccccc2c(O)c1C(CC(O)c1ccc(-c2ccc(Br)cc2)cc1)c1ccccc1,-4.445,-1892.2062517331262,0.32601362286368385,0.06572677318763454,0.03300878567426992,0.04302890277071424,3.0,6.138972742182421,2363.876869431761,18068.322834779883,19321.088711507713,0.47124615984908
C[N+](=O)[O-],0.26,-953.0765231893758,0.05366886181400332,4.5311026042327285e-09,2.29343502908816e-09,0.03283147712501005,3.0,1.1898651726866107,40.406887152183295,47.59225357769795,84.83917535950222,0.4813767321644065
CC(C)N(C(=O)SCC(Cl)=C(Cl)Cl)C(C)C,-4.88,-1955.8860877423438,0.2559052644865005,0.1445970896675135,0.07467156067776257,0.0423120819373572,3.0,3.1316119873429904,888.7107422419491,2497.3062018767687,2589.462736237798,0.34619315104744136
C=CCCC=C,-2.68,-399.2717083764062,0.02939186808271188,0.0028525991774586146,0.0014324289199904678,0.04583737003181582,3.0,2.1810276109027025,30.929028649876454,372.4860108339707,378.10252597776474,0.4665269182722889
c1ccc2[nH]ccc2c1,-1.52,-619.1859870931683,0.05584050735342316,3.412424121052027e-08,1.7117495717311158e-08,0.04620059343515544,3.0,1.9287396099980372,128.75209311538612,307.0539009254436,435.805994040128,0.4999999999980476
CC12CCC3C(CCC4=CC(=O)CCC43C)C1CCC2=O,-3.69,-515.7245190993441,0.22387877669098089,0.25851762274760404,0.1482809150511336,0.045705760323860686,3.0,3.3401857394277563,710.3122216677237,2738.3820620015376,2942.2788168304382,0.4139416251201533
C=CCCCC,-3.23,-356.7704350784194,0.026486005295737414,0.02808010113039927,0.01621204374834596,0.048836423747220074,3.0,2.2383475167600224,37.783467334952235,399.2536101650346,406.2997609442946,0.46217408978388397
Cc1cccc(C)c1NC(=O)c1cc(S(N)(=O)=O)c(Cl)cc1O,-3.79,-1324.9630427990273,0.5835833319142694,0.15962893440882908,0.08889152613902353,0.046039232712132866,3.0,3.891927989782682,1161.5877713591522,4490.24259800928,5096.705729409522,0.44554083858946714
CCC1CCCCC1,-4.25,-356.8241795258404,0.02553167079895502,0.2603719327471481,0.1424342196707375,0.0445965176742474,3.0,2.1116737411205384,131.38658836951217,388.46077417108944,480.9321786887341,0.4595419213173787
CCCCCCCC(C)=O,-2.58,-417.22638335942645,0.05301521122055419,0.0210613972540159,0.010881454657072543,0.032135056951049006,3.0,2.9942990661925477,141.21407350740873,1178.3042684005145,1231.1159572862562,0.4640966457711017
COC(=O)Nc1nc2ccc(C(=O)c3ccccc3)cc2[nH]1,-3.88,-783.8589392153814,0.19211764731517178,0.01522682974973577,0.008791140597331996,0.04641462712384568,3.0,4.35383564506851,464.61728551422016,5252.586195341953,5478.066272817875,0.4781732096574067
CC(C)OC(=O)Nc1cccc(Cl)c1,-3.38,-1103.322907740384,0.08908512690322823,0.00014367102994583547,8.293856531525823e-05,0.04621114470774484,3.0,3.3167248057071137,365.67778561575716,2023.4647565831265,2311.6829589383306,0.4832460625792098
CCN1c2ncccc2C(=O)N(C)c2ccc(Cl)nc21,-4.114,-1069.0116640454748,0.4058823579689488,1.8594582797959447e-06,9.903602704593142e-07,0.048101495049691266,3.0,3.148421155156991,1088.8301139012544,2028.7680678464815,2606.6053988928034,0.4019811776894215
CNC(=O)Oc1cccc2ccccc12,-3.224,-700.7941155412983,0.20229011354967952,3.7482823245227337e-07,1.94061481510734e-07,0.04611922050834272,3.0,2.8395253047949884,442.0863043411406,1238.2184721463693,1564.610920834518,0.46302791508312807
C#C,0.29,-526.440339690067,0.0020604268975148443,4.115918272873387e-09,2.1365260059761163e-09,0.02576201452387142,3.0,0.7369155336403065,6.877831637552845e-13,14.13979278787057,14.139792787871121,0.49999999996463396
Cc1cncc(C)c1,0.38,-523.6447387266589,0.04878022990124009,0.00021985121929901652,0.0001268867083112545,0.03335256334741923,3.0,1.9652148230334534,135.91439083020174,281.0410012776042,410.7324038574701,0.49242452239843226
C1=CCC=CC1,-2.06,-453.99856311460053,0.03200199787352176,6.812388164689764e-08,3.760499253689995e-08,0.04940903645406554,3.0,1.56474906053018,97.76315001588223,101.48093077389856,193.1428531008637,0.48420540135984397
CCOC(=O)N(C)C(=O)CSP(=S)(OCC)OCC,-2.518,-1369.3492150279967,0.47053221101668896,0.3929346029544831,0.220284909059556,0.04590722228605833,3.0,3.5269125554546408,980.3232076445214,3406.0998080868535,3807.61230368863,0.4239929559683809
CC(O)c1ccccc1,-0.92,-553.3389678777625,0.06260522874981689,0.04538825034433103,0.02620478013724481,0.04120932722535815,3.0,2.132863179033667,143.977523618668,459.8594368060677,507.66414383551796,0.40527909272514223
CC(Cl)CCl,-1.6,-2569.119622077072,0.025591950252419338,1.463158696424216e-07,7.5862715888692e-08,0.03557090592564538,3.0,1.7322236661126076,115.32087460817148,255.6257030754022,307.07473501448374,0.3959995151231355
CCCC=C(C=O)CC,-2.46,-459.92614935191745,0.054098384900498786,0.19430182447649713,0.1112315718737741,0.03882907509900612,3.0,2.508836037457488,234.00985986028132,596.8363377166907,757.8119994486784,0.4518124560033816
CCOP(=S)(OCC)SCCSCC,-4.23,-1651.9151364348243,0.2926259525338537,0.014199340621416923,0.0072789373998954805,0.04649436292277367,3.0,3.5665590550851287,754.2158539984055,2957.4561963443452,3269.042878410227,0.4322998828102487
CC(=O)OC1(C)CCC2C3CCC4=CC(=O)CCC4(C)C3CCC21C,-5.284,-517.5335258058377,0.2434237658890197,0.31922983012191253,0.16103977599006022,0.049487090196107135,3.0,3.8491958263972266,921.3511286773238,4502.208215657946,4784.729055937818,0.4332427937998355
Clc1ccc(-c2c(Cl)cccc2Cl)cc1,-6.14,-2279.1088700490527,0.09002399837481789,4.3168256524950266e-08,2.429055810776577e-08,0.04923999325816994,3.0,3.1134508863578563,685.7419625268232,1898.6357601114103,2408.5508463775213,0.4634994468715319
O=C(NC(=O)c1c(F)cccc1F)Nc1ccc(Cl)cc1,-6.02,-1323.8575410029855,0.35419569191435585,1.5933401300571859e-06,8.075856730743832e-07,0.048193164295918293,3.0,4.390159206173765,555.0365565566887,5547.279519093663,5873.649821303308,0.48053456868345734
Oc1cc(Cl)ccc1Oc1ccc(Cl)cc1Cl,-4.46,-2259.8611625469844,0.0750700203134329,0.015012613686849363,0.008667140428414426,0.04648024872736424,3.0,3.6436095030776734,806.525072136809,3290.4972178186604,3590.674006261199,0.4294911926267617
CC(C)CCCCCOC(=O)c1ccccc1C(=O)OCCCCCC(C)C,-6.6370000000000005,-510.9274721749829,0.20432673879986396,0.04646983554994222,0.023920650005399953,0.04908150644310296,3.0,5.294014925201571,1648.2640952629588,9739.685900359618,10504.407344481771,0.45794419322448165
CC12CCC(=O)C=C1CCC1C2C(O)CC2(C)C(C(=O)CO)CCC12,-3.24,-554.1150429682889,0.3145988695541746,0.3084073690697551,0.1612060630944152,0.04754147812350113,3.0,3.756785986565798,837.8698921387576,4463.2348042589165,4478.578394057711,0.40817105005551224
Cc1cc(C)cc(C)c1,-3.4,-454.08707527476935,0.03879816620974452,1.9426806829869747e-08,1.0641638512869161e-08,0.04453946673554408,3.0,2.175967050902835,286.8794873172267,286.8924037049818,564.4345192819185,0.49172856069012877
CCCCCCCCOC(=O)c1ccccc1C(=O)OCCCCCCCC,-5.115,-510.9251608049299,0.21008740519027924,0.10539437334955437,0.05643838770200269,0.0497169651688668,3.0,4.225157202035543,2443.3115344268376,5347.0988499576315,6154.2502569223325,0.3670707186775099
CCCCCCCCCCCCCCCO,-6.35,-377.8680062734598,0.08506645634770393,0.09469151349549065,0.0485678710554341,0.04331404029494645,3.0,5.298111245568491,188.34567421918956,6267.851982697856,6367.293271921313,0.49301866733634114
Clc1cccc(Cl)c1-c1c(Cl)cccc1Cl,-7.39,-2847.660414701319,0.11978446983994218,3.483728505671024e-08,2.0023611171477376e-08,0.045837889495121686,3.0,2.709608469723698,1191.0890225666462,1548.1590305994596,1548.173454283391,0.11532908486850955
CC1(C)C(=O)NC(=O)NC1=O,-1.742,-815.0499490397939,0.2852112424625375,1.4628245480707847e-05,7.862203821673637e-06,0.04140429179270408,3.0,2.123004577338972,320.8747246145901,441.7794106295307,644.8471924601583,0.4086551479464971
CC(C)I,-2.09,-1030.083362080108,0.03683887106672046,1.602347765583545e-08,8.487041706413909e-09,0.044864495000093284,3.0,1.2906297115915812,62.586490930736254,228.58695517240827,275.15131735827987,0.4708848772747403
O=[N+]([O-])c1ccccc1[N+](=O)[O-],-3.1,-1091.305613034473,0.17107199719248456,4.3537875171750784e-07,2.2718300628517836e-07,0.04591561814330412,3.0,2.2192420336462693,408.7438388083406,460.1508625605516,786.9809347463663,0.4479569561301878
CC(=O)C(C)C,-0.12,-462.5290430163195,0.04622557946458983,5.123347364133224e-07,2.661358944992277e-07,0.044081413334575076,3.0,1.719734766427316,105.9457131823428,174.3316784727734,229.20309373931818,0.38858287843473865
CCCCCCCCCCCCCCCC,-8.4,-343.20115329821414,0.0475007307541091,0.1802414522790059,0.09737557825793339,0.036031304224900425,3.0,4.77484544095969,435.0132151998701,4861.085377402342,5029.544786132591,0.47350119963087833
Cc1cccc2sc3nncn3c12,-2.07,-1238.1519029096714,0.09952752329627401,1.4729812392033637e-07,8.079828792801926e-08,0.03645036702086218,3.0,2.418204900336889,398.9917762041986,709.1730074076822,1105.0315851648493,0.4985823036689212
CCCCCCC(C)=O,-2.05,-424.47543429094003,0.04806631010433193,0.03853221270037466,0.020547238798581197,0.04585602348545999,3.0,2.5109158268488097,169.2137144197762,674.8504928964112,772.6495750653855,0.45378588524709534
CCCCCCCCC(=O)OC,-3.38,-462.5446911840641,0.082072686196625,0.0499260112283082,0.02496954296723525,0.0313542799521568,3.0,3.6192165513646346,208.19158832609415,2123.4052287998425,2181.3866866320154,0.46557003592820784
Fc1ccc(F)cc1,-1.97,-977.3634748898043,0.026828418082004646,4.874164005741477e-08,2.6775909842120773e-08,0.027210720492624674,3.0,1.9669195640734298,88.46956122317371,352.9372960461289,441.4068572679077,0.4999999999972872
O=C1CCC(N2C(=O)c3ccccc3C2=O)C(=O)N1,-2.676,-856.2436926878307,0.256960790255107,0.07722153114809771,0.044583206861217264,0.04891178993485938,3.0,3.1958476559719102,472.28089314205783,2332.3677614573753,2470.247005417964,0.43231412720086404
CCCN(CCC)c1c([N+](=O)[O-])cc(C(F)(F)F)cc1[N+](=O)[O-],-5.68,-886.3610316330419,0.36297757954889676,0.06203490561892977,0.035570158197564886,0.04832405784212153,3.0,3.349553322626069,1401.1649604615573,2830.2072036309255,3292.052776804578,0.35733530854867285
CCO,1.1,-469.06682609256524,0.027007851222151658,1.2697546480922028e-07,6.89458915861465e-08,0.04106190853413776,3.0,1.1930594186749763,14.693949331524363,54.52709400464072,61.92733602798508,0.44111076160480905
O=C1NC(=O)C2(CCCC2)C(=O)N1,-2.349,-764.9605145776655,0.3026607527208398,6.5340100263711065e-06,3.382677675195534e-06,0.03308563311362173,3.0,2.337251783991798,359.02993234134135,727.5151644819913,903.8500744548165,0.39893510686520006
CCNC(=O)C(C)OC(=O)Nc1ccccc1,-1.83,-661.893549514463,0.14848728674041922,0.09188238800925319,0.0529557010998732,0.04269444107861646,3.0,3.4743887426980375,548.3042922467383,2400.1755554121237,2755.752846651112,0.4650318784496787
CC(C)=CC1C(C(=O)OCc2cccc(Oc3ccccc3)c2)C1(C)C,-5.24,-585.3195787740407,0.31230592787323985,0.05778018416458508,0.032539550944794514,0.046929334424091744,3.0,4.850048309101406,1114.7594929769841,7490.313141909373,7882.552424783992,0.4541696539923061
CN(C)C(=O)NC1CCCCCCC1,-2.218,-466.81705367598715,0.11214249144904898,1.9361146647315763,1.1031287812240755,0.04977407839657458,3.0,2.9912998108821713,362.43809048606863,1522.501739789252,1663.966177150151,0.4336003170736033
ClC1(Cl)C2(Cl)C3(Cl)C4(Cl)C(Cl)(Cl)C5(Cl)C3(Cl)C1(Cl)C5(Cl)C24Cl,-6.8,-7303.1406062922915,0.3592785682703834,1.4551915228366852e-10,7.420049970959058e-11,0.020912642666327825,3.0,2.960929930815127,2814.9568008608517,3271.742948585529,3478.388298894512,0.12506896493110287
CCCCCCCCBr,-5.06,-3024.098574145021,0.03007770776457619,0.12541294627590105,0.07086393768726318,0.043194091502095175,3.0,3.574911904855521,124.91965188990204,2365.890721962767,2445.539424106369,0.49074417911626506
CCCCNC(=O)n1c(NC(=O)OC)nc2ccccc21,-4.883,-690.583551951346,0.23178285795802367,0.0391428354960226,0.01976162362688976,0.04887162868887043,3.0,3.7273702825043156,1214.6796174184246,2871.8482269102487,3980.5549697891693,0.4866886809320849
Cc1c(N(C)C)c(=O)n(-c2ccccc2)n1C,-0.364,-596.7122219246522,0.5299253733683145,0.23914514537682408,0.1380685502787371,0.04477165633618673,3.0,2.9922787544971015,542.3985866813557,1640.3676742472132,1959.2123217059138,0.4429480060055744
CCC(O)CC,-0.24,-412.95427488349344,0.047103988424169074,0.02898191503027192,0.01580759589182747,0.04830152912364298,3.0,1.9053001038205193,68.87295132364582,266.2739796649886,304.85177302590375,0.45031165857602373
Cc1ccc([N+](=O)[O-])cc1,-2.49,-762.5511207697085,0.10126456809302908,5.114925443194807e-07,2.951985760526222e-07,0.028801749102695742,3.0,2.327027996648873,128.09582327226045,616.07129962834,741.0536808948444,0.49789931412054245
CC(C)CCCO,-1.14,-404.9308611133702,0.04351344660608447,0.1285973214689875,0.07069229889641049,0.04705705400825658,3.0,2.3599645681276455,79.82278563693555,503.80039129848393,554.5126858774703,0.47375128486661067
C#CC1(O)CCC2C3CCC4=CC(=O)CCC4(O)C3CCC21C,-4.57,-557.614061265817,0.22010770193082863,0.3589975919421704,0.1818331243222197,0.04724768487738997,3.0,3.5524937268686774,759.8101207570431,3476.197554419718,3700.2124394399048,0.4275993953716325
CC(C)OC(=O)C(O)(c1ccc(Br)cc1)c1ccc(Br)cc1,-4.93,-4319.505290363297,0.28771452978253365,0.016466660308651626,0.009504964536583135,0.045133596016514885,3.0,4.313984509964766,2721.1345560705668,5553.480248895539,7660.407479495266,0.4599102706275209
Nc1cnn(-c2ccccc2)c(=O)c1Cl,-2.878,-1284.9042239974463,0.2707297769447905,9.537096048006788e-06,5.304285213110239e-06,0.04693141621009681,3.0,2.977784645297098,374.95016044932,1590.748458161671,1965.0253528292703,0.49982868776177597
CCC(C)(C)O,0.15,-412.96151893357677,0.037033856890957395,0.006470149096458044,0.003735497888570655,0.0434224692199367,3.0,1.6915474993432584,110.69777482072064,194.5174969388986,199.23772600920074,0.23404247309570142
Cc1ccc(O)cc1,-0.73,-590.1924653485088,0.03644867235925631,4.267167241778225e-08,2.2466961970019834e-08,0.0452626133319104,3.0,2.002419501128894,90.75031752485319,344.41928544158526,432.0448219502205,0.4963837305084393
CCOC=O,0.15,-664.3545644156216,0.05809521443461563,0.004434498786395125,0.0025602376916147073,0.030631002073715264,3.0,1.6395109464812163,28.084507231486032,174.18018522147185,195.98344019523242,0.48397504336989844
CN(C)c1ccccc1,-1.92,-498.5978951486918,0.07803213476472592,3.8717189454473555e-08,1.973639433847728e-08,0.04088917277756971,3.0,2.127385923945599,143.12922635457105,409.58948514185596,544.1742710370263,0.4921491690115173
C1CCC2CCCCC2C1,-5.19,-381.1485416399172,0.029475325465682545,0.3735065152486641,0.1887899608950581,0.03506729578204171,3.0,2.111377103608555,226.12553463184958,450.37865110187295,556.1444977346047,0.39179099272745316
CCCCS,-2.18,-1010.0975511890905,0.03504738797346363,0.058441819361178204,0.029233246041916364,0.04188145074743623,3.0,2.120053528783228,31.213193043838785,381.5828568540861,397.89082650827964,0.48126970716891154
c1ccc2c(c1)c1cccc3ccc4cccc2c4c31,-7.8,-654.736781374343,0.28710398761541,2.964952727779746e-09,1.617900838202609e-09,0.03830014361808081,3.0,3.0013920684101056,973.4222462470385,1299.5296895026945,2272.951935749209,0.49999999999966477
ClC(Cl)=C(Cl)Cl,-2.54,-8695.345869466726,0.04160705484537175,4.6733475755900145e-08,2.3478421659884438e-08,0.04558229904595604,3.0,2.002228257532244,295.93584439297365,368.83095541820336,664.7667998090315,0.4999999999976341
CCC(=O)CC,-0.28,-462.5294056931925,0.05378138961896184,0.05560337978658936,0.032102591262151765,0.0228498304932231,3.0,1.8890911569776392,56.09668221272665,257.4144639714789,301.2557048346577,0.4796594036995358
C=CC#N,0.15,-664.5478772859261,0.017632650227824342,3.86417013942264e-08,1.933008113070119e-08,0.048056477071667894,3.0,1.4465265680431836,10.028911216341804,101.00427782574923,111.03318904205983,0.49999999999535627
CC1CC2C3CC(F)C4=CC(=O)C=CC4(C)C3(F)C(O)CC2(C)C1(O)C(=O)CO,-5.613,-683.6145995776174,0.4761557173987967,0.533316788605589,0.26911806363141605,0.043027028316028816,3.0,3.73083319179235,1451.130064979065,4938.119256430814,5037.17056766681,0.36578985805814423
CCCCC(C)=O,-0.8,-445.83885900263857,0.04970098886042251,0.06613788780487084,0.033472713809657224,0.041035533862391775,3.0,2.322233672948141,66.54145554834597,481.2906339994805,532.4582284996477,0.4855633172460588
CCNc1nc(NC(C)(C)C)nc(OC)n1,-3.239,-576.9222662042869,0.3203868249511288,0.004228867164783878,0.00238257792692873,0.045621015096573986,3.0,3.0617482945392935,778.1800507389271,1422.9623166292386,2022.8433983837726,0.4559286277109331
CCCCC(C)CC,-5.16,-330.62851927587354,0.033262249095059815,0.009271261249523377,0.004666060766985917,0.023375225930147587,3.0,2.6445186083196064,92.15978824741822,728.3504968367092,777.2478257213313,0.47216945616824957
BrCCBr,-1.68,-17779.23523455423,0.010152062168344855,0.08002065250184387,0.046199726084535674,0.031057288315786576,3.0,2.1593687192672544,17.596989695428995,861.5400880933807,872.8163171118061,0.49637910030204746
CNC(=O)Oc1ccccc1C(C)C,-2.863,-594.7740383917957,0.11320809188691783,0.0017898222104122397,0.0010329384281961213,0.040451569848672236,3.0,2.703232201719902,517.0138032399959,994.2964526428123,1312.966250427065,0.4244672110223407
O=C1NCCN1c1ncc([N+](=O)[O-])s1,-3.22,-1463.3990287792897,0.2823353828207473,0.3818643854028778,0.2204694571106706,0.037832677095163615,3.0,2.835436255228566,268.14705199764757,1458.2654754388159,1717.7783408638538,0.4974868158573758
c1ccc2c(c1)Cc1c-2ccc2ccccc12,-6.68,-615.094816059401,0.16572095139781595,4.548564902506769e-08,2.475751389759438e-08,0.0414506033261211,3.0,3.1013422134730715,350.1343712201032,1731.6995632706364,2078.725799454714,0.4992523941739119
COc1ccccc1Cl,-2.46,-1371.9142102268852,0.048583235242404044,1.0598887456580997e-07,5.336847853722054e-08,0.04523195000936418,3.0,2.1289508678842046,318.14429504641,329.6951306554921,644.646955504447,0.4975238615716784
COP(=S)(OC)Oc1cc(Cl)c(Br)cc1Cl,-6.09,-5408.44536173929,0.2147012056375388,0.1040280331944814,0.0534490267373064,0.04847100827075228,3.0,3.4164915509603304,990.7734780430276,3452.2897408206222,4100.835169260281,0.45827337170613247
O=C(CC(Cl)Cl)NC1=C(Cl)C(=O)c2ccccc2C1=O,-5.03,-2101.0939071685575,0.1911716398826684,0.09308394064282766,0.05374194322067442,0.04844284567926935,3.0,3.8345278585443237,788.9407027075132,4173.531921470121,4817.217807636337,0.4849233704658312
C=CC(=O)OC,-0.22,-695.4189681527861,0.06421622062043753,0.02230642005633854,0.012878614124938868,0.048219457913727885,3.0,1.751715770551717,48.912237266203675,216.8343498326989,262.5891445839717,0.4939878654905531
CN(C)C(=O)Nc1ccc(Oc2ccc(Cl)cc2)cc1,-4.89,-1011.8305493059748,0.11809000555513194,0.003965064068324864,0.002289207631871742,0.04753384027028272,3.0,4.403041610757013,636.7754036075659,5175.5929065224855,5460.925279469956,0.4678220253276252
c1ccc(N=Nc2ccccc2)cc1,-4.45,-649.8432255790618,0.12526463536232768,2.910601324401796e-06,1.462256043672453e-06,0.04900986557689076,3.0,3.2070452172657786,187.15658586290044,1741.1523761063818,1820.1305261840616,0.47028278075942187
Cc1ccc(C(C)C)cc1,-3.77,-441.9267357954666,0.03998769766803889,1.5603109204676002e-07,7.805242744196549e-08,0.04891665529983095,3.0,2.422804553500679,153.11259909119477,690.6889563902491,731.9598668803886,0.42360121526978556
Oc1c(Cl)cccc1Cl,-1.79,-2568.3722103247665,0.06080991157068638,1.4668330550193787e-08,7.559399574115641e-09,0.038218489304689435,3.0,2.2591096961795163,239.62447308387328,592.2432051458904,831.8676782258924,0.4999999999970721
OCC1OC(OC2(CO)OC(CO)C(O)C2O)C(O)C(O)C1O,0.79,-785.4052049854964,0.4833402055010083,0.13057027211470995,0.06528526305640861,0.04760518950971938,3.0,3.3588434627140247,1137.5522449445216,3136.270955136298,3449.6495209863956,0.3805424037889622
OC1C(O)C(O)C(O)C(O)C1O,0.35,-779.6990110894955,0.22789802416446037,0.14892732496809913,0.07871993628652849,0.04191166566848126,3.0,2.1707957531819315,493.3911547460261,503.55117768131134,700.9754348154721,0.2888892513827145
Cn1c(=O)c2c(ncn2CC(O)CO)n(C)c1=O,-0.17,-773.8869230121182,0.248024350436026,0.19438207322309609,0.10773357199624083,0.03874635093386459,3.0,3.041155507786953,621.8884234340405,1798.924355294785,2282.0399715196695,0.4695945713173282
O=C(NC(CO)C(O)c1ccc([N+](=O)[O-])cc1)C(Cl)Cl,-2.111,-1558.7870478686657,0.30411686747538624,0.10139747573703062,0.057754677196641256,0.049882251842160684,3.0,3.645720708722432,1305.744854948059,3232.622105929519,4051.148989513802,0.4398666930510584
CCC(O)(CC)CC,-0.85,-398.92550078753357,0.06520784999520401,0.12762641327935853,0.07115810793740582,0.04034535062906508,3.0,2.0089879750773654,209.27328478511524,320.43026466705106,408.30273457217294,0.35133480062544525
CC12CCC3C(CCC4CC5SC5CC43C)C1CCC2O,-5.41,-648.8814523704797,0.3426784395633149,0.2739591317513259,0.1442929693852246,0.045089287481681964,3.0,3.504508280794489,662.0048762550641,3298.680256973824,3568.1188638900794,0.4449897432912717
Brc1ccccc1Br,-3.5,-12198.697179338431,0.0340254824841395,1.955777406692505e-08,1.0584215275047006e-08,0.04320016055403614,3.0,2.106457634733111,498.8141005427248,547.9394550579759,1046.7535555999125,0.4999999999991458
Oc1c(Cl)cc(Cl)cc1Cl,-2.34,-3530.5339146878987,0.055314647768682335,8.076312951743603e-09,4.127216008233975e-09,0.03968175736216097,3.0,2.56816406494557,591.8880053320821,710.314337436216,1302.2023427673491,0.4999999999992517
CCCN(CCC)c1c([N+](=O)[O-])cc(S(N)(=O)=O)cc1[N+](=O)[O-],-5.16,-1020.2788363983326,0.4740532039140817,0.037359426176408306,0.018766387272556723,0.0456923013312716,3.0,3.368533227429053,1659.1711201916569,3010.7697002138843,3190.318787296296,0.26810749461753325
O=C1c2ccccc2Cc2ccccc2N1CCF,-4.799,-699.7141748768009,0.24596088699399843,0.2383129754307447,0.12402935770311134,0.044800429382545186,3.0,2.9157234051753234,972.2596060301069,1421.2680723268168,1947.1799367737349,0.3853861080955084
CC(C)C(=O)C(C)C,-1.3,-433.7022027637638,0.05597465629398357,0.07884109382939641,0.045518770069544676,0.0429038556247173,3.0,2.0604350388569816,165.39644140282465,396.0994591223416,408.0498683250912,0.31197637334066075
CC(C)=CCC1(C(C)C)C(=O)NC(=O)NC1=O,-2.593,-625.0144899459949,0.3404152588627767,0.0024460729691782035,0.0014104280119190957,0.04261840505764375,3.0,2.779357231682553,881.8966941572521,1186.3073808555316,1613.247447209553,0.35899353859481054
COC1=CC2OC3C=CC(O)=CC3C(=O)C2C(O)=C1,-2.943,-757.458470730278,0.25319371833393234,0.1456580703597865,0.08153445406406493,0.049308591570057216,3.0,3.082081075736434,637.9158038184078,2028.438336678102,2316.1977031890897,0.4244113667788049
Cn1c(=O)c2c(ncn2C)n(C)c1=O,-0.8759999999999999,-771.9509205407636,0.1489819001944852,4.415487637743354e-07,2.4295691331458425e-07,0.04171289069505731,3.0,2.463527661173824,473.4613827340371,709.7764547706923,1173.8767147867757,0.49601273174557936
CC(=O)SC1CC2=CC(=O)CCC2(C)C2CCC3(C)C(CCC34CCC(=O)O4)C12,-4.173,-728.8626726477745,0.43010783744830405,0.2476603845207137,0.13458385973707793,0.04991724259422888,3.0,3.8158481984149084,2068.159157908715,4507.439669384338,5555.675394020363,0.40820887102482056
Cc1ccc(O)cc1C,-1.38,-553.3504323402134,0.04729014719669067,0.001289867379455245,0.0007447019465041378,0.045383469988931176,3.0,2.1235472602759877,168.12736331601027,385.8740130405951,547.811304790907,0.49435017905567885
c1ccc(Oc2ccccc2)cc1,-3.96,-637.5595725150067,0.05483985236787703,9.776322258403525e-07,5.024149359584576e-07,0.044334972874204896,3.0,2.7358881874163985,217.81925888575023,1144.5755048377112,1185.6925609731463,0.42548565767919666
Clc1cc(Cl)c(-c2cc(Cl)c(Cl)cc2Cl)cc1Cl,-8.56,-3984.756221515933,0.09138390753651038,2.9282819014042616e-07,1.6246761865371347e-07,0.04742610621546181,3.0,3.715337909232371,1174.8105027714917,4349.417376305928,4438.314737791033,0.37766605057986424
NC(=O)c1cccnc1,0.61,-756.99301620372,0.06577786589878087,0.02791158032414387,0.016114757976246532,0.04818306845710172,3.0,2.0885258987344293,128.5097650951195,408.440241565449,528.4713910515779,0.49197816972352715
Sc1ccccc1,-2.12,-1320.0925122672584,0.021311434615199687,3.275745257269591e-07,1.7052990646298422e-07,0.038967068231332815,3.0,1.9261091604346432,89.34506220337947,319.9700509759361,408.15316034221127,0.49857657253330195
CNC(=O)Oc1cc(C)cc(C)c1,-2.5810000000000004,-622.2310277151747,0.10387788728621672,0.00014361416469910182,8.281282080281364e-05,0.04887956004173938,3.0,2.8594821524798633,339.0249896997353,1177.3214776103491,1414.471368778522,0.4639882783133089
ClC1=C(Cl)C2(Cl)C3C(Cl)C(Cl)CC3C1(Cl)C2(Cl)Cl,-6.86,-4611.2683521219815,0.14944289450068027,0.23329651659878436,0.12392930419378215,0.04880222751472964,3.0,2.973741321743357,1808.0928824396206,2608.856936019733,2830.1428109035237,0.219659551906202
CSSC,-1.44,-2384.7744824972606,0.016015879897167906,3.9490259950980544e-08,2.022699629847149e-08,0.03278279102046758,3.0,1.521654763890464,62.25310494714383,178.4995965704351,195.428608554662,0.3840392578678988
NC(=O)c1ccccc1,-0.96,-682.3896160745671,0.03815539521019673,9.38598532229662e-09,5.024857399948145e-09,0.045706381329807734,3.0,2.1124863932116633,131.0748299934885,414.0942661535977,536.0204065926822,0.49146609957115034
Clc1ccccc1Br,-3.19,-7405.1988208665425,0.034186175937065855,6.752088665962219e-09,3.734416698890206e-09,0.027171902515516256,3.0,2.0644867439670547,303.2846487789754,512.7039764741345,815.9886252513625,0.49999999999831657
COC(=O)c1ccccc1OC1OC(COC2OCC(O)C(O)C2O)C(O)C(O)C1O,-0.742,-784.5796182260262,0.4982034879285493,0.44488067765632877,0.22380254986509818,0.04291927096056984,3.0,4.521703923516884,2157.429350966089,7579.820698547265,8516.970337425522,0.428361866735258
CCCCC(O)CC,-1.47,-398.921296836131,0.0496359757908067,0.09591641451515898,0.048746727541632444,0.04940296645515256,3.0,2.493646600664291,103.00889068372875,659.0590785487185,683.1085079111679,0.44220576935602174
CCN1c2ncccc2C(=O)Nc2c(C)cc(C)nc21,-4.553999999999999,-662.2281469469136,0.3420438156244927,0.0031532407920167316,0.0018184510589244348,0.04700895392581341,3.0,3.0379699520056835,975.1061318869424,1692.456523739889,2285.22819778704,0.4163465473139908
Oc1cc(Cl)cc(Cl)c1,-1.34,-2568.3740966861847,0.029766023515549023,4.515459295362234e-08,2.365208972368205e-08,0.03863752542507742,3.0,2.410011649162802,355.2515536174048,591.4604742175474,946.7120278348877,0.4999999999994379
Cc1cccc2c1ccc1ccccc12,-5.85,-583.7912042239232,0.22185967193217948,6.196751201059669e-08,3.324464641124094e-08,0.035859263869067834,3.0,2.7575312880750005,363.79201984005766,1099.7128643299818,1460.3922537756484,0.49893431700033275
CCCCC(CC)CO,-2.11,-394.2383533305195,0.04781779747827386,0.03292304915521527,0.01649973450457242,0.04839847687524183,3.0,2.351539122123667,291.0724615163762,479.54012092611976,669.6735788500316,0.42463566819625254
CC(C)N(C(=O)SCC(Cl)=CCl)C(C)C,-4.2860000000000005,-1565.008457645747,0.22825609746359987,0.043312629277352244,0.02500554636786777,0.04507162518523692,3.0,3.0598389770344676,824.3247705575512,2081.961108668391,2153.495734654623,0.32521670870810854
Cc1ccccc1,-2.21,-492.979674088512,0.02295567388409836,1.1891643225681037e-07,6.238610557767624e-08,0.04340091342055255,3.0,1.7669069387342122,90.22510996214126,198.99322197570697,286.1027247659204,0.49455509000226056
Clc1cccc(C(Cl)(Cl)Cl)n1,-3.76,-4133.104923275157,0.14409298945247428,6.035406840965152e-08,3.149778858614058e-08,0.028755891859714628,3.0,2.6225071132560296,485.30241391689816,1251.4785345489634,1439.227401855224,0.3966273341419598
C1=CCCCCC1,-3.18,-392.61248791767423,0.03627219219288236,3.4955792216351256e-07,1.7478814639245839e-07,0.03099860763594224,3.0,1.773494342496395,158.28197299775883,159.55577703931834,287.1446967086049,0.4465547271442162
CN(C)C(=S)SSC(=S)N(C)C,-3.9,-2198.0014104498664,0.5465513013332384,0.14285885007848265,0.0824795750008438,0.04827414078116855,3.0,2.553367314557474,699.192109771866,1166.777693202333,1268.9032033130334,0.26473122689627215
COC1=CC(=O)CC(C)C12Oc1c(Cl)c(OC)cc(OC)c1C2=O,-3.2460000000000004,-1042.2481729736855,0.3217838262207806,0.2275302355265012,0.11935430456258396,0.045880472897074205,3.0,3.4815271172665567,1421.1093770613722,3246.656564103933,3884.033592550125,0.3991084487375139
CCCCCCCCCCO,-3.63,-387.4357764337612,0.056042545726086246,0.03723301226636977,0.018630829407050558,0.037955674217397824,3.0,3.7687932472599166,117.67354011855832,2182.7478209250976,2196.076409231537,0.4762428685599368
CCC(C)(C)CC,-4.23,-327.21350195724995,0.035720827410841594,0.09821986674251093,0.05670699736280025,0.020438474999853476,3.0,1.8814104473686195,195.10729178901323,220.42622344962933,293.85881821621683,0.2929708256474963
CNC(=O)C(C)SCCSP(=O)(OC)OC,1.144,-1448.473557572017,0.513691994266992,0.1551107534687617,0.08124094381051074,0.04713012971453088,3.0,3.396828962426718,695.8537452032831,2820.2037511224958,3114.5978874423636,0.4355519358529528
Oc1cc(Cl)c(Cl)c(Cl)c1Cl,-3.15,-4492.683454211917,0.05769024131586775,1.4399120118469e-08,7.343566384496074e-09,0.03448320281449762,3.0,2.5928173980307903,585.4479753106649,973.4189009557675,1558.8668762658556,0.49999999999949424
CCCC=O,-0.01,-486.89684856036786,0.0387163711420726,0.06343737142105965,0.03229018619987936,0.03944614039684594,3.0,1.6068258025979012,58.51623289152338,141.2942240941512,172.53410631933497,0.4209537428596957
CC(=O)OCC(=O)C1(O)C(C)CC2C3CCC4=CC(=O)C=CC4(C)C3(F)C(O)CC21C,-4.9,-651.9502195088642,0.5181755390149192,0.5972923601366347,0.30441619609200493,0.046276782560027006,3.0,4.120755771251928,1318.2125096914187,6703.63386095156,6734.469008063958,0.4044187922582832
CCCC,-2.57,-308.1705787616451,0.008987581719338777,9.703671821625903e-08,5.36252496653166e-08,0.04977771470885934,3.0,1.513546173019989,37.80375393573743,105.10791624044238,123.39180775641108,0.42090292388314426
CC(=O)C1(O)CCC2C3CC(C)C4=CC(=O)C=CC4(C)C3(F)C(O)CC21C,-4.099,-610.9996283137779,0.3782440959548694,0.5823944670264609,0.2967372982556544,0.036796732445283795,3.0,3.5960886995110735,1180.7972641002407,4031.065488582193,4525.006048823489,0.424104333071734
ClC(Cl)C(Cl)(Cl)Cl,-2.6,-8089.178889219583,0.13219081895658746,9.284121915698051e-09,4.858054520164359e-09,0.018662577569264767,3.0,2.018583487343995,439.34613946934223,528.214931136408,680.89118513231,0.28948920786930604
CCOC(=O)c1ccccc1C(=O)OCC,-2.35,-695.8475036622664,0.16238946864905301,0.0034305628905713093,0.001980354932366532,0.0460908199996395,3.0,2.820831917031884,918.2667001591859,954.4020990728332,1664.0997659066952,0.4373327736716079
CC(C)CO,0.1,-424.17361991824987,0.03640908913439489,0.006900371795381943,0.003488365806860359,0.046232034008001535,3.0,1.64212701341626,66.47745522649824,143.99175998420972,189.28815071915494,0.44405073848529686
CC(C)Cc1ccccc1,-4.12,-441.9250016586346,0.0355675410683034,2.148644853150472e-06,1.135065905758838e-06,0.04251997198754374,3.0,2.443729231592125,162.30775740874557,691.7555094370405,749.0339832962119,0.4298901746164838
ICI,-2.34,-3455.3114948313682,0.08684437000192702,4.267349140718579e-09,2.4491866566040947e-09,0.03406785999934318,3.0,1.7610142463535572,22.519354214948166,809.689243624966,829.0015961349218,0.49806574455288105
CCCC(O)CCC,-1.4,-398.9222530780457,0.05383083946617262,0.18325896964051935,0.09518614392549604,0.0489075348987306,3.0,2.570406983039839,90.98475499443478,695.6810059317029,748.8520493964263,0.4747522146990593
CCCCCOC(C)=O,-1.89,-503.9179631674641,0.068417363016124,0.025535932554703322,0.014546479336588845,0.03892015613036752,3.0,2.9575784544210735,76.89299586977391,1071.1791011584387,1129.489663723739,0.4917739692968089
Oc1c(Cl)c(Cl)cc(Cl)c1Cl,-3.37,-4492.685867331111,0.06621391687076539,1.252919901162386e-08,6.395119740088953e-09,0.04646515125094168,3.0,2.6595644755332635,555.5218975906117,1084.6380839971328,1640.159981587365,0.49999999999957956
CCCc1ccccc1,-3.37,-454.07892679625695,0.030759855024371063,0.0015595183249388356,0.0009001748358806053,0.04223627463954587,3.0,2.376455616564396,114.15796599969632,587.0904787530565,656.3640077533832,0.4658082737093305
FC(F)(Cl)C(F)(F)Cl,-2.74,-4749.780614606429,0.1274513034222764,0.01930659293429926,0.011146653729291618,0.04627113046096671,3.0,1.8396776966519781,228.02878389938684,440.10718173415677,488.7624283429017,0.3165023261920702
CC=CC=O,0.32,-572.3979750804172,0.037784209818710224,0.15038154720878083,0.07810568162696142,0.0496188392616704,3.0,1.8652456251562288,15.474048553009363,229.92269546269372,242.31623359339392,0.49364361525099976
CN(C)C(=O)N(C)C,0.94,-520.7504481883799,0.07125597006051976,6.20580067334231e-06,3.2358323469072763e-06,0.04878433409616837,3.0,1.9406447530192594,158.13519933613213,310.45147808287993,406.38428137753624,0.4234685014987872
Cc1cc(C)c(C)cc1C,-4.59,-441.9333659592217,0.0655278760004876,1.1318297765683383e-07,5.837101830539252e-08,0.03811201814843369,3.0,2.288298757188934,230.26959985328878,478.7550650525186,696.6316594447962,0.4911050515046428
C#CC1(OC(C)=O)CCC2C3CCC4=CC(=O)CCC4C3CCC21C,-4.8,-555.3151986619124,0.24819242529338226,0.26999928807344986,0.13570812032137733,0.046830670957713726,3.0,3.893921627472317,928.8264001974748,4599.922632664252,4795.876994291472,0.42359353258606935
CCOP(=S)(OCC)N1C(=O)c2ccccc2C1=O,-3.35,-1287.7773556369082,0.578801115618262,0.11336774089431856,0.05865693629513551,0.03952196174098768,3.0,3.0978653734299164,1099.3375582975668,1979.554466260938,2665.365175402509,0.4224258550060796
O=C(Nc1ccccc1)c1ccccc1O,-3.59,-713.2760641536478,0.1450523539169808,0.21504936826386256,0.12415867399152702,0.04912458789215785,3.0,3.2550517954339484,330.4001197967404,1952.3082837375819,2235.916900767819,0.48953639494575707
C=C(Cl)CSC(=S)N(CC)CC,-3.39,-1700.7526197909056,0.4320427228376502,0.11534462648705812,0.06659332967826231,0.040423054277482204,3.0,2.6566031589537458,512.7783336899737,1257.385298145329,1388.4667793562337,0.36254735865673043
CCCl,-1.06,-1835.206555184196,0.012460396505048266,1.2398231774568558e-08,6.5339075454400265e-09,0.042069075757196824,3.0,1.276018384538688,15.99173192578677,92.18496494958906,101.90313685546187,0.46921802304402693
CC(=O)Nc1cc(NS(=O)(=O)C(F)(F)F)c(C)cc1C,-3.24,-1204.4661413880956,0.5579389229023946,0.013138672213244718,0.007585527594132626,0.048306513725645366,3.0,3.1916168759430765,1083.8617865717345,2350.7326435529185,2886.9176685399752,0.40514506742714473
O=C(C=CC=Cc1ccc2c(c1)OCO2)N1CCCCC1,-3.46,-639.6607845556122,0.3012093060424377,0.11735998667427339,0.06678619911398345,0.049701312477215515,3.0,4.399028130372667,629.2032547980085,5054.185898073105,5360.211581125988,0.46985402844133833
C/C=C\CC,-2.54,-356.7624006842032,0.019394406045648793,0.15342840730045282,0.08858186376714064,0.034245441140644116,3.0,1.7789528479197556,48.56026619111148,188.01805886107636,207.33038963834807,0.42946539225215213
CNC(=O)ON=C(CSC)C(C)(C)C,-1.62,-860.8921853153829,0.1821852399589261,0.13393089939563652,0.07475314647074237,0.04140913616264032,3.0,2.9758276138750928,716.6018810088003,1301.2675819908827,1848.72932804311,0.45425503009233986
O=C1NC(=O)C2(CCCCCCC2)C(=O)N1,-2.982,-650.1638335080838,0.36070440230105305,1.8029844829616195,1.0054148507416125,0.04395417525492808,3.0,2.7197271519805115,519.6085696168429,1347.9894353843551,1450.066661191607,0.35603029330141533
CNC(=O)Oc1cc(C(C)(C)C)cc(C(C)(C)C)c1,-4.24,-513.6590207181491,0.18998208795164828,0.004898306589893764,0.0028270615915725827,0.044183256029416126,3.0,3.390872905990585,1250.6413058166975,1939.1738565375908,2866.9043561425433,0.4436830172724854
O=C1CC(c2ccc(O)c(O)c2)Oc2cc(O)cc(O)c21,-3.62,-850.0776804508364,0.20194044397067046,0.17987570149853127,0.10169813424399074,0.029131721852864643,3.0,3.7588274526410705,726.9929169301859,3471.995220489844,3946.3970219149405,0.4679972498834571
O=C(c1ccccc1)c1ccccc1,-3.12,-654.2470113910834,0.07113473034223716,2.0310799300204962e-06,1.0575279358186426e-06,0.0454912561618761,3.0,2.830819837635783,297.87620558892706,1217.443041724884,1405.1676718168185,0.46080482859547534
CCCCCCCCCCCCCCCCCCCC,-8.172,-345.83602796344826,0.054497173041454516,0.06582678511767881,0.036525285548445655,0.04508535317029671,3.0,5.035133990122567,1175.9140673921786,6150.7240731674065,7000.405826407324,0.4766990427238816
c1ccc(NNc2ccccc2)cc1,-2.92,-601.1369806868345,0.15829925225807528,0.27980233183916425,0.16154381335303666,0.04739319258564766,3.0,3.224749276878244,197.3041164642905,1766.46857906951,1868.0953310206294,0.47439173394276224
CCC(CC)CO,-1.17,-404.9281949210083,0.05567063951457385,0.00772480257001007,0.0038889504204256973,0.04183268939198482,3.0,2.0538192412495277,220.49282650897842,227.72881030050783,413.7789856491851,0.4583803765346127
Oc1ccncc1,1.02,-734.1070225365198,0.03605068649085297,3.452259988989681e-08,1.831061200689887e-08,0.04974004932351331,3.0,1.6957744015970864,83.4424890325619,190.0347797060223,273.47726873855163,0.4999999999981122
Cl/C=C\Cl,-1.3,-4526.026903074146,0.023396301992761437,1.590524334460497e-08,8.894938158996419e-09,0.02127327464771757,3.0,1.5979477154227986,43.530892626238554,203.99417370495323,247.5250663306947,0.4999999999969759
CC1CCCC1,-3.3,-356.8094256472551,0.039525506652353215,0.03305689171884296,0.019085305765642994,0.04797900125725521,3.0,1.686676122842882,80.59022978023336,170.9637772983925,227.3069585424992,0.4466645264788791
CC(C)CC(C)O,-0.8,-404.93831654309577,0.043758532921856386,0.08838835231108533,0.051031016893987896,0.048697202488171686,3.0,2.049854631905886,115.54743126940475,359.11080295718,384.0176582306312,0.38198384364101157
Cc1ccc2c(c1)C(=O)N(C)c1cc(N)ccc1O2,-3.928,-693.133691204791,0.25965016431655386,0.01603619771049125,0.008860548136376312,0.048446044261816174,3.0,3.122782552085763,722.8283533563227,1912.6246391042882,2324.083131847395,0.4330123229355879
CC(C)(C)CO,-0.4,-412.95366336071186,0.0387066920648067,3.962641130783595e-07,2.0304801661050978e-07,0.043583140563580196,3.0,1.6904686756165006,114.31083796723938,194.44573902869385,195.05317271738534,0.20853228713251676
CC(C)(C)C(=O)C(Oc1ccc(Cl)cc1)n1cncn1,-3.61,-996.7437599298751,0.21666672142600873,0.132827249901311,0.0766853591771423,0.046158888666231364,3.0,3.469110103288006,916.9430095043416,2862.830966899223,3290.6509769280146,0.42567990301830466
Cc1cc(C(=O)NNCc2ccccc2)no1,-2.461,-707.7603486042761,0.2123678831885627,0.3686444098566426,0.18727748824062027,0.04160982022888545,3.0,3.917961856460098,231.20164718303297,3347.3965448766394,3521.1269249541842,0.4918390804518898
C=CC,-1.08,-356.71506030948865,0.012570128550578374,3.807099346886389e-08,2.0380503872944826e-08,0.035910030105675506,3.0,1.223696706178554,10.722941756698464,53.84402087279076,61.4600464301905,0.4747240981685788
Oc1ccc(Cl)cc1Cc1cc(Cl)ccc1O,-3.953,-1585.1721402357705,0.10507839368801797,0.07698884735873435,0.04444930401434084,0.04536269131801467,3.0,3.3782762610264383,997.6444034451525,2169.4664364895534,2975.7108124336273,0.46783961218572157
CCOC(=O)Nc1cccc(OC(=O)Nc2ccccc2)c1,-4.632,-737.9385123487828,0.14948975231163786,0.003198178681486752,0.0018462948618717919,0.04656099985706443,3.0,4.483584287156057,847.3162828833272,5322.568720662359,5904.25622009562,0.47750531366280036
O=C1c2ccccc2C(=O)c2ccccc21,-5.19,-781.4895694149828,0.08435537398327142,9.650830179452896e-08,4.9447108906547316e-08,0.025819406290714306,3.0,2.7593330745513,452.70855574226016,1132.6312061586702,1585.3397619002121,0.4999999999994581
CCCCCCC(C)O,-2.09,-394.24449862122884,0.047175825397062,0.04008484032419801,0.02028270277005457,0.045991414419808106,3.0,2.9986308205013525,112.3812348009365,1111.5395625791998,1118.0979755121425,0.4526773036949525
CC1=C(C(=O)Nc2ccccc2)S(=O)(=O)CCO1,-2.281,-1070.5163128705267,0.1985636469180463,0.03903877818083856,0.022539001251155082,0.04558386411011105,3.0,3.2139323310614496,589.0681146744241,2273.6332303641316,2659.3544021514404,0.4617676112060263
CCCCc1ccccc1,-4.06,-441.9224794349593,0.03210983773351472,0.00013497982763510663,7.77162670368251e-05,0.04263923448823103,3.0,2.498769105303638,192.89136625924655,729.6784089908324,753.553499990545,0.38785383170376736
O=C1NC(=O)C(=O)N1,-0.4,-1227.391716915208,0.17565801174896478,1.3787443094770424e-05,7.958973384827728e-06,0.04676216683499706,3.0,1.8286542998489324,130.04456728827165,251.36939783032318,381.41396509237313,0.49999999996431477
COP(=S)(OC)Oc1ccc(Sc2ccc(OP(=S)(OC)OC)cc2)cc1,-6.237,-1708.8788813671074,0.4176466386852553,0.05254007507755887,0.02957447504132266,0.048036826946855606,3.0,5.376780587705061,1485.8522940173752,12496.168539227909,12988.338156390262,0.4617471201900047
NS(=O)(=O)c1cc(C2(O)NC(=O)c3ccccc32)ccc1Cl,-3.451,-1492.2747448141424,0.5249225628285785,0.0033057219043257646,0.0016531260379834248,0.04884969627334576,3.0,3.4468813867042303,1203.3485322892825,3271.328835075372,3574.9793781168723,0.3741673875441418
CC(=O)OCC(C)C,-1.21,-525.9842152313747,0.06679291190994263,0.022255188905546675,0.012379643752156961,0.04553044604419051,3.0,2.275823067330516,113.15298769381532,508.81784330344067,581.3005546456908,0.46501785863830436
CC(C)C(C)(C)C,-4.36,-327.21372898746495,0.038788737108916393,6.902628228999674e-07,3.4559754699838134e-07,0.03332324825123916,3.0,1.8387866184600516,166.68585730095543,231.87011639354805,279.05753780462,0.2858892527495151
Clc1ccc(-c2c(Cl)cc(Cl)c(Cl)c2Cl)c(Cl)c1Cl,-7.66,-4553.297129672759,0.13184550487494562,1.3505778042599559e-06,6.752901499095771e-07,0.041548151593579906,3.0,3.611224404578888,1246.3337122039313,4368.03317110263,4695.958116192627,0.4022128451329371
N#Cc1ccccc1C#N,-2.38,-810.5654090500273,0.04783934390252398,1.6375997802242637e-06,9.371729521754775e-07,0.03715796698204895,3.0,2.2077397272583763,254.8781727521921,369.6616406424268,624.5398133944811,0.4999999999990891
Cc1cccc([N+](=O)[O-])c1,-2.44,-762.5503267221777,0.10605434658646118,1.7693964764475822e-06,9.161272273662542e-07,0.03348679887459896,3.0,2.254073525597603,187.6160685933675,510.72067867935084,695.2177703371128,0.4977568345706349
FC(F)(F)C(Cl)Br,-1.71,-11602.301882441694,0.06974041427019984,9.441282600164413e-08,4.80896744264165e-08,0.031694185615384014,3.0,1.8355072834507131,272.32828621255686,439.9365093999181,617.7106570120968,0.4234640543044951
CNC(=O)ON=C(SC)C(=O)N(C)C,0.106,-1071.4920618650112,0.43179194939511945,0.11013492126585334,0.06312912773334305,0.047496857051213905,3.0,2.9671952396879013,572.4350606165855,1439.7285185369024,1848.6574657051788,0.4557770662000788
CCSCCSP(=S)(OC)OC,-3.091,-1939.7056992599782,0.3178050927599543,0.1484729524308932,0.07713954534094426,0.04236397255616781,3.0,2.714067980580115,539.0825390797656,1503.2399598798672,1586.8067038379595,0.3564677745497783
CCC(C)C,-3.18,-316.7604150684532,0.016378660974623926,0.028834698197897524,0.016647711715205408,0.02178960798746436,3.0,1.6930013164993585,68.62351807084003,149.36955365447864,195.61303472317007,0.44279512856925357
COP(=O)(OC)OC(=CCl)c1cc(Cl)c(Cl)cc1Cl,-4.522,-2789.574297783023,0.3606284452980617,0.19164804508909583,0.10032524260028193,0.042332803262932,3.0,3.260152915457931,1554.279679463928,3064.8081387325365,3160.019804781341,0.2691362549044811
