dataset,model,split,seed,smiles,y_true,y_pred
esol,baseline,random,0,NC(=O)c1cccnc1,0.61,-0.35088361632203147
esol,baseline,random,0,Cc1ccc2c(ccc3ccccc32)c1,-5.84,-6.014031188167224
esol,baseline,random,0,OC(Cn1cncn1)(c1ccc(F)cc1)c1ccccc1F,-3.37,-3.87420243689615
esol,baseline,random,0,CCC[N+](=O)[O-],-0.8,-0.5327254132552542
esol,baseline,random,0,COc1ccccc1[N+](=O)[O-],-1.96,-2.2051284039711767
esol,baseline,random,0,Oc1ccccc1Cl,-1.06,-1.010558380903483
esol,baseline,random,0,COP(=O)(OC)C(O)C(Cl)(Cl)Cl,-0.22,-1.1016657895911077
esol,baseline,random,0,Cc1ccc(O)cc1C,-1.38,-1.2220033851170946
esol,baseline,random,0,Clc1ccc(-c2ccc(Cl)cc2)cc1,-6.56,-5.580295252947505
esol,baseline,random,0,O=C1NC(=O)C2C3C(C(O)(c4ccccc4)c4ccccn4)=CC(C3=C(c3ccccc3)c3ccccn3)C12,-3.931,-5.358479607754009
esol,baseline,random,0,CC(C)N(C(=O)SCC(Cl)=C(Cl)Cl)C(C)C,-4.88,-4.6509479236715014
esol,baseline,random,0,CCOP(=S)(OCC)SCSCC,-4.11,-3.6144129700610206
esol,baseline,random,0,CC12CCC(=O)C=C1CCC1C3CCC(O)(C(=O)CO)C3(C)CC(O)C12F,-3.43,-3.6378268911387193
esol,baseline,random,0,ClC1=C(Cl)C2(Cl)C3C4C=CC(C4)C3C1(Cl)C2(Cl)Cl,-6.307,-6.73665147316623
esol,baseline,random,0,CCC(C)CO,-0.47,-0.3118339146359709
esol,baseline,random,0,CNC(=O)C(C)SCCSP(=O)(OC)OC,1.144,-1.9431832152649717
esol,baseline,random,0,O=CNC(N1C=CN(C(NC=O)C(Cl)(Cl)Cl)C=C1)C(Cl)(Cl)Cl,-4.19,-4.03562882187947
esol,baseline,random,0,O=c1c(O)c(-c2ccc(O)cc2O)oc2cc(O)cc(O)c12,-3.083,-3.6377768867418263
esol,baseline,random,0,O=C1C2(Cl)C3(Cl)C4(Cl)C(Cl)(Cl)C5(Cl)C3(Cl)C1(Cl)C5(Cl)C24Cl,-5.259,-6.631616676981885
esol,baseline,random,0,CCCCCCCC(C)O,-2.74,-2.4878143811632376
esol,baseline,random,0,CC(C)CO,0.1,0.11220498547955711
esol,baseline,random,0,CC(C)(C)c1ccccc1,-3.66,-3.9717533416941104
esol,baseline,random,0,N#Cc1cc(I)c(O)c(I)c1,-3.61,-3.4870580418456147
esol,baseline,random,0,Oc1ccccc1,0.0,-0.13180857364078374
esol,baseline,random,0,CCc1ccc(CC)cc1,-3.75,-3.6287132840910674
esol,baseline,random,0,Cc1occc1C(=O)Nc1ccccc1,-3.3,-3.071266619488587
esol,baseline,random,0,CC(=O)OCC(=O)C1(O)CCC2C3CCC4=CC(=O)C=CC4(C)C3C(O)CC21C,-4.37,-4.575740744972756
esol,baseline,random,0,Cc1ccc(O)c(C)c1,-1.19,-1.3230072995253124
esol,baseline,random,0,CCNc1ccccc1,-1.7,-1.7554260980424294
esol,baseline,random,0,CCOP(=S)(OCC)N1C(=O)c2ccccc2C1=O,-3.35,-3.877899148111625
esol,baseline,random,0,CC(=O)OCC(COC(C)=O)OC(C)=O,-0.6,-0.9102395000222775
esol,baseline,random,0,CNC(=O)Oc1cc(C)cc(C)c1,-2.5810000000000004,-2.183659796185107
esol,baseline,random,0,Clc1cc(Cl)c(Cl)cc1Cl,-5.56,-4.865165308825798
esol,baseline,random,0,CCOP(=S)(OCC)Oc1ccc(S(C)=O)cc1,-2.3,-4.070662506593779
esol,baseline,random,0,CCC1(C2=CCCCC2)C(=O)NC(=O)NC1=O,-2.17,-2.581626706239142
esol,baseline,random,0,CCNc1nc(Cl)nc(NC(C)(C)C#N)n1,-3.15,-3.7051648697756177
esol,baseline,random,0,CCC,-1.94,-1.5857808222440197
esol,baseline,random,0,COc1ccc2ccc(=O)oc2c1CC=C(C)C,-4.314,-3.9854677955729687
esol,baseline,random,0,C=CC(C)(O)CCC=C(C)C,-1.99,-2.163334724889662
esol,baseline,random,0,CCCCCCCCO,-2.39,-2.1807740166011857
esol,baseline,random,0,c1cc2c3c(c4ccc5ccccc5c4cc3c1)CC2,-7.85,-7.409720437245731
esol,baseline,random,0,CCOCC,-0.09,-0.4468020397434968
esol,baseline,random,0,CCS,-0.6,-0.7026969856496116
esol,baseline,random,0,CN(C(=O)NC(C)(C)c1ccccc1)c1ccccc1,-3.35,-4.38343718299826
esol,baseline,random,0,CCNc1nc(NC(C)(C)C)nc(SC)n1,-4.0,-3.414871795103647
esol,baseline,random,0,c1ccc2ocnc2c1,-1.16,-1.2665065160469409
esol,baseline,random,0,c1ccc2c(c1)[nH]c1ccccc12,-5.27,-3.84568564627748
esol,baseline,random,0,Cc1ccc(S(N)(=O)=O)cc1,-1.74,-1.6954314935537453
esol,baseline,random,0,Cc1ccc(C)c2ccccc12,-4.14,-4.466696250278896
esol,baseline,random,0,C=CCC1(c2ccccc2)C(=O)NC(=O)NC1=O,-2.369,-2.645449489138488
esol,baseline,random,0,Oc1ccc(Cl)c(Cl)c1Cl,-2.67,-2.5578345197138725
esol,baseline,random,0,CCCC(C)(C)C,-4.36,-4.031146260763534
esol,baseline,random,0,CC(C)N(C(=O)SCC(Cl)=CCl)C(C)C,-4.2860000000000005,-4.046361748801072
esol,baseline,random,0,C1CCCCC1,-3.1,-2.8362660634645342
esol,baseline,random,0,CO,1.57,0.9726167793163539
esol,baseline,random,0,C=C(C)C1CC=C(C)C(=O)C1,-2.06,-2.212156244965385
esol,baseline,random,0,CCOP(=S)(OCC)SCSP(=S)(OCC)OCC,-5.54,-5.0445596548428275
esol,baseline,random,0,CC(=O)C1(C)CCC2C3C=C(C)C4=CC(=O)CCC4(C)C3CCC21C,-5.27,-5.643138171655144
esol,baseline,random,0,Cc1cccc(O)c1,-0.68,-0.3689770565933757
esol,baseline,random,0,Oc1c(Cl)c(Cl)cc(Cl)c1Cl,-3.37,-3.127802261970078
esol,baseline,random,0,c1ccc2c(c1)ccc1c2ccc2c3ccccc3ccc21,-7.87,-8.841849973581763
esol,baseline,random,0,COc1ccccc1O,-1.96,-1.106753462038873
esol,baseline,random,0,O=[N+]([O-])c1cc([N+](=O)[O-])cc([N+](=O)[O-])c1,-2.89,-2.683728393510895
esol,baseline,random,0,O=C(C=CC=Cc1ccc2c(c1)OCO2)N1CCCCC1,-3.46,-4.082912726114684
esol,baseline,random,0,C1CCOC1,0.49,-0.2655072828530751
esol,baseline,random,0,Cn1c(=O)c2c(ncn2CC(O)CO)n(C)c1=O,-0.17,-1.091004681040256
esol,baseline,random,0,CCCCCC(=O)OCN1C(=O)NC(c2ccccc2)(c2ccccc2)C1=O,-5.886,-5.41423360159349
esol,baseline,random,0,Oc1ccc2c(c1)CCCC2,-1.99,-2.1647959217499864
esol,baseline,random,0,CNC(=O)Oc1cccc2c1OC(C)(C)C2,-2.8,-2.25775553816352
esol,baseline,random,0,Cc1cccc(C)c1C,-3.2,-3.3252073734358625
esol,baseline,random,0,Oc1ccc(O)cc1,-0.17,0.042647991299056914
esol,baseline,random,0,CC=C(C)C,-2.56,-2.335701535970181
esol,baseline,random,0,CCCCOC=O,-1.37,-1.0280674142067783
esol,baseline,random,0,CCCCC(CC)CO,-2.11,-1.8151848740771546
esol,baseline,random,0,Clc1ccc(-c2c(Cl)cccc2Cl)cc1,-6.14,-6.255227092351744
esol,baseline,random,0,CCCC(C)(C)CO,-1.52,-1.3081339488655976
esol,baseline,random,0,ClC1=C(Cl)C(Cl)(C2(Cl)C(Cl)=C(Cl)C(Cl)=C2Cl)C(Cl)=C1Cl,-7.278,-8.765010092336723
esol,baseline,random,0,CSc1nc(NC(C)C)nc(NC(C)C)n1,-4.1,-3.293225140675703
esol,baseline,random,0,Nc1ccc(S(N)(=O)=O)cc1,-1.34,-2.1870339907869747
esol,baseline,random,0,O=[N+]([O-])c1ccc(Cl)c(Cl)c1,-3.2,-3.2602126680239096
esol,baseline,random,0,CCSC(=O)N(CC(C)C)CC(C)C,-3.68,-2.923043959418931
esol,baseline,random,0,O=C1CCCCC1,-0.6,-0.795323349595996
esol,baseline,random,0,Nc1ccc(Cl)cc1,-1.66,-1.7163645657719773
esol,baseline,random,0,CCNc1nc(Cl)nc(NCC)n1,-4.55,-2.30838667265023
esol,baseline,random,0,CC12CCC3C(CCC4=CC(=O)CCC43C)C1CCC2=O,-3.69,-4.508597482469466
esol,baseline,random,0,CCCCCl,-2.03,-2.041440797565665
esol,baseline,random,0,C#CCCC,-1.64,-1.8260818100798328
esol,baseline,random,0,O=C1NC(=O)c2ccccc21,-2.61,-2.6709412710144615
esol,baseline,random,0,CCC(C)C(C)C,-4.28,-3.9850755908237985
esol,baseline,random,0,Nc1ccccc1Cl,-1.52,-1.6989936707188948
esol,baseline,random,0,CC(C)CCCO,-1.14,-1.0874211265757106
esol,baseline,random,0,CCCN(CCC)c1c([N+](=O)[O-])cc(C(C)C)cc1[N+](=O)[O-],-6.49,-5.183363693945643
esol,baseline,random,0,Cc1cc(C)c(O)c(C)c1,-2.05,-1.6896948827813278
esol,baseline,random,0,CCC(C=O)CC,-1.52,-0.8718896495926807
esol,baseline,random,0,CCc1ccccc1,-2.77,-2.7293153529442664
esol,baseline,random,0,Cn1cnc2c1c(=O)[nH]c(=O)n2C,-2.523,-1.6257582638307073
esol,baseline,random,0,COCC(=O)N(c1c(C)cccc1C)C(C)C(=O)OC,-1.601,-3.3149805426315098
esol,baseline,random,0,CCc1cccc2ccccc12,-4.17,-4.303468224551022
esol,baseline,random,0,CC1=CC(=O)CC(C)(C)C1,-1.06,-1.6676436589974
esol,baseline,random,0,CC12CCC3c4ccc(O)cc4CCC3C1CCC2O,-5.03,-4.447710232145954
esol,baseline,random,0,Oc1ccc(Br)cc1,-1.09,-1.4313986253306972
esol,baseline,random,0,ClC(Br)Br,-1.9,-1.9756810151342092
esol,baseline,random,0,Cc1c[nH]c(=O)nc1N,-1.4580000000000002,-1.4409198119766855
esol,baseline,random,0,CCC1(C)C(=O)NC(=O)NC1=O,-1.228,-1.6935068539114921
esol,baseline,random,0,c1ccc2c(c1)CCCC2,-4.37,-3.1634752648254185
esol,baseline,random,0,CCC(=O)Nc1ccc(Cl)c(Cl)c1,-3.0,-3.4792759460364766
esol,baseline,random,0,CC1=C(C(=O)Nc2ccccc2)S(=O)(=O)CCO1,-2.281,-2.2792121632883995
esol,baseline,random,0,CCNc1nc(NC(C)C)nc(OC)n1,-2.084,-2.292951192962835
esol,baseline,random,0,CCCCCCCCCCCCCCCCO,-7.0,-6.802322338946738
esol,baseline,random,0,CCCCCCCC(=O)OC,-3.17,-2.751084812582661
esol,baseline,random,0,CCOP(=S)(CC)Oc1cc(Cl)c(Cl)cc1Cl,-5.752000000000001,-5.948701847076321
esol,baseline,random,0,O=C1NC(=O)C2(CCCC2)C(=O)N1,-2.349,-2.1713021269122508
esol,baseline,random,0,c1ccc2c(c1)ccc1ccccc12,-5.26,-5.199659937821854
esol,gnn,random,0,NC(=O)c1cccnc1,0.6100000143051147,-0.3736591339111328
esol,gnn,random,0,Cc1ccc2c(ccc3ccccc32)c1,-5.840000152587891,-5.88438606262207
esol,gnn,random,0,OC(Cn1cncn1)(c1ccc(F)cc1)c1ccccc1F,-3.369999885559082,-3.28151273727417
esol,gnn,random,0,CCC[N+](=O)[O-],-0.800000011920929,-0.9553732872009277
esol,gnn,random,0,COc1ccccc1[N+](=O)[O-],-1.9600000381469727,-2.127744197845459
esol,gnn,random,0,Oc1ccccc1Cl,-1.059999942779541,-0.7746288776397705
esol,gnn,random,0,COP(=O)(OC)C(O)C(Cl)(Cl)Cl,-0.2199999988079071,-1.0378940105438232
esol,gnn,random,0,Cc1ccc(O)cc1C,-1.3799999952316284,-1.1001683473587036
esol,gnn,random,0,Clc1ccc(-c2ccc(Cl)cc2)cc1,-6.559999942779541,-5.739410400390625
esol,gnn,random,0,O=C1NC(=O)C2C3C(C(O)(c4ccccc4)c4ccccn4)=CC(C3=C(c3ccccc3)c3ccccn3)C12,-3.930999994277954,-6.869688510894775
esol,gnn,random,0,CC(C)N(C(=O)SCC(Cl)=C(Cl)Cl)C(C)C,-4.880000114440918,-4.106019020080566
esol,gnn,random,0,CCOP(=S)(OCC)SCSCC,-4.110000133514404,-4.299865245819092
esol,gnn,random,0,CC12CCC(=O)C=C1CCC1C3CCC(O)(C(=O)CO)C3(C)CC(O)C12F,-3.430000066757202,-3.714780569076538
esol,gnn,random,0,ClC1=C(Cl)C2(Cl)C3C4C=CC(C4)C3C1(Cl)C2(Cl)Cl,-6.307000160217285,-6.458209991455078
esol,gnn,random,0,CCC(C)CO,-0.4699999988079071,-0.7110047340393066
esol,gnn,random,0,CNC(=O)C(C)SCCSP(=O)(OC)OC,1.1440000534057617,-0.8900740146636963
esol,gnn,random,0,O=CNC(N1C=CN(C(NC=O)C(Cl)(Cl)Cl)C=C1)C(Cl)(Cl)Cl,-4.190000057220459,-3.7357468605041504
esol,gnn,random,0,O=c1c(O)c(-c2ccc(O)cc2O)oc2cc(O)cc(O)c12,-3.0829999446868896,-3.104145050048828
esol,gnn,random,0,O=C1C2(Cl)C3(Cl)C4(Cl)C(Cl)(Cl)C5(Cl)C3(Cl)C1(Cl)C5(Cl)C24Cl,-5.258999824523926,-6.946001052856445
esol,gnn,random,0,CCCCCCCC(C)O,-2.740000009536743,-2.559098243713379
esol,gnn,random,0,CC(C)CO,0.10000000149011612,-0.11748266220092773
esol,gnn,random,0,CC(C)(C)c1ccccc1,-3.6600000858306885,-4.030926704406738
esol,gnn,random,0,N#Cc1cc(I)c(O)c(I)c1,-3.609999895095825,-3.6186859607696533
esol,gnn,random,0,Oc1ccccc1,0.0,-0.0810084342956543
esol,gnn,random,0,CCc1ccc(CC)cc1,-3.75,-4.107996940612793
esol,gnn,random,0,Cc1occc1C(=O)Nc1ccccc1,-3.299999952316284,-2.89699125289917
esol,gnn,random,0,CC(=O)OCC(=O)C1(O)CCC2C3CCC4=CC(=O)C=CC4(C)C3C(O)CC21C,-4.369999885559082,-4.020666122436523
esol,gnn,random,0,Cc1ccc(O)c(C)c1,-1.190000057220459,-1.0923272371292114
esol,gnn,random,0,CCNc1ccccc1,-1.7000000476837158,-1.6584563255310059
esol,gnn,random,0,CCOP(=S)(OCC)N1C(=O)c2ccccc2C1=O,-3.3499999046325684,-4.82320499420166
esol,gnn,random,0,CC(=O)OCC(COC(C)=O)OC(C)=O,-0.6000000238418579,-0.856900691986084
esol,gnn,random,0,CNC(=O)Oc1cc(C)cc(C)c1,-2.5810000896453857,-2.4804673194885254
esol,gnn,random,0,Clc1cc(Cl)c(Cl)cc1Cl,-5.559999942779541,-5.222750663757324
esol,gnn,random,0,CCOP(=S)(OCC)Oc1ccc(S(C)=O)cc1,-2.299999952316284,-4.128296852111816
esol,gnn,random,0,CCC1(C2=CCCCC2)C(=O)NC(=O)NC1=O,-2.1700000762939453,-3.0694739818573
esol,gnn,random,0,CCNc1nc(Cl)nc(NC(C)(C)C#N)n1,-3.1500000953674316,-4.176126003265381
esol,gnn,random,0,CCC,-1.940000057220459,-2.1244544982910156
esol,gnn,random,0,COc1ccc2ccc(=O)oc2c1CC=C(C)C,-4.314000129699707,-4.030544281005859
esol,gnn,random,0,C=CC(C)(O)CCC=C(C)C,-1.9900000095367432,-1.928860068321228
esol,gnn,random,0,CCCCCCCCO,-2.390000104904175,-2.7524073123931885
esol,gnn,random,0,c1cc2c3c(c4ccc5ccccc5c4cc3c1)CC2,-7.849999904632568,-7.891985893249512
esol,gnn,random,0,CCOCC,-0.09000000357627869,-0.5867173671722412
esol,gnn,random,0,CCS,-0.6000000238418579,-0.9793574810028076
esol,gnn,random,0,CN(C(=O)NC(C)(C)c1ccccc1)c1ccccc1,-3.3499999046325684,-4.620953559875488
esol,gnn,random,0,CCNc1nc(NC(C)(C)C)nc(SC)n1,-4.0,-3.8483633995056152
esol,gnn,random,0,c1ccc2ocnc2c1,-1.159999966621399,-1.3111258745193481
esol,gnn,random,0,c1ccc2c(c1)[nH]c1ccccc12,-5.269999980926514,-4.2860798835754395
esol,gnn,random,0,Cc1ccc(S(N)(=O)=O)cc1,-1.7400000095367432,-1.725770115852356
esol,gnn,random,0,Cc1ccc(C)c2ccccc12,-4.139999866485596,-4.507927417755127
esol,gnn,random,0,C=CCC1(c2ccccc2)C(=O)NC(=O)NC1=O,-2.36899995803833,-2.8407325744628906
esol,gnn,random,0,Oc1ccc(Cl)c(Cl)c1Cl,-2.6700000762939453,-2.2873313426971436
esol,gnn,random,0,CCCC(C)(C)C,-4.360000133514404,-4.3029890060424805
esol,gnn,random,0,CC(C)N(C(=O)SCC(Cl)=CCl)C(C)C,-4.285999774932861,-3.5656285285949707
esol,gnn,random,0,C1CCCCC1,-3.0999999046325684,-3.494845151901245
esol,gnn,random,0,CO,1.5700000524520874,1.0292325019836426
esol,gnn,random,0,C=C(C)C1CC=C(C)C(=O)C1,-2.059999942779541,-2.765573501586914
esol,gnn,random,0,CCOP(=S)(OCC)SCSP(=S)(OCC)OCC,-5.539999961853027,-5.971278190612793
esol,gnn,random,0,CC(=O)C1(C)CCC2C3C=C(C)C4=CC(=O)CCC4(C)C3CCC21C,-5.269999980926514,-5.124750137329102
esol,gnn,random,0,Cc1cccc(O)c1,-0.6800000071525574,-0.4665648937225342
esol,gnn,random,0,Oc1c(Cl)c(Cl)cc(Cl)c1Cl,-3.369999885559082,-3.472100257873535
esol,gnn,random,0,c1ccc2c(c1)ccc1c2ccc2c3ccccc3ccc21,-7.869999885559082,-8.646759033203125
esol,gnn,random,0,COc1ccccc1O,-1.9600000381469727,-0.5803136825561523
esol,gnn,random,0,O=[N+]([O-])c1cc([N+](=O)[O-])cc([N+](=O)[O-])c1,-2.890000104904175,-3.7892496585845947
esol,gnn,random,0,O=C(C=CC=Cc1ccc2c(c1)OCO2)N1CCCCC1,-3.4600000381469727,-3.2657923698425293
esol,gnn,random,0,C1CCOC1,0.49000000953674316,0.23855376243591309
esol,gnn,random,0,Cn1c(=O)c2c(ncn2CC(O)CO)n(C)c1=O,-0.17000000178813934,-1.7205561399459839
esol,gnn,random,0,CCCCCC(=O)OCN1C(=O)NC(c2ccccc2)(c2ccccc2)C1=O,-5.886000156402588,-5.564355850219727
esol,gnn,random,0,Oc1ccc2c(c1)CCCC2,-1.9900000095367432,-2.1569952964782715
esol,gnn,random,0,CNC(=O)Oc1cccc2c1OC(C)(C)C2,-2.799999952316284,-2.468538284301758
esol,gnn,random,0,Cc1cccc(C)c1C,-3.200000047683716,-3.4391603469848633
esol,gnn,random,0,Oc1ccc(O)cc1,-0.17000000178813934,-0.22429680824279785
esol,gnn,random,0,CC=C(C)C,-2.559999942779541,-2.5504984855651855
esol,gnn,random,0,CCCCOC=O,-1.3700000047683716,-1.2294378280639648
esol,gnn,random,0,CCCCC(CC)CO,-2.109999895095825,-2.4399375915527344
esol,gnn,random,0,Clc1ccc(-c2c(Cl)cccc2Cl)cc1,-6.139999866485596,-6.020931720733643
esol,gnn,random,0,CCCC(C)(C)CO,-1.5199999809265137,-1.5406701564788818
esol,gnn,random,0,ClC1=C(Cl)C(Cl)(C2(Cl)C(Cl)=C(Cl)C(Cl)=C2Cl)C(Cl)=C1Cl,-7.2779998779296875,-8.339896202087402
esol,gnn,random,0,CSc1nc(NC(C)C)nc(NC(C)C)n1,-4.099999904632568,-3.543045997619629
esol,gnn,random,0,Nc1ccc(S(N)(=O)=O)cc1,-1.340000033378601,-1.6685829162597656
esol,gnn,random,0,O=[N+]([O-])c1ccc(Cl)c(Cl)c1,-3.200000047683716,-3.5086874961853027
esol,gnn,random,0,CCSC(=O)N(CC(C)C)CC(C)C,-3.680000066757202,-3.773388385772705
esol,gnn,random,0,O=C1CCCCC1,-0.6000000238418579,-0.1773686408996582
esol,gnn,random,0,Nc1ccc(Cl)cc1,-1.659999966621399,-1.411384105682373
esol,gnn,random,0,CCNc1nc(Cl)nc(NCC)n1,-4.550000190734863,-3.444049835205078
esol,gnn,random,0,CC12CCC3C(CCC4=CC(=O)CCC43C)C1CCC2=O,-3.690000057220459,-4.177400588989258
esol,gnn,random,0,CCCCCl,-2.0299999713897705,-2.1789357662200928
esol,gnn,random,0,C#CCCC,-1.6399999856948853,-1.6890113353729248
esol,gnn,random,0,O=C1NC(=O)c2ccccc21,-2.609999895095825,-2.5012617111206055
esol,gnn,random,0,CCC(C)C(C)C,-4.28000020980835,-4.414000988006592
esol,gnn,random,0,Nc1ccccc1Cl,-1.5199999809265137,-1.5116372108459473
esol,gnn,random,0,CC(C)CCCO,-1.1399999856948853,-1.255573034286499
esol,gnn,random,0,CCCN(CCC)c1c([N+](=O)[O-])cc(C(C)C)cc1[N+](=O)[O-],-6.489999771118164,-5.514344215393066
esol,gnn,random,0,Cc1cc(C)c(O)c(C)c1,-2.049999952316284,-1.7335671186447144
esol,gnn,random,0,CCC(C=O)CC,-1.5199999809265137,-1.395690679550171
esol,gnn,random,0,CCc1ccccc1,-2.7699999809265137,-2.9692907333374023
esol,gnn,random,0,Cn1cnc2c1c(=O)[nH]c(=O)n2C,-2.5230000019073486,-2.196274757385254
esol,gnn,random,0,COCC(=O)N(c1c(C)cccc1C)C(C)C(=O)OC,-1.6009999513626099,-2.394904375076294
esol,gnn,random,0,CCc1cccc2ccccc12,-4.170000076293945,-4.382653713226318
esol,gnn,random,0,CC1=CC(=O)CC(C)(C)C1,-1.059999942779541,-1.915651798248291
esol,gnn,random,0,CC12CCC3c4ccc(O)cc4CCC3C1CCC2O,-5.03000020980835,-4.675902843475342
esol,gnn,random,0,Oc1ccc(Br)cc1,-1.090000033378601,-1.1727943420410156
esol,gnn,random,0,ClC(Br)Br,-1.899999976158142,-1.6957736015319824
esol,gnn,random,0,Cc1c[nH]c(=O)nc1N,-1.4579999446868896,-1.36171555519104
esol,gnn,random,0,CCC1(C)C(=O)NC(=O)NC1=O,-1.2280000448226929,-1.7670674324035645
esol,gnn,random,0,c1ccc2c(c1)CCCC2,-4.369999885559082,-3.644134521484375
esol,gnn,random,0,CCC(=O)Nc1ccc(Cl)c(Cl)c1,-3.0,-3.6372594833374023
esol,gnn,random,0,CC1=C(C(=O)Nc2ccccc2)S(=O)(=O)CCO1,-2.2809998989105225,-2.7185394763946533
esol,gnn,random,0,CCNc1nc(NC(C)C)nc(OC)n1,-2.0840001106262207,-3.353299856185913
esol,gnn,random,0,CCCCCCCCCCCCCCCCO,-7.0,-6.156318187713623
esol,gnn,random,0,CCCCCCCC(=O)OC,-3.1700000762939453,-3.220794200897217
esol,gnn,random,0,CCOP(=S)(CC)Oc1cc(Cl)c(Cl)cc1Cl,-5.751999855041504,-6.301971912384033
esol,gnn,random,0,O=C1NC(=O)C2(CCCC2)C(=O)N1,-2.3489999771118164,-2.496288537979126
esol,gnn,random,0,c1ccc2c(c1)ccc1ccccc12,-5.260000228881836,-5.609919548034668
esol,baseline,random,1,CCCC1COC(Cn2cncn2)(c2ccc(Cl)cc2Cl)O1,-3.4930000000000003,-4.423411292112017
esol,baseline,random,1,c1ccc(Cc2ccccc2)cc1,-4.08,-4.311315391022855
esol,baseline,random,1,Oc1c(Cl)cc(Cl)c(Cl)c1Cl,-3.1,-3.1126487978443085
esol,baseline,random,1,CCCCC(=O)OC,-1.34,-1.422509966635467
esol,baseline,random,1,CC1(C)C(C=C(Br)Br)C1C(=O)OC(C#N)c1cccc(Oc2ccccc2)c1,-8.402000000000001,-7.544515571667325
esol,baseline,random,1,Nc1nc(O)nc2nc[nH]c12,-3.401,-2.6196998277821435
esol,baseline,random,1,CN(C)C(=O)SCCCCOc1ccccc1,-3.927,-3.539954391314017
esol,baseline,random,1,CC(=O)C1(O)CCC2C3CCC4=CC(=O)CCC4(C)C3CCC21C,-3.817,-4.85726648564062
esol,baseline,random,1,Oc1c(Cl)c(Cl)cc(Cl)c1Cl,-3.37,-3.124685751743679
esol,baseline,random,1,c1ccc2ocnc2c1,-1.16,-1.2288661658258397
esol,baseline,random,1,CCCC(C)CO,-1.11,-0.8195117195627246
esol,baseline,random,1,c1ccc2c(c1)Cc1c-2ccc2ccccc12,-6.68,-7.402230137561032
esol,baseline,random,1,CC(Cl)CCl,-1.6,-1.7518140862744715
esol,baseline,random,1,CCN(CC)c1nc(Cl)nc(NC(C)C)n1,-3.785,-4.17677376506691
esol,baseline,random,1,Oc1cccc2cccnc12,-2.42,-2.0070634562735856
esol,baseline,random,1,CN1C(=O)CN=C(c2ccccc2)c2cc([N+](=O)[O-])ccc21,-3.796,-3.674818189085485
esol,baseline,random,1,CC(=O)OCC(COC(C)=O)OC(C)=O,-0.6,-1.4274117241202036
esol,baseline,random,1,CCCCCCCCCCCCCCCO,-6.35,-6.735319893143865
esol,baseline,random,1,CCCCN(CC)c1c([N+](=O)[O-])cc(C(F)(F)F)cc1[N+](=O)[O-],-5.53,-5.68659641424637
esol,baseline,random,1,C=CCCCCCCCC,-5.51,-5.310418886361814
esol,baseline,random,1,c1ccc2c(c1)cnc1ccccc12,-2.78,-4.545987309599372
esol,baseline,random,1,CCCOP(=S)(OCCC)SCC(=O)N1CCCCC1C,-4.15,-4.573894799970744
esol,baseline,random,1,CCCCCC=O,-1.3,-1.4040578975585172
esol,baseline,random,1,CCC(CC)CO,-1.17,-0.7517191680844405
esol,baseline,random,1,CCSSCC,-2.42,-2.509218784210219
esol,baseline,random,1,CCCCCCCCOC(=O)c1ccccc1C(=O)OCCCCCCCC,-5.115,-6.905177545172632
esol,baseline,random,1,c1ccc2c(c1)c1ccccc1c1ccccc21,-6.726,-7.512039361806149
esol,baseline,random,1,Cc1cccc2c1Cc1ccccc1-2,-5.22,-5.106464475384641
esol,baseline,random,1,CCC(C)c1cc([N+](=O)[O-])cc([N+](=O)[O-])c1O,-3.38,-3.074553316270081
esol,baseline,random,1,Cc1cccc(C)c1NC(=O)c1cc(S(N)(=O)=O)c(Cl)cc1O,-3.79,-3.903846523491877
esol,baseline,random,1,COc1cnc2ncncc2n1,-1.139,-0.9061567804805931
esol,baseline,random,1,COC(=O)c1ccccc1OC1OC(COC2OCC(O)C(O)C2O)C(O)C(O)C1O,-0.742,-1.5320728633084664
esol,baseline,random,1,Cc1cccc(C)c1C,-3.2,-3.2771399419747
esol,baseline,random,1,Cc1ccc2ccccc2c1,-3.77,-4.00073638187007
esol,baseline,random,1,C#CCCCCC,-3.01,-2.9560187989043603
esol,baseline,random,1,Nc1nc[nH]n1,0.522,-0.14066954774131746
esol,baseline,random,1,O=C1Nc2ccc(Cl)cc2C(c2ccccc2Cl)=NC1O,-3.604,-3.652443057326059
esol,baseline,random,1,Cc1cc2c3ccccc3ccc2c2ccccc12,-6.57,-6.8584523543286515
esol,baseline,random,1,CCCOC(=O)CCC,-1.75,-2.063011429371473
esol,baseline,random,1,Cc1cc(Cl)ccc1N=CN(C)C,-2.86,-2.9547367299105045
esol,baseline,random,1,CCCCC,-3.18,-2.8357622041298987
esol,baseline,random,1,Nc1nc(=O)[nH]cc1F,-0.972,-1.4593405315690844
esol,baseline,random,1,CC(=O)OCC(C)C,-1.21,-0.9765122767106452
esol,baseline,random,1,CCCCC1C(=O)N(c2ccccc2)N(c2ccc(O)cc2)C1=O,-3.73,-4.216670181047963
esol,baseline,random,1,CC[N+](=O)[O-],-0.22,0.16952985719877142
esol,baseline,random,1,CC(C)Oc1cc(-n2nc(C(C)(C)C)oc2=O)c(Cl)cc1Cl,-5.696000000000001,-4.731033739830138
esol,baseline,random,1,CCN(CC)C(=S)SSC(=S)N(CC)CC,-4.86,-4.679477794621007
esol,baseline,random,1,O=C(c1ccccc1)C(O)c1ccccc1,-2.85,-3.1568766521356633
esol,baseline,random,1,c1ccc2[nH]ncc2c1,-2.16,-1.1752709606367053
esol,baseline,random,1,Cc1cc(C)c(O)c(C)c1,-2.05,-1.7773816364713273
esol,baseline,random,1,CCCOCC,-0.66,-0.9607028943304541
esol,baseline,random,1,Cc1cccc(C)c1,-2.82,-2.71332247678285
esol,baseline,random,1,OC(c1ccccc1)C(O)c1ccccc1,-1.93,-2.9935847331738334
esol,baseline,random,1,O=C1NC(=O)C(c2ccccc2)(c2ccccc2)N1,-4.097,-3.2963890882356814
esol,baseline,random,1,Oc1cccc2ncccc12,-2.54,-1.9960489315457506
esol,baseline,random,1,CCCCC(=O)OC1(C(=O)CO)C(C)CC2C3CCC4=CC(=O)C=CC4(C)C3(F)C(O)CC21C,-4.71,-5.230590339629049
esol,baseline,random,1,CC(=O)Nc1ccc(O)cc1,-1.03,-1.8410939268561117
esol,baseline,random,1,COCOC,0.48,0.42450022911515434
esol,baseline,random,1,CCCC(C)C1(CC)C(=O)NC(=O)NC1=O,-2.39,-2.4239187384005194
esol,baseline,random,1,CCC1(C2=CCC3CCC2C3)C(=O)NC(=O)NC1=O,-2.696,-3.1738271477415267
esol,baseline,random,1,CC(C)C(Nc1ccc(C(F)(F)F)cc1Cl)C(=O)OC(C#N)c1cccc(Oc2ccccc2)c1,-8.003,-7.570353874000227
esol,baseline,random,1,CC12CCC(=O)C=C1CCC1C2CCC2(C)C(C(=O)CO)CCC12,-3.45,-4.275186664703868
esol,baseline,random,1,CCC1NC(=O)c2cc(S(N)(=O)=O)c(Cl)cc2N1,-3.29,-2.9511138971614197
esol,baseline,random,1,Nc1ccc(S(N)(=O)=O)cc1,-1.34,-2.2008968488411895
esol,baseline,random,1,COP(=S)(OC)Oc1cc(Cl)c(I)cc1Cl,-6.62,-6.212648864688882
esol,baseline,random,1,COP(=O)(OC)OC(Br)C(Cl)(Cl)Br,-2.28,-2.9560480680934496
esol,baseline,random,1,Cc1ccc(N)cc1,-1.21,-1.4966190577770402
esol,baseline,random,1,COC1=CC2OC3C=CC(O)=CC3C(=O)C2C(O)=C1,-2.943,-2.9556453946279597
esol,baseline,random,1,COc1ccc(Oc2ccc(NC(=O)N(C)C)cc2)cc1,-4.16,-4.580033276570539
esol,baseline,random,1,CCCCCCc1ccccc1,-5.21,-5.0332549092636345
esol,baseline,random,1,O=Cc1ccc(O)cc1,-0.96,-0.9176993244888324
esol,baseline,random,1,CC(C)(C)C(=O)C(Oc1ccc(Cl)cc1)n1cncn1,-3.61,-4.53579102686748
esol,baseline,random,1,CC12CCc3c(ccc4cc(O)ccc34)C1CCC2=O,-5.24,-4.0141818384871
esol,baseline,random,1,ClC(Br)Br,-1.9,-1.6233010620481638
esol,baseline,random,1,CC(=O)Nc1ccc([N+](=O)[O-])cc1,-2.692,-2.2626584237316187
esol,baseline,random,1,C#CC1(O)CCC2C3CCc4cc(O)ccc4C3CCC21C,-4.3,-4.752721283305639
esol,baseline,random,1,CC(=O)OCC(=O)C1(O)C(C)CC2C3CCC4=CC(=O)C=CC4(C)C3(F)C(O)CC21C,-4.9,-5.005586662117482
esol,baseline,random,1,CC(=O)N(c1onc(C)c1C)S(=O)c1ccc(N)cc1,-3.59,-3.1947059497658437
esol,baseline,random,1,c1ccc2nc3ccccc3cc2c1,-3.67,-4.370495199235075
esol,baseline,random,1,CC12C=CC(=O)C=C1CCC1C3CC(O)C(O)(C(=O)CO)C3(C)CC(O)C12F,-3.68,-2.4632742742074902
esol,baseline,random,1,CC12CC(=O)C3C(CCC4=CC(=O)CCC43C)C1CCC2=O,-3.48,-4.1334172216185365
esol,baseline,random,1,CCCC(=O)OCN1C(=O)NC(c2ccccc2)(c2ccccc2)C1=O,-5.071000000000001,-4.659211817319339
esol,baseline,random,1,C#CC,-0.41,-0.8712199871311775
esol,baseline,random,1,CCCCOC(=O)CCCCCCCCC(=O)OCCCC,-3.896,-4.502265333666583
esol,baseline,random,1,ClC(Cl)=C(Cl)C(Cl)=C(Cl)Cl,-4.92,-5.664123322120872
esol,baseline,random,1,CCCN(CCC)c1c([N+](=O)[O-])cc(C(C)C)cc1[N+](=O)[O-],-6.49,-4.978520172427238
esol,baseline,random,1,C=CCCCO,-0.15,-0.28767590730696435
esol,baseline,random,1,CC(C)=CCCC(C)=CC=O,-2.06,-3.015665217301611
esol,baseline,random,1,CCCO,0.62,0.4300720461170492
esol,baseline,random,1,CC(=O)OCC(=O)C1(O)C(OC(C)=O)CC2C3CCC4=CC(=O)C=CC4(C)C3(F)C(O)CC21C,-4.13,-4.39150066663783
esol,baseline,random,1,Cc1ccc(O)cc1,-0.73,-0.693902659218746
esol,baseline,random,1,Cc1cccc2c(C)cccc12,-4.678999999999999,-4.460928852933119
esol,baseline,random,1,CCOC(=O)c1cncn1C(C)c1ccccc1,-4.735,-2.725941478413374
esol,baseline,random,1,O=C1C2CC=CCC2C(=O)N1SC(Cl)(Cl)C(Cl)Cl,-5.4,-4.112331195733137
esol,baseline,random,1,C=C(C)C,-2.33,-2.0990598132401757
esol,baseline,random,1,C=CCCC,-2.68,-2.612666259459805
esol,baseline,random,1,COP(=S)(OC)Oc1ccc(Sc2ccc(OP(=S)(OC)OC)cc2)cc1,-6.237,-7.265775464891419
esol,baseline,random,1,CCN(CC)C(=O)CSc1ccc(Cl)nn1,-1.716,-2.9853064449007927
esol,baseline,random,1,O=C1NC(=O)C2(CCCCCCC2)C(=O)N1,-2.982,-2.786346833484924
esol,baseline,random,1,Cc1c([N+](=O)[O-])cc([N+](=O)[O-])cc1[N+](=O)[O-],-3.22,-2.767630327644837
esol,baseline,random,1,CCC#N,0.28,-0.032702333318612206
esol,baseline,random,1,CC=CC=O,0.32,0.280503586362642
esol,baseline,random,1,C=CCCCCC,-3.73,-3.9040547646461885
esol,baseline,random,1,BrCBr,-1.17,-1.4268864229839004
esol,baseline,random,1,CC(C)=CCC1(C(C)C)C(=O)NC(=O)NC1=O,-2.593,-2.3526383088671374
esol,baseline,random,1,c1ccc2c(c1)sc1ccccc12,-4.38,-4.981735351040871
esol,baseline,random,1,O=c1[nH]cnc2[nH]ncc12,-2.266,-2.315920042517173
esol,baseline,random,1,O=[N+]([O-])c1ccc(Cl)c(Cl)c1,-3.2,-3.281486732803676
esol,baseline,random,1,CC12CCC(CC1=O)C2(C)C,-1.96,-1.851636149304566
esol,baseline,random,1,CCNc1nc(Cl)nc(NCC)n1,-4.55,-2.3866376587740015
esol,baseline,random,1,CC1CC(C)C(=O)C(C(O)CC2CC(=O)NC(=O)C2)C1,-1.13,-2.874153088844302
esol,baseline,random,1,C=CC=O,0.57,0.3079394943298911
esol,baseline,random,1,OC1COC(O)C(O)C1O,0.39,0.2512171282222488
esol,gnn,random,1,CCCC1COC(Cn2cncn2)(c2ccc(Cl)cc2Cl)O1,-3.493000030517578,-3.624927043914795
esol,gnn,random,1,c1ccc(Cc2ccccc2)cc1,-4.079999923706055,-4.451237678527832
esol,gnn,random,1,Oc1c(Cl)cc(Cl)c(Cl)c1Cl,-3.0999999046325684,-3.2023282051086426
esol,gnn,random,1,CCCCC(=O)OC,-1.340000033378601,-1.5461668968200684
esol,gnn,random,1,CC1(C)C(C=C(Br)Br)C1C(=O)OC(C#N)c1cccc(Oc2ccccc2)c1,-8.402000427246094,-6.856888771057129
esol,gnn,random,1,Nc1nc(O)nc2nc[nH]c12,-3.4010000228881836,-2.545415163040161
esol,gnn,random,1,CN(C)C(=O)SCCCCOc1ccccc1,-3.927000045776367,-3.0438616275787354
esol,gnn,random,1,CC(=O)C1(O)CCC2C3CCC4=CC(=O)CCC4(C)C3CCC21C,-3.816999912261963,-4.013917446136475
esol,gnn,random,1,Oc1c(Cl)c(Cl)cc(Cl)c1Cl,-3.369999885559082,-3.283219337463379
esol,gnn,random,1,c1ccc2ocnc2c1,-1.159999966621399,-1.7356611490249634
esol,gnn,random,1,CCCC(C)CO,-1.1100000143051147,-1.2792572975158691
esol,gnn,random,1,c1ccc2c(c1)Cc1c-2ccc2ccccc12,-6.679999828338623,-6.380251884460449
esol,gnn,random,1,CC(Cl)CCl,-1.600000023841858,-1.4482187032699585
esol,gnn,random,1,CCN(CC)c1nc(Cl)nc(NC(C)C)n1,-3.7850000858306885,-3.7129461765289307
esol,gnn,random,1,Oc1cccc2cccnc12,-2.4200000762939453,-1.342419981956482
esol,gnn,random,1,CN1C(=O)CN=C(c2ccccc2)c2cc([N+](=O)[O-])ccc21,-3.7960000038146973,-3.7928032875061035
esol,gnn,random,1,CC(=O)OCC(COC(C)=O)OC(C)=O,-0.6000000238418579,-1.6064740419387817
esol,gnn,random,1,CCCCCCCCCCCCCCCO,-6.349999904632568,-5.708883762359619
esol,gnn,random,1,CCCCN(CC)c1c([N+](=O)[O-])cc(C(F)(F)F)cc1[N+](=O)[O-],-5.53000020980835,-5.132723808288574
esol,gnn,random,1,C=CCCCCCCCC,-5.510000228881836,-4.987018585205078
esol,gnn,random,1,c1ccc2c(c1)cnc1ccccc12,-2.7799999713897705,-4.025478363037109
esol,gnn,random,1,CCCOP(=S)(OCCC)SCC(=O)N1CCCCC1C,-4.150000095367432,-4.429380416870117
esol,gnn,random,1,CCCCCC=O,-1.2999999523162842,-1.4522525072097778
esol,gnn,random,1,CCC(CC)CO,-1.1699999570846558,-1.2935736179351807
esol,gnn,random,1,CCSSCC,-2.4200000762939453,-2.33262038230896
esol,gnn,random,1,CCCCCCCCOC(=O)c1ccccc1C(=O)OCCCCCCCC,-5.114999771118164,-6.477160453796387
esol,gnn,random,1,c1ccc2c(c1)c1ccccc1c1ccccc21,-6.72599983215332,-6.975597381591797
esol,gnn,random,1,Cc1cccc2c1Cc1ccccc1-2,-5.21999979019165,-5.184743881225586
esol,gnn,random,1,CCC(C)c1cc([N+](=O)[O-])cc([N+](=O)[O-])c1O,-3.380000114440918,-3.4667131900787354
esol,gnn,random,1,Cc1cccc(C)c1NC(=O)c1cc(S(N)(=O)=O)c(Cl)cc1O,-3.7899999618530273,-3.7052724361419678
esol,gnn,random,1,COc1cnc2ncncc2n1,-1.1390000581741333,-1.8804188966751099
esol,gnn,random,1,COC(=O)c1ccccc1OC1OC(COC2OCC(O)C(O)C2O)C(O)C(O)C1O,-0.7419999837875366,-1.8014297485351562
esol,gnn,random,1,Cc1cccc(C)c1C,-3.200000047683716,-3.267292022705078
esol,gnn,random,1,Cc1ccc2ccccc2c1,-3.7699999809265137,-4.015593528747559
esol,gnn,random,1,C#CCCCCC,-3.009999990463257,-3.1903560161590576
esol,gnn,random,1,Nc1nc[nH]n1,0.5220000147819519,-1.0774091482162476
esol,gnn,random,1,O=C1Nc2ccc(Cl)cc2C(c2ccccc2Cl)=NC1O,-3.6040000915527344,-4.308327674865723
esol,gnn,random,1,Cc1cc2c3ccccc3ccc2c2ccccc12,-6.570000171661377,-7.027863502502441
esol,gnn,random,1,CCCOC(=O)CCC,-1.75,-2.0058341026306152
esol,gnn,random,1,Cc1cc(Cl)ccc1N=CN(C)C,-2.859999895095825,-3.4555366039276123
esol,gnn,random,1,CCCCC,-3.180000066757202,-3.4280972480773926
esol,gnn,random,1,Nc1nc(=O)[nH]cc1F,-0.972000002861023,-1.9940853118896484
esol,gnn,random,1,CC(=O)OCC(C)C,-1.2100000381469727,-1.4151691198349
esol,gnn,random,1,CCCCC1C(=O)N(c2ccccc2)N(c2ccc(O)cc2)C1=O,-3.7300000190734863,-4.36613655090332
esol,gnn,random,1,CC[N+](=O)[O-],-0.2199999988079071,-0.6482934951782227
esol,gnn,random,1,CC(C)Oc1cc(-n2nc(C(C)(C)C)oc2=O)c(Cl)cc1Cl,-5.696000099182129,-4.3449625968933105
esol,gnn,random,1,CCN(CC)C(=S)SSC(=S)N(CC)CC,-4.860000133514404,-5.029445171356201
esol,gnn,random,1,O=C(c1ccccc1)C(O)c1ccccc1,-2.8499999046325684,-2.5859878063201904
esol,gnn,random,1,c1ccc2[nH]ncc2c1,-2.1600000858306885,-1.418993353843689
esol,gnn,random,1,Cc1cc(C)c(O)c(C)c1,-2.049999952316284,-1.6799163818359375
esol,gnn,random,1,CCCOCC,-0.6600000262260437,-1.0569124221801758
esol,gnn,random,1,Cc1cccc(C)c1,-2.819999933242798,-2.7443079948425293
esol,gnn,random,1,OC(c1ccccc1)C(O)c1ccccc1,-1.9299999475479126,-2.669067621231079
esol,gnn,random,1,O=C1NC(=O)C(c2ccccc2)(c2ccccc2)N1,-4.0970001220703125,-3.8715410232543945
esol,gnn,random,1,Oc1cccc2ncccc12,-2.5399999618530273,-1.2652379274368286
esol,gnn,random,1,CCCCC(=O)OC1(C(=O)CO)C(C)CC2C3CCC4=CC(=O)C=CC4(C)C3(F)C(O)CC21C,-4.710000038146973,-4.937021255493164
esol,gnn,random,1,CC(=O)Nc1ccc(O)cc1,-1.0299999713897705,-1.6734732389450073
esol,gnn,random,1,COCOC,0.47999998927116394,-0.23813271522521973
esol,gnn,random,1,CCCC(C)C1(CC)C(=O)NC(=O)NC1=O,-2.390000104904175,-3.0499613285064697
esol,gnn,random,1,CCC1(C2=CCC3CCC2C3)C(=O)NC(=O)NC1=O,-2.696000099182129,-3.5403666496276855
esol,gnn,random,1,CC(C)C(Nc1ccc(C(F)(F)F)cc1Cl)C(=O)OC(C#N)c1cccc(Oc2ccccc2)c1,-8.003000259399414,-7.9420576095581055
esol,gnn,random,1,CC12CCC(=O)C=C1CCC1C2CCC2(C)C(C(=O)CO)CCC12,-3.450000047683716,-4.243107318878174
esol,gnn,random,1,CCC1NC(=O)c2cc(S(N)(=O)=O)c(Cl)cc2N1,-3.2899999618530273,-3.2856197357177734
esol,gnn,random,1,Nc1ccc(S(N)(=O)=O)cc1,-1.340000033378601,-1.707471251487732
esol,gnn,random,1,COP(=S)(OC)Oc1cc(Cl)c(I)cc1Cl,-6.619999885559082,-5.376010894775391
esol,gnn,random,1,COP(=O)(OC)OC(Br)C(Cl)(Cl)Br,-2.2799999713897705,-0.9885544776916504
esol,gnn,random,1,Cc1ccc(N)cc1,-1.2100000381469727,-1.4734740257263184
esol,gnn,random,1,COC1=CC2OC3C=CC(O)=CC3C(=O)C2C(O)=C1,-2.943000078201294,-2.179900646209717
esol,gnn,random,1,COc1ccc(Oc2ccc(NC(=O)N(C)C)cc2)cc1,-4.159999847412109,-4.386971473693848
esol,gnn,random,1,CCCCCCc1ccccc1,-5.210000038146973,-4.774338722229004
esol,gnn,random,1,O=Cc1ccc(O)cc1,-0.9599999785423279,-1.098747730255127
esol,gnn,random,1,CC(C)(C)C(=O)C(Oc1ccc(Cl)cc1)n1cncn1,-3.609999895095825,-3.411593437194824
esol,gnn,random,1,CC12CCc3c(ccc4cc(O)ccc34)C1CCC2=O,-5.239999771118164,-3.9860832691192627
esol,gnn,random,1,ClC(Br)Br,-1.899999976158142,-2.087636947631836
esol,gnn,random,1,CC(=O)Nc1ccc([N+](=O)[O-])cc1,-2.691999912261963,-2.7811801433563232
esol,gnn,random,1,C#CC1(O)CCC2C3CCc4cc(O)ccc4C3CCC21C,-4.300000190734863,-4.952864170074463
esol,gnn,random,1,CC(=O)OCC(=O)C1(O)C(C)CC2C3CCC4=CC(=O)C=CC4(C)C3(F)C(O)CC21C,-4.900000095367432,-4.226080894470215
esol,gnn,random,1,CC(=O)N(c1onc(C)c1C)S(=O)c1ccc(N)cc1,-3.5899999141693115,-3.308687686920166
esol,gnn,random,1,c1ccc2nc3ccccc3cc2c1,-3.6700000762939453,-4.484838962554932
esol,gnn,random,1,CC12C=CC(=O)C=C1CCC1C3CC(O)C(O)(C(=O)CO)C3(C)CC(O)C12F,-3.680000066757202,-3.4298763275146484
esol,gnn,random,1,CC12CC(=O)C3C(CCC4=CC(=O)CCC43C)C1CCC2=O,-3.4800000190734863,-3.5067131519317627
esol,gnn,random,1,CCCC(=O)OCN1C(=O)NC(c2ccccc2)(c2ccccc2)C1=O,-5.071000099182129,-4.699507713317871
esol,gnn,random,1,C#CC,-0.4099999964237213,-0.758061408996582
esol,gnn,random,1,CCCCOC(=O)CCCCCCCCC(=O)OCCCC,-3.8959999084472656,-5.124419212341309
esol,gnn,random,1,ClC(Cl)=C(Cl)C(Cl)=C(Cl)Cl,-4.920000076293945,-4.345907211303711
esol,gnn,random,1,CCCN(CCC)c1c([N+](=O)[O-])cc(C(C)C)cc1[N+](=O)[O-],-6.489999771118164,-5.134734630584717
esol,gnn,random,1,C=CCCCO,-0.15000000596046448,-0.5348854064941406
esol,gnn,random,1,CC(C)=CCCC(C)=CC=O,-2.059999942779541,-2.9799721240997314
esol,gnn,random,1,CCCO,0.6200000047683716,0.17499732971191406
esol,gnn,random,1,CC(=O)OCC(=O)C1(O)C(OC(C)=O)CC2C3CCC4=CC(=O)C=CC4(C)C3(F)C(O)CC21C,-4.130000114440918,-4.086506366729736
esol,gnn,random,1,Cc1ccc(O)cc1,-0.7300000190734863,-0.8795020580291748
esol,gnn,random,1,Cc1cccc2c(C)cccc12,-4.678999900817871,-4.4532623291015625
esol,gnn,random,1,CCOC(=O)c1cncn1C(C)c1ccccc1,-4.735000133514404,-2.984744071960449
esol,gnn,random,1,O=C1C2CC=CCC2C(=O)N1SC(Cl)(Cl)C(Cl)Cl,-5.400000095367432,-3.923964500427246
esol,gnn,random,1,C=C(C)C,-2.3299999237060547,-1.9453139305114746
esol,gnn,random,1,C=CCCC,-2.680000066757202,-2.589334487915039
esol,gnn,random,1,COP(=S)(OC)Oc1ccc(Sc2ccc(OP(=S)(OC)OC)cc2)cc1,-6.236999988555908,-6.890471458435059
esol,gnn,random,1,CCN(CC)C(=O)CSc1ccc(Cl)nn1,-1.715999960899353,-2.7399489879608154
esol,gnn,random,1,O=C1NC(=O)C2(CCCCCCC2)C(=O)N1,-2.9820001125335693,-2.890626907348633
esol,gnn,random,1,Cc1c([N+](=O)[O-])cc([N+](=O)[O-])cc1[N+](=O)[O-],-3.2200000286102295,-3.618330478668213
esol,gnn,random,1,CCC#N,0.2800000011920929,-0.5145859718322754
esol,gnn,random,1,CC=CC=O,0.3199999928474426,-0.646167516708374
esol,gnn,random,1,C=CCCCCC,-3.7300000190734863,-3.7878482341766357
esol,gnn,random,1,BrCBr,-1.1699999570846558,-1.7181352376937866
esol,gnn,random,1,CC(C)=CCC1(C(C)C)C(=O)NC(=O)NC1=O,-2.5929999351501465,-3.044520378112793
esol,gnn,random,1,c1ccc2c(c1)sc1ccccc12,-4.380000114440918,-5.413801193237305
esol,gnn,random,1,O=c1[nH]cnc2[nH]ncc12,-2.2660000324249268,-2.2188332080841064
esol,gnn,random,1,O=[N+]([O-])c1ccc(Cl)c(Cl)c1,-3.200000047683716,-3.438373327255249
esol,gnn,random,1,CC12CCC(CC1=O)C2(C)C,-1.9600000381469727,-2.184443950653076
esol,gnn,random,1,CCNc1nc(Cl)nc(NCC)n1,-4.550000190734863,-3.377300262451172
esol,gnn,random,1,CC1CC(C)C(=O)C(C(O)CC2CC(=O)NC(=O)C2)C1,-1.1299999952316284,-2.7411880493164062
esol,gnn,random,1,C=CC=O,0.5699999928474426,-0.26906561851501465
esol,gnn,random,1,OC1COC(O)C(O)C1O,0.38999998569488525,-0.2886202335357666
esol,baseline,random,2,CCN1c2ccccc2N(C)C(=O)c2cccnc21,-3.324,-3.6360700030502318
esol,baseline,random,2,CC1(C)C2CCC1(C)C(O)C2,-2.32,-1.412668563834196
esol,baseline,random,2,c1cnc2ncncc2n1,0.02,-0.7263891927677961
esol,baseline,random,2,CNC(=O)Oc1cccc(N=CN(C)C)c1,-2.34,-2.0099120123379746
esol,baseline,random,2,CC(=O)OC1(C)CCC2C3CCC4=CC(=O)CCC4(C)C3CCC21C,-5.284,-4.741307667095341
esol,baseline,random,2,Oc1cc(Cl)cc(Cl)c1,-1.34,-1.8723424889363836
esol,baseline,random,2,CCCOCC,-0.66,-1.2443281301300657
esol,baseline,random,2,CCCCOCCCC,-1.85,-2.752525373613273
esol,baseline,random,2,CC(C)NC(=O)N1CC(=O)N(c2cc(Cl)cc(Cl)c2)C1=O,-4.376,-4.6754222673583214
esol,baseline,random,2,O=[N+]([O-])c1ccc(Cl)c(Cl)c1,-3.2,-3.314923089996411
esol,baseline,random,2,Cc1ccc(O)cc1,-0.73,-0.5217321889569838
esol,baseline,random,2,O=c1cc[nH]c(=O)[nH]1,-1.4880000000000002,-0.7416938889866589
esol,baseline,random,2,C#CC1(O)CCC2C3CCC4=Cc5oncc5CC4(C)C3CCC21C,-5.507000000000001,-4.80751660056171
esol,baseline,random,2,O=Cc1ccc(O)cc1,-0.96,-0.5548073939615645
esol,baseline,random,2,O=c1[nH]c(=O)c2[nH]c(=O)[nH]c2[nH]1,-3.93,-2.2410325108733216
esol,baseline,random,2,Cc1ccc(C)cc1,-2.77,-2.8725972429696536
esol,baseline,random,2,Clc1cc(-c2cc(Cl)c(Cl)c(Cl)c2Cl)c(Cl)c(Cl)c1Cl,-9.16,-8.655480990415642
esol,baseline,random,2,Clc1cc(Cl)c(Cl)c(-c2c(Cl)c(Cl)cc(Cl)c2Cl)c1Cl,-9.15,-8.699493906225896
esol,baseline,random,2,c1ccc2c(c1)ccc1ccccc12,-5.26,-5.147109366178904
esol,baseline,random,2,Cc1ccc(C)c2ccccc12,-4.14,-4.586387644318454
esol,baseline,random,2,CCCCOc1ccc(C(=O)OCC)c(N(CC)CC)c1,-3.84,-4.488008608233731
esol,baseline,random,2,CC1CCCCC1C,-4.3,-4.298984926515752
esol,baseline,random,2,CCCC(C)CO,-1.11,-0.8330332509917916
esol,baseline,random,2,c1cc2c3c(cccc3c1)CC2,-4.63,-3.7810876974993977
esol,baseline,random,2,CC#N,0.26,0.34501344496921804
esol,baseline,random,2,COc1ccccc1OCC(O)COC(N)=O,-0.985,-1.7255266982531994
esol,baseline,random,2,NS(=O)(=O)c1cc2c(cc1Cl)NCNS2(=O)=O,-2.63,-3.0094543273602614
esol,baseline,random,2,CCCCCC(C)(C)O,-1.72,-1.8268891448370985
esol,baseline,random,2,CC(C)C(=O)C(C)C,-1.3,-1.047478841093222
esol,baseline,random,2,CCCCCCCCCCCCCCCO,-6.35,-6.831812371176273
esol,baseline,random,2,Cc1ccc(Br)cc1,-3.19,-3.4610384497302458
esol,baseline,random,2,C=CC(O)CCC,-0.59,-0.6949635437977868
esol,baseline,random,2,ClC1=C(Cl)C2(Cl)C3CC=CC3C1(Cl)C2(Cl)Cl,-5.64,-6.274923694558982
esol,baseline,random,2,c1cc2cccc3c4cccc5cccc(c(c1)c23)c54,-8.804,-8.1113443870093
esol,baseline,random,2,Cc1ccnc2c1NC(=O)c1cccnc1N2C1CC1,-3.19,-3.9736609040637267
esol,baseline,random,2,CCc1ccc(CC)cc1,-3.75,-3.7335730053287355
esol,baseline,random,2,Cn1cc(-c2ccccc2)c(=O)c(-c2cccc(C(F)(F)F)c2)c1,-4.445,-5.4453484009992
esol,baseline,random,2,O=C(Nc1ccccc1)Nc1ccccc1,-3.15,-3.968853098588347
esol,baseline,random,2,CCCCCCCCC(=O)OC,-3.38,-3.564718937480057
esol,baseline,random,2,CCN(Cc1c(F)cccc1Cl)c1c([N+](=O)[O-])cc(C(F)(F)F)cc1[N+](=O)[O-],-6.78,-6.041605768545427
esol,baseline,random,2,OCC1OC(OC2(CO)OC(CO)C(O)C2O)C(O)C(O)C1O,0.79,-0.4072223516002625
esol,baseline,random,2,CC(C)CCO,-0.51,-0.4510343147251107
esol,baseline,random,2,CC(C)c1ccccc1,-3.27,-3.6307257270901427
esol,baseline,random,2,CCCC(C)(O)CC,-0.98,-1.0605372896216518
esol,baseline,random,2,CCCCCCCCC,-5.88,-5.300737897579184
esol,baseline,random,2,ClC(Cl)(Cl)C(Cl)(Cl)Cl,-3.67,-4.3363625480528265
esol,baseline,random,2,C/C=C\CC,-2.54,-2.5604815161056136
esol,baseline,random,2,CCN(CC)c1ccccc1,-3.03,-2.682556765826932
esol,baseline,random,2,COc1ncc2nccnc2n1,-1.11,-1.0941715512713508
esol,baseline,random,2,CCC(C)(O)CC,-0.36,-0.7044008923393964
esol,baseline,random,2,COP(=S)(OC)Oc1ccc(Sc2ccc(OP(=S)(OC)OC)cc2)cc1,-6.237,-6.9701639735265895
esol,baseline,random,2,CCCC(O)CCC,-1.4,-1.158335056150213
esol,baseline,random,2,CCCCC(CC)CO,-2.11,-1.6214870145625586
esol,baseline,random,2,CCOC(=O)c1ccccc1C(=O)OCC,-2.35,-2.3666077943421597
esol,baseline,random,2,CCOC(=O)N(C)C(=O)CSP(=S)(OCC)OCC,-2.518,-3.4537987850478253
esol,baseline,random,2,COc1ccc(C(O)(c2cncnc2)C2CC2)cc1,-2.596,-3.008630549994084
esol,baseline,random,2,CC12C=CC(=O)C=C1CCC1C3CC(O)C(O)(C(=O)CO)C3(C)CC(O)C12F,-3.68,-2.3435022542292967
esol,baseline,random,2,Cc1ccccc1Br,-2.23,-3.2666426421278816
esol,baseline,random,2,CCCOCCC,-1.62,-1.4616005864587134
esol,baseline,random,2,CC(C)(C)C(=O)C(Oc1ccc(Cl)cc1)n1cncn1,-3.61,-4.387564898825446
esol,baseline,random,2,c1ccc(-c2ccc(-c3ccccc3)cc2)cc1,-7.11,-7.068592340113873
esol,baseline,random,2,O=C(NC(=O)c1c(F)cccc1F)Nc1cc(Cl)c(F)c(Cl)c1F,-7.28,-5.4912986734118805
esol,baseline,random,2,CCNc1nc(NC(C)(C)C)nc(SC)n1,-4.0,-3.342957818766732
esol,baseline,random,2,CCCOC(=O)c1ccc(N)cc1,-2.452,-2.4741735563347538
esol,baseline,random,2,O=C1NC(=O)C2(CCCC2)C(=O)N1,-2.349,-1.9047377664574192
esol,baseline,random,2,CC(C)C(C)C,-3.65,-3.0927999740363257
esol,baseline,random,2,CCCCOCCO,-0.42,-0.736949628573802
esol,baseline,random,2,CCCCOC,-0.99,-1.1081550450359816
esol,baseline,random,2,OC1COC(O)C(O)C1O,0.39,-0.041086435258920716
esol,baseline,random,2,COC(C)(C)C,-0.24,-1.2724362004768315
esol,baseline,random,2,CC(=O)N(c1onc(C)c1C)S(=O)c1ccc(N)cc1,-3.59,-3.4664208764297997
esol,baseline,random,2,c1ccc2c(c1)oc1ccccc12,-4.6,-3.9959481936792147
esol,baseline,random,2,Clc1cc(Cl)c(Cl)c(Cl)c1,-4.63,-5.142272521241333
esol,baseline,random,2,Brc1cc(Br)c(Br)cc1Br,-6.98,-5.709254959533592
esol,baseline,random,2,CCC(C)c1cc([N+](=O)[O-])cc([N+](=O)[O-])c1O,-3.38,-3.15829517186253
esol,baseline,random,2,C=CCCC=C,-2.68,-2.494978667932195
esol,baseline,random,2,CC1CCCO1,0.11,-0.706544208685762
esol,baseline,random,2,CCCCCCCCCC(=O)OCC,-4.1,-4.643255804184335
esol,baseline,random,2,C1CCOC1,0.49,-0.3269771941974876
esol,baseline,random,2,CCCCCCOC(=O)c1ccccc1C(=O)OCCCCCC,-6.144,-5.135469721362499
esol,baseline,random,2,CCOCC,-0.09,-0.5986979210216785
esol,baseline,random,2,CCCCCCO,-1.24,-1.0758814896195352
esol,baseline,random,2,Nc1cccc([N+](=O)[O-])c1,-2.19,-1.956315419709748
esol,baseline,random,2,CC1CCC(C(C)C)C(O)C1,-2.53,-2.2771639182982883
esol,baseline,random,2,OC1C(O)C(O)C(O)C(O)C1O,0.35,0.30843137994249414
esol,baseline,random,2,O=C1OC(c2ccc(O)cc2)(c2ccc(O)cc2)c2ccccc21,-2.9,-3.8908074908725507
esol,baseline,random,2,CCCC(C)(C)CO,-1.52,-1.1566420301308955
esol,baseline,random,2,Cc1cccc2sc3nncn3c12,-2.07,-2.966138316196871
esol,baseline,random,2,Cc1cc2c3ccccc3ccc2c2ccccc12,-6.57,-7.072153092543595
esol,baseline,random,2,O=c1[nH]cnc2[nH]ncc12,-2.266,-2.3248053400455517
esol,baseline,random,2,Fc1ccccc1,-1.8,-2.0918581711133153
esol,baseline,random,2,O=C(Cn1ccnc1[N+](=O)[O-])NCc1ccccc1,-2.81,-2.808441728434933
esol,baseline,random,2,Oc1ccc2ncccc2c1,-2.16,-1.863940951857895
esol,baseline,random,2,CCN(CC)c1nc(Cl)nc(N(CC)CC)n1,-4.4110000000000005,-3.436853789062973
esol,baseline,random,2,CC(=O)Nc1ccc(Br)cc1,-3.083,-2.5841800488524997
esol,baseline,random,2,OC(c1ccc(Cl)cc1)(c1ccc(Cl)cc1)C(Cl)(Cl)Cl,-5.666,-6.005160327534973
esol,baseline,random,2,Clc1cccc(C(Cl)(Cl)Cl)n1,-3.76,-3.310818661010295
esol,baseline,random,2,CCC(=O)OCN1C(=O)NC(c2ccccc2)(c2ccccc2)C1=O,-4.907,-4.379804857498768
esol,baseline,random,2,O=[N+]([O-])c1ccc([N+](=O)[O-])cc1,-3.39,-2.601572544049449
esol,baseline,random,2,CCCCCCCCBr,-5.06,-5.2417342959174835
esol,baseline,random,2,CNC(=O)ON=C(CSC)C(C)(C)C,-1.62,-1.1187603385201839
esol,baseline,random,2,O=c1ccnc(S)[nH]1,-2.273,-1.1051588440324274
esol,baseline,random,2,CCCCCO,-0.6,-0.5520318853171332
esol,baseline,random,2,C=CC(C)(O)CCC=C(C)C,-1.99,-2.2462901971591274
esol,baseline,random,2,NNC(=O)c1ccncc1,0.009,-0.6846969228170555
esol,baseline,random,2,CC12CCC(=O)C=C1CCC1C2C(=O)CC2(C)C1CCC2(O)C(=O)CO,-3.11,-3.562300942797105
esol,baseline,random,2,CN(C)C(=O)SCCCCOc1ccccc1,-3.927,-3.2157694629652465
esol,baseline,random,2,CCN1c2cc(OC)cc(C)c2NC(=O)c2cccnc21,-5.153,-4.539477710840155
esol,baseline,random,2,ClC(Cl)C(Cl)Cl,-1.74,-2.2318548017316084
esol,baseline,random,2,CC1CC2C3CCC4=CC(=O)C=CC4(C)C3(F)C(O)CC2(C)C1(O)C(=O)CO,-3.59,-3.929557417033582
esol,baseline,random,2,CON(C)C(=O)Nc1ccc(Br)c(Cl)c1,-3.924,-3.53897534460034
esol,baseline,random,2,C=CCSS(=O)CC=C,-0.83,-1.9090319239629978
esol,baseline,random,2,CCC(C)Cl,-1.96,-2.193986047595031
esol,gnn,random,2,CCN1c2ccccc2N(C)C(=O)c2cccnc21,-3.3239998817443848,-3.962303876876831
esol,gnn,random,2,CC1(C)C2CCC1(C)C(O)C2,-2.319999933242798,-2.0222067832946777
esol,gnn,random,2,c1cnc2ncncc2n1,0.019999999552965164,-0.46627044677734375
esol,gnn,random,2,CNC(=O)Oc1cccc(N=CN(C)C)c1,-2.3399999141693115,-2.2342677116394043
esol,gnn,random,2,CC(=O)OC1(C)CCC2C3CCC4=CC(=O)CCC4(C)C3CCC21C,-5.283999919891357,-4.839104652404785
esol,gnn,random,2,Oc1cc(Cl)cc(Cl)c1,-1.340000033378601,-1.9672805070877075
esol,gnn,random,2,CCCOCC,-0.6600000262260437,-0.7581832408905029
esol,gnn,random,2,CCCCOCCCC,-1.850000023841858,-3.1544392108917236
esol,gnn,random,2,CC(C)NC(=O)N1CC(=O)N(c2cc(Cl)cc(Cl)c2)C1=O,-4.375999927520752,-4.53104829788208
esol,gnn,random,2,O=[N+]([O-])c1ccc(Cl)c(Cl)c1,-3.200000047683716,-3.535503387451172
esol,gnn,random,2,Cc1ccc(O)cc1,-0.7300000190734863,-0.8016829490661621
esol,gnn,random,2,O=c1cc[nH]c(=O)[nH]1,-1.4880000352859497,-0.9594476222991943
esol,gnn,random,2,C#CC1(O)CCC2C3CCC4=Cc5oncc5CC4(C)C3CCC21C,-5.506999969482422,-4.6725945472717285
esol,gnn,random,2,O=Cc1ccc(O)cc1,-0.9599999785423279,-0.9174652099609375
esol,gnn,random,2,O=c1[nH]c(=O)c2[nH]c(=O)[nH]c2[nH]1,-3.930000066757202,-3.1399085521698
esol,gnn,random,2,Cc1ccc(C)cc1,-2.7699999809265137,-3.2709927558898926
esol,gnn,random,2,Clc1cc(-c2cc(Cl)c(Cl)c(Cl)c2Cl)c(Cl)c(Cl)c1Cl,-9.15999984741211,-9.800421714782715
esol,gnn,random,2,Clc1cc(Cl)c(Cl)c(-c2c(Cl)c(Cl)cc(Cl)c2Cl)c1Cl,-9.149999618530273,-9.74779224395752
esol,gnn,random,2,c1ccc2c(c1)ccc1ccccc12,-5.260000228881836,-5.457559585571289
esol,gnn,random,2,Cc1ccc(C)c2ccccc12,-4.139999866485596,-4.674096584320068
esol,gnn,random,2,CCCCOc1ccc(C(=O)OCC)c(N(CC)CC)c1,-3.8399999141693115,-4.7226738929748535
esol,gnn,random,2,CC1CCCCC1C,-4.300000190734863,-4.379280090332031
esol,gnn,random,2,CCCC(C)CO,-1.1100000143051147,-1.0243539810180664
esol,gnn,random,2,c1cc2c3c(cccc3c1)CC2,-4.630000114440918,-4.720553398132324
esol,gnn,random,2,CC#N,0.25999999046325684,0.4058222770690918
esol,gnn,random,2,COc1ccccc1OCC(O)COC(N)=O,-0.9850000143051147,-1.6853491067886353
esol,gnn,random,2,NS(=O)(=O)c1cc2c(cc1Cl)NCNS2(=O)=O,-2.630000114440918,-3.073652982711792
esol,gnn,random,2,CCCCCC(C)(C)O,-1.7200000286102295,-1.4803893566131592
esol,gnn,random,2,CC(C)C(=O)C(C)C,-1.2999999523162842,-1.0075647830963135
esol,gnn,random,2,CCCCCCCCCCCCCCCO,-6.349999904632568,-6.299449920654297
esol,gnn,random,2,Cc1ccc(Br)cc1,-3.190000057220459,-3.408031463623047
esol,gnn,random,2,C=CC(O)CCC,-0.5899999737739563,-0.3616325855255127
esol,gnn,random,2,ClC1=C(Cl)C2(Cl)C3CC=CC3C1(Cl)C2(Cl)Cl,-5.639999866485596,-5.97697114944458
esol,gnn,random,2,c1cc2cccc3c4cccc5cccc(c(c1)c23)c54,-8.803999900817871,-7.800579071044922
esol,gnn,random,2,Cc1ccnc2c1NC(=O)c1cccnc1N2C1CC1,-3.190000057220459,-4.024575710296631
esol,gnn,random,2,CCc1ccc(CC)cc1,-3.75,-4.248361587524414
esol,gnn,random,2,Cn1cc(-c2ccccc2)c(=O)c(-c2cccc(C(F)(F)F)c2)c1,-4.445000171661377,-5.92728328704834
esol,gnn,random,2,O=C(Nc1ccccc1)Nc1ccccc1,-3.1500000953674316,-3.87265682220459
esol,gnn,random,2,CCCCCCCCC(=O)OC,-3.380000114440918,-3.584528923034668
esol,gnn,random,2,CCN(Cc1c(F)cccc1Cl)c1c([N+](=O)[O-])cc(C(F)(F)F)cc1[N+](=O)[O-],-6.78000020980835,-6.890909671783447
esol,gnn,random,2,OCC1OC(OC2(CO)OC(CO)C(O)C2O)C(O)C(O)C1O,0.7900000214576721,0.020181655883789062
esol,gnn,random,2,CC(C)CCO,-0.5099999904632568,-0.352832555770874
esol,gnn,random,2,CC(C)c1ccccc1,-3.2699999809265137,-3.574523687362671
esol,gnn,random,2,CCCC(C)(O)CC,-0.9800000190734863,-0.8849244117736816
esol,gnn,random,2,CCCCCCCCC,-5.880000114440918,-5.432879447937012
esol,gnn,random,2,ClC(Cl)(Cl)C(Cl)(Cl)Cl,-3.6700000762939453,-3.599480628967285
esol,gnn,random,2,C/C=C\CC,-2.5399999618530273,-2.6517505645751953
esol,gnn,random,2,CCN(CC)c1ccccc1,-3.0299999713897705,-3.4772839546203613
esol,gnn,random,2,COc1ncc2nccnc2n1,-1.1100000143051147,-1.7393226623535156
esol,gnn,random,2,CCC(C)(O)CC,-0.36000001430511475,-0.3997640609741211
esol,gnn,random,2,COP(=S)(OC)Oc1ccc(Sc2ccc(OP(=S)(OC)OC)cc2)cc1,-6.236999988555908,-7.253454208374023
esol,gnn,random,2,CCCC(O)CCC,-1.399999976158142,-1.334958553314209
esol,gnn,random,2,CCCCC(CC)CO,-2.109999895095825,-2.5690982341766357
esol,gnn,random,2,CCOC(=O)c1ccccc1C(=O)OCC,-2.3499999046325684,-3.4121267795562744
esol,gnn,random,2,CCOC(=O)N(C)C(=O)CSP(=S)(OCC)OCC,-2.5179998874664307,-3.178013801574707
esol,gnn,random,2,COc1ccc(C(O)(c2cncnc2)C2CC2)cc1,-2.5959999561309814,-2.6023061275482178
esol,gnn,random,2,CC12C=CC(=O)C=C1CCC1C3CC(O)C(O)(C(=O)CO)C3(C)CC(O)C12F,-3.680000066757202,-3.522526979446411
esol,gnn,random,2,Cc1ccccc1Br,-2.2300000190734863,-3.131164789199829
esol,gnn,random,2,CCCOCCC,-1.6200000047683716,-1.5787512063980103
esol,gnn,random,2,CC(C)(C)C(=O)C(Oc1ccc(Cl)cc1)n1cncn1,-3.609999895095825,-3.0830514430999756
esol,gnn,random,2,c1ccc(-c2ccc(-c3ccccc3)cc2)cc1,-7.110000133514404,-6.348840236663818
esol,gnn,random,2,O=C(NC(=O)c1c(F)cccc1F)Nc1cc(Cl)c(F)c(Cl)c1F,-7.28000020980835,-6.605442047119141
esol,gnn,random,2,CCNc1nc(NC(C)(C)C)nc(SC)n1,-4.0,-3.715998888015747
esol,gnn,random,2,CCCOC(=O)c1ccc(N)cc1,-2.4519999027252197,-2.9509949684143066
esol,gnn,random,2,O=C1NC(=O)C2(CCCC2)C(=O)N1,-2.3489999771118164,-2.5826964378356934
esol,gnn,random,2,CC(C)C(C)C,-3.6500000953674316,-4.101415634155273
esol,gnn,random,2,CCCCOCCO,-0.41999998688697815,-0.34317851066589355
esol,gnn,random,2,CCCCOC,-0.9900000095367432,-0.913123607635498
esol,gnn,random,2,OC1COC(O)C(O)C1O,0.38999998569488525,0.34532952308654785
esol,gnn,random,2,COC(C)(C)C,-0.23999999463558197,-0.48357725143432617
esol,gnn,random,2,CC(=O)N(c1onc(C)c1C)S(=O)c1ccc(N)cc1,-3.5899999141693115,-3.1563591957092285
esol,gnn,random,2,c1ccc2c(c1)oc1ccccc12,-4.599999904632568,-3.2787318229675293
esol,gnn,random,2,Clc1cc(Cl)c(Cl)c(Cl)c1,-4.630000114440918,-5.149627685546875
esol,gnn,random,2,Brc1cc(Br)c(Br)cc1Br,-6.980000019073486,-5.919221878051758
esol,gnn,random,2,CCC(C)c1cc([N+](=O)[O-])cc([N+](=O)[O-])c1O,-3.380000114440918,-3.7087271213531494
esol,gnn,random,2,C=CCCC=C,-2.680000066757202,-3.0825490951538086
esol,gnn,random,2,CC1CCCO1,0.10999999940395355,-0.32464146614074707
esol,gnn,random,2,CCCCCCCCCC(=O)OCC,-4.099999904632568,-4.3986663818359375
esol,gnn,random,2,C1CCOC1,0.49000000953674316,0.12903189659118652
esol,gnn,random,2,CCCCCCOC(=O)c1ccccc1C(=O)OCCCCCC,-6.144000053405762,-5.5729217529296875
esol,gnn,random,2,CCOCC,-0.09000000357627869,-0.35180115699768066
esol,gnn,random,2,CCCCCCO,-1.2400000095367432,-1.1916313171386719
esol,gnn,random,2,Nc1cccc([N+](=O)[O-])c1,-2.190000057220459,-2.2015886306762695
esol,gnn,random,2,CC1CCC(C(C)C)C(O)C1,-2.5299999713897705,-2.785881996154785
esol,gnn,random,2,OC1C(O)C(O)C(O)C(O)C1O,0.3499999940395355,0.04285740852355957
esol,gnn,random,2,O=C1OC(c2ccc(O)cc2)(c2ccc(O)cc2)c2ccccc21,-2.9000000953674316,-4.427183151245117
esol,gnn,random,2,CCCC(C)(C)CO,-1.5199999809265137,-1.4175093173980713
esol,gnn,random,2,Cc1cccc2sc3nncn3c12,-2.069999933242798,-3.2529263496398926
esol,gnn,random,2,Cc1cc2c3ccccc3ccc2c2ccccc12,-6.570000171661377,-7.316570281982422
esol,gnn,random,2,O=c1[nH]cnc2[nH]ncc12,-2.2660000324249268,-1.8231747150421143
esol,gnn,random,2,Fc1ccccc1,-1.7999999523162842,-1.7350311279296875
esol,gnn,random,2,O=C(Cn1ccnc1[N+](=O)[O-])NCc1ccccc1,-2.809999942779541,-2.9380791187286377
esol,gnn,random,2,Oc1ccc2ncccc2c1,-2.1600000858306885,-1.5005364418029785
esol,gnn,random,2,CCN(CC)c1nc(Cl)nc(N(CC)CC)n1,-4.410999774932861,-4.102245330810547
esol,gnn,random,2,CC(=O)Nc1ccc(Br)cc1,-3.0829999446868896,-2.6321284770965576
esol,gnn,random,2,OC(c1ccc(Cl)cc1)(c1ccc(Cl)cc1)C(Cl)(Cl)Cl,-5.665999889373779,-5.396148681640625
esol,gnn,random,2,Clc1cccc(C(Cl)(Cl)Cl)n1,-3.759999990463257,-3.4515039920806885
esol,gnn,random,2,CCC(=O)OCN1C(=O)NC(c2ccccc2)(c2ccccc2)C1=O,-4.9070000648498535,-4.624881267547607
esol,gnn,random,2,O=[N+]([O-])c1ccc([N+](=O)[O-])cc1,-3.390000104904175,-2.918565511703491
esol,gnn,random,2,CCCCCCCCBr,-5.059999942779541,-5.003846645355225
esol,gnn,random,2,CNC(=O)ON=C(CSC)C(C)(C)C,-1.6200000047683716,-1.384601354598999
esol,gnn,random,2,O=c1ccnc(S)[nH]1,-2.2730000019073486,-0.5338797569274902
esol,gnn,random,2,CCCCCO,-0.6000000238418579,-0.535283088684082
esol,gnn,random,2,C=CC(C)(O)CCC=C(C)C,-1.9900000095367432,-1.6712472438812256
esol,gnn,random,2,NNC(=O)c1ccncc1,0.008999999612569809,-0.5853469371795654
esol,gnn,random,2,CC12CCC(=O)C=C1CCC1C2C(=O)CC2(C)C1CCC2(O)C(=O)CO,-3.109999895095825,-3.4063827991485596
esol,gnn,random,2,CN(C)C(=O)SCCCCOc1ccccc1,-3.927000045776367,-2.9684956073760986
esol,gnn,random,2,CCN1c2cc(OC)cc(C)c2NC(=O)c2cccnc21,-5.1529998779296875,-4.340519428253174
esol,gnn,random,2,ClC(Cl)C(Cl)Cl,-1.7400000095367432,-2.155376672744751
esol,gnn,random,2,CC1CC2C3CCC4=CC(=O)C=CC4(C)C3(F)C(O)CC2(C)C1(O)C(=O)CO,-3.5899999141693115,-3.831231117248535
esol,gnn,random,2,CON(C)C(=O)Nc1ccc(Br)c(Cl)c1,-3.9240000247955322,-3.632037878036499
esol,gnn,random,2,C=CCSS(=O)CC=C,-0.8299999833106995,-1.4612675905227661
esol,gnn,random,2,CCC(C)Cl,-1.9600000381469727,-2.2352993488311768
esol,baseline,scaffold,0,CC1=CC(=O)CC(C)(C)C1,-1.06,-1.7962417474673784
esol,baseline,scaffold,0,C=C(C)C1CC=C(C)C(=O)C1,-2.06,-2.2515098870630035
esol,baseline,scaffold,0,CN(C)C(=O)OC1=CC(=O)CC(C)(C)C1,-0.85,-2.2836935462665555
esol,baseline,scaffold,0,COC(=O)C1=C(C)NC(C)=C(C(=O)OC)C1c1ccccc1[N+](=O)[O-],-4.76,-3.9778213223557546
esol,baseline,scaffold,0,O=C1NC(=O)C2(CC2)C(=O)N1,-1.886,-1.902579466545252
esol,baseline,scaffold,0,CC12CCC3C(CC=C4CC(O)CCC43C)C1CCC2=O,-4.12,-4.252265603445998
esol,baseline,scaffold,0,O=C1NC(=O)C2(CCC2)C(=O)N1,-1.655,-2.056040386276596
esol,baseline,scaffold,0,CCN(Cc1c(F)cccc1Cl)c1c([N+](=O)[O-])cc(C(F)(F)F)cc1[N+](=O)[O-],-6.78,-6.630391187157844
esol,baseline,scaffold,0,CC12CC1(C)C(=O)N(c1cc(Cl)cc(Cl)c1)C2=O,-4.8,-3.820221007313435
esol,baseline,scaffold,0,O=C1NC(=O)C2(CCCCCC2)C(=O)N1,-3.168,-3.037377727498097
esol,baseline,scaffold,0,NS(=O)(=O)c1cc2c(cc1Cl)NCNS2(=O)=O,-2.63,-3.118178661375255
esol,baseline,scaffold,0,NS(=O)(=O)c1cc2c(cc1Cl)NC(C(Cl)Cl)NS2(=O)=O,-2.68,-3.563635959075762
esol,baseline,scaffold,0,ClC1=C(Cl)C(Cl)(C2(Cl)C(Cl)=C(Cl)C(Cl)=C2Cl)C(Cl)=C1Cl,-7.278,-8.606933872696908
esol,baseline,scaffold,0,COC1=C(OC)C2C(=O)OCC2C=C1,-1.899,-1.7373007189430005
esol,baseline,scaffold,0,CC1(C)C2CCC1(C)C(O)C2,-2.32,-1.800694208237064
esol,baseline,scaffold,0,CSc1nnc(C(C)(C)C)c(=O)n1N,-2.253,-1.520372917424133
esol,baseline,scaffold,0,c1ccc2c(c1)-c1cccc3cccc-2c13,-6.0,-6.601937862961874
esol,baseline,scaffold,0,CCOP(=S)(OCC)SC(CCl)N1C(=O)c2ccccc2C1=O,-6.34,-4.340340213822989
esol,baseline,scaffold,0,O=C1NC(=O)c2ccccc21,-2.61,-2.6183247777070515
esol,baseline,scaffold,0,CCOP(=S)(OCC)N1C(=O)c2ccccc2C1=O,-3.35,-3.5120750076627045
esol,baseline,scaffold,0,Cc1ccc(OP(=O)(Oc2cccc(C)c2)Oc2ccccc2C)cc1,-6.01,-5.77090698513533
esol,baseline,scaffold,0,O=C1CSC(=S)N1,-1.77,-0.7680096848827349
esol,baseline,scaffold,0,CCC1(C2=CCCCC2)C(=O)NC(=O)NC1=O,-2.17,-2.7494585868036627
esol,baseline,scaffold,0,OCC1OC(n2cnc3c(O)ncnc32)C(O)C1O,-1.23,-1.6734920655440995
esol,baseline,scaffold,0,O=C(Nc1ccccc1)Nc1ccccc1,-3.15,-4.238306720895943
esol,baseline,scaffold,0,Clc1c(Cl)c(Cl)c2nccnc2c1Cl,-5.43,-5.165262627443985
esol,baseline,scaffold,0,O=C1c2ccccc2Cc2ccccc2N1CCF,-4.799,-4.1748628093900395
esol,baseline,scaffold,0,c1cc2ccc3ccc4ccc5cccc6c(c1)c2c3c4c56,-9.018,-8.005517569273835
esol,baseline,scaffold,0,CC1=CC(=O)c2ccccc2C1=O,-3.03,-2.5363905632059844
esol,baseline,scaffold,0,O=C(CC(Cl)Cl)NC1=C(Cl)C(=O)c2ccccc2C1=O,-5.03,-4.055700226494291
esol,baseline,scaffold,0,COc1c2occc2cc2ccc(=O)oc12,-3.664,-3.5796588561251714
esol,baseline,scaffold,0,OC1CCCCCCC1,-1.29,-1.3754985440517995
esol,baseline,scaffold,0,C1CCCCCCC1,-4.15,-3.901044791652607
esol,baseline,scaffold,0,CN(C)C(=O)NC1CCCCCCC1,-2.218,-2.821180031994737
esol,baseline,scaffold,0,O=C1CC(c2ccc(O)c(O)c2)Oc2cc(O)cc(O)c21,-3.62,-3.3797422714983627
esol,baseline,scaffold,0,Oc1ccc2c(c1)CCCC2,-1.99,-1.9993774535360673
esol,baseline,scaffold,0,c1ccc2c(c1)CCCC2,-4.37,-3.0565869752733015
esol,baseline,scaffold,0,CCOP(=S)(OCC)Oc1cc(C)nc(C(C)C)n1,-3.64,-4.129847138593189
esol,baseline,scaffold,0,CCCCc1c(C)nc(N(C)C)nc1O,-2.24,-2.1821952525224866
esol,baseline,scaffold,0,c1cncnc1,1.1,0.7561473897277141
esol,baseline,scaffold,0,Cc1nc(N(C)C)nc(OC(=O)N(C)C)c1C,-1.95,-2.128372352525787
esol,baseline,scaffold,0,CCCCc1c(C)nc(NCC)nc1OS(=O)(=O)N(C)C,-4.16,-3.386074081632878
esol,baseline,scaffold,0,OC1C=CC2C1C1(Cl)C(Cl)=C(Cl)C2(Cl)C1(Cl)Cl,-5.46,-5.20080451868349
esol,baseline,scaffold,0,ClC1=C(Cl)C2(Cl)C3CC=CC3C1(Cl)C2(Cl)Cl,-5.64,-6.905161295738847
esol,baseline,scaffold,0,ClC1=C(Cl)C2(Cl)C3C(Cl)C=CC3C1(Cl)C2(Cl)Cl,-6.317,-7.043993319818579
esol,baseline,scaffold,0,C1CCC2CCCCC2C1,-5.19,-4.5163288996222795
esol,baseline,scaffold,0,CCNc1nc(Cl)nc(N(CC)CC)n1,-4.06,-2.0180714209986994
esol,baseline,scaffold,0,CCNc1nc(Cl)nc(NC(C)C)n1,-3.85,-2.144795376677162
esol,baseline,scaffold,0,CCN(CC)c1nc(Cl)nc(NC(C)C)n1,-3.785,-2.129439814681604
esol,baseline,scaffold,0,COc1nc(NC(C)C)nc(NC(C)C)n1,-2.478,-2.0383926645895833
esol,baseline,scaffold,0,CCN(CC)c1nc(Cl)nc(N(CC)CC)n1,-4.4110000000000005,-2.287687777195335
esol,baseline,scaffold,0,CCNc1nc(NC(C)C)nc(SC)n1,-3.04,-2.0521793699307374
esol,baseline,scaffold,0,CCNc1nc(NC(C)(C)C)nc(SC)n1,-4.0,-2.1175848946838483
esol,baseline,scaffold,0,CCNc1nc(NC(C)C)nc(OC)n1,-2.084,-1.7877021477676307
esol,baseline,scaffold,0,CCNc1nc(Cl)nc(NCC)n1,-4.55,-1.5844885241325075
esol,baseline,scaffold,0,CSc1nc(N(C)C)nc(N(C)C)n1,-2.676,-1.8223444314854502
esol,baseline,scaffold,0,COCCCNc1nc(NC(C)C)nc(SC)n1,-2.928,-2.245822853869029
esol,baseline,scaffold,0,CCNc1nc(Cl)nc(NC(C)(C)C#N)n1,-3.15,-2.7103598118741514
esol,baseline,scaffold,0,CN(C)c1nc(N(C)C)nc(N(C)C)n1,-3.364,-1.5611744283722224
esol,baseline,scaffold,0,CC(C)Nc1nc(Cl)nc(NC(C)C)n1,-4.43,-2.279758712076727
esol,baseline,scaffold,0,CSc1nc(NC(C)C)nc(NC(C)C)n1,-4.1,-2.015860892725403
esol,baseline,scaffold,0,CCNc1nc(NC(C)(C)C)nc(OC)n1,-3.239,-2.1617174362704143
esol,baseline,scaffold,0,c1ccncc1,0.76,0.17299054741337508
esol,baseline,scaffold,0,Cc1ccncc1C,0.36,-1.2826120798795322
esol,baseline,scaffold,0,Cc1cccc(C)n1,0.45,-1.066393192398109
esol,baseline,scaffold,0,Cc1cccnc1C,0.38,-1.2086803244556261
esol,baseline,scaffold,0,Oc1ccccn1,1.02,0.16476077299142625
esol,baseline,scaffold,0,Cc1ccnc(C)c1,0.38,-1.114121608208217
esol,baseline,scaffold,0,CCOP(=S)(OCC)Oc1nc(Cl)c(Cl)cc1Cl,-5.67,-5.275384839527079
esol,baseline,scaffold,0,NNC(=O)c1ccncc1,0.009,-0.7843338334013981
esol,baseline,scaffold,0,COC(=O)c1cccnc1,-0.46,-1.3410389978716555
esol,baseline,scaffold,0,CCc1ccccn1,0.51,-1.1670426220051786
esol,baseline,scaffold,0,Cc1cncc(C)c1,0.38,-1.1685806388329851
esol,baseline,scaffold,0,NC(=O)c1cccnc1,0.61,-0.634095143798833
esol,baseline,scaffold,0,Clc1cccc(C(Cl)(Cl)Cl)n1,-3.76,-3.339716681183541
esol,baseline,scaffold,0,Oc1ccncc1,1.02,0.16111625781282626
esol,baseline,scaffold,0,c1ccc2c(c1)Cc1cc3ccccc3cc1-2,-8.04,-7.114319280457858
esol,baseline,scaffold,0,CCC(=C(CC)c1ccc(O)cc1)c1ccc(O)cc1,-4.07,-5.0118709703201345
esol,baseline,scaffold,0,c1ccc2c(c1)CCC2,-3.04,-2.43950995009323
esol,baseline,scaffold,0,Cn1c(=O)c2[nH]cnc2n(C)c1=O,-1.39,-2.330084059792089
esol,baseline,scaffold,0,Cn1cnc2c1c(=O)[nH]c(=O)n2C,-2.523,-2.434642067648671
esol,baseline,scaffold,0,Cn1c(=O)c2c(ncn2CC(O)CO)n(C)c1=O,-0.17,-1.3549461527311553
esol,baseline,scaffold,0,Cn1c(=O)c2c(ncn2C)n(C)c1=O,-0.8759999999999999,-1.6204493254205226
esol,baseline,scaffold,0,CC(C)Oc1cc(-n2nc(C(C)(C)C)oc2=O)c(Cl)cc1Cl,-5.696000000000001,-4.524811296277519
esol,baseline,scaffold,0,CN(C)C(=O)Nc1ccc(-n2nc(C(C)(C)C)oc2=O)c(Cl)c1,-4.328,-4.018664111495985
esol,baseline,scaffold,0,Cc1cc2nc3c(=O)[nH]c(=O)nc-3n(CC(O)C(O)C(O)CO)c2cc1C,-3.685,-2.634228225933298
esol,baseline,scaffold,0,c1ccc(NNc2ccccc2)cc1,-2.92,-3.294363451140867
esol,baseline,scaffold,0,C1CCOC1,0.49,0.048169664874156026
esol,baseline,scaffold,0,CC1CCCO1,0.11,-0.2145872853681951
esol,baseline,scaffold,0,OCC1OC(O)(CO)C(O)C1O,0.64,0.2903631110757908
esol,baseline,scaffold,0,Nc1nccs1,-0.36,-0.2215594983387925
esol,baseline,scaffold,0,O=C1C(O)=C(C2CCC(c3ccc(Cl)cc3)CC2)C(=O)c2ccccc21,-5.931,-5.749858082130995
esol,baseline,scaffold,0,c1cc2ccc3ccc4ccc5ccc6ccc1c1c2c3c4c5c61,-9.332,-7.721781923135064
esol,baseline,scaffold,0,CCOC1Oc2ccc(OS(C)(=O)=O)cc2C1(C)C,-3.42,-2.7799009585324574
esol,baseline,scaffold,0,CNC(=O)Oc1cccc2c1OC(C)(C)C2,-2.8,-2.1526400243374666
esol,baseline,scaffold,0,CCOC(=O)CCN(SN(C)C(=O)Oc1cccc2c1OC(C)(C)C2)C(C)C,-4.71,-5.114574644087656
esol,baseline,scaffold,0,C1=Cc2cccc3cccc1c23,-3.96,-4.342129047754437
esol,baseline,scaffold,0,ClC1=C(Cl)C2(Cl)C3C4CC(C5OC45)C3C1(Cl)C2(Cl)Cl,-6.29,-5.636698604247487
esol,baseline,scaffold,0,CCOc1ccc(C(C)(C)COCc2cccc(Oc3ccccc3)c2)cc1,-8.6,-6.764011440271479
esol,baseline,scaffold,0,O=C1C2(Cl)C3(Cl)C4(Cl)C(Cl)(Cl)C5(Cl)C3(Cl)C1(Cl)C5(Cl)C24Cl,-5.259,-5.796854164421934
esol,baseline,scaffold,0,c1cc2cccc3c4cccc5cccc(c(c1)c23)c54,-8.804,-8.162566475281446
esol,baseline,scaffold,0,ClC1=C(Cl)C2(Cl)C3C4C=CC(C4)C3C1(Cl)C2(Cl)Cl,-6.307,-6.8262353271943965
esol,baseline,scaffold,0,CC12C=CC(=O)C=C1CCC1C3CC(O)C(O)(C(=O)CO)C3(C)CC(O)C12F,-3.68,-2.6724830868005873
esol,baseline,scaffold,0,CC(=O)OCC(=O)C1(O)C(OC(C)=O)CC2C3CCC4=CC(=O)C=CC4(C)C3(F)C(O)CC21C,-4.13,-4.302563739411103
esol,baseline,scaffold,0,CC12C=CC(=O)C=C1CCC1C2C(O)CC2(C)C1CCC2(O)C(=O)CO,-3.18,-2.9170743512168893
esol,baseline,scaffold,0,CC1CC2C3CCC4=CC(=O)C=CC4(C)C3(F)C(O)CC2(C)C1(O)C(=O)CO,-3.59,-3.42214473960549
esol,baseline,scaffold,0,CC(=O)OCC(=O)C1(O)CCC2C3CCC4=CC(=O)C=CC4(C)C3C(O)CC21C,-4.37,-3.9111217371516527
esol,baseline,scaffold,0,CCCCC(=O)OC1(C(=O)CO)C(C)CC2C3CCC4=CC(=O)C=CC4(C)C3(F)C(O)CC21C,-4.71,-4.941492637978398
esol,baseline,scaffold,0,CC1CC2C3CC(F)C4=CC(=O)C=CC4(C)C3(F)C(O)CC2(C)C1(O)C(=O)CO,-5.613,-3.499234224643139
esol,baseline,scaffold,0,CC(=O)OCC(=O)C1(O)C(C)CC2C3CCC4=CC(=O)C=CC4(C)C3(F)C(O)CC21C,-4.9,-4.683724032928253
esol,baseline,scaffold,0,CC(=O)C1(O)CCC2C3CC(C)C4=CC(=O)C=CC4(C)C3(F)C(O)CC21C,-4.099,-4.180638026145996
esol,baseline,scaffold,0,O=C1NC(=O)C(=O)C(=O)N1,-1.25,-1.495560618003055
esol,baseline,scaffold,0,OCC1OC(OCC2OC(OC3(CO)OC(CO)C(O)C3O)C(O)C(O)C2O)C(O)C(O)C1O,-0.41,-1.306688266214938
esol,gnn,scaffold,0,CC1=CC(=O)CC(C)(C)C1,-1.059999942779541,-2.221252202987671
esol,gnn,scaffold,0,C=C(C)C1CC=C(C)C(=O)C1,-2.059999942779541,-2.3049073219299316
esol,gnn,scaffold,0,CN(C)C(=O)OC1=CC(=O)CC(C)(C)C1,-0.8500000238418579,-2.288022994995117
esol,gnn,scaffold,0,COC(=O)C1=C(C)NC(C)=C(C(=O)OC)C1c1ccccc1[N+](=O)[O-],-4.760000228881836,-4.53428840637207
esol,gnn,scaffold,0,O=C1NC(=O)C2(CC2)C(=O)N1,-1.8860000371932983,-1.9013991355895996
esol,gnn,scaffold,0,CC12CCC3C(CC=C4CC(O)CCC43C)C1CCC2=O,-4.119999885559082,-4.433529853820801
esol,gnn,scaffold,0,O=C1NC(=O)C2(CCC2)C(=O)N1,-1.6549999713897705,-2.011707305908203
esol,gnn,scaffold,0,CCN(Cc1c(F)cccc1Cl)c1c([N+](=O)[O-])cc(C(F)(F)F)cc1[N+](=O)[O-],-6.78000020980835,-6.684110641479492
esol,gnn,scaffold,0,CC12CC1(C)C(=O)N(c1cc(Cl)cc(Cl)c1)C2=O,-4.800000190734863,-4.419291973114014
esol,gnn,scaffold,0,O=C1NC(=O)C2(CCCCCC2)C(=O)N1,-3.1679999828338623,-2.6136529445648193
esol,gnn,scaffold,0,NS(=O)(=O)c1cc2c(cc1Cl)NCNS2(=O)=O,-2.630000114440918,-2.872464179992676
esol,gnn,scaffold,0,NS(=O)(=O)c1cc2c(cc1Cl)NC(C(Cl)Cl)NS2(=O)=O,-2.680000066757202,-3.4797909259796143
esol,gnn,scaffold,0,ClC1=C(Cl)C(Cl)(C2(Cl)C(Cl)=C(Cl)C(Cl)=C2Cl)C(Cl)=C1Cl,-7.2779998779296875,-6.841310501098633
esol,gnn,scaffold,0,COC1=C(OC)C2C(=O)OCC2C=C1,-1.8990000486373901,-2.099336862564087
esol,gnn,scaffold,0,CC1(C)C2CCC1(C)C(O)C2,-2.319999933242798,-2.5819201469421387
esol,gnn,scaffold,0,CSc1nnc(C(C)(C)C)c(=O)n1N,-2.253000020980835,-2.437302827835083
esol,gnn,scaffold,0,c1ccc2c(c1)-c1cccc3cccc-2c13,-6.0,-6.890407562255859
esol,gnn,scaffold,0,CCOP(=S)(OCC)SC(CCl)N1C(=O)c2ccccc2C1=O,-6.340000152587891,-4.64960241317749
esol,gnn,scaffold,0,O=C1NC(=O)c2ccccc21,-2.609999895095825,-2.624660015106201
esol,gnn,scaffold,0,CCOP(=S)(OCC)N1C(=O)c2ccccc2C1=O,-3.3499999046325684,-4.025500297546387
esol,gnn,scaffold,0,Cc1ccc(OP(=O)(Oc2cccc(C)c2)Oc2ccccc2C)cc1,-6.010000228881836,-5.579566955566406
esol,gnn,scaffold,0,O=C1CSC(=S)N1,-1.7699999809265137,-1.2396596670150757
esol,gnn,scaffold,0,CCC1(C2=CCCCC2)C(=O)NC(=O)NC1=O,-2.1700000762939453,-2.936872720718384
esol,gnn,scaffold,0,OCC1OC(n2cnc3c(O)ncnc32)C(O)C1O,-1.2300000190734863,-2.4187064170837402
esol,gnn,scaffold,0,O=C(Nc1ccccc1)Nc1ccccc1,-3.1500000953674316,-3.5936732292175293
esol,gnn,scaffold,0,Clc1c(Cl)c(Cl)c2nccnc2c1Cl,-5.429999828338623,-4.363804340362549
esol,gnn,scaffold,0,O=C1c2ccccc2Cc2ccccc2N1CCF,-4.798999786376953,-4.465205669403076
esol,gnn,scaffold,0,c1cc2ccc3ccc4ccc5cccc6c(c1)c2c3c4c56,-9.017999649047852,-9.884780883789062
esol,gnn,scaffold,0,CC1=CC(=O)c2ccccc2C1=O,-3.0299999713897705,-3.34535813331604
esol,gnn,scaffold,0,O=C(CC(Cl)Cl)NC1=C(Cl)C(=O)c2ccccc2C1=O,-5.03000020980835,-4.648468017578125
esol,gnn,scaffold,0,COc1c2occc2cc2ccc(=O)oc12,-3.6640000343322754,-3.3688666820526123
esol,gnn,scaffold,0,OC1CCCCCCC1,-1.2899999618530273,-1.743927001953125
esol,gnn,scaffold,0,C1CCCCCCC1,-4.150000095367432,-4.105341911315918
esol,gnn,scaffold,0,CN(C)C(=O)NC1CCCCCCC1,-2.2179999351501465,-2.887592077255249
esol,gnn,scaffold,0,O=C1CC(c2ccc(O)c(O)c2)Oc2cc(O)cc(O)c21,-3.619999885559082,-3.2171950340270996
esol,gnn,scaffold,0,Oc1ccc2c(c1)CCCC2,-1.9900000095367432,-2.439329147338867
esol,gnn,scaffold,0,c1ccc2c(c1)CCCC2,-4.369999885559082,-3.7976393699645996
esol,gnn,scaffold,0,CCOP(=S)(OCC)Oc1cc(C)nc(C(C)C)n1,-3.640000104904175,-3.255960464477539
esol,gnn,scaffold,0,CCCCc1c(C)nc(N(C)C)nc1O,-2.240000009536743,-2.362514019012451
esol,gnn,scaffold,0,c1cncnc1,1.100000023841858,-0.8642041683197021
esol,gnn,scaffold,0,Cc1nc(N(C)C)nc(OC(=O)N(C)C)c1C,-1.9500000476837158,-2.18733811378479
esol,gnn,scaffold,0,CCCCc1c(C)nc(NCC)nc1OS(=O)(=O)N(C)C,-4.159999847412109,-3.0854580402374268
esol,gnn,scaffold,0,OC1C=CC2C1C1(Cl)C(Cl)=C(Cl)C2(Cl)C1(Cl)Cl,-5.460000038146973,-4.034870147705078
esol,gnn,scaffold,0,ClC1=C(Cl)C2(Cl)C3CC=CC3C1(Cl)C2(Cl)Cl,-5.639999866485596,-5.2890496253967285
esol,gnn,scaffold,0,ClC1=C(Cl)C2(Cl)C3C(Cl)C=CC3C1(Cl)C2(Cl)Cl,-6.316999912261963,-5.497637748718262
esol,gnn,scaffold,0,C1CCC2CCCCC2C1,-5.190000057220459,-4.731426239013672
esol,gnn,scaffold,0,CCNc1nc(Cl)nc(N(CC)CC)n1,-4.059999942779541,-2.6375539302825928
esol,gnn,scaffold,0,CCNc1nc(Cl)nc(NC(C)C)n1,-3.8499999046325684,-2.666548013687134
esol,gnn,scaffold,0,CCN(CC)c1nc(Cl)nc(NC(C)C)n1,-3.7850000858306885,-2.8425559997558594
esol,gnn,scaffold,0,COc1nc(NC(C)C)nc(NC(C)C)n1,-2.4779999256134033,-2.7427163124084473
esol,gnn,scaffold,0,CCN(CC)c1nc(Cl)nc(N(CC)CC)n1,-4.410999774932861,-2.9522552490234375
esol,gnn,scaffold,0,CCNc1nc(NC(C)C)nc(SC)n1,-3.0399999618530273,-2.6600003242492676
esol,gnn,scaffold,0,CCNc1nc(NC(C)(C)C)nc(SC)n1,-4.0,-2.792053699493408
esol,gnn,scaffold,0,CCNc1nc(NC(C)C)nc(OC)n1,-2.0840001106262207,-2.5348262786865234
esol,gnn,scaffold,0,CCNc1nc(Cl)nc(NCC)n1,-4.550000190734863,-2.5079686641693115
esol,gnn,scaffold,0,CSc1nc(N(C)C)nc(N(C)C)n1,-2.6760001182556152,-1.9763132333755493
esol,gnn,scaffold,0,COCCCNc1nc(NC(C)C)nc(SC)n1,-2.927999973297119,-2.646857976913452
esol,gnn,scaffold,0,CCNc1nc(Cl)nc(NC(C)(C)C#N)n1,-3.1500000953674316,-2.6314640045166016
esol,gnn,scaffold,0,CN(C)c1nc(N(C)C)nc(N(C)C)n1,-3.364000082015991,-1.8756738901138306
esol,gnn,scaffold,0,CC(C)Nc1nc(Cl)nc(NC(C)C)n1,-4.429999828338623,-2.859135389328003
esol,gnn,scaffold,0,CSc1nc(NC(C)C)nc(NC(C)C)n1,-4.099999904632568,-2.8920469284057617
esol,gnn,scaffold,0,CCNc1nc(NC(C)(C)C)nc(OC)n1,-3.239000082015991,-2.6445932388305664
esol,gnn,scaffold,0,c1ccncc1,0.7599999904632568,-0.4035766124725342
esol,gnn,scaffold,0,Cc1ccncc1C,0.36000001430511475,-1.3321528434753418
esol,gnn,scaffold,0,Cc1cccc(C)n1,0.44999998807907104,-1.451561450958252
esol,gnn,scaffold,0,Cc1cccnc1C,0.3799999952316284,-1.3647953271865845
esol,gnn,scaffold,0,Oc1ccccn1,1.0199999809265137,-0.7101502418518066
esol,gnn,scaffold,0,Cc1ccnc(C)c1,0.3799999952316284,-1.3940083980560303
esol,gnn,scaffold,0,CCOP(=S)(OCC)Oc1nc(Cl)c(Cl)cc1Cl,-5.670000076293945,-4.393593788146973
esol,gnn,scaffold,0,NNC(=O)c1ccncc1,0.008999999612569809,-1.6563053131103516
esol,gnn,scaffold,0,COC(=O)c1cccnc1,-0.46000000834465027,-1.7711927890777588
esol,gnn,scaffold,0,CCc1ccccn1,0.5099999904632568,-1.1945500373840332
esol,gnn,scaffold,0,Cc1cncc(C)c1,0.3799999952316284,-1.3249443769454956
esol,gnn,scaffold,0,NC(=O)c1cccnc1,0.6100000143051147,-1.7220051288604736
esol,gnn,scaffold,0,Clc1cccc(C(Cl)(Cl)Cl)n1,-3.759999990463257,-3.1242852210998535
esol,gnn,scaffold,0,Oc1ccncc1,1.0199999809265137,-0.6700828075408936
esol,gnn,scaffold,0,c1ccc2c(c1)Cc1cc3ccccc3cc1-2,-8.039999961853027,-6.771290302276611
esol,gnn,scaffold,0,CCC(=C(CC)c1ccc(O)cc1)c1ccc(O)cc1,-4.070000171661377,-4.570952415466309
esol,gnn,scaffold,0,c1ccc2c(c1)CCC2,-3.0399999618530273,-3.3858771324157715
esol,gnn,scaffold,0,Cn1c(=O)c2[nH]cnc2n(C)c1=O,-1.3899999856948853,-2.207092523574829
esol,gnn,scaffold,0,Cn1cnc2c1c(=O)[nH]c(=O)n2C,-2.5230000019073486,-2.2408220767974854
esol,gnn,scaffold,0,Cn1c(=O)c2c(ncn2CC(O)CO)n(C)c1=O,-0.17000000178813934,-2.276686191558838
esol,gnn,scaffold,0,Cn1c(=O)c2c(ncn2C)n(C)c1=O,-0.8759999871253967,-2.136735200881958
esol,gnn,scaffold,0,CC(C)Oc1cc(-n2nc(C(C)(C)C)oc2=O)c(Cl)cc1Cl,-5.696000099182129,-4.47875452041626
esol,gnn,scaffold,0,CN(C)C(=O)Nc1ccc(-n2nc(C(C)(C)C)oc2=O)c(Cl)c1,-4.328000068664551,-4.018521308898926
esol,gnn,scaffold,0,Cc1cc2nc3c(=O)[nH]c(=O)nc-3n(CC(O)C(O)C(O)CO)c2cc1C,-3.684999942779541,-3.872326612472534
esol,gnn,scaffold,0,c1ccc(NNc2ccccc2)cc1,-2.9200000762939453,-2.7231545448303223
esol,gnn,scaffold,0,C1CCOC1,0.49000000953674316,-0.24602675437927246
esol,gnn,scaffold,0,CC1CCCO1,0.10999999940395355,-0.6190633773803711
esol,gnn,scaffold,0,OCC1OC(O)(CO)C(O)C1O,0.6399999856948853,-0.7930469512939453
esol,gnn,scaffold,0,Nc1nccs1,-0.36000001430511475,-1.2491739988327026
esol,gnn,scaffold,0,O=C1C(O)=C(C2CCC(c3ccc(Cl)cc3)CC2)C(=O)c2ccccc21,-5.931000232696533,-5.692767143249512
esol,gnn,scaffold,0,c1cc2ccc3ccc4ccc5ccc6ccc1c1c2c3c4c5c61,-9.331999778747559,-11.421615600585938
esol,gnn,scaffold,0,CCOC1Oc2ccc(OS(C)(=O)=O)cc2C1(C)C,-3.4200000762939453,-3.117056369781494
esol,gnn,scaffold,0,CNC(=O)Oc1cccc2c1OC(C)(C)C2,-2.799999952316284,-3.1718955039978027
esol,gnn,scaffold,0,CCOC(=O)CCN(SN(C)C(=O)Oc1cccc2c1OC(C)(C)C2)C(C)C,-4.710000038146973,-4.729628562927246
esol,gnn,scaffold,0,C1=Cc2cccc3cccc1c23,-3.9600000381469727,-5.103698253631592
esol,gnn,scaffold,0,ClC1=C(Cl)C2(Cl)C3C4CC(C5OC45)C3C1(Cl)C2(Cl)Cl,-6.289999961853027,-5.119377136230469
esol,gnn,scaffold,0,CCOc1ccc(C(C)(C)COCc2cccc(Oc3ccccc3)c2)cc1,-8.600000381469727,-6.240710258483887
esol,gnn,scaffold,0,O=C1C2(Cl)C3(Cl)C4(Cl)C(Cl)(Cl)C5(Cl)C3(Cl)C1(Cl)C5(Cl)C24Cl,-5.258999824523926,-4.35273551940918
esol,gnn,scaffold,0,c1cc2cccc3c4cccc5cccc(c(c1)c23)c54,-8.803999900817871,-8.577178001403809
esol,gnn,scaffold,0,ClC1=C(Cl)C2(Cl)C3C4C=CC(C4)C3C1(Cl)C2(Cl)Cl,-6.307000160217285,-5.843208312988281
esol,gnn,scaffold,0,CC12C=CC(=O)C=C1CCC1C3CC(O)C(O)(C(=O)CO)C3(C)CC(O)C12F,-3.680000066757202,-3.740973472595215
esol,gnn,scaffold,0,CC(=O)OCC(=O)C1(O)C(OC(C)=O)CC2C3CCC4=CC(=O)C=CC4(C)C3(F)C(O)CC21C,-4.130000114440918,-4.403749465942383
esol,gnn,scaffold,0,CC12C=CC(=O)C=C1CCC1C2C(O)CC2(C)C1CCC2(O)C(=O)CO,-3.180000066757202,-4.040771484375
esol,gnn,scaffold,0,CC1CC2C3CCC4=CC(=O)C=CC4(C)C3(F)C(O)CC2(C)C1(O)C(=O)CO,-3.5899999141693115,-4.269504547119141
esol,gnn,scaffold,0,CC(=O)OCC(=O)C1(O)CCC2C3CCC4=CC(=O)C=CC4(C)C3C(O)CC21C,-4.369999885559082,-4.253931522369385
esol,gnn,scaffold,0,CCCCC(=O)OC1(C(=O)CO)C(C)CC2C3CCC4=CC(=O)C=CC4(C)C3(F)C(O)CC21C,-4.710000038146973,-5.1372785568237305
esol,gnn,scaffold,0,CC1CC2C3CC(F)C4=CC(=O)C=CC4(C)C3(F)C(O)CC2(C)C1(O)C(=O)CO,-5.61299991607666,-4.433791160583496
esol,gnn,scaffold,0,CC(=O)OCC(=O)C1(O)C(C)CC2C3CCC4=CC(=O)C=CC4(C)C3(F)C(O)CC21C,-4.900000095367432,-4.491981029510498
esol,gnn,scaffold,0,CC(=O)C1(O)CCC2C3CC(C)C4=CC(=O)C=CC4(C)C3(F)C(O)CC21C,-4.098999977111816,-4.385837078094482
esol,gnn,scaffold,0,O=C1NC(=O)C(=O)C(=O)N1,-1.25,-1.98087739944458
esol,gnn,scaffold,0,OCC1OC(OCC2OC(OC3(CO)OC(CO)C(O)C3O)C(O)C(O)C2O)C(O)C(O)C1O,-0.4099999964237213,-2.0043320655822754
esol,baseline,scaffold,1,c1ccc(CCc2ccccc2)cc1,-4.62,-4.6331261999750035
esol,baseline,scaffold,1,CCC(c1ccc(O)cc1)C(CC)c1ccc(O)cc1,-4.43,-4.994707960047621
esol,baseline,scaffold,1,OC(c1ccccc1)C(O)c1ccccc1,-1.93,-2.8247410636148333
esol,baseline,scaffold,1,O=C(Nc1ccccc1)N(Cc1ccc(Cl)cc1)C1CCCC1,-5.915,-5.529132038009048
esol,baseline,scaffold,1,CSc1nnc(C(C)(C)C)c(=O)n1N,-2.253,-1.832250157456726
esol,baseline,scaffold,1,CC12CCC3C(CCC4CC(=O)CCC43C)C1CCC2O,-4.743,-4.139080034814217
esol,baseline,scaffold,1,CC12CC1(C)C(=O)N(c1cc(Cl)cc(Cl)c1)C2=O,-4.8,-4.028907894355347
esol,baseline,scaffold,1,Cc1cc(=O)[nH]c(=S)[nH]1,-2.436,-2.6198861354777425
esol,baseline,scaffold,1,O=C(c1ccccc1)c1ccccc1,-3.12,-2.9042250144425514
esol,baseline,scaffold,1,OCC1OC(OCC2OC(OC3(CO)OC(CO)C(O)C3O)C(O)C(O)C2O)C(O)C(O)C1O,-0.41,-2.459242756956039
esol,baseline,scaffold,1,CC(=O)CC(c1ccccc1)c1c(O)c2ccccc2oc1=O,-3.893,-3.7292247063435227
esol,baseline,scaffold,1,CC(=O)CC(c1ccc(Cl)cc1)c1c(O)c2ccccc2oc1=O,-5.839,-4.356413923262542
esol,baseline,scaffold,1,Nc1nc2[nH]cnc2c(=O)[nH]1,-3.583,-2.3865384805051413
esol,baseline,scaffold,1,CCC1(c2ccccc2)CCC(=O)NC1=O,-2.337,-2.838158859447484
esol,baseline,scaffold,1,CCOC1Oc2ccc(OS(C)(=O)=O)cc2C1(C)C,-3.42,-3.2436020225569813
esol,baseline,scaffold,1,CNC(=O)Oc1cccc2c1OC(C)(C)C2,-2.8,-1.9758634300080635
esol,baseline,scaffold,1,CCOC(=O)CCN(SN(C)C(=O)Oc1cccc2c1OC(C)(C)C2)C(C)C,-4.71,-5.906594702809984
esol,baseline,scaffold,1,NC(=O)c1cnccn1,-0.667,-0.6546696269191942
esol,baseline,scaffold,1,c1ccc2c(c1)c1cccc3ccc4cccc2c4c31,-7.8,-8.128586465632173
esol,baseline,scaffold,1,CC(C)C(C(=O)OC(C#N)c1cccc(Oc2ccccc2)c1)c1ccc(OC(F)F)cc1,-6.876,-6.338343832598106
esol,baseline,scaffold,1,NS(=O)(=O)c1cc(C2(O)NC(=O)c3ccccc32)ccc1Cl,-3.451,-2.843546164005705
esol,baseline,scaffold,1,Nc1nccs1,-0.36,-0.011066358845046203
esol,baseline,scaffold,1,Cc1ccc2ccc(C)nc2c1,-1.94,-2.8986219024030992
esol,baseline,scaffold,1,Oc1ccc2ncccc2c1,-2.16,-2.005395090116089
esol,baseline,scaffold,1,Oc1cccc2ncccc12,-2.54,-1.9954831134992659
esol,baseline,scaffold,1,Oc1cccc2cccnc12,-2.42,-2.1032184048383007
esol,baseline,scaffold,1,c1ccc2ncccc2c1,-1.3,-1.561289644734838
esol,baseline,scaffold,1,c1ccc2[nH]nnc2c1,-0.78,-1.354175509498055
esol,baseline,scaffold,1,CC12CCC3C(CC=C4CC(O)CCC43C)C1CCC2=O,-4.12,-4.051981368944078
esol,baseline,scaffold,1,C=CC1(C)OC(=O)N(c2cc(Cl)cc(Cl)c2)C1=O,-4.925,-4.070090417910033
esol,baseline,scaffold,1,O=C1c2ccccc2C(=O)c2ccccc21,-5.19,-2.8771000933500583
esol,baseline,scaffold,1,c1ccc2c(c1)-c1cccc3c1c-2cc1ccccc13,-8.23,-8.095204271478504
esol,baseline,scaffold,1,CC=C(C(=CC)c1ccc(O)cc1)c1ccc(O)cc1,-4.95,-4.765154193444974
esol,baseline,scaffold,1,CN(C(=O)NC(C)(C)c1ccccc1)c1ccccc1,-3.35,-4.272465925567946
esol,baseline,scaffold,1,N#CC(OC1OC(COC2OC(CO)C(O)C(O)C2O)C(O)C(O)C1O)c1ccccc1,-0.77,-2.297367770203355
esol,baseline,scaffold,1,O=C1NC(=O)C2(CCCCC2)C(=O)N1,-3.06,-2.0532358268028634
esol,baseline,scaffold,1,c1ccc2c(c1)CCN2,-1.04,-1.8520681729236539
esol,baseline,scaffold,1,COc1cc2c(N)nc(N3CCN(C(=O)OCC(C)(C)O)CC3)nc2c(OC)c1OC,-3.638,-3.689635396935889
esol,baseline,scaffold,1,CC1=C(C(=O)Nc2ccccc2)SCCO1,-3.14,-2.7250719710777
esol,baseline,scaffold,1,COc1cc(C2c3cc4c(cc3C(OC3OC5COC(C)OC5C(O)C3O)C3COC(=O)C23)OCO4)cc(OC)c1O,-3.571,-3.063350419377992
esol,baseline,scaffold,1,c1ccc2c(c1)Cc1c-2ccc2ccccc12,-6.68,-7.396141024587649
esol,baseline,scaffold,1,Clc1c(Cl)c(Cl)c2nccnc2c1Cl,-5.43,-4.72957699875843
esol,baseline,scaffold,1,Cn1c(=O)on(-c2ccc(Cl)c(Cl)c2)c1=O,-2.82,-2.085504927381207
esol,baseline,scaffold,1,O=C(OCC(O)CO)c1ccccc1Nc1ccnc2cc(Cl)ccc12,-4.571000000000001,-4.099322838487232
esol,baseline,scaffold,1,Cc1c2ccccc2c(C)c2c1ccc1ccccc12,-7.02,-7.4804351907577935
esol,baseline,scaffold,1,Cc1c[nH]c(=O)nc1N,-1.4580000000000002,-2.0346745758197478
esol,baseline,scaffold,1,Nc1cc[nH]c(=O)n1,-1.155,-1.3888967682787523
esol,baseline,scaffold,1,Nc1nc(=O)[nH]cc1F,-0.972,-1.8347787121733223
esol,baseline,scaffold,1,CC12CCC3C(=CCc4cc(O)ccc43)C1CCC2=O,-5.282,-4.3288465819062605
esol,baseline,scaffold,1,CC12CCc3c(ccc4cc(O)ccc34)C1CCC2=O,-5.24,-4.366488116229586
esol,baseline,scaffold,1,CCC1(c2ccccc2)C(=O)NCNC1=O,-2.64,-2.3104811223972823
esol,baseline,scaffold,1,CCOP(=S)(OCC)Oc1cc(C)nc(C(C)C)n1,-3.64,-4.231049372307712
esol,baseline,scaffold,1,CCCCc1c(C)nc(N(C)C)nc1O,-2.24,-3.0133737990623293
esol,baseline,scaffold,1,c1cncnc1,1.1,0.5715938731083321
esol,baseline,scaffold,1,Cc1nc(N(C)C)nc(OC(=O)N(C)C)c1C,-1.95,-2.3846865458891724
esol,baseline,scaffold,1,CCCCc1c(C)nc(NCC)nc1OS(=O)(=O)N(C)C,-4.16,-4.030231987581705
esol,baseline,scaffold,1,ClC1=C(Cl)C2(Cl)C3C(Cl)C(Cl)CC3C1(Cl)C2(Cl)Cl,-6.86,-7.633305131545218
esol,baseline,scaffold,1,CC12CCC(CC1=O)C2(C)C,-1.96,-2.170991288957742
esol,baseline,scaffold,1,CC12CCC(C1)C(C)(C)C2=O,-1.85,-2.150087497213431
esol,baseline,scaffold,1,CCOc1ccc(C(C)(C)COCc2cccc(Oc3ccccc3)c2)cc1,-8.6,-6.510380491850933
esol,baseline,scaffold,1,COc1c2occc2cc2ccc(=O)oc12,-3.664,-2.7627649328398536
esol,baseline,scaffold,1,Clc1ccc2ccccc2c1,-4.14,-4.540578359998874
esol,baseline,scaffold,1,Cc1ccc(C)c2ccccc12,-4.14,-4.465467871559129
esol,baseline,scaffold,1,Cc1cc(C)c2ccccc2c1,-4.29,-4.364269889428663
esol,baseline,scaffold,1,CCc1cccc2ccccc12,-4.17,-4.529654020840511
esol,baseline,scaffold,1,Brc1cccc2ccccc12,-4.35,-4.520140438064699
esol,baseline,scaffold,1,Nc1cccc2ccccc12,-1.92,-2.5512987970403898
esol,baseline,scaffold,1,Oc1ccc2ccccc2c1,-2.28,-2.331868466590622
esol,baseline,scaffold,1,Brc1ccc2ccccc2c1,-4.4,-4.639368676383507
esol,baseline,scaffold,1,c1ccc2ccccc2c1,-3.6,-3.642584518915819
esol,baseline,scaffold,1,Ic1cccc2ccccc12,-4.55,-4.55495531476982
esol,baseline,scaffold,1,Cc1ccc2ccccc2c1,-3.77,-4.074844043200458
esol,baseline,scaffold,1,Clc1cccc2ccccc12,-3.93,-4.414783924446218
esol,baseline,scaffold,1,CCc1ccc2ccccc2c1,-4.29,-4.656725273704211
esol,baseline,scaffold,1,Cc1cccc2ccccc12,-3.7,-3.995560780525146
esol,baseline,scaffold,1,CCN(CC)C(=O)C(C)Oc1cccc2ccccc12,-3.57,-4.140189887818511
esol,baseline,scaffold,1,Cc1ccc2cc(C)ccc2c1,-4.89,-4.693731896284622
esol,baseline,scaffold,1,Cc1cccc2c(C)cccc12,-4.678999999999999,-4.511876782901112
esol,baseline,scaffold,1,Oc1cccc2ccccc12,-2.22,-2.3276415338414136
esol,baseline,scaffold,1,Cc1cc2ccccc2cc1C,-4.72,-4.551021086174216
esol,baseline,scaffold,1,O=[N+]([O-])c1cccc2ccccc12,-3.54,-3.1646234181464834
esol,baseline,scaffold,1,CNC(=O)Oc1cccc2ccccc12,-3.224,-2.713625744925674
esol,baseline,scaffold,1,c1ccc2c(c1)CCC2,-3.04,-2.9424331129341064
esol,baseline,scaffold,1,c1ccc(NNc2ccccc2)cc1,-2.92,-3.2183498063357545
esol,baseline,scaffold,1,CC1=C2C3OC(=O)C(C)C3CCC2(C)C=CC1=O,-3.09,-3.2481365700823353
esol,baseline,scaffold,1,c1ccc(-c2ccc(-c3ccccc3)cc2)cc1,-7.11,-7.152945850244374
esol,baseline,scaffold,1,CCC(=C(CC)c1ccc(O)cc1)c1ccc(O)cc1,-4.07,-4.904064193191478
esol,baseline,scaffold,1,Nc1ccc2cc3ccccc3cc2c1,-5.17,-4.439852771013527
esol,baseline,scaffold,1,Cc1c2ccccc2c(C)c2ccccc12,-6.57,-6.212489986442055
esol,baseline,scaffold,1,Oc1c2ccccc2cc2ccccc12,-4.73,-3.9841416845295
esol,baseline,scaffold,1,Cc1ccc2cc3ccccc3cc2c1,-6.96,-5.271781530668915
esol,baseline,scaffold,1,Cc1c2ccccc2cc2ccccc12,-5.89,-5.071864764879023
esol,baseline,scaffold,1,c1ccc2cc3ccccc3cc2c1,-6.35,-4.890244512993763
esol,baseline,scaffold,1,OC1COC(O)C(O)C1O,0.39,0.2769351540413259
esol,baseline,scaffold,1,OCC1OC(O)C(O)C(O)C1O,0.74,0.3780179986727525
esol,baseline,scaffold,1,C1CCOCC1,-0.03,-0.0938398120030834
esol,baseline,scaffold,1,Nc1ncnc2nc[nH]c12,-2.12,-1.5371009725874543
esol,baseline,scaffold,1,Nc1nc(O)nc2nc[nH]c12,-3.401,-1.9138418857586659
esol,baseline,scaffold,1,c1ccc2c(c1)ccc1c2ccc2c3ccccc3ccc21,-7.87,-8.415094296874587
esol,baseline,scaffold,1,CC1CCC(C(C)C)C(=O)C1,-2.35,-2.295713090734623
esol,baseline,scaffold,1,O=C1CCCCC1,-0.6,-0.7274340097773581
esol,baseline,scaffold,1,CC12CCC(CC1)C(C)(C)O2,-1.64,-2.970983610678961
esol,baseline,scaffold,1,c1ccc2c(c1)cnc1ccccc12,-2.78,-3.8437923625983346
esol,baseline,scaffold,1,CC1COC2CC3(C)C(CC4C5C=C6CC(O)CCC6(C)CC5CCC43C)OC2C1,-7.32,-6.013116195392984
esol,baseline,scaffold,1,CC1=CC(=O)c2ccccc2C1=O,-3.03,-2.198922217645895
esol,baseline,scaffold,1,O=C(CC(Cl)Cl)NC1=C(Cl)C(=O)c2ccccc2C1=O,-5.03,-3.9478181579987277
esol,baseline,scaffold,1,CC1CO1,-0.59,0.6888435545137477
esol,baseline,scaffold,1,OCC1OC(OC2(CO)OC(CO)C(O)C2O)C(O)C(O)C1O,0.79,-0.7610426684527999
esol,baseline,scaffold,1,c1ccc2c3c(ccc2c1)-c1cccc2cccc-3c12,-8.0,-8.00950103520339
esol,baseline,scaffold,1,c1cc2ccc3ccc4ccc5cccc6c(c1)c2c3c4c56,-9.018,-8.466548881239952
esol,baseline,scaffold,1,C1CCCCCC1,-3.51,-3.621796422098147
esol,baseline,scaffold,1,OC1CCCCCC1,-0.88,-1.0247347967382483
esol,baseline,scaffold,1,O=C(C=CC=Cc1ccc2c(c1)OCO2)N1CCCCC1,-3.46,-4.181527039036357
esol,gnn,scaffold,1,c1ccc(CCc2ccccc2)cc1,-4.619999885559082,-4.995551109313965
esol,gnn,scaffold,1,CCC(c1ccc(O)cc1)C(CC)c1ccc(O)cc1,-4.429999828338623,-4.185136795043945
esol,gnn,scaffold,1,OC(c1ccccc1)C(O)c1ccccc1,-1.9299999475479126,-2.825521230697632
esol,gnn,scaffold,1,O=C(Nc1ccccc1)N(Cc1ccc(Cl)cc1)C1CCCC1,-5.914999961853027,-5.933749198913574
esol,gnn,scaffold,1,CSc1nnc(C(C)(C)C)c(=O)n1N,-2.253000020980835,-1.947251558303833
esol,gnn,scaffold,1,CC12CCC3C(CCC4CC(=O)CCC43C)C1CCC2O,-4.743000030517578,-4.649334907531738
esol,gnn,scaffold,1,CC12CC1(C)C(=O)N(c1cc(Cl)cc(Cl)c1)C2=O,-4.800000190734863,-4.403701305389404
esol,gnn,scaffold,1,Cc1cc(=O)[nH]c(=S)[nH]1,-2.436000108718872,-2.3117215633392334
esol,gnn,scaffold,1,O=C(c1ccccc1)c1ccccc1,-3.119999885559082,-3.5987892150878906
esol,gnn,scaffold,1,OCC1OC(OCC2OC(OC3(CO)OC(CO)C(O)C3O)C(O)C(O)C2O)C(O)C(O)C1O,-0.4099999964237213,0.9907865524291992
esol,gnn,scaffold,1,CC(=O)CC(c1ccccc1)c1c(O)c2ccccc2oc1=O,-3.8929998874664307,-3.424398183822632
esol,gnn,scaffold,1,CC(=O)CC(c1ccc(Cl)cc1)c1c(O)c2ccccc2oc1=O,-5.839000225067139,-3.707926034927368
esol,gnn,scaffold,1,Nc1nc2[nH]cnc2c(=O)[nH]1,-3.5829999446868896,-2.3970513343811035
esol,gnn,scaffold,1,CCC1(c2ccccc2)CCC(=O)NC1=O,-2.3369998931884766,-2.6559362411499023
esol,gnn,scaffold,1,CCOC1Oc2ccc(OS(C)(=O)=O)cc2C1(C)C,-3.4200000762939453,-2.317763328552246
esol,gnn,scaffold,1,CNC(=O)Oc1cccc2c1OC(C)(C)C2,-2.799999952316284,-2.258575916290283
esol,gnn,scaffold,1,CCOC(=O)CCN(SN(C)C(=O)Oc1cccc2c1OC(C)(C)C2)C(C)C,-4.710000038146973,-4.838483810424805
esol,gnn,scaffold,1,NC(=O)c1cnccn1,-0.6669999957084656,-0.7142672538757324
esol,gnn,scaffold,1,c1ccc2c(c1)c1cccc3ccc4cccc2c4c31,-7.800000190734863,-7.831433296203613
esol,gnn,scaffold,1,CC(C)C(C(=O)OC(C#N)c1cccc(Oc2ccccc2)c1)c1ccc(OC(F)F)cc1,-6.875999927520752,-7.04078483581543
esol,gnn,scaffold,1,NS(=O)(=O)c1cc(C2(O)NC(=O)c3ccccc32)ccc1Cl,-3.4509999752044678,-3.2424697875976562
esol,gnn,scaffold,1,Nc1nccs1,-0.36000001430511475,-0.7009515762329102
esol,gnn,scaffold,1,Cc1ccc2ccc(C)nc2c1,-1.940000057220459,-2.7393252849578857
esol,gnn,scaffold,1,Oc1ccc2ncccc2c1,-2.1600000858306885,-1.4627691507339478
esol,gnn,scaffold,1,Oc1cccc2ncccc12,-2.5399999618530273,-1.5044697523117065
esol,gnn,scaffold,1,Oc1cccc2cccnc12,-2.4200000762939453,-1.5476963520050049
esol,gnn,scaffold,1,c1ccc2ncccc2c1,-1.2999999523162842,-1.8374398946762085
esol,gnn,scaffold,1,c1ccc2[nH]nnc2c1,-0.7799999713897705,-0.9509172439575195
esol,gnn,scaffold,1,CC12CCC3C(CC=C4CC(O)CCC43C)C1CCC2=O,-4.119999885559082,-4.435268878936768
esol,gnn,scaffold,1,C=CC1(C)OC(=O)N(c2cc(Cl)cc(Cl)c2)C1=O,-4.925000190734863,-4.064955711364746
esol,gnn,scaffold,1,O=C1c2ccccc2C(=O)c2ccccc21,-5.190000057220459,-3.7251343727111816
esol,gnn,scaffold,1,c1ccc2c(c1)-c1cccc3c1c-2cc1ccccc13,-8.229999542236328,-7.68525505065918
esol,gnn,scaffold,1,CC=C(C(=CC)c1ccc(O)cc1)c1ccc(O)cc1,-4.949999809265137,-4.062027931213379
esol,gnn,scaffold,1,CN(C(=O)NC(C)(C)c1ccccc1)c1ccccc1,-3.3499999046325684,-4.389802932739258
esol,gnn,scaffold,1,N#CC(OC1OC(COC2OC(CO)C(O)C(O)C2O)C(O)C(O)C1O)c1ccccc1,-0.7699999809265137,-0.6019108295440674
esol,gnn,scaffold,1,O=C1NC(=O)C2(CCCCC2)C(=O)N1,-3.059999942779541,-2.1579203605651855
esol,gnn,scaffold,1,c1ccc2c(c1)CCN2,-1.0399999618530273,-1.6891127824783325
esol,gnn,scaffold,1,COc1cc2c(N)nc(N3CCN(C(=O)OCC(C)(C)O)CC3)nc2c(OC)c1OC,-3.638000011444092,-2.6632964611053467
esol,gnn,scaffold,1,CC1=C(C(=O)Nc2ccccc2)SCCO1,-3.140000104904175,-3.128474712371826
esol,gnn,scaffold,1,COc1cc(C2c3cc4c(cc3C(OC3OC5COC(C)OC5C(O)C3O)C3COC(=O)C23)OCO4)cc(OC)c1O,-3.571000099182129,-3.0811338424682617
esol,gnn,scaffold,1,c1ccc2c(c1)Cc1c-2ccc2ccccc12,-6.679999828338623,-6.576726913452148
esol,gnn,scaffold,1,Clc1c(Cl)c(Cl)c2nccnc2c1Cl,-5.429999828338623,-3.85868501663208
esol,gnn,scaffold,1,Cn1c(=O)on(-c2ccc(Cl)c(Cl)c2)c1=O,-2.819999933242798,-2.9396166801452637
esol,gnn,scaffold,1,O=C(OCC(O)CO)c1ccccc1Nc1ccnc2cc(Cl)ccc12,-4.571000099182129,-4.17413330078125
esol,gnn,scaffold,1,Cc1c2ccccc2c(C)c2c1ccc1ccccc12,-7.019999980926514,-7.2284088134765625
esol,gnn,scaffold,1,Cc1c[nH]c(=O)nc1N,-1.4579999446868896,-1.4321808815002441
esol,gnn,scaffold,1,Nc1cc[nH]c(=O)n1,-1.1549999713897705,-1.2231497764587402
esol,gnn,scaffold,1,Nc1nc(=O)[nH]cc1F,-0.972000002861023,-1.7952672243118286
esol,gnn,scaffold,1,CC12CCC3C(=CCc4cc(O)ccc43)C1CCC2=O,-5.2820000648498535,-3.939533233642578
esol,gnn,scaffold,1,CC12CCc3c(ccc4cc(O)ccc34)C1CCC2=O,-5.239999771118164,-4.126415252685547
esol,gnn,scaffold,1,CCC1(c2ccccc2)C(=O)NCNC1=O,-2.640000104904175,-2.382185459136963
esol,gnn,scaffold,1,CCOP(=S)(OCC)Oc1cc(C)nc(C(C)C)n1,-3.640000104904175,-4.077173233032227
esol,gnn,scaffold,1,CCCCc1c(C)nc(N(C)C)nc1O,-2.240000009536743,-2.8371329307556152
esol,gnn,scaffold,1,c1cncnc1,1.100000023841858,0.35623955726623535
esol,gnn,scaffold,1,Cc1nc(N(C)C)nc(OC(=O)N(C)C)c1C,-1.9500000476837158,-1.9669253826141357
esol,gnn,scaffold,1,CCCCc1c(C)nc(NCC)nc1OS(=O)(=O)N(C)C,-4.159999847412109,-3.2401950359344482
esol,gnn,scaffold,1,ClC1=C(Cl)C2(Cl)C3C(Cl)C(Cl)CC3C1(Cl)C2(Cl)Cl,-6.860000133514404,-6.947660446166992
esol,gnn,scaffold,1,CC12CCC(CC1=O)C2(C)C,-1.9600000381469727,-2.1219890117645264
esol,gnn,scaffold,1,CC12CCC(C1)C(C)(C)C2=O,-1.850000023841858,-2.21572208404541
esol,gnn,scaffold,1,CCOc1ccc(C(C)(C)COCc2cccc(Oc3ccccc3)c2)cc1,-8.600000381469727,-6.221911907196045
esol,gnn,scaffold,1,COc1c2occc2cc2ccc(=O)oc12,-3.6640000343322754,-2.8465356826782227
esol,gnn,scaffold,1,Clc1ccc2ccccc2c1,-4.139999866485596,-4.410593032836914
esol,gnn,scaffold,1,Cc1ccc(C)c2ccccc12,-4.139999866485596,-4.510378360748291
esol,gnn,scaffold,1,Cc1cc(C)c2ccccc2c1,-4.289999961853027,-4.531402587890625
esol,gnn,scaffold,1,CCc1cccc2ccccc12,-4.170000076293945,-4.6128082275390625
esol,gnn,scaffold,1,Brc1cccc2ccccc12,-4.349999904632568,-4.641485214233398
esol,gnn,scaffold,1,Nc1cccc2ccccc12,-1.9199999570846558,-2.992581367492676
esol,gnn,scaffold,1,Oc1ccc2ccccc2c1,-2.2799999713897705,-2.090536117553711
esol,gnn,scaffold,1,Brc1ccc2ccccc2c1,-4.400000095367432,-4.654626846313477
esol,gnn,scaffold,1,c1ccc2ccccc2c1,-3.5999999046325684,-4.090938091278076
esol,gnn,scaffold,1,Ic1cccc2ccccc12,-4.550000190734863,-4.73245906829834
esol,gnn,scaffold,1,Cc1ccc2ccccc2c1,-3.7699999809265137,-4.162137508392334
esol,gnn,scaffold,1,Clc1cccc2ccccc12,-3.930000066757202,-4.393002510070801
esol,gnn,scaffold,1,CCc1ccc2ccccc2c1,-4.289999961853027,-4.627501964569092
esol,gnn,scaffold,1,Cc1cccc2ccccc12,-3.700000047683716,-4.15406608581543
esol,gnn,scaffold,1,CCN(CC)C(=O)C(C)Oc1cccc2ccccc12,-3.569999933242798,-3.8627007007598877
esol,gnn,scaffold,1,Cc1ccc2cc(C)ccc2c1,-4.889999866485596,-4.574965000152588
esol,gnn,scaffold,1,Cc1cccc2c(C)cccc12,-4.678999900817871,-4.500154495239258
esol,gnn,scaffold,1,Oc1cccc2ccccc12,-2.2200000286102295,-2.141126871109009
esol,gnn,scaffold,1,Cc1cc2ccccc2cc1C,-4.71999979019165,-4.545029640197754
esol,gnn,scaffold,1,O=[N+]([O-])c1cccc2ccccc12,-3.5399999618530273,-3.795778274536133
esol,gnn,scaffold,1,CNC(=O)Oc1cccc2ccccc12,-3.2239999771118164,-3.153947591781616
esol,gnn,scaffold,1,c1ccc2c(c1)CCC2,-3.0399999618530273,-3.9033660888671875
esol,gnn,scaffold,1,c1ccc(NNc2ccccc2)cc1,-2.9200000762939453,-3.023355484008789
esol,gnn,scaffold,1,CC1=C2C3OC(=O)C(C)C3CCC2(C)C=CC1=O,-3.0899999141693115,-3.485861301422119
esol,gnn,scaffold,1,c1ccc(-c2ccc(-c3ccccc3)cc2)cc1,-7.110000133514404,-5.980552673339844
esol,gnn,scaffold,1,CCC(=C(CC)c1ccc(O)cc1)c1ccc(O)cc1,-4.070000171661377,-3.808852195739746
esol,gnn,scaffold,1,Nc1ccc2cc3ccccc3cc2c1,-5.170000076293945,-4.548586368560791
esol,gnn,scaffold,1,Cc1c2ccccc2c(C)c2ccccc12,-6.570000171661377,-5.954100608825684
esol,gnn,scaffold,1,Oc1c2ccccc2cc2ccccc12,-4.730000019073486,-4.043491363525391
esol,gnn,scaffold,1,Cc1ccc2cc3ccccc3cc2c1,-6.960000038146973,-5.685299873352051
esol,gnn,scaffold,1,Cc1c2ccccc2cc2ccccc12,-5.889999866485596,-5.7203049659729
esol,gnn,scaffold,1,c1ccc2cc3ccccc3cc2c1,-6.349999904632568,-5.62971305847168
esol,gnn,scaffold,1,OC1COC(O)C(O)C1O,0.38999998569488525,0.3711721897125244
esol,gnn,scaffold,1,OCC1OC(O)C(O)C(O)C1O,0.7400000095367432,0.30742478370666504
esol,gnn,scaffold,1,C1CCOCC1,-0.029999999329447746,-0.022083044052124023
esol,gnn,scaffold,1,Nc1ncnc2nc[nH]c12,-2.119999885559082,-1.1313631534576416
esol,gnn,scaffold,1,Nc1nc(O)nc2nc[nH]c12,-3.4010000228881836,-1.765499234199524
esol,gnn,scaffold,1,c1ccc2c(c1)ccc1c2ccc2c3ccccc3ccc21,-7.869999885559082,-8.355751037597656
esol,gnn,scaffold,1,CC1CCC(C(C)C)C(=O)C1,-2.3499999046325684,-2.4062001705169678
esol,gnn,scaffold,1,O=C1CCCCC1,-0.6000000238418579,-0.352219820022583
esol,gnn,scaffold,1,CC12CCC(CC1)C(C)(C)O2,-1.6399999856948853,-2.966597080230713
esol,gnn,scaffold,1,c1ccc2c(c1)cnc1ccccc12,-2.7799999713897705,-3.8065171241760254
esol,gnn,scaffold,1,CC1COC2CC3(C)C(CC4C5C=C6CC(O)CCC6(C)CC5CCC43C)OC2C1,-7.320000171661377,-6.218766212463379
esol,gnn,scaffold,1,CC1=CC(=O)c2ccccc2C1=O,-3.0299999713897705,-2.7844817638397217
esol,gnn,scaffold,1,O=C(CC(Cl)Cl)NC1=C(Cl)C(=O)c2ccccc2C1=O,-5.03000020980835,-4.582799434661865
esol,gnn,scaffold,1,CC1CO1,-0.5899999737739563,0.5309338569641113
esol,gnn,scaffold,1,OCC1OC(OC2(CO)OC(CO)C(O)C2O)C(O)C(O)C1O,0.7900000214576721,0.43321800231933594
esol,gnn,scaffold,1,c1ccc2c3c(ccc2c1)-c1cccc2cccc-3c12,-8.0,-7.5713090896606445
esol,gnn,scaffold,1,c1cc2ccc3ccc4ccc5cccc6c(c1)c2c3c4c56,-9.017999649047852,-8.725319862365723
esol,gnn,scaffold,1,C1CCCCCC1,-3.509999990463257,-4.2693562507629395
esol,gnn,scaffold,1,OC1CCCCCC1,-0.8799999952316284,-1.1451952457427979
esol,gnn,scaffold,1,O=C(C=CC=Cc1ccc2c(c1)OCO2)N1CCCCC1,-3.4600000381469727,-3.59883975982666
esol,baseline,scaffold,2,COc1ccc(C(c2ccc(OC)cc2)C(Cl)(Cl)Cl)cc1,-6.89,-6.176879714141653
esol,baseline,scaffold,2,Clc1ccc(C(c2ccc(Cl)cc2)C(Cl)Cl)cc1,-7.2,-7.559202557115142
esol,baseline,scaffold,2,OC(c1ccccc1)c1ccccc1,-2.55,-3.0542820770233887
esol,baseline,scaffold,2,OC(c1ccc(Cl)cc1)(c1ccc(Cl)cc1)C(Cl)(Cl)Cl,-5.666,-6.1068178945503035
esol,baseline,scaffold,2,Clc1ccc(C(c2ccccc2Cl)C(Cl)Cl)cc1,-6.51,-7.285795985666068
esol,baseline,scaffold,2,CC(C)OC(=O)C(O)(c1ccc(Cl)cc1)c1cccc(Cl)c1,-4.53,-4.7057944442047885
esol,baseline,scaffold,2,CN(C)C(=O)C(c1ccccc1)c1ccccc1,-2.98,-4.1409305437770545
esol,baseline,scaffold,2,Clc1ccc(C(c2ccc(Cl)cc2)C(Cl)(Cl)Cl)cc1,-7.15,-7.499327426587262
esol,baseline,scaffold,2,c1ccc(Cc2ccccc2)cc1,-4.08,-4.418199089182455
esol,baseline,scaffold,2,CC(C)OC(=O)C(O)(c1ccc(Br)cc1)c1ccc(Br)cc1,-4.93,-5.36408142128654
esol,baseline,scaffold,2,Oc1ccc(Cl)cc1Cc1cc(Cl)ccc1O,-3.953,-4.366327903336454
esol,baseline,scaffold,2,CC(C)Oc1cc(-n2nc(C(C)(C)C)oc2=O)c(Cl)cc1Cl,-5.696000000000001,-4.441648121387346
esol,baseline,scaffold,2,CN(C)C(=O)Nc1ccc(-n2nc(C(C)(C)C)oc2=O)c(Cl)c1,-4.328,-4.126453937607373
esol,baseline,scaffold,2,Cc1cc(OC(=O)N(C)C)n(-c2ccccc2)n1,-2.09,-3.2480903137830106
esol,baseline,scaffold,2,C#CC1(O)CCC2C3CCC4=Cc5oncc5CC4(C)C3CCC21C,-5.507000000000001,-4.696107658890009
esol,baseline,scaffold,2,CCC1(c2ccccc2)CCC(=O)NC1=O,-2.337,-2.7362260037584636
esol,baseline,scaffold,2,O=C1Nc2ccc(Cl)cc2C(c2ccccc2)=NC1O,-3.952,-4.140893489557501
esol,baseline,scaffold,2,CN1C(=O)CN=C(c2ccccc2)c2cc([N+](=O)[O-])ccc21,-3.796,-3.6409890982193036
esol,baseline,scaffold,2,O=C1CN=C(c2ccccc2)c2cc([N+](=O)[O-])ccc2N1,-3.796,-4.2124208236778
esol,baseline,scaffold,2,O=C1CN=C(c2ccccc2Cl)c2cc([N+](=O)[O-])ccc2N1,-3.499,-4.538105007332722
esol,baseline,scaffold,2,CN1C(=O)CN=C(c2ccccc2)c2cc(Cl)ccc21,-3.754,-4.0335614915967195
esol,baseline,scaffold,2,O=C1Nc2ccc(Cl)cc2C(c2ccccc2Cl)=NC1O,-3.604,-4.133637043115802
esol,baseline,scaffold,2,O=C(Nc1ccccc1)Nc1ccccc1,-3.15,-3.8711020427873692
esol,baseline,scaffold,2,Cc1cc(C(=O)NNCc2ccccc2)no1,-2.461,-2.1472845053771703
esol,baseline,scaffold,2,CC(C)C(C(=O)OC(C#N)c1cccc(Oc2ccccc2)c1)c1ccc(OC(F)F)cc1,-6.876,-7.109044907777003
esol,baseline,scaffold,2,CC12CC1(C)C(=O)N(c1cc(Cl)cc(Cl)c1)C2=O,-4.8,-4.319306706210378
esol,baseline,scaffold,2,CC1(C)C(C=C(Cl)Cl)C1C(=O)OC(C#N)c1ccc(F)c(Oc2ccccc2)c1,-7.337000000000001,-7.00486366278043
esol,baseline,scaffold,2,CC1(C)C(C=C(Br)Br)C1C(=O)OC(C#N)c1cccc(Oc2ccccc2)c1,-8.402000000000001,-7.009723881095784
esol,baseline,scaffold,2,CC1(C)C(C=C(Cl)Cl)C1C(=O)OC(C#N)c1cccc(Oc2ccccc2)c1,-8.017000000000001,-7.031989924779673
esol,baseline,scaffold,2,CC1(C)C(C=C(Cl)Cl)C1C(=O)OCc1cccc(Oc2ccccc2)c1,-6.291,-7.139047807971295
esol,baseline,scaffold,2,CC1(C)C(C=C(Cl)C(F)(F)F)C1C(=O)OC(C#N)c1cccc(Oc2ccccc2)c1,-8.176,-7.026654134646434
esol,baseline,scaffold,2,CC1(C)C(C(=O)OC(C#N)c2cccc(Oc3ccccc3)c2)C1(C)C,-6.025,-6.285952300666857
esol,baseline,scaffold,2,CC(C)=CC1C(C(=O)OCc2cccc(Oc3ccccc3)c2)C1(C)C,-5.24,-6.969135172533341
esol,baseline,scaffold,2,CC1CCCCC1NC(=O)Nc1ccccc1,-4.11,-4.036495750724222
esol,baseline,scaffold,2,NS(=O)(=O)c1cc2c(cc1C(F)(F)F)NC(Cc1ccccc1)NS2(=O)=O,-3.59,-3.5798212576931703
esol,baseline,scaffold,2,c1ccc2c(c1)oc1ccccc12,-4.6,-4.203109151753555
esol,baseline,scaffold,2,C=CC1(C)OC(=O)N(c2cc(Cl)cc(Cl)c2)C1=O,-4.925,-4.069624135918621
esol,baseline,scaffold,2,Cc1c[nH]c(=O)nc1N,-1.4580000000000002,-1.8544942000212263
esol,baseline,scaffold,2,Nc1cc[nH]c(=O)n1,-1.155,-0.7360776444005295
esol,baseline,scaffold,2,Nc1nc(=O)[nH]cc1F,-0.972,-1.5460571798597558
esol,baseline,scaffold,2,CCN1c2cc(Cl)ccc2NC(=O)c2cccnc21,-5.36,-4.596771874719233
esol,baseline,scaffold,2,CCN1c2cc(OC)cc(C)c2NC(=O)c2cccnc21,-5.153,-4.180131969859452
esol,baseline,scaffold,2,CCN1c2ccccc2N(C)C(=O)c2cccnc21,-3.324,-3.776082672694606
esol,baseline,scaffold,2,CCN1c2cc(N(C)C)cc(C)c2NC(=O)c2cccnc21,-4.871,-4.052214687566259
esol,baseline,scaffold,2,c1cc2ccc3ccc4ccc5ccc6ccc1c1c2c3c4c5c61,-9.332,-7.999138867488725
esol,baseline,scaffold,2,c1ccc2c(c1)c1ccccc1c1ccccc21,-6.726,-7.339830427037189
esol,baseline,scaffold,2,ClC1=C(Cl)C(Cl)(C2(Cl)C(Cl)=C(Cl)C(Cl)=C2Cl)C(Cl)=C1Cl,-7.278,-8.59918275195275
esol,baseline,scaffold,2,COC1=C(OC)C2C(=O)OCC2C=C1,-1.899,-1.9535164364640814
esol,baseline,scaffold,2,Nc1ncnc2c1ccn2C1OC(CO)C(O)C1O,-1.95,-1.1721780954402552
esol,baseline,scaffold,2,CC12CCC3c4ccc(O)cc4CCC3C1CCC2=O,-3.955,-4.63614468029024
esol,baseline,scaffold,2,CC12CCC3C(CCC4CC5SC5CC43C)C1CCC2O,-5.41,-5.176137757693654
esol,baseline,scaffold,2,CN(C)C(=O)NC1CC2CC1C1CCCC21,-3.1710000000000003,-3.0614141191247066
esol,baseline,scaffold,2,C1=CCCC1,-2.1,-2.137896373905012
esol,baseline,scaffold,2,c1ccc2c(c1)CCC2,-3.04,-2.8461585043088182
esol,baseline,scaffold,2,c1ccc2c(c1)cnc1ccccc12,-2.78,-4.191037591624295
esol,baseline,scaffold,2,c1ccc2nc(-c3ccc4ccccc4n3)ccc2c1,-5.4,-5.796524353761435
esol,baseline,scaffold,2,Cc1ccc2c(c1)Oc1ncc(N)cc1C(=O)N2C,-3.043,-3.5771007788504225
esol,baseline,scaffold,2,CN1C(=O)c2cccnc2Oc2ccccc21,-3.672,-3.3277291031899456
esol,baseline,scaffold,2,OC1C=CC2C1C1(Cl)C(Cl)=C(Cl)C2(Cl)C1(Cl)Cl,-5.46,-5.164620125879339
esol,baseline,scaffold,2,ClC1=C(Cl)C2(Cl)C3CC=CC3C1(Cl)C2(Cl)Cl,-5.64,-6.402417440386515
esol,baseline,scaffold,2,ClC1=C(Cl)C2(Cl)C3C(Cl)C=CC3C1(Cl)C2(Cl)Cl,-6.317,-6.835039240179847
esol,baseline,scaffold,2,c1ccc(-c2ccc(-c3ccccc3)cc2)cc1,-7.11,-7.147016174233842
esol,baseline,scaffold,2,CC12CCC(=O)C=C1CCC1C2C(=O)CC2(C)C1CCC2(O)C(=O)CO,-3.11,-3.735938638626423
esol,baseline,scaffold,2,CC(=O)OCC(=O)C1(O)CCC2C3CCC4=CC(=O)CCC4(C)C3C(=O)CC21C,-4.21,-4.556682410911995
esol,baseline,scaffold,2,CCC(=C(CC)c1ccc(O)cc1)c1ccc(O)cc1,-4.07,-4.756995046711397
esol,baseline,scaffold,2,ClC(Cl)=C(c1ccc(Cl)cc1)c1ccc(Cl)cc1,-6.9,-7.569501923033529
esol,baseline,scaffold,2,CCOC(=O)c1ccccc1S(=O)(=O)NN(C=O)c1nc(Cl)cc(OC)n1,-4.5760000000000005,-3.997707409020706
esol,baseline,scaffold,2,CCCCNC(=O)n1c(NC(=O)OC)nc2ccccc21,-4.883,-3.621948873706914
esol,baseline,scaffold,2,COC(=O)C1=C(C)NC(C)=C(C(=O)OC)C1c1ccccc1[N+](=O)[O-],-4.76,-4.44256705975004
esol,baseline,scaffold,2,Cc1ccccc1N1C(=O)c2cc(S(N)(=O)=O)c(Cl)cc2NC1C,-3.78,-4.113216679477326
esol,baseline,scaffold,2,O=C1CSC(=S)N1,-1.77,-0.7653981342367384
esol,baseline,scaffold,2,c1cc2c3c(c4ccc5ccccc5c4cc3c1)CC2,-7.85,-7.2859407797131786
esol,baseline,scaffold,2,Cc1ccc2c(ccc3c4c5c(cccc5cc32)CC4)c1,-7.92,-7.371575554282082
esol,baseline,scaffold,2,COc1cc(C2c3cc4c(cc3C(OC3OC5COC(C)OC5C(O)C3O)C3COC(=O)C23)OCO4)cc(OC)c1O,-3.571,-2.5236597726163996
esol,baseline,scaffold,2,O=C(NC(=O)c1c(F)cccc1F)Nc1cc(Cl)c(F)c(Cl)c1F,-7.28,-4.766236062846771
esol,baseline,scaffold,2,O=C(NC(=O)c1c(F)cccc1F)Nc1ccc(Cl)cc1,-6.02,-3.9629035158129873
esol,baseline,scaffold,2,CCN1C(=O)c2ccccc2Oc2ccccc21,-3.68,-4.275961959665402
esol,baseline,scaffold,2,Cc1ccc2c(c1)C(=O)N(C)c1cc(N)ccc1O2,-3.928,-3.6552089142602466
esol,baseline,scaffold,2,C=C(C)C1CC=C(C)CC1,-4.26,-4.423067791567813
esol,baseline,scaffold,2,C1=CCCCC1,-2.59,-2.4259238103638174
esol,baseline,scaffold,2,CC1=CCCCC1,-3.27,-3.1491130421134423
esol,baseline,scaffold,2,CC1CCC(C(C)C)C(O)C1,-2.53,-2.191161215871689
esol,baseline,scaffold,2,OC1CCCCC1,-0.44,-0.5278115281636638
esol,baseline,scaffold,2,CCSC(=O)N(CC)C1CCCCC1,-3.4,-4.091393531637435
esol,baseline,scaffold,2,ClC1C(Cl)C(Cl)C(Cl)C(Cl)C1Cl,-4.64,-5.130741061550036
esol,baseline,scaffold,2,CC1CCC(C)CC1,-4.47,-4.139102894744461
esol,baseline,scaffold,2,C1CCCCC1,-3.1,-2.8835239581546586
esol,baseline,scaffold,2,CC1CCCCC1,-3.85,-3.5193945206095782
esol,baseline,scaffold,2,CC1CCCCC1C,-4.3,-4.237872181153565
esol,baseline,scaffold,2,CCC1CCCCC1,-4.25,-4.38739743276077
esol,baseline,scaffold,2,OC1C(O)C(O)C(O)C(O)C1O,0.35,0.2356333486200638
esol,baseline,scaffold,2,Cc1occc1C(=O)Nc1ccccc1,-3.3,-3.036134936380267
esol,baseline,scaffold,2,OCC1OC(OC2C(CO)OC(O)C(O)C2O)C(O)C(O)C1O,-0.244,-0.47953625608797845
esol,baseline,scaffold,2,C1CCOC1,0.49,-0.06433439898986393
esol,baseline,scaffold,2,CC1CCCO1,0.11,-0.36253763135822864
esol,baseline,scaffold,2,OCC1OC(O)(CO)C(O)C1O,0.64,0.29638395181496957
esol,baseline,scaffold,2,CC12CCC3C(CC=C4CC(O)CCC43C)C1CCC2=O,-4.12,-3.9983739273986525
esol,baseline,scaffold,2,CCCCC1C(=O)N(c2ccccc2)N(c2ccccc2)C1=O,-3.81,-4.703877679614891
esol,baseline,scaffold,2,CC(=O)CCC1C(=O)N(c2ccccc2)N(c2ccccc2)C1=O,-3.27,-4.275157581492654
esol,baseline,scaffold,2,CCCCC1C(=O)N(c2ccccc2)N(c2ccc(O)cc2)C1=O,-3.73,-4.57066065569824
esol,baseline,scaffold,2,CCC1(C2=CCC3CCC2C3)C(=O)NC(=O)NC1=O,-2.696,-2.987572933812
esol,baseline,scaffold,2,NS(=O)(=O)c1cc2c(cc1Cl)N=CNS2(=O)=O,-3.05,-3.146848218590256
esol,baseline,scaffold,2,CC1OC(OC2C(O)CC(OC3C(O)CC(OC4CCC5(C)C(CCC6C5CC(O)C5(C)C(C7=CC(=O)OC7)CCC65O)C4)OC3C)OC2C)CC(O)C1O,-4.081,-3.1674211198475053
esol,baseline,scaffold,2,CC1OC(OC2C(O)CC(OC3C(O)CC(OC4CCC5(C)C(CCC6C5CCC5(C)C(C7=CC(=O)OC7)CCC65O)C4)OC3C)OC2C)CC(O)C1O,-5.292999999999999,-3.6542225575028375
esol,baseline,scaffold,2,Nc1nc2[nH]cnc2c(=O)[nH]1,-3.583,-2.96685213625404
esol,baseline,scaffold,2,c1ccc2nc3ccccc3cc2c1,-3.67,-4.287014773543683
esol,baseline,scaffold,2,Nc1cccc2nc3ccccc3cc12,-4.22,-3.9788786006979144
esol,baseline,scaffold,2,C=CCC1(c2ccccc2)C(=O)NC(=O)NC1=O,-2.369,-2.5487731154610906
esol,baseline,scaffold,2,CCC1(c2ccccc2)C(=O)NC(=O)NC1=O,-2.322,-2.5795815244868705
esol,baseline,scaffold,2,COc1ccc2ccc(=O)oc2c1CC=C(C)C,-4.314,-3.914498927911246
esol,baseline,scaffold,2,CCOP(=S)(OCC)Oc1ccc2oc(=O)c(Cl)c(C)c2c1,-5.382000000000001,-5.293799617570995
esol,baseline,scaffold,2,COc1ccc(C(O)(c2cncnc2)C2CC2)cc1,-2.596,-3.2782740635180567
esol,baseline,scaffold,2,OC(c1ccc(Cl)cc1)(c1cncnc1)c1ccccc1Cl,-4.38,-4.508705443770181
esol,gnn,scaffold,2,COc1ccc(C(c2ccc(OC)cc2)C(Cl)(Cl)Cl)cc1,-6.889999866485596,-5.8570146560668945
esol,gnn,scaffold,2,Clc1ccc(C(c2ccc(Cl)cc2)C(Cl)Cl)cc1,-7.199999809265137,-6.135311126708984
esol,gnn,scaffold,2,OC(c1ccccc1)c1ccccc1,-2.549999952316284,-2.4333550930023193
esol,gnn,scaffold,2,OC(c1ccc(Cl)cc1)(c1ccc(Cl)cc1)C(Cl)(Cl)Cl,-5.665999889373779,-5.8932061195373535
esol,gnn,scaffold,2,Clc1ccc(C(c2ccccc2Cl)C(Cl)Cl)cc1,-6.510000228881836,-6.0776238441467285
esol,gnn,scaffold,2,CC(C)OC(=O)C(O)(c1ccc(Cl)cc1)c1cccc(Cl)c1,-4.53000020980835,-5.091845512390137
esol,gnn,scaffold,2,CN(C)C(=O)C(c1ccccc1)c1ccccc1,-2.9800000190734863,-3.6515936851501465
esol,gnn,scaffold,2,Clc1ccc(C(c2ccc(Cl)cc2)C(Cl)(Cl)Cl)cc1,-7.150000095367432,-6.5965166091918945
esol,gnn,scaffold,2,c1ccc(Cc2ccccc2)cc1,-4.079999923706055,-4.648695468902588
esol,gnn,scaffold,2,CC(C)OC(=O)C(O)(c1ccc(Br)cc1)c1ccc(Br)cc1,-4.929999828338623,-5.440204620361328
esol,gnn,scaffold,2,Oc1ccc(Cl)cc1Cc1cc(Cl)ccc1O,-3.953000068664551,-3.6695094108581543
esol,gnn,scaffold,2,CC(C)Oc1cc(-n2nc(C(C)(C)C)oc2=O)c(Cl)cc1Cl,-5.696000099182129,-4.087926864624023
esol,gnn,scaffold,2,CN(C)C(=O)Nc1ccc(-n2nc(C(C)(C)C)oc2=O)c(Cl)c1,-4.328000068664551,-3.6430346965789795
esol,gnn,scaffold,2,Cc1cc(OC(=O)N(C)C)n(-c2ccccc2)n1,-2.0899999141693115,-2.2101149559020996
esol,gnn,scaffold,2,C#CC1(O)CCC2C3CCC4=Cc5oncc5CC4(C)C3CCC21C,-5.506999969482422,-4.147252082824707
esol,gnn,scaffold,2,CCC1(c2ccccc2)CCC(=O)NC1=O,-2.3369998931884766,-2.782784938812256
esol,gnn,scaffold,2,O=C1Nc2ccc(Cl)cc2C(c2ccccc2)=NC1O,-3.9519999027252197,-4.086015701293945
esol,gnn,scaffold,2,CN1C(=O)CN=C(c2ccccc2)c2cc([N+](=O)[O-])ccc21,-3.7960000038146973,-4.608890533447266
esol,gnn,scaffold,2,O=C1CN=C(c2ccccc2)c2cc([N+](=O)[O-])ccc2N1,-3.7960000038146973,-4.36843204498291
esol,gnn,scaffold,2,O=C1CN=C(c2ccccc2Cl)c2cc([N+](=O)[O-])ccc2N1,-3.499000072479248,-4.8379106521606445
esol,gnn,scaffold,2,CN1C(=O)CN=C(c2ccccc2)c2cc(Cl)ccc21,-3.753999948501587,-4.76172399520874
esol,gnn,scaffold,2,O=C1Nc2ccc(Cl)cc2C(c2ccccc2Cl)=NC1O,-3.6040000915527344,-4.563655376434326
esol,gnn,scaffold,2,O=C(Nc1ccccc1)Nc1ccccc1,-3.1500000953674316,-3.4981534481048584
esol,gnn,scaffold,2,Cc1cc(C(=O)NNCc2ccccc2)no1,-2.4609999656677246,-2.053992748260498
esol,gnn,scaffold,2,CC(C)C(C(=O)OC(C#N)c1cccc(Oc2ccccc2)c1)c1ccc(OC(F)F)cc1,-6.875999927520752,-6.749739646911621
esol,gnn,scaffold,2,CC12CC1(C)C(=O)N(c1cc(Cl)cc(Cl)c1)C2=O,-4.800000190734863,-4.410464286804199
esol,gnn,scaffold,2,CC1(C)C(C=C(Cl)Cl)C1C(=O)OC(C#N)c1ccc(F)c(Oc2ccccc2)c1,-7.336999893188477,-6.414477348327637
esol,gnn,scaffold,2,CC1(C)C(C=C(Br)Br)C1C(=O)OC(C#N)c1cccc(Oc2ccccc2)c1,-8.402000427246094,-6.587398529052734
esol,gnn,scaffold,2,CC1(C)C(C=C(Cl)Cl)C1C(=O)OC(C#N)c1cccc(Oc2ccccc2)c1,-8.017000198364258,-6.238450050354004
esol,gnn,scaffold,2,CC1(C)C(C=C(Cl)Cl)C1C(=O)OCc1cccc(Oc2ccccc2)c1,-6.290999889373779,-6.146734714508057
esol,gnn,scaffold,2,CC1(C)C(C=C(Cl)C(F)(F)F)C1C(=O)OC(C#N)c1cccc(Oc2ccccc2)c1,-8.175999641418457,-6.6718034744262695
esol,gnn,scaffold,2,CC1(C)C(C(=O)OC(C#N)c2cccc(Oc3ccccc3)c2)C1(C)C,-6.025000095367432,-5.529205322265625
esol,gnn,scaffold,2,CC(C)=CC1C(C(=O)OCc2cccc(Oc3ccccc3)c2)C1(C)C,-5.239999771118164,-5.948849201202393
esol,gnn,scaffold,2,CC1CCCCC1NC(=O)Nc1ccccc1,-4.110000133514404,-3.9521074295043945
esol,gnn,scaffold,2,NS(=O)(=O)c1cc2c(cc1C(F)(F)F)NC(Cc1ccccc1)NS2(=O)=O,-3.5899999141693115,-4.437005996704102
esol,gnn,scaffold,2,c1ccc2c(c1)oc1ccccc12,-4.599999904632568,-3.3314669132232666
esol,gnn,scaffold,2,C=CC1(C)OC(=O)N(c2cc(Cl)cc(Cl)c2)C1=O,-4.925000190734863,-4.088558197021484
esol,gnn,scaffold,2,Cc1c[nH]c(=O)nc1N,-1.4579999446868896,-1.0013139247894287
esol,gnn,scaffold,2,Nc1cc[nH]c(=O)n1,-1.1549999713897705,-0.7762711048126221
esol,gnn,scaffold,2,Nc1nc(=O)[nH]cc1F,-0.972000002861023,-1.31472647190094
esol,gnn,scaffold,2,CCN1c2cc(Cl)ccc2NC(=O)c2cccnc21,-5.360000133514404,-4.147862434387207
esol,gnn,scaffold,2,CCN1c2cc(OC)cc(C)c2NC(=O)c2cccnc21,-5.1529998779296875,-4.181802749633789
esol,gnn,scaffold,2,CCN1c2ccccc2N(C)C(=O)c2cccnc21,-3.3239998817443848,-3.909177303314209
esol,gnn,scaffold,2,CCN1c2cc(N(C)C)cc(C)c2NC(=O)c2cccnc21,-4.870999813079834,-4.319103240966797
esol,gnn,scaffold,2,c1cc2ccc3ccc4ccc5ccc6ccc1c1c2c3c4c5c61,-9.331999778747559,-10.102745056152344
esol,gnn,scaffold,2,c1ccc2c(c1)c1ccccc1c1ccccc21,-6.72599983215332,-6.981149196624756
esol,gnn,scaffold,2,ClC1=C(Cl)C(Cl)(C2(Cl)C(Cl)=C(Cl)C(Cl)=C2Cl)C(Cl)=C1Cl,-7.2779998779296875,-8.334217071533203
esol,gnn,scaffold,2,COC1=C(OC)C2C(=O)OCC2C=C1,-1.8990000486373901,-2.037748098373413
esol,gnn,scaffold,2,Nc1ncnc2c1ccn2C1OC(CO)C(O)C1O,-1.9500000476837158,-2.028081178665161
esol,gnn,scaffold,2,CC12CCC3c4ccc(O)cc4CCC3C1CCC2=O,-3.9549999237060547,-3.9000682830810547
esol,gnn,scaffold,2,CC12CCC3C(CCC4CC5SC5CC43C)C1CCC2O,-5.409999847412109,-4.979884624481201
esol,gnn,scaffold,2,CN(C)C(=O)NC1CC2CC1C1CCCC21,-3.1710000038146973,-3.7532131671905518
esol,gnn,scaffold,2,C1=CCCC1,-2.0999999046325684,-2.6440274715423584
esol,gnn,scaffold,2,c1ccc2c(c1)CCC2,-3.0399999618530273,-3.494227409362793
esol,gnn,scaffold,2,c1ccc2c(c1)cnc1ccccc12,-2.7799999713897705,-3.5412027835845947
esol,gnn,scaffold,2,c1ccc2nc(-c3ccc4ccccc4n3)ccc2c1,-5.400000095367432,-4.387001037597656
esol,gnn,scaffold,2,Cc1ccc2c(c1)Oc1ncc(N)cc1C(=O)N2C,-3.0429999828338623,-3.4171626567840576
esol,gnn,scaffold,2,CN1C(=O)c2cccnc2Oc2ccccc21,-3.671999931335449,-3.158712863922119
esol,gnn,scaffold,2,OC1C=CC2C1C1(Cl)C(Cl)=C(Cl)C2(Cl)C1(Cl)Cl,-5.460000038146973,-4.726615905761719
esol,gnn,scaffold,2,ClC1=C(Cl)C2(Cl)C3CC=CC3C1(Cl)C2(Cl)Cl,-5.639999866485596,-5.67402458190918
esol,gnn,scaffold,2,ClC1=C(Cl)C2(Cl)C3C(Cl)C=CC3C1(Cl)C2(Cl)Cl,-6.316999912261963,-5.9679789543151855
esol,gnn,scaffold,2,c1ccc(-c2ccc(-c3ccccc3)cc2)cc1,-7.110000133514404,-6.537707328796387
esol,gnn,scaffold,2,CC12CCC(=O)C=C1CCC1C2C(=O)CC2(C)C1CCC2(O)C(=O)CO,-3.109999895095825,-3.3623743057250977
esol,gnn,scaffold,2,CC(=O)OCC(=O)C1(O)CCC2C3CCC4=CC(=O)CCC4(C)C3C(=O)CC21C,-4.210000038146973,-3.6243250370025635
esol,gnn,scaffold,2,CCC(=C(CC)c1ccc(O)cc1)c1ccc(O)cc1,-4.070000171661377,-4.044173240661621
esol,gnn,scaffold,2,ClC(Cl)=C(c1ccc(Cl)cc1)c1ccc(Cl)cc1,-6.900000095367432,-6.800258636474609
esol,gnn,scaffold,2,CCOC(=O)c1ccccc1S(=O)(=O)NN(C=O)c1nc(Cl)cc(OC)n1,-4.576000213623047,-3.894045829772949
esol,gnn,scaffold,2,CCCCNC(=O)n1c(NC(=O)OC)nc2ccccc21,-4.882999897003174,-3.5897457599639893
esol,gnn,scaffold,2,COC(=O)C1=C(C)NC(C)=C(C(=O)OC)C1c1ccccc1[N+](=O)[O-],-4.760000228881836,-3.942530632019043
esol,gnn,scaffold,2,Cc1ccccc1N1C(=O)c2cc(S(N)(=O)=O)c(Cl)cc2NC1C,-3.7799999713897705,-4.409672260284424
esol,gnn,scaffold,2,O=C1CSC(=S)N1,-1.7699999809265137,-1.7110345363616943
esol,gnn,scaffold,2,c1cc2c3c(c4ccc5ccccc5c4cc3c1)CC2,-7.849999904632568,-7.543910026550293
esol,gnn,scaffold,2,Cc1ccc2c(ccc3c4c5c(cccc5cc32)CC4)c1,-7.920000076293945,-7.794118404388428
esol,gnn,scaffold,2,COc1cc(C2c3cc4c(cc3C(OC3OC5COC(C)OC5C(O)C3O)C3COC(=O)C23)OCO4)cc(OC)c1O,-3.571000099182129,-3.977389335632324
esol,gnn,scaffold,2,O=C(NC(=O)c1c(F)cccc1F)Nc1cc(Cl)c(F)c(Cl)c1F,-7.28000020980835,-5.463617324829102
esol,gnn,scaffold,2,O=C(NC(=O)c1c(F)cccc1F)Nc1ccc(Cl)cc1,-6.019999980926514,-4.378086090087891
esol,gnn,scaffold,2,CCN1C(=O)c2ccccc2Oc2ccccc21,-3.680000066757202,-4.373071670532227
esol,gnn,scaffold,2,Cc1ccc2c(c1)C(=O)N(C)c1cc(N)ccc1O2,-3.927999973297119,-4.2459564208984375
esol,gnn,scaffold,2,C=C(C)C1CC=C(C)CC1,-4.260000228881836,-4.155490398406982
esol,gnn,scaffold,2,C1=CCCCC1,-2.5899999141693115,-3.1849865913391113
esol,gnn,scaffold,2,CC1=CCCCC1,-3.2699999809265137,-3.2872095108032227
esol,gnn,scaffold,2,CC1CCC(C(C)C)C(O)C1,-2.5299999713897705,-3.2344870567321777
esol,gnn,scaffold,2,OC1CCCCC1,-0.4399999976158142,-1.1725623607635498
esol,gnn,scaffold,2,CCSC(=O)N(CC)C1CCCCC1,-3.4000000953674316,-3.780930280685425
esol,gnn,scaffold,2,ClC1C(Cl)C(Cl)C(Cl)C(Cl)C1Cl,-4.639999866485596,-4.569668292999268
esol,gnn,scaffold,2,CC1CCC(C)CC1,-4.46999979019165,-4.3819403648376465
esol,gnn,scaffold,2,C1CCCCC1,-3.0999999046325684,-3.9953112602233887
esol,gnn,scaffold,2,CC1CCCCC1,-3.8499999046325684,-4.090800762176514
esol,gnn,scaffold,2,CC1CCCCC1C,-4.300000190734863,-4.340288162231445
esol,gnn,scaffold,2,CCC1CCCCC1,-4.25,-4.513378620147705
esol,gnn,scaffold,2,OC1C(O)C(O)C(O)C(O)C1O,0.3499999940395355,-0.567620038986206
esol,gnn,scaffold,2,Cc1occc1C(=O)Nc1ccccc1,-3.299999952316284,-2.3954861164093018
esol,gnn,scaffold,2,OCC1OC(OC2C(CO)OC(O)C(O)C2O)C(O)C(O)C1O,-0.24400000274181366,-0.5528974533081055
esol,gnn,scaffold,2,C1CCOC1,0.49000000953674316,-0.026753664016723633
esol,gnn,scaffold,2,CC1CCCO1,0.10999999940395355,-0.524160623550415
esol,gnn,scaffold,2,OCC1OC(O)(CO)C(O)C1O,0.6399999856948853,0.2940518856048584
esol,gnn,scaffold,2,CC12CCC3C(CC=C4CC(O)CCC43C)C1CCC2=O,-4.119999885559082,-3.8702239990234375
esol,gnn,scaffold,2,CCCCC1C(=O)N(c2ccccc2)N(c2ccccc2)C1=O,-3.809999942779541,-5.050017356872559
esol,gnn,scaffold,2,CC(=O)CCC1C(=O)N(c2ccccc2)N(c2ccccc2)C1=O,-3.2699999809265137,-4.325350761413574
esol,gnn,scaffold,2,CCCCC1C(=O)N(c2ccccc2)N(c2ccc(O)cc2)C1=O,-3.7300000190734863,-4.528905868530273
esol,gnn,scaffold,2,CCC1(C2=CCC3CCC2C3)C(=O)NC(=O)NC1=O,-2.696000099182129,-3.4927327632904053
esol,gnn,scaffold,2,NS(=O)(=O)c1cc2c(cc1Cl)N=CNS2(=O)=O,-3.049999952316284,-2.996131181716919
esol,gnn,scaffold,2,CC1OC(OC2C(O)CC(OC3C(O)CC(OC4CCC5(C)C(CCC6C5CC(O)C5(C)C(C7=CC(=O)OC7)CCC65O)C4)OC3C)OC2C)CC(O)C1O,-4.080999851226807,-4.334346294403076
esol,gnn,scaffold,2,CC1OC(OC2C(O)CC(OC3C(O)CC(OC4CCC5(C)C(CCC6C5CCC5(C)C(C7=CC(=O)OC7)CCC65O)C4)OC3C)OC2C)CC(O)C1O,-5.293000221252441,-4.77656888961792
esol,gnn,scaffold,2,Nc1nc2[nH]cnc2c(=O)[nH]1,-3.5829999446868896,-2.2307205200195312
esol,gnn,scaffold,2,c1ccc2nc3ccccc3cc2c1,-3.6700000762939453,-3.7310104370117188
esol,gnn,scaffold,2,Nc1cccc2nc3ccccc3cc12,-4.21999979019165,-3.402167797088623
esol,gnn,scaffold,2,C=CCC1(c2ccccc2)C(=O)NC(=O)NC1=O,-2.36899995803833,-2.9984242916107178
esol,gnn,scaffold,2,CCC1(c2ccccc2)C(=O)NC(=O)NC1=O,-2.322000026702881,-2.8374035358428955
esol,gnn,scaffold,2,COc1ccc2ccc(=O)oc2c1CC=C(C)C,-4.314000129699707,-3.6047825813293457
esol,gnn,scaffold,2,CCOP(=S)(OCC)Oc1ccc2oc(=O)c(Cl)c(C)c2c1,-5.381999969482422,-4.844014644622803
esol,gnn,scaffold,2,COc1ccc(C(O)(c2cncnc2)C2CC2)cc1,-2.5959999561309814,-2.9199728965759277
esol,gnn,scaffold,2,OC(c1ccc(Cl)cc1)(c1cncnc1)c1ccccc1Cl,-4.380000114440918,-4.29642915725708
