dataset,model,split,seed,smiles,y_true,y_pred
lipo,baseline,random,0,CN(C)CCCNS(=O)(=O)c1ccc(Nc2nccc(-c3cnc4cccnn34)n2)cc1,1.4,1.9881992152952355
lipo,baseline,random,0,CC(=O)Nc1ccc2cnn(-c3cc(NC4CC4)n4ncc(C#N)c4n3)c2c1,3.44,2.7709585844792115
lipo,baseline,random,0,CCCc1c(OCc2ccc(-c3nn[nH]n3)cc2)ccc(C(C)=O)c1O,3.1,2.3658052533169824
lipo,baseline,random,0,Cc1cn([C@H]2CCCN(Cc3ccc(C(=O)O)c(Oc4cccc(Cl)c4)c3)C2)c(=O)[nH]c1=O,-0.55,-0.46338736194121405
lipo,baseline,random,0,Cc1ccc(NC(=O)c2cncs2)cc1-n1cnc2ccc(N3CCN(C)CC3)cc2c1=O,2.11,2.138756293793953
lipo,baseline,random,0,CNS(=O)(=O)c1ccc2c(C(=O)NC[C@@H](O)CN3CCC(Oc4ccc(Cl)c(Cl)c4)CC3)c[nH]c(=O)c2c1,2.77,2.3019124827831443
lipo,baseline,random,0,O=C(CC1CCN(Cc2ccn(-c3ccc(C(F)(F)F)cc3)c2)CC1)NC(c1ccc(F)cc1)c1c[nH]c(=O)c(Cl)c1,3.12,3.5133430178717457
lipo,baseline,random,0,C[C@@H]1CN(C(=O)OC(C)(C)C)CCN1c1ncc(OCc2ccncc2C#N)cn1,3.33,3.1343319891656236
lipo,baseline,random,0,CO[C@H]1CN(Cc2ccc(C(F)(F)F)cc2)CC[C@H]1N(C)C(=O)Cc1ccc(-n2cnnn2)cc1,3.0,3.050134611231608
lipo,baseline,random,0,CCN(CC)c1ccc2cc(C(=O)O)c(=O)oc2c1,-0.2,0.0803424450689931
lipo,baseline,random,0,Cc1ccc(S(=O)(=O)Nc2c(C(=O)NC3CCCCC3)c(C)nn2-c2ccccc2)cc1,1.68,1.5415299467772736
lipo,baseline,random,0,NC(Cc1ccccc1)c1ccccc1,1.32,1.4260301934632773
lipo,baseline,random,0,COc1cccc(NC(=O)c2cccc(Cc3c(C)nn(CCO)c3-c3ccccc3)c2)c1,4.29,2.7022966998258005
lipo,baseline,random,0,COc1cc2ncn(-c3cc(OCc4ccccc4C(F)(F)F)c(C(=O)O)s3)c2cc1OC,0.84,2.1945316015314535
lipo,baseline,random,0,CC(=O)Nc1ccc2ccn(-c3cc(NC4COC4)n4ncc(C#N)c4n3)c2c1,2.24,2.729405362224878
lipo,baseline,random,0,CCC(=O)N1CCN(C(=O)c2cc(Cc3n[nH]c(=O)c4ccccc34)ccc2F)CC1,1.22,1.3757575588365163
lipo,baseline,random,0,Oc1ccc(CCc2ccc(O)cc2)cc1,3.3,2.5620356002261704
lipo,baseline,random,0,CCOc1ccc2oc(C(=O)NC(CCSC)c3nc4ncccc4[nH]3)c(C)c2c1,4.23,3.8025215265423813
lipo,baseline,random,0,CC[C@H](NC(=O)c1c([S+](C)[O-])c(-c2cccc(F)c2)nc2ccccc12)c1ccccc1,3.14,3.3277596153121336
lipo,baseline,random,0,O=C(CN1C(=O)C(NC(=O)c2cc3cc(Cl)sc3[nH]2)Cc2ccccc21)NCCO,3.05,2.8442859859993574
lipo,baseline,random,0,O=C(NCC1CCCCN1)c1cc(OCC(F)(F)F)ccc1OCC(F)(F)F,1.13,2.41501362686948
lipo,baseline,random,0,CC(C)C(NC(=O)Cn1c(-c2ccccc2)ncc(NC(=O)OCC(F)(F)F)c1=O)C(=O)C(F)(F)F,2.37,1.9704401770610516
lipo,baseline,random,0,C[C@H](Nc1nc(Nc2cc(C3CC3)[nH]n2)cnc1C#N)c1ccc(F)cn1,3.18,2.9979289813237613
lipo,baseline,random,0,CC(=O)NC[C@H]1CN(c2ccc(N3CCOCC3)c(F)c2)C(=O)O1,0.67,0.9948980904415818
lipo,baseline,random,0,COc1cc(F)ccc1-c1cncc(CNC2CCC2)n1,2.23,1.7935211353198401
lipo,baseline,random,0,COc1cccc(C(=O)Nc2ccc(C)c(-n3cnc4ccc(N5CCN(C)CC5)cc4c3=O)c2)c1,3.08,2.9054567159594944
lipo,baseline,random,0,O=C(Nc1ccc(S(=O)(=O)N2CCOCC2)cc1)c1cc(Cl)ccc1NS(=O)(=O)c1ccc(Cl)s1,3.02,2.3672663123721778
lipo,baseline,random,0,NS(=O)(=O)c1cccc(Nc2nccc(Nc3c(Cl)ccc4c3OCO4)n2)c1,2.97,2.925357637009588
lipo,baseline,random,0,CCCc1nn(C)c2c(=O)[nH]c(-c3cc(S(=O)(=O)N4CCN(C)CC4)ccc3OCC)nc12,2.8,1.1804100664641477
lipo,baseline,random,0,N=C(N)Nc1ccc(Cl)c(Cl)c1,-0.31,0.41972052970866713
lipo,baseline,random,0,CS(=O)(=O)c1ccc(Oc2ccc(C#C[C@]3(O)CN4CCC3CC4)cc2)cc1,1.51,2.28087306679472
lipo,baseline,random,0,O=c1[nH]c2c(O)ccc([C@@H](O)CNCCCSCCOCCc3ccccc3)c2s1,2.3,2.038924378618265
lipo,baseline,random,0,C[C@@](O)(C(=O)Nc1ccc(S(=O)(=O)NCCN2CCOCC2)cc1Cl)C(F)(F)F,2.14,2.1459476886786186
lipo,baseline,random,0,CNC(=O)c1ccc(Nc2ncc(F)c(-c3cnc(C)n3C(C)C)n2)cc1,3.0,2.754837054581052
lipo,baseline,random,0,O=C(/C=C/Sc1nc[nH]n1)c1ccc(Cl)cc1,3.1,2.5422623809937215
lipo,baseline,random,0,O=C(NS(=O)(=O)N1CCC(N2CCC(Oc3ccc(Cl)c(Cl)c3)CC2)CC1)c1ccccc1,2.14,2.2016978506333844
lipo,baseline,random,0,CC(C)Cn1c(=O)n(C)c(=O)c2c(SCCCO)c(Cc3ccccc3C(F)(F)F)sc21,4.05,3.9919360268057145
lipo,baseline,random,0,Cc1cc(C)nc(SCC(=O)Nc2cc(C)on2)n1,1.52,2.071451917400364
lipo,baseline,random,0,CC1(C)CNC(=O)c2sc(N3CCOCC3)nc2C1,1.29,2.1131221924195644
lipo,baseline,random,0,CC(C)C[C@H](NC(=O)N1CCOCC1)C(=O)NCC#N,0.08,1.0277666844914366
lipo,baseline,random,0,O=c1oc2ccccc2c(O)c1Cc1c(O)c2ccccc2oc1=O,1.22,2.0293928509964108
lipo,baseline,random,0,CC(C)CNc1nc(C#N)nc(N2CCOCC2)c1N,2.79,2.6023628560113736
lipo,baseline,random,0,O=S(=O)(CCCNCCc1ccc(O)c2nc(O)sc12)NCCOCCc1cccc(Cl)c1,1.92,2.2225129528179846
lipo,baseline,random,0,O=[N+]([O-])c1ccc(C=NO)o1,1.31,0.37133214756632016
lipo,baseline,random,0,Cc1nn(C)c2cc(N3CCN(C(=O)[C@@H]4CCCC[C@H]4C(=O)NC4(C#N)CC4)[C@H](C)C3)ccc12,2.7,2.8062650596340393
lipo,baseline,random,0,O=C(Nc1ccc(F)cc1)c1ccc(Cl)[n+]([O-])c1,1.38,2.2080645304660913
lipo,baseline,random,0,O=[N+]([O-])c1c(Cl)c(Cl)cc2nc(O)c(O)nc12,0.21,1.879722788870154
lipo,baseline,random,0,N#C[C@]1(NC(=O)[C@@H](N)Cc2cccs2)C[C@H]1c1ccccc1,1.5,1.3044494457779667
lipo,baseline,random,0,Cc1nc(CS(=O)(=O)c2ccc(Cl)cc2)cc(N2CCOCC2)n1,1.8,2.1533868300149734
lipo,baseline,random,0,CC(=O)Nc1ccc2ccn(-c3cc(NCCN4CCCC4)n4ncc(C#N)c4n3)c2c1,2.24,2.3950097002237634
lipo,baseline,random,0,CNc1nc2nc(SCc3cccc(F)c3F)nc(N[C@H](C)CO)c2s1,3.7,3.5069532240279657
lipo,baseline,random,0,CNC1=Nc2ncccc2C(c2ccco2)=NC1c1cccs1,1.85,2.2592633180263504
lipo,baseline,random,0,Cc1cc(Oc2ccnc(Nc3ccc(S(N)(=O)=O)cc3)c2)c(-c2ccccn2)nc1C,2.34,2.63708538268651
lipo,baseline,random,0,CC(C)C[C@H](NC(=O)N1CCOCC1)C(=O)N[C@H](/C=C/S(=O)(=O)c1ccccc1)CCc1ccccc1,3.4,2.085529435338462
lipo,baseline,random,0,O=C(NC[C@@H](O)CN1CCC(Oc2ccc(Cl)c(Cl)c2)CC1)c1n[nH]c(=O)c2ccccc12,3.69,2.698954900975039
lipo,baseline,random,0,CCN1CCC[C@@H](CN2CCN(C(=O)Nc3ccc(Cl)c(Cl)c3)CC2)C1,1.94,1.874419347827284
lipo,baseline,random,0,CCN(CC)S(=O)(=O)c1ccc(NC(=O)C(C)(O)C(F)(F)F)cc1,2.63,2.4241261013153257
lipo,baseline,random,0,COc1cc(OC)nc(-n2ncc(Cl)c(Cl)c2=O)n1,1.4,1.6809058718511334
lipo,baseline,random,0,Cc1ccc2c(c1)c(Sc1ccccc1)c(CC(=O)O)n2C,1.74,2.0310114795941976
lipo,baseline,random,0,CC1(C)CCC(c2ccc(Cl)cc2)=C(CN2CCN(c3ccc(C(=O)NS(=O)(=O)c4ccc(N[C@H](CCN5CCOCC5)CSc5ccccc5)c(S(=O)(=O)C(F)(F)F)c4)cc3)CC2)C1,0.64,4.218126642605183
lipo,baseline,random,0,N#Cc1ccc(CN2CCN(c3ccc4nnc(C(F)(F)F)n4n3)CC2)cc1,2.9,2.789761850636367
lipo,baseline,random,0,CNc1cccc(CCOc2ccc(C[C@H](NC(=O)c3c(Cl)cccc3Cl)C(=O)O)cc2)n1,-0.15,-0.2618238819013167
lipo,baseline,random,0,N#Cc1cccc(-c2ccc(C3(CNC(=O)Nc4cc(Cl)cc(Cl)c4)CCN(CC4CC4)CC3)cc2)c1,3.37,3.7766143932166556
lipo,baseline,random,0,COc1cc(CCc2cc(Nc3ccnc(NCc4cc(C)no4)n3)n[nH]2)cc(OC)c1,3.1,3.4682207491993964
lipo,baseline,random,0,CN(C(=O)Cc1ccc(-n2cnnn2)cc1)[C@@H]1CCN(Cc2ccc(C(F)(F)F)cn2)C[C@@H]1F,2.1,2.0520465819389173
lipo,baseline,random,0,CCCSc1nc(N2CCCC(C(=O)O)C2)ccc1C(=O)NC1CCCCC1,1.72,2.4132406865974065
lipo,baseline,random,0,CC(=O)NCC(NC(=O)C1(N)CCN(c2ncnc3[nH]ccc23)CC1)c1ccc(Cl)cc1,2.4,2.460710092609503
lipo,baseline,random,0,CCCSc1nc(N2CCOCC2)ccc1C(=O)N[C@H]1C2CC3CC1C[C@](O)(C3)C2,3.2,2.5769232197744376
lipo,baseline,random,0,COC(=O)c1ccc(CC(=O)N(C)C2CCN(CCC(c3ccccc3)c3ccccc3)CC2)cc1,4.0,3.554227112300531
lipo,baseline,random,0,CC(C)(C)NC(=O)Nc1ccc(-c2c(N)nc(N)nc2COCc2ccccc2)cc1,3.09,1.9622373607868195
lipo,baseline,random,0,CCNC(=O)C[C@@H]1N=C(c2ccc(Cl)cc2)c2cc(OC)ccc2-n2c(C)nnc21,2.46,2.56043725965285
lipo,baseline,random,0,NC(=O)c1ccc(-c2cc3c(N[C@H]4CCCNC4)ncc(C(N)=O)c3s2)cc1,0.28,1.5010455652446004
lipo,baseline,random,0,C[C@H](N)C(=O)N[C@H](/C=C/S(=O)(=O)c1ccccc1)CCc1ccccc1,1.66,1.523392059043445
lipo,baseline,random,0,Cn1nnc(-c2ccc(-c3ccc(N4C[C@H](COc5ccon5)OC4=O)cc3F)cn2)n1,1.24,2.50943111934732
lipo,baseline,random,0,Cc1nc(C)c(-c2ccc3c(c2)CC[C@]32CC[C@@H](C(=O)O)CC2)nc1C(N)=O,1.2,1.4444189490353532
lipo,baseline,random,0,Cc1ccc(-c2ccc(N)nn2)cc1NC(=O)c1ccc(OCc2ccccn2)cc1,2.47,2.298484659115081
lipo,baseline,random,0,CC(C)C(=O)Nc1ccc([N+](=O)[O-])c(C(F)(F)F)c1,3.46,2.4490431758332303
lipo,baseline,random,0,N#CCNC(=O)[C@@H]1CCCC[C@H]1C(=O)N1CCc2ccccc2C1,1.91,1.9293367982018035
lipo,baseline,random,0,Cc1ccc(S(=O)(=O)Nc2c(C(=O)N[C@@H](C)C(C)(C)C)c(C)nn2C2CCS(=O)(=O)CC2)cc1,0.25,0.6580178766237329
lipo,baseline,random,0,CCC[C@@H](c1ccc(C(=O)O)c(Oc2cccc(Cl)c2)c1)N1CCC[C@H](n2cc(C)c(=O)[nH]c2=O)C1,0.5,0.6925287834349237
lipo,baseline,random,0,CC1CCc2cc(F)cc3c(=O)c(C(=O)O)cn1c23,0.74,-0.15235408321125787
lipo,baseline,random,0,O=C(NCCCNc1nc(Nc2cccc(NC(=O)N3CCCC3)c2)ncc1Br)c1cccs1,4.13,2.757603622791523
lipo,baseline,random,0,COc1cc(N2CCN(C(C)=O)CC2)ccc1Nc1ncc(C#N)c(-c2cnc3ccccn23)n1,2.8,2.507276147198213
lipo,baseline,random,0,Cc1ccc(CO)cc1N(C)c1ccnc(Nc2cc(N3CCOCC3)nc(N3CCOCC3)n2)n1,3.9,2.5700819581307424
lipo,baseline,random,0,COc1cc2nnc(C(N)=O)c(Nc3cc(C)ccc3F)c2cc1N1CCN(C)CC1,2.57,2.3783827383863225
lipo,baseline,random,0,CCOc1cc2nnc(C(N)=O)c(Nc3cc(C)ccc3F)c2cc1N1CCN(C)CC1,3.02,2.6135894603298784
lipo,baseline,random,0,Clc1ccc(C(c2ccccc2)N2CCNCC2)cc1,1.94,0.8468081921670312
lipo,baseline,random,0,Cc1ccc(S(=O)(=O)Nc2c(C(=O)NC3CCOCC3)c(C)nn2-c2ccccc2)cc1,0.16,0.8461379825432994
lipo,baseline,random,0,Cc1cnc(-c2cc(NC(=O)c3ccc(C(F)(F)F)nc3C)ccc2Cl)[nH]1,3.3,3.592104872381798
lipo,baseline,random,0,Cc1ccc2[nH]c(C(=O)N3CCN(C)CC3)cc2c1,2.22,1.9794577602089718
lipo,baseline,random,0,C[C@H](CO)Nc1nc(SCc2cccc(F)c2F)nc2[nH]c(=O)c(C#N)cc12,3.32,2.706335094308086
lipo,baseline,random,0,COc1cc(N2CCN(C(C)=O)CC2)ccc1Nc1ncc(C)c(-c2cnc3ccccn23)n1,2.9,3.35011116253821
lipo,baseline,random,0,CCCSc1nc(N2CCC(C(=O)O)CC2)ccc1C(=O)NC1CCCCC1,1.6,2.206098675982526
lipo,baseline,random,0,CCC(CC)NC(=O)c1cnn(-c2ccccc2)c1NS(=O)(=O)c1ccc(-c2cnco2)cc1,0.8,1.022207261967012
lipo,baseline,random,0,Clc1cccc(-c2cnc3ccc(NC4CCOCC4)nn23)c1,4.3,3.1904815472129773
lipo,baseline,random,0,O=C(Nc1cccc(O)c1)c1ccc(OCCCN2CCCC2)cc1OCc1cscn1,1.56,1.9838202949628352
lipo,baseline,random,0,COCC(=O)N1CCC(n2cc(-c3cnc(N)c(-c4nc5ccccc5o4)c3)cn2)CC1,3.4,2.8297247098624854
lipo,baseline,random,0,Cc1ncc(-c2ccnc(Nc3ccc(N4CCN(S(=O)(=O)CCN(C)C)CC4)cc3)n2)n1C(C)C,2.52,1.761739425558422
lipo,baseline,random,0,COc1cc2ncc(C(N)=O)c(Nc3cc(C)ccc3F)c2cc1OC,3.16,3.178196050875087
lipo,baseline,random,0,O=c1oc2ccccc2cc1-c1ccccc1,3.22,3.3426269362202974
lipo,baseline,random,0,O=c1c(-c2ccc([N+](=O)[O-])cc2)coc2cc(O)cc(O)c12,3.24,3.03308920413528
lipo,baseline,random,0,C=C(CC)C(=O)c1ccc(OCC(=O)O)c(Cl)c1Cl,0.02,0.40597673754682895
lipo,baseline,random,0,C[C@H](Cc1cccc(CC(=O)NC23CC4CC(CC(C4)C2)C3)c1)NC[C@H](O)c1ccc(O)c(CO)c1,2.4,1.5600653028996272
lipo,baseline,random,0,COc1cc2c(Nc3ccc(Cl)cc3F)ncnc2cc1OCC1CCNCC1,1.1,1.7518024108442385
lipo,baseline,random,0,O=C1/C(=N\O)c2ccccc2N1Cc1ccccc1[N+](=O)[O-],2.07,1.8616788990342679
lipo,baseline,random,0,C[C@H]1O[C@@H](n2cnc3c(N)nc(O[C@H]4CC[C@H](C)CC4)nc32)[C@H](O)[C@@H]1O,2.35,1.740746233554604
lipo,baseline,random,0,Cc1ccc(S(=O)(=O)Nc2c(C(=O)N(C)C3CCCCC3)cnn2-c2ccccc2)cc1,2.01,1.1551786780072855
lipo,baseline,random,0,O=C(CC12CC3CC(CC(C3)C1)C2)Nc1ccc2[nH]ncc2c1,4.03,3.873308561580691
lipo,baseline,random,0,CCC[C@@H](CN1CCCC1)N(C)C(=O)Cc1ccc(Cl)c(Cl)c1,2.27,2.7425487601947873
lipo,baseline,random,0,O=C(N[C@@H](Cc1ccccc1)[C@@H](O)C(=O)N1C[C@@H](O)[C@@H](O)C1)c1cc2cc(Cl)ccc2[nH]1,2.8,2.223235597210934
lipo,baseline,random,0,C[C@@H]1CN(Cc2ccc(F)cc2)[C@@H](C)CN1C(=O)c1cc2c(C(=O)C(=O)N(C)C)cn(C)c2cc1Cl,3.6,3.4331929136457147
lipo,baseline,random,0,Cc1ccc2c(c1)c(-c1ccnc3cc(C(F)(F)F)ccc13)c(C)n2CC(=O)O,1.78,1.9907795553733478
lipo,baseline,random,0,Cc1nnc2n1-c1ccc(Cl)cc1C(c1ccccc1Cl)=NC2,2.34,2.7016038616411824
lipo,baseline,random,0,COC[C@H](C)Oc1cc(Oc2ccc(S(C)(=O)=O)cc2)cc(C(=O)Nc2ccc(C(=O)O)cn2)c1,-0.41,0.20321814520889703
lipo,baseline,random,0,CN(C)c1ccnc2sc(C(N)=O)c(N)c12,1.7,1.0593957367291185
lipo,baseline,random,0,CC[C@@H]1C(=O)OC[C@@H]1Cc1cncn1C,-0.37,0.7467337904664396
lipo,baseline,random,0,COc1c(C)c2c(c(O)c1C/C=C(\C)CCC(=O)OCCN1CCOCC1)C(=O)OC2,2.26,1.7757426059535235
lipo,baseline,random,0,COc1ccc2c(C)cc(N[C@H]3CCC[C@H](NCc4ccsc4)C3)nc2c1,2.46,2.5906028894516853
lipo,baseline,random,0,COc1cc(N2CCN(C(C)=O)CC2)ccc1Nc1ncc(Cl)c(-c2cnc3c(C)cccn23)n1,3.2,3.593034929415023
lipo,baseline,random,0,CCOc1ccc2nc(NC(=O)CC)sc2c1,3.4,2.797904289068139
lipo,baseline,random,0,CCN(CCO)CCCOc1cc2ncnc(Nc3cc(CC(=O)Nc4cccc(F)c4)[nH]n3)c2cc1OC,2.12,2.2466049258422376
lipo,baseline,random,0,CN[C@@H](C)C(=O)N[C@H](C(=O)N[C@H]1CCCN(CCc2ccc(O)cc2)C1)C(C)(C)C,0.77,1.5656878178537075
lipo,baseline,random,0,O=C1NC(=O)/C(=C/c2ccc3c(c2)OC(F)(F)O3)S1,2.8,2.1068070447069944
lipo,baseline,random,0,COc1ccc(-c2ccc3c(N4CCOC[C@@H]4C)nc(-n4ccnc4)nc3n2)cc1CO,2.6,2.7913853391598615
lipo,baseline,random,0,C[C@@H](Oc1cccc2ncnc(Nc3ccc4c(cnn4Cc4cscn4)c3)c12)C(=O)N1CCOCC1,2.81,2.7453519740517245
lipo,baseline,random,0,CCOc1ccc(-n2c(CC)nc3ccccc3c2=O)cc1,3.27,2.795648186208217
lipo,baseline,random,0,CCC(c1nc2ccsc2c(=O)n1Cc1ccccc1)N(CCCN)C(=O)c1ccc(C(C)C)cc1,2.72,2.555192024887793
lipo,baseline,random,0,O=C(Nc1ccc(N2CCOCC2)cc1)c1nnc(NC(=O)C2(c3ccc(Cl)cc3)CCCC2)o1,3.72,2.937412187011219
lipo,baseline,random,0,O=C(Cc1ccc(OCc2ccccc2)cc1)NO,1.92,2.036713027918214
lipo,baseline,random,0,C[C@H]1O[C@@H](n2cnc3c(N)nc(OC(C4CC4)C(F)(F)F)nc32)[C@H](O)[C@@H]1O,1.83,1.7327445201349112
lipo,baseline,random,0,CC(=O)N[C@@H]1CC2(CCN(Cc3ccc4[nH]c5ccccc5c4c3)CC2)c2ccccc21,2.96,3.4576627709957584
lipo,baseline,random,0,O=C(NCc1ccncn1)c1ccc(Oc2ccc(CCC3(O)CN4CCC3CC4)cc2)cc1,0.76,2.2077801538280832
lipo,baseline,random,0,COCCS(=O)(=O)N1CCN(c2ccc(Nc3nccc(-c4cnc(C)n4C(C)C)n3)cc2)CC1,2.75,2.4416965162532973
lipo,baseline,random,0,CCCc1nc2c(C)cc(-c3nc4ccccc4n3C)cc2n1Cc1ccc(-c2ccccc2C(=O)O)cc1,2.21,3.3514972974424087
lipo,baseline,random,0,CNc1cccc(CCOc2ccc(C[C@H](NC(=O)c3c(C)cc(C)cc3C)C(=O)O)cc2)n1,0.52,0.18851640240311798
lipo,baseline,random,0,NC(=O)C(NC(=O)C1(N)CCN(c2ncnc3[nH]ccc23)CC1)c1ccc(Cl)cc1,2.2,2.127657291129799
lipo,baseline,random,0,CC(C)c1ncc(NC(=O)OCc2ccccc2)c(=O)n1CC(=O)NC(C(=O)C(F)(F)F)C(C)C,2.63,2.1930019064191955
lipo,baseline,random,0,CC(=O)c1c(C)c2cnc(Nc3ccc(N4CCNCC4)cn3)nc2n(C2CCCC2)c1=O,0.8,1.8265940247241643
lipo,baseline,random,0,CCN(C(=O)Cc1ccc(S(C)(=O)=O)cc1)C1CCN(CC[C@H](c2ccc(S(C)(=O)=O)cc2)c2cccc(F)c2)CC1,2.9,1.8441788197579867
lipo,baseline,random,0,CCC(CC)NC(=O)c1cn(-c2ccccc2)nc1NS(=O)(=O)c1ccc(C)cc1,2.51,2.1346021146537337
lipo,baseline,random,0,CCN(CC)C(=O)c1ccc(C(=C2CCN(Cc3ccc(F)cc3)CC2)c2ccccn2)cc1,3.28,3.2167691730310577
lipo,baseline,random,0,NC1(c2ccc(-c3c(-c4ccccc4)ccn4ccnc34)cc2)CCC1,2.0,2.3757606586009508
lipo,baseline,random,0,CCOC(=O)C1(c2ccccc2)CCN(C)CC1,1.4,1.6008017087405455
lipo,baseline,random,0,COc1cc(OC2CCN(C)CC2)c2c(Nc3cccc4c3OCO4)ncnc2c1,3.02,2.804412484009818
lipo,baseline,random,0,COc1cc(OC)cc(-c2cc3cnc(N)nc3nc2N)c1,2.14,1.8609014467903653
lipo,baseline,random,0,CC(=O)Nc1cccc(S(=O)(=O)Nc2ccc(-c3ccccc3)n(CC(=O)NC(C(=O)C(F)(F)F)C(C)C)c2=O)c1,2.43,1.8001547524256545
lipo,baseline,random,0,CCCSc1nc(N[C@@H]2C[C@H]2c2ccccc2)c2nnn([C@@H]3C[C@H](CO)[C@@H](O)[C@H]3O)c2n1,3.99,3.637122358687667
lipo,baseline,random,0,O=C1CC(c2ccc(O)cc2)Oc2cc(O)cc(O)c21,2.6,2.317286456606919
lipo,baseline,random,0,O=C(NCC12CC3CC(CC(C3)C1)C2)c1cc(OC2CCNCC2)ccc1Cl,1.83,1.5877721801877187
lipo,baseline,random,0,O=C(NCCc1ccccc1)c1cc(-n2ncc(=O)[nH]c2=O)ccc1Cl,0.74,0.9853887859324771
lipo,baseline,random,0,O=C(c1cccc(Cc2n[nH]c(=O)c3ccccc23)c1)N1CCN(c2ncccn2)CC1,2.13,2.0264058475663265
lipo,baseline,random,0,CCN(CC)C(=O)c1ccc(C(=C2CCN(Cc3ccc(F)cc3)CC2)c2cccc3cccnc23)cc1,3.86,3.4744872498793704
lipo,baseline,random,0,O=c1[nH]c2c(O)ccc([C@@H](O)CNCCc3cccc(-c4cccc(CNCc5ccccc5)c4)c3)c2s1,2.32,2.02346397437524
lipo,baseline,random,0,CN1CCN(c2ccc3ncc(C(N)=O)c(Nc4ccc(F)cc4F)c3c2)CC1,2.3,2.243111538929956
lipo,baseline,random,0,NS(=O)(=O)c1ccc2c(C(=O)NC[C@@H](O)CN3CCC(Oc4ccc(Cl)c(Cl)c4)CC3)c[nH]c(=O)c2c1,2.17,2.1030338105657598
lipo,baseline,random,0,CCCSc1nc(N[C@H]2CC[C@H](C(=O)O)CC2)ccc1C(=O)NC1CCCCC1,2.02,2.576654492525244
lipo,baseline,random,0,COc1cc2ncnc(Nc3ccc(Cl)c(O)c3)c2cc1OC,3.3,3.2038509122331607
lipo,baseline,random,0,CN(C(=O)Cc1ccc(C#N)cc1)C1CCN(CCC(c2ccccc2)c2ccccc2)CC1,3.7,3.390992183871119
lipo,baseline,random,0,CCOCc1nc2c(N)nc3ccccc3c2n1CC(C)(C)O,1.69,1.9446530312609729
lipo,baseline,random,0,O=[N+]([O-])c1ccc(O)cc1,1.5,0.5222505287024255
lipo,baseline,random,0,CCCSc1nc2ccc(NC(=O)CCNC(N)=O)cc2s1,2.9,2.0160740775469708
lipo,baseline,random,0,CC(O)C(C)OC(=O)[C@@H]1CC2c3cccc4c3c(cn4C(C)C)CC2N(C)C1,2.8,3.0657432452975413
lipo,baseline,random,0,CN1CCN(S(=O)(=O)c2ccc(-c3cnc(N)c(C(=O)Nc4cccnc4)n3)c(C(F)(F)F)c2)CC1,3.25,2.7700678551313382
lipo,baseline,random,0,Cc1nccn1CC1CCc2c(c3ccccc3n2C)C1=O,1.67,2.845132416464753
lipo,baseline,random,0,N#CC1(NC(=O)[C@@H]2CCCC[C@H]2C(=O)N2CCN(c3ccccc3)CC2)CC1,1.99,1.9345704975317126
lipo,baseline,random,0,COc1cc(Nc2cc(Oc3cccnc3C)ccn2)cc(OC)c1OC,3.19,2.9768309784941214
lipo,baseline,random,0,CC(=O)Nc1cccc(OCc2cnc(Cl)s2)c1,2.38,2.7413198995062475
lipo,baseline,random,0,CCCNC(=O)c1nnc2c(-c3cnccc3OC)cccc2c1N,2.83,2.7015738743374893
lipo,baseline,random,0,CC(=O)N1CCN(CC(O)COc2ccc(Br)cc2)CC1,1.6,0.6166794919102988
lipo,baseline,random,0,CN1CCN(CC(=O)Nc2c(C#N)cnn2-c2ccccc2)CC1,0.0,0.2982522845651817
lipo,baseline,random,0,CN[C@H]1CC[C@@H](c2ccc(Cl)c(Cl)c2)c2ccccc21,3.15,3.254907529034458
lipo,baseline,random,0,CS(=O)(=O)Cc1cc(N2CCOCC2)nc(-c2cccc(CO)c2)n1,1.0,1.484625694324798
lipo,baseline,random,0,O=C(CO)N1CCC[C@H]1COc1cccc2ncnc(Nc3ccc(OCc4ccccn4)c(Cl)c3)c12,3.62,3.5866371173464193
lipo,baseline,random,0,Nc1ncnc2sc(-c3c(-c4ccccc4)ncn3C[C@H]3CCCO3)nc12,2.65,3.3003076023217117
lipo,baseline,random,0,CCOC(=O)c1ccc(OCCC2CCN(c3ccc(C)nn3)CC2)cn1,2.63,3.7068130409493
lipo,baseline,random,0,Nc1n[nH]c2c(Cl)cccc12,1.7,1.8684120486730496
lipo,baseline,random,0,CN(C)CC(O)COc1ccc(Nc2cc(N(CC#N)c3cc(Cl)ccc3Cl)ncn2)cc1,2.1,2.3046781525242883
lipo,baseline,random,0,COc1ccc(OC)c(-c2c(F)ccc3c(N)c(C(=O)NC(C)C)nnc23)c1,3.77,3.360949079096443
lipo,baseline,random,0,CC1(C)C(=O)Nc2ccccc21,2.3,1.3090472723378719
lipo,baseline,random,0,O=C(O)c1ccc(-c2ccc(Cl)c(C(=O)NCC34CC5CC(CC(C5)C3)C4)c2)cc1,2.48,2.0962106770774365
lipo,baseline,random,0,CCCN(CCO)CCCOc1cc2ncnc(Nc3cc(CC(=O)Nc4cccc(F)c4F)[nH]n3)c2cc1OC,1.28,2.362184997102154
lipo,baseline,random,0,CC(C)COc1cc(-c2cccc3c(=O)cc(N4CCOCC4)oc23)ccc1NC(=O)CN1CCOCC1,3.8,3.247168720754176
lipo,baseline,random,0,COc1ccc(Cc2nccc3cc(OC)c(OC)cc23)cc1OC,2.81,3.1489120983922843
lipo,baseline,random,0,O=C(O)C(c1ccccc1)N1CCC(N2CCC(Oc3ccc(Cl)c(Cl)c3)CC2)CC1,2.23,2.5004772709383762
lipo,baseline,random,0,COc1cc(O)c(C(CC(=O)N2CC(C)CC(C)C2)c2ccc3c(c2)OCO3)c(OC)c1,4.3,1.6236263296385973
lipo,baseline,random,0,O=C(N[C@@H](Cc1ccccc1)C(=O)N1CCC(O)CC1)c1cc2cc(Cl)ccc2[nH]1,3.6,2.726980174299133
lipo,baseline,random,0,CC(C)Cn1cnc(-c2ccccc2)c1-c1nc2c(N)ncnc2s1,3.72,2.9503754168413088
lipo,baseline,random,0,Cc1ccccc1C(=O)N1CCN(c2ccccn2)CC1,2.18,2.461871932294981
lipo,baseline,random,0,CCC(c1nc2ccsc2c(=O)n1Cc1ccccc1)N(CCCN)C(=O)c1ccc(C)cc1,1.81,1.6933724281264027
lipo,baseline,random,0,COc1ccccc1CCNCc1cccc(CCNC[C@H](O)c2ccc(O)c3[nH]c(=O)sc23)c1,0.82,0.9424633703721672
lipo,baseline,random,0,Cn1cc(-c2ccc(O)cc2)c(=O)c2c(O)cc(O)cc21,2.2,2.5609522865131744
lipo,baseline,random,0,O=C(O)[C@H](Cc1ccccc1F)N1CCC(CN2CCC(Oc3ccc(Cl)c(Cl)c3)CC2)CC1,2.58,2.694450748595951
lipo,baseline,random,0,CN[C@@H](C)C(=O)N[C@H](C(=O)N[C@H]1CCN(Cc2ccccc2)C1)C1CCCCC1,1.49,1.6044493100706017
lipo,baseline,random,0,Cc1ncc(-c2ccnc(Nc3ccc(S(=O)(=O)CCCN(C)C)cc3)n2)n1C(C)C,1.32,1.431461314608623
lipo,baseline,random,0,O=C(O)CCc1ccc(OCc2cccc(Br)c2)cc1,1.67,1.6866528203445792
lipo,baseline,random,0,O=c1oc2ccc(O)cc2cc1-c1ccccc1,3.12,2.923808808177555
lipo,baseline,random,0,NC(=O)c1cnc(N[C@H]2CCCNC2)c2cc(-c3ccc(F)cc3F)sc12,1.97,2.1269043380287593
lipo,baseline,random,0,O=c1[nH]cnc2cc(F)c(F)cc12,1.5,0.787843290873146
lipo,baseline,random,0,COc1cc(C)c(S(=O)(=O)N(C)CCOCC(=O)N2CCN(C3CCN(C)CC3)CC2)c(C)c1,-0.4,0.055117448764421616
lipo,baseline,random,0,Cc1ncc(-c2nc(Nc3ccc(C(=O)NCCN(C)C)c(F)c3)ncc2F)n1C(C)C,2.26,2.5204055793703617
lipo,baseline,random,0,O=S(=O)(Nc1nncs1)c1cc(Cl)c(Oc2ccc(C(F)(F)F)cc2-c2ccnnc2)cc1F,1.15,2.2364456650391094
lipo,baseline,random,0,CC[C@H](NC(=O)c1c([S+]([O-])CC)c(-c2ccccc2)nc2ccccc12)c1ccccc1,3.45,3.570234446264096
lipo,baseline,random,0,CC(C)C(NC(=O)Cn1c(-c2ccccc2)ccc(NC(=O)Cc2cccc(C(=O)O)c2)c1=O)C(=O)C(F)(F)F,0.68,0.9880837098232301
lipo,baseline,random,0,Nc1c(C(=O)c2cccc(OC[C@H](O)CO)c2)cnn1-c1ccc(F)cc1,1.94,1.6889771696045557
lipo,baseline,random,0,O=S(=O)(Cc1cc(Cl)cc(Cl)c1)NCC(c1ccccc1)N1CCCCCC1,3.23,2.9705978159538735
lipo,baseline,random,0,NC1(c2ccc(-c3nc4ccccc4c(=O)n3-c3ccccc3)cc2)CCC1,1.5,1.7767418795768617
lipo,baseline,random,0,CN(C(=O)Cc1ccc(O)cc1)C1CCN(CCC(c2ccccc2)c2ccccc2)CC1,3.3,3.111394515818536
lipo,baseline,random,0,Nc1ccc(OCc2ccccc2)cc1,2.2,2.6811374348137247
lipo,baseline,random,0,CCC(c1nc2snc(C)c2c(=O)n1Cc1ccccc1)N(CCCN)C(=O)c1ccc(C)cc1,1.61,1.0735720797563553
lipo,baseline,random,0,CCCOc1nc(N2CCC[C@@H](CC(=O)O)C2)ccc1C(=O)NC1CCCCC1,2.81,1.9289307039089192
lipo,baseline,random,0,CC(C)Oc1cccc(CC(=O)N2CCC[C@](CC[N+]34CCC(c5ccccc5)(CC3)CC4)(c3ccc(Cl)c(Cl)c3)C2)c1,1.23,3.180340096795092
lipo,baseline,random,0,COc1cnc(-c2ccccn2)nc1Oc1ccc(F)cc1F,3.1,2.7632091410377755
lipo,baseline,random,0,CC(C)(C(N)=O)C(=O)NCCCNc1nc(Nc2cccc(NC(=O)N3CCCC3)c2)ncc1Br,2.32,2.057906024229591
lipo,baseline,random,0,Oc1ccc(C(c2ccc(O)cc2)C(Cl)(Cl)Cl)cc1,3.86,2.9083781145042003
lipo,baseline,random,0,O=C1Nc2ccc(S(=O)(=O)N3CCC[C@H]3COc3ccccc3)cc2C1=O,2.7,1.9864648988868376
lipo,baseline,random,0,N=C(N)N1CCc2ccccc2C1,-1.01,0.1522932013034983
lipo,baseline,random,0,CCC(c1ccncc1)n1[nH]c(=O)c2[nH]c3cc(Cl)ccc3c(=O)c2c1=O,0.6,0.8607306842719313
lipo,baseline,random,0,CN(C)c1ccccc1S(=O)(=O)NC(=O)N1CCC(N2CCC(Oc3ccc(Cl)c(Cl)c3)CC2)CC1,1.74,1.4406203102123627
lipo,baseline,random,0,CCCCCC/N=c1\ccn(Cc2ccccc2)c2cc(Cl)ccc12,0.98,2.9281128690461213
lipo,baseline,random,0,O=c1[nH][nH]c(=O)c2c(O)c3c(Cl)cc(Cl)cc3nc12,0.89,1.4860646089102394
lipo,baseline,random,0,COc1ccc(N2CCN(C(=O)[C@@H]3CCCC[C@H]3C(=O)NC3(C#N)CC3)[C@H](C)C2)cc1OC,1.85,2.2778438256316735
lipo,baseline,random,0,NS(=O)(=O)c1cccc2c1c([N+](=O)[O-])cc1nc(O)c(O)nc12,0.36,0.2675750225039011
lipo,baseline,random,0,C#CCN(c1cc(Nc2ccc(OCC(O)CN(C)C)cc2)ncn1)c1cc(Cl)ccc1Cl,2.8,2.3996199752962264
lipo,baseline,random,0,CCOC(=O)/C=C/[C@H](C[C@@H]1CCNC1=O)NC(=O)[C@@H](CC(=O)[C@@H](NC(=O)c1cc(C)on1)C(C)C)Cc1ccc(F)cc1,2.8,2.703754732107652
lipo,baseline,random,0,Nc1ccc(S(=O)(=O)Nc2ccccn2)cc1,-0.01,-0.22111250172270913
lipo,baseline,random,0,COc1cc(OC)c(S(=O)(=O)NCc2ccccc2N2CCCCC2)cc1NC(=O)CCC(=O)O,-0.72,0.28255624266678586
lipo,baseline,random,0,C[C@@H](NC1=CC(=O)CC1)c1ccc(Nc2ncc3cc(-c4ccncc4)ccc3n2)cc1,3.2,3.3651450201165587
lipo,baseline,random,0,Clc1cccc2[nH]ncc12,2.5,2.5490101547083466
lipo,baseline,random,0,CCNCc1cnc(-c2ccc(C(=O)Nc3ccccc3N)cc2)s1,0.95,2.2644763445404403
lipo,baseline,random,0,O=C(O)c1cn(Cc2ccccc2)c2ccccc12,1.19,1.162821093262425
lipo,baseline,random,0,O=C(Nc1ccc(N2CCOCC2)cc1)c1nnc(Nc2ccccc2F)o1,3.05,3.197054253065909
lipo,baseline,random,0,CC(C)c1ccccc1Nc1nc(SCc2cccs2)n[nH]1,4.21,3.6441847741924787
lipo,baseline,random,0,Cc1ccc(S(=O)(=O)Nc2c(C(=O)N[C@@H](C)C(C)(C)C)c(C)nn2C2CCN(CC(F)(F)F)CC2)cc1,1.08,1.6283612060822825
lipo,baseline,random,0,NC1(C(=O)NC(CCCN2CCCC2)c2ccc(Cl)cc2)CCN(c2ncnc3[nH]ccc23)CC1,1.3,2.6298636627795897
lipo,baseline,random,0,N[C@H]1CCN(c2c(Cl)cccc2/C=C2\SC(=O)NC2=O)C1,1.89,1.2159673365385175
lipo,baseline,random,0,Nc1nccc(-c2c[nH]c3ccccc23)n1,1.68,1.7871875262331416
lipo,baseline,random,0,C=CCC1(CC(C)C)C(=O)NC(=O)NC1=O,1.48,1.0310226858078684
lipo,baseline,random,0,Nc1nc(Nc2ccc3nc(-c4ccc(F)cc4)cc(N)c3c2)cc(-c2cccc(Cl)c2)n1,2.5,2.118210754434534
lipo,baseline,random,0,Clc1ccc2[nH]ncc2c1,2.44,3.1826919164547696
lipo,baseline,random,0,Cc1nc(-c2ccc(OCC(C)C)c(C#N)c2)sc1C(=O)O,0.94,0.9197436588196529
lipo,baseline,random,0,CO[C@H]1CC[C@]2(CC1)Cc1ccc(OCC(C)C)cc1C21N=C(C)C(N)=N1,3.4,3.106779642635858
lipo,baseline,random,0,CSc1nc(-c2ccccc2)nn1Cc1ccccc1,3.83,3.2191868735820344
lipo,baseline,random,0,O=C(O)c1ccccc1O,-1.36,0.6086144329299545
lipo,baseline,random,0,C[C@@H](c1ncncc1F)[C@](O)(Cn1cncn1)c1ccc(F)cc1F,1.7,1.2044578329439344
lipo,baseline,random,0,O=c1[nH]cnc2[nH]ncc12,-0.42,-0.1462705106550547
lipo,baseline,random,0,Oc1nc2c(O)ccc(CCNCCCCCCOCCc3ccccc3)c2s1,2.21,2.3254447437977097
lipo,baseline,random,0,C[C@@H]1CN(C(=O)OC(C)(C)C)CCN1c1ncc(OCc2ccc(S(C)(=O)=O)cc2)cn1,3.6,3.4254942811135503
lipo,baseline,random,0,[O-][S+](c1ccccc1)c1ccc2nnnn2n1,0.79,0.12766381032393442
lipo,baseline,random,0,Nc1cc2n[nH]c(=O)n2c2cc(-c3ccco3)ccc12,2.48,2.401283998758454
lipo,baseline,random,0,NS(=O)(=O)c1ccc(NCc2ccccc2)cc1,1.7,1.620945112317523
lipo,baseline,random,0,CNc1c(Cl)cnc2[nH]c(-c3ccc(OCCN4CCOCC4)cc3)nc12,2.63,2.9745122691965973
lipo,baseline,random,0,Cc1nnsc1C(=O)Nc1ccccc1,0.97,1.8305023090601518
lipo,baseline,random,0,Cc1cnc(Nc2ccc(OCCN3CCCC3)cc2)nc1Nc1cccc(S(=O)(=O)NC(C)(C)C)c1,2.11,2.6883975499412123
lipo,baseline,random,0,COc1ccc(-c2nc3n(c2Br)CCC3)cc1,3.3,3.154046103346134
lipo,baseline,random,0,O=c1[nH]n(C(c2ccccc2)c2ccncc2)c(=O)c2c(O)c3ccc(Cl)cc3nc12,1.1,1.4997773407764978
lipo,baseline,random,0,CC(C)Cn1c(=O)n(C)c(=O)c2c(SC(C)C)c(Cc3ccccc3C(F)(F)F)sc21,4.42,4.094593851192529
lipo,baseline,random,0,Cc1ccc(NC(=O)c2cccc(N(C)C)c2)cc1NC(=O)c1ccc(OCc2ccccn2)cc1,2.83,3.1515254781230544
lipo,baseline,random,0,C[C@H](CO)Nc1nc(SCc2cccc(F)c2F)nc2nccnc12,3.15,3.1396054318108124
lipo,baseline,random,0,Cc1ncc(-c2nc(Nc3ccc(C(=O)N(C)C)cc3)ncc2F)n1C(C)C,2.77,2.507351879016266
lipo,baseline,random,0,CCNCc1cncc(-c2ccc(F)cc2OC)n1,1.18,1.5199146704003084
lipo,baseline,random,0,COc1cccc(-c2cc(O)c3cc(NC(C)=O)ccc3n2)c1,2.41,2.2795925837178355
lipo,baseline,random,0,CC(=O)Nc1ccc2ccn(-c3cc(NCCCCO)n4ncc(C#N)c4n3)c2c1,2.58,2.5108933769560164
lipo,baseline,random,0,Cc1c(Cl)ccc(OC2CCN(C[C@H](O)CNC(=O)c3c[nH]c(=O)cc3C(F)(F)F)CC2)c1Cl,3.14,2.9984680669905455
lipo,baseline,random,0,c1ccc(CNc2ncnc3ccccc23)cc1,3.21,3.2740861646051083
lipo,baseline,random,0,Cc1cc(NS(=O)(=O)c2ccc(N)cc2)no1,-0.56,-0.16142406053477332
lipo,baseline,random,0,c1ccc(OCC2CNCCO2)cc1,0.2,-0.2276148173866889
lipo,baseline,random,0,Cc1ccc(C(NC(=O)c2ccccc2O)C(=O)Nc2c(C)cccc2C)s1,4.05,3.381864371021707
lipo,baseline,random,0,CC1(COc2cc(-c3cccc4c(=O)cc(N5CCOCC5)oc34)ccc2NC(=O)CN2CCOCC2)COC1,2.2,2.4458478202132863
lipo,baseline,random,0,Oc1ncnc2scc(-c3ccsc3)c12,2.25,2.1750278031958206
lipo,baseline,random,0,CCCSc1ncccc1C(=O)NC1CCCCC1,3.24,3.0060829785101872
lipo,baseline,random,0,NC1(c2ccc(-c3c(-c4ccccc4)ccc4ccnn34)cc2)CCC1,2.9,2.5290828321358703
lipo,baseline,random,0,CCN(C(=O)Cc1ccc([N+](=O)[O-])cc1)C1CCN(CCC(c2ccccc2)c2ccccc2)CC1,4.1,3.6388963715271525
lipo,baseline,random,0,O=C(O)Cc1ccccc1Nc1c(Cl)cccc1Cl,1.08,1.2893075846039965
lipo,baseline,random,0,Cc1nc(C(=O)N2CCOC3(CCN(Cc4ccc(Cl)cc4)CC3)C2)cs1,2.17,1.2093221046909886
lipo,baseline,random,0,CCOC(=O)Nc1cccc([C@@H](c2ccc(C(=O)N(C)CC)cc2)N2CCN(Cc3nc[nH]c3C)CC2)c1,2.32,2.176835938973074
lipo,baseline,random,0,Cc1ccc(C[C@@H](C(=O)O)N2CCC(CN3CCC(Oc4ccc(Cl)c(Cl)c4)CC3)CC2)cc1,3.01,2.715074367426455
lipo,baseline,random,0,CNc1nc(C)c(-c2nc(Nc3cccc(N4CCCN(C(C)=O)CC4)c3)ncc2C#N)s1,3.2,2.8157720419890575
lipo,baseline,random,0,CN1CCN(C(=O)c2cc3ccccc3n2C)CC1,1.71,1.6986917201587333
lipo,baseline,random,0,Clc1ccc(-c2cn3ccccc3n2)cc1,4.0,3.556731227969814
lipo,baseline,random,0,Cn1c(-c2ccc(O)nc2)nc2ccccc21,1.2,2.438256664673482
lipo,baseline,random,0,COC(=O)CCCCCCC(=O)Nc1ccc2c(c1)-c1ccccc1C(=O)C2=O,2.6,3.0495306967563245
lipo,baseline,random,0,CN[C@@H](C)C(=O)N[C@H](C(=O)N[C@H]1CCCN(C(=O)c2ccccc2)C1)C1CCCCC1,0.87,1.120686019069224
lipo,baseline,random,0,COc1cc(N2CCN(C(C)=O)CC2)ccc1Nc1ncc(Cl)c(-c2cnc3c(OC)cccn23)n1,3.5,3.674339769531031
lipo,baseline,random,0,Cc1ncc(-c2nc(Nc3ccc(C(=O)N(C)C)c(F)c3)ncc2F)n1C(C)C,3.14,2.88638304561126
lipo,baseline,random,0,COc1c(C)cnc(Cn2cnc3c(Cl)nc(N)nc32)c1C,1.67,1.9004301026508006
lipo,baseline,random,0,O=C(Nc1ccc(N2CCOCC2)cn1)c1nnc(Nc2ccccc2F)o1,2.4,2.7260529932649558
lipo,baseline,random,0,O=c1oc2ccccc2cc1-c1ccc(O)cc1,3.0,3.1070480905847995
lipo,baseline,random,0,CCOC(=O)c1ccc(OC(=O)CCCCCN=C(N)N)cc1,2.41,0.8324051588915677
lipo,baseline,random,0,CSc1ncccc1C(=O)NCC1CCCCC1,2.93,2.317047602786694
lipo,baseline,random,0,Nc1ccc2ccccc2n1,1.7,1.7347041744646245
lipo,baseline,random,0,CS(=O)(=O)c1ccc2c3c([nH]c2c1)CCN(C(=O)[C@@H]1CCCC[C@H]1C(=O)NC1(C#N)CC1)C3,1.5,1.6574332579692157
lipo,baseline,random,0,CCOC(=O)c1ccc(OCCC2CN(c3ccc(C)nn3)CCO2)cc1,2.7,3.2558733126633963
lipo,baseline,random,0,Cc1ncc(-c2ccnc(Nc3ccc(N4CCN(C(=O)[C@H](C)O)CC4)cc3)n2)n1C(C)C,2.15,2.2485234932593228
lipo,baseline,random,0,C[C@@H]1CN(Cc2cc(Cl)ccc2OCC(=O)O)C[C@H](C)N1C(=O)Cc1ccccc1,0.7,0.8273756506442533
lipo,baseline,random,0,COc1ccc(-c2c(C)c3ccc(OC)cc3oc2=O)cc1,3.31,3.224227290395615
lipo,baseline,random,0,Nc1ccc2cn[nH]c2c1,0.52,1.3289214657931792
lipo,baseline,random,0,CCN1CCOC(C(=O)N2CCN(C(=O)Nc3ccc(Cl)c(Cl)c3)CC2)C1,2.1,2.0598285045587557
lipo,baseline,random,0,Cc1cc(Nc2ccnc(NCc3cc(C4CC4)no3)n2)n[nH]1,2.5,2.283780101645817
lipo,baseline,random,0,COCCOc1cc2nccc(Nc3cc(O)c(Cl)cc3F)c2cc1OC,2.64,3.025901538568519
lipo,baseline,random,0,Cn1c(N)nc(CCc2ccccc2)cc1=O,2.0,1.472217228064702
lipo,baseline,random,0,CSc1ccc(OCc2ccccc2)c(/C=C/c2ccc(C(=O)O)cn2)c1,2.45,2.4026278824008878
lipo,baseline,random,0,CN1CCCC1CCOC(C)(c1ccccc1)c1ccc(Cl)cc1,3.04,3.462333446588001
lipo,baseline,random,0,CC(C)n1c(=O)c2c(-c3cncn3C)n(Cc3ccnc4ccc(Cl)cc34)nc2n(CC2CC2)c1=O,4.02,3.8285586015767423
lipo,baseline,random,0,Cc1cc(C)cc(-c2nnc(SCC(=O)N3CCN(C(=O)c4ccco4)CC3)o2)c1,3.0,2.5730232973853
lipo,baseline,random,0,O=C(CS(=O)(=O)c1ccccc1)c1ccccc1,1.86,2.1909577433071554
lipo,baseline,random,0,Cc1cc(Nc2nc(N[C@@H](C)c3ncc(F)cn3)ncc2F)n[nH]1,1.79,1.7329867862902089
lipo,baseline,random,0,COc1ccc([C@]2(C#N)CC[C@@H](C(=O)O)CC2)cc1OC1CCCC1,0.76,2.0916051022068047
lipo,baseline,random,0,Cc1cc2c(F)c(Oc3ncnn4cc(OC[C@@H](C)OC(=O)[C@H](C)N)c(C)c34)ccc2[nH]1,3.19,2.7904585698221593
lipo,baseline,random,0,COc1cc(C(=O)NC2CCN(C)CC2)ccc1Nc1ncc2c(n1)N(C1CCCCC1)CCC(=O)N2C,2.87,2.7494245041474135
lipo,baseline,random,0,CN(C)CCC=C1c2ccccc2COc2ccccc21,2.15,2.5863126396198655
lipo,baseline,random,0,CC(=O)Nc1nc(C)c(-c2cnc(F)c(NS(=O)(=O)c3sc(C)nc3C)c2)s1,0.55,2.22873968008434
lipo,baseline,random,0,N#Cc1cccc(-c2cc(C(F)(F)F)ccc2OCC(=O)O)c1,0.05,-0.24539439203637495
lipo,baseline,random,0,Nc1ccc2c(c1)C(=O)C(=O)c1ccccc1-2,2.23,2.425208040636826
lipo,baseline,random,0,COc1ccc(-c2nc3c(NCCCNC(=O)c4ccccc4)c(Br)cnc3[nH]2)cc1,0.25,3.198307938149085
lipo,baseline,random,0,CCCS(=O)(=O)N1N=Cc2cc(Cl)ccc2B1O,-0.4,0.07282538887539548
lipo,baseline,random,0,O=C(O)COc1ccc(C(F)(F)F)cc1-c1ccccc1-c1ccccc1,1.38,2.385998701028333
lipo,baseline,random,0,OB1c2ccccc2N=C(S)N1c1cccnc1,-0.62,0.4760634684221183
lipo,baseline,random,0,NC(Cc1ccc(N(CCCl)CCCl)cc1)C(=O)O,0.39,0.24090364167796124
lipo,baseline,random,0,O=C(Nc1nc2c(=O)[nH]cnc2s1)c1ccccc1,1.94,1.9424942905648186
lipo,baseline,random,0,CCn1c(=O)c2nc(-c3ccccc3)[nH]c2n(CC)c1=O,3.3,1.699879259652363
lipo,baseline,random,0,COc1cc2c(ccc(=O)n2CCN2CCC(NCc3cc4c(cn3)OCCO4)CC2)cn1,0.68,0.9075981274115755
lipo,baseline,random,0,COc1cc(C(CO)CO)ccc1Nc1ncc(Cl)c(-c2cnc3ccccn23)n1,3.1,3.3048116457149037
lipo,baseline,random,0,C[C@@H](NC(=O)C1(N)CCN(c2ncnc3[nH]ccc23)CC1)c1ccc(Cl)cc1,3.3,2.736466137373196
lipo,baseline,random,0,O=C(O)c1cc(-c2ccccc2)nc2ccccc12,-0.7,1.009632785790073
lipo,baseline,random,0,FC(F)(F)c1cc(COCC(c2cccc(Cl)c2)N2CCNCC2)cc(C(F)(F)F)c1,4.2,3.3951540929780095
lipo,baseline,random,0,Cc1cc(C(C)Nc2ccccc2)c2nc(N3CCOCC3)cc(=O)n2c1,3.6,3.1916351219720616
lipo,baseline,random,0,O=C(c1ccc(F)cc1)C1CCN(C(=O)NCc2ccccc2)CC1,3.15,2.908656941423801
lipo,baseline,random,0,NCc1nc2ccccc2[nH]1,0.4,0.5568259944676193
lipo,baseline,random,0,CC(=O)Nc1ccc(-c2ccnc(Nc3ccc(N4CCOCC4)cc3)n2)cc1,2.91,3.0813043194474306
lipo,baseline,random,0,OCCN1CCN(CCCN2c3ccccc3Sc3ccc(C(F)(F)F)cc32)CC1,3.8,3.745295655739911
lipo,baseline,random,0,O=c1oc2ccc(O)cc2cc1-c1ccc(O)cc1,2.9,2.681894898544168
lipo,baseline,random,0,C[C@@H]1CN(c2ccccc2)CCN1C(=O)[C@@H]1CCCC[C@H]1C(=O)NC1(C#N)CC1,2.35,2.259438134286575
lipo,baseline,random,0,CC(=O)NC1CC2CCCC(C1)N2C(=O)Nc1ccc(Cl)c(C(F)(F)F)c1,2.79,3.314880932606436
lipo,baseline,random,0,Nc1c2c(nc3ccc(Br)cc13)N(c1ccccc1)CC2,3.12,3.3989823441046183
lipo,baseline,random,0,CC(C)C[C@H](N)c1nnc(S(=O)(=O)Cc2ccc(F)cc2)o1,1.11,0.7144778677753516
lipo,baseline,random,0,CCC(c1nc2sccc2c(=O)n1Cc1ccccc1)N(CCCN)C(=O)c1ccc(C)cc1,2.06,1.5361295509571973
lipo,baseline,random,0,COc1cc(OC)c(S(=O)(=O)N2c3ccccc3Oc3ccccc32)cc1NC(=O)Cc1ccnc(F)c1,3.37,2.202016583994387
lipo,baseline,random,0,CCC(CC)CNC(=O)c1ccc2c(c1)c(Cc1ccc(C(=O)NS(=O)(=O)c3ccccc3C)cc1OC)cn2C,2.7,2.7561741882668875
lipo,baseline,random,0,Nc1nonc1/C(=N/O)Nc1ccc(F)c(Cl)c1,2.7,2.2958073748971732
lipo,baseline,random,0,O=C(Cc1c(C(=O)O)[nH]c2ccccc12)Nc1cccc(C(F)(F)F)c1,1.33,1.7100098853530814
lipo,baseline,random,0,O=C(O)c1cncc(-c2ccc(Cl)c(C(=O)NCC34CC5CC(CC(C5)C3)C4)c2)c1,0.85,1.8293764214395662
lipo,baseline,random,0,O=C(c1csc2c1CCCC2)N1CCCCC1,3.2,2.6839643854444253
lipo,baseline,random,0,NC(=O)c1sc(-c2ccc(Cl)cc2)cc1N,3.3,2.7140480297969036
lipo,baseline,random,0,O=S(=O)(Nc1cc(F)ccc1F)c1ccc(Cl)cc1,2.9,2.3036558178549633
lipo,baseline,random,0,OCC[C@@]1(c2cc3ccccc3o2)CCCNC1,0.06,1.3918701589572764
lipo,baseline,random,0,O=C(NC1CCCCC1)N1CCN(c2ccccc2Cl)CC1,3.78,3.0009233275896348
lipo,baseline,random,0,O=C(NC1Cc2ccccc2N(CC(CO)CO)C1=O)c1cc2cc(Cl)sc2[nH]1,3.56,3.270081848171818
lipo,baseline,random,0,Cc1cnc2nc(SCc3cccc(F)c3F)nc(N[C@H](C)CO)c2n1,3.5,3.5566032076574374
lipo,baseline,random,0,COc1cc(F)ccc1-c1cncc(CNC(=O)c2ccccn2)c1,3.2,3.013281443231025
lipo,baseline,random,0,NC(Cc1c[nH]c2ccccc12)C(=O)O,-1.17,-1.032203455118252
lipo,baseline,random,0,NC1(C(=O)N[C@@H](CCN2CCCCC2)c2ccc(Cl)cc2)CCN(c2ncnc3[nH]ccc23)CC1,2.4,2.7491893988088876
lipo,baseline,random,0,O=C(NC[C@@H](O)CN1CCC(Oc2ccc(Cl)c(Cl)c2)CC1)c1c[nH]c(=O)c2c(F)cccc12,3.15,3.33460797465304
lipo,baseline,random,0,CC(C)Cn1c(=O)n(C)c(=O)c2c(C(=O)N(C)C)c(Cc3ccccc3C(F)(F)F)sc21,2.9,3.5748460218241553
lipo,baseline,random,0,COc1ccc(F)c(F)c1C(=O)c1cnc(NC2CCN(S(C)(=O)=O)CC2)nc1N,2.08,1.4661608027624002
lipo,baseline,random,0,CCO[C@@H]1OC(=O)C[C@@H]1NC(=O)[C@@H]1CCCN2C(=O)CC[C@H](NC(=O)c3nccc4ccccc34)C(=O)N12,1.16,0.4775095336242129
lipo,baseline,random,0,NC(=O)c1ccccc1OCc1ccccc1,2.5,1.5696440700312102
lipo,baseline,random,0,CCCCSc1nc(N)c2ncn([C@@H]3O[C@H](CO)[C@@H](O)[C@H]3O)c2n1,1.51,0.8490673067360109
lipo,baseline,random,0,CN(C)C(=O)N[C@H]1CC[C@H](CCN2CCN(c3ccc(Cl)c(Cl)c3)CC2)CC1,3.15,3.160033245659961
lipo,baseline,random,0,CCC(CC)NC(=O)c1cnn(C)c1NS(=O)(=O)c1ccc(C)cc1,0.36,0.5298338126753973
lipo,baseline,random,0,N#Cc1ccc(C(=O)N2CCC3(CC2)N=C(N)c2c(F)ccc(F)c2N3)cn1,0.79,1.2210253669642828
lipo,baseline,random,0,O=c1[nH]n(Cc2ccncc2)c(=O)c2c(=O)c3ccc(Cl)cc3[nH]c12,-0.16,0.8112625493833504
lipo,baseline,random,0,O=C(O)COc1cccc(N2CCC(CN3CCC(Oc4ccc(Cl)c(Cl)c4)CC3)CC2)c1,1.99,1.7922981678419327
lipo,baseline,random,0,CC(=O)NC[C@H]1CN(c2ccc(-n3ccc(C#N)c3)c(F)c2)C(=O)O1,1.6,1.5063641615838403
lipo,baseline,random,0,N#CC1(NC(=O)[C@@H]2CCCC[C@H]2C(=O)N2CCc3[nH]c4c(Cl)cccc4c3C2)CC1,3.59,3.4193845911173493
lipo,baseline,random,0,Cc1ccc(NC(=O)c2ccnc(N3CCOCC3)c2)cc1Nc1ccnc(OCC2CCCN(C)C2)n1,1.9,2.333405397983431
lipo,baseline,random,0,O=C(NC[C@@H](O)CN1CCC(Oc2ccc(Cl)c(Cl)c2)CC1)c1c[nH]c(=O)c2cc(S(=O)(=O)NCCO)ccc12,2.06,2.5506188494389517
lipo,baseline,random,0,COc1ccnc(NC2CCN(C(=O)c3ccccc3)CC2)c1,2.06,2.014982107407733
lipo,baseline,random,0,Oc1cc(Cl)cc(Cl)c1,3.58,2.3371639516301594
lipo,baseline,random,0,COc1ccc2c(c1)N(CCN1CCC(NCc3cc4c(cn3)OCCO4)CC1)C(=O)CO2,1.24,1.0798888944829328
lipo,baseline,random,0,O=C(Nc1cccc(O)c1)c1ccc(OCCCN2CCCC2)cc1OCc1ccccc1,3.07,2.708889701055869
lipo,baseline,random,0,O=C(Nc1nccs1)c1cccnc1,2.25,1.3143444971455358
lipo,baseline,random,0,COCCC(Oc1ncnc2c1cnn2-c1ccccc1C(F)(F)F)C(=O)Nc1ccc(C)cn1,3.5,3.4214581563208633
lipo,baseline,random,0,OC(CN1CCOCC1)c1ccccc1,1.0,0.2168809786163797
lipo,baseline,random,0,CCCSc1ncccc1C(=O)N[C@@H]1[C@@H]2CC3C[C@H]1C[C@@](O)(C3)C2,2.27,2.5984081989135612
lipo,baseline,random,0,Cc1cc(N(C)S(C)(=O)=O)ccc1-c1cc(C(F)(F)F)ccc1OCC(=O)O,-0.59,-0.4634212255376195
lipo,baseline,random,0,O=C(NC1Cc2ccccc2N(C[C@@H](O)CO)C1=O)c1cc2cc(Cl)sc2[nH]1,3.37,3.267973158697799
lipo,baseline,random,0,CCOc1cccc(Nc2nnc(C(=O)Nc3ccc(N4CCOCC4)nc3)o2)c1,3.6,2.998126118479637
lipo,baseline,random,0,COc1ccc2c(c1)C(c1ccccc1)=NC(NC(=O)c1ccccc1OC)C(=O)N2,3.8,2.79597658587963
lipo,baseline,random,0,Cc1onc(C(N)=O)c1C(=O)Nc1nccs1,1.63,0.8679738344322565
lipo,baseline,random,0,Cc1ccc(NC(=O)c2ccnc(N3CCOCC3)c2)cc1NC(=O)c1ccc(OCc2ccccn2)cc1,3.47,2.7823599395210734
lipo,baseline,random,0,CS(=O)(=O)c1ccc(C(=O)NC[C@@H](O)CN2CCC(Oc3ccc(Cl)c(Cl)c3)CC2)s1,2.86,2.333263175185032
lipo,baseline,random,0,O=S(=O)(CCCOCCc1ccccc1)CCNCCc1ccc(O)c2nc(O)sc12,2.61,1.9158723207133994
lipo,baseline,random,0,O=C(Cc1ccccc1)c1ccc(O)cc1O,3.09,2.205283292707367
lipo,baseline,random,0,COc1cccc(NC(=O)Cn2cc(Oc3ncnc4cc(OC)c(OC)cc34)cn2)c1,3.11,3.1729786887730302
lipo,baseline,random,0,O=C(O)COc1ccc(C(F)(F)F)cc1-c1ccc(Cl)cc1,0.9,0.4962716355057565
lipo,baseline,random,0,Cc1c(Oc2ccc(Cl)cc2)c2c(NS(C)(=O)=O)cccc2n1CC(=O)O,-0.98,-0.40601769468107823
lipo,baseline,random,0,O=C1COc2ccc(CNC3CCN(CCN4C(=O)COc5ccc(O)cc54)CC3)nc2N1,0.52,0.515631165353054
lipo,baseline,random,0,COc1ccc(C(=O)NCCN2CCN(Cc3ccc(Cl)c(Cl)c3)CC2)cc1Cl,3.74,3.0057389575654083
lipo,baseline,random,0,COc1cccc(N(C)c2ccnc(Nc3cc(N4CCOCC4)cc(N4CCOCC4)c3)n2)n1,3.37,2.486020998799184
lipo,baseline,random,0,O=c1[nH]c2c(O)ccc([C@@H](O)CNCCc3cccc(CNCCc4ccccn4)c3)c2s1,-0.07,0.26767294227749694
lipo,baseline,random,0,COCCN(c1ccnc(Nc2cc(N3CCOCC3)cc(N3CCOCC3)c2)n1)c1cc(CO)ccc1C,2.8,3.0064360363581284
lipo,baseline,random,0,Cc1ccc(CO)cc1N(C)c1ccnc(Nc2cc(N3CCOCC3)nc(N3CCOCC3)c2)n1,3.44,2.6981657108312875
lipo,baseline,random,0,Cc1cc(Nc2ccc(F)cc2)nc(N)n1,2.08,2.6229119652971424
lipo,baseline,random,0,O=CN(O)C1(CS(=O)(=O)N2CCN(c3ccc(F)cc3)CC2)CCC1,1.34,1.3008635489315301
lipo,baseline,random,0,CCOC(=O)Nc1cccc([C@@H](c2ccc(C(=O)N(C)CC)cc2)N2CCN(Cc3c[nH]c(C)n3)CC2)c1,2.11,2.410180142004013
lipo,baseline,random,0,O=S(=O)(NCCNc1ncccn1)c1cccc2cnccc12,0.61,1.1116175059723505
lipo,baseline,random,0,COc1ccc(/C=C2/CCc3ccccc3C2=O)cc1CN1CCOCC1,3.8,3.0729733375849446
lipo,baseline,random,0,N#Cc1cccc(C(=O)Nc2cc(-c3ccccc3)nn2-c2ccccc2)c1,3.82,3.6695375401038546
lipo,baseline,random,0,O=C(Nc1ccc(Cl)c(Cl)c1)N1CCN(C[C@@H]2CCCN(Cc3ccccc3)C2)CC1,4.26,2.7726817225864178
lipo,baseline,random,0,O=C(COc1ccccc1)N1CCOCC1,0.75,0.8927585963884185
lipo,baseline,random,0,COC(=O)[C@@H]1C2CCC(C[C@@H]1c1ccc(I)cc1)N2CCCF,2.3,2.1188909374849687
lipo,baseline,random,0,C[C@H](Nc1ccc2ncn(-c3cc(C4CC4)[nH]n3)c2n1)c1ncc(F)cn1,2.74,2.846154498714964
lipo,baseline,random,0,Nc1nc(OC2CCCC2)nc2c1ncn2[C@@H]1O[C@H](CO)[C@H](Cl)[C@H]1O,2.16,2.0440409535906316
lipo,baseline,random,0,N=S(=O)(O)Cc1noc2ccccc12,0.55,1.167273810662984
lipo,baseline,random,0,CC(C)C(NC(=O)Cn1c(-c2ccccc2)ccc(NC(=O)Cc2ccc(C(=O)O)cc2)c1=O)C(=O)C(F)(F)F,0.35,0.9108031045884305
lipo,baseline,random,0,COc1cc2ncnc(Nc3ccc(F)c(Cl)c3)c2cc1OC,3.67,3.3129576408726518
lipo,baseline,random,0,CCCC(=O)N1CCN(c2nnc(-c3ccccc3)c3ccccc23)CC1,3.2,3.532710158479845
lipo,baseline,random,0,CCNC(=O)OC[C@@H](C)N(c1cc(Cl)ccc1CO)S(=O)(=O)c1ccc(Cl)cc1,3.4,3.1943461950011356
lipo,baseline,random,0,Cc1ncc(-c2ccnc(Nc3ccc(N4CCN(S(C)(=O)=O)CC4)cc3)n2)n1C(C)C,2.57,2.3868169384431472
lipo,baseline,random,0,COc1ccc2cc(C(C)C(=O)O)ccc2c1,0.23,0.15256232287327012
lipo,baseline,random,0,Nc1scc2c(C(=O)NC3CC3)nn(-c3ccc(F)cc3)c(=O)c12,2.8,2.0981806483078733
lipo,baseline,random,0,Cn1c(=O)c(Oc2ccc(F)cc2F)cc2cnc(NC3CCOCC3)nc21,2.76,2.4519561282120814
lipo,baseline,random,0,Cn1cc[nH]c1=S,-0.42,0.7410371472561713
lipo,baseline,random,0,Cc1ccc(CO)cc1N(C)c1ccnc(Nc2cc(N3CCCCC3)cc(N3CCOCC3)c2)n1,4.2,3.667865655986015
lipo,baseline,random,0,CC(C)C(NC(=O)Cn1c(-c2cccs2)ncc(NC(=O)OCC(F)(F)F)c1=O)C(=O)C(F)(F)F,2.32,2.0366821735918337
lipo,baseline,random,0,CCOC(=O)[C@H](Cc1ccc(O)cc1)NC(=O)c1cccc2ccccc12,3.12,3.0384152666831783
lipo,baseline,random,0,Cc1ccc(-c2cn(C)cn2)cc1NC(=O)c1ccc(OCc2ccccn2)cc1,2.54,2.616143656774882
lipo,baseline,random,0,O=C(Cc1cccc2ccccc12)Nc1ccccc1,3.9,3.8551386721137284
lipo,baseline,random,0,COc1nccnc1NS(=O)(=O)c1ccc(N)cc1,-0.65,-0.7465557542061819
lipo,baseline,random,0,Cc1ccc2c(c1)c(-c1ccnc3c(Cl)cccc13)c(C)n2CC(=O)O,1.27,1.399053627167264
lipo,gnn,random,0,CN(C)CCCNS(=O)(=O)c1ccc(Nc2nccc(-c3cnc4cccnn34)n2)cc1,1.399999976158142,1.5695217847824097
lipo,gnn,random,0,CC(=O)Nc1ccc2cnn(-c3cc(NC4CC4)n4ncc(C#N)c4n3)c2c1,3.440000057220459,2.5037147998809814
lipo,gnn,random,0,CCCc1c(OCc2ccc(-c3nn[nH]n3)cc2)ccc(C(C)=O)c1O,3.0999999046325684,1.6717889308929443
lipo,gnn,random,0,Cc1cn([C@H]2CCCN(Cc3ccc(C(=O)O)c(Oc4cccc(Cl)c4)c3)C2)c(=O)[nH]c1=O,-0.550000011920929,-0.11730360984802246
lipo,gnn,random,0,Cc1ccc(NC(=O)c2cncs2)cc1-n1cnc2ccc(N3CCN(C)CC3)cc2c1=O,2.109999895095825,2.1617307662963867
lipo,gnn,random,0,CNS(=O)(=O)c1ccc2c(C(=O)NC[C@@H](O)CN3CCC(Oc4ccc(Cl)c(Cl)c4)CC3)c[nH]c(=O)c2c1,2.7699999809265137,3.1337637901306152
lipo,gnn,random,0,O=C(CC1CCN(Cc2ccn(-c3ccc(C(F)(F)F)cc3)c2)CC1)NC(c1ccc(F)cc1)c1c[nH]c(=O)c(Cl)c1,3.119999885559082,3.350546360015869
lipo,gnn,random,0,C[C@@H]1CN(C(=O)OC(C)(C)C)CCN1c1ncc(OCc2ccncc2C#N)cn1,3.3299999237060547,3.188168525695801
lipo,gnn,random,0,CO[C@H]1CN(Cc2ccc(C(F)(F)F)cc2)CC[C@H]1N(C)C(=O)Cc1ccc(-n2cnnn2)cc1,3.0,2.7841782569885254
lipo,gnn,random,0,CCN(CC)c1ccc2cc(C(=O)O)c(=O)oc2c1,-0.20000000298023224,-0.5338804721832275
lipo,gnn,random,0,Cc1ccc(S(=O)(=O)Nc2c(C(=O)NC3CCCCC3)c(C)nn2-c2ccccc2)cc1,1.6799999475479126,0.7165724039077759
lipo,gnn,random,0,NC(Cc1ccccc1)c1ccccc1,1.3200000524520874,1.3222882747650146
lipo,gnn,random,0,COc1cccc(NC(=O)c2cccc(Cc3c(C)nn(CCO)c3-c3ccccc3)c2)c1,4.289999961853027,3.7343711853027344
lipo,gnn,random,0,COc1cc2ncn(-c3cc(OCc4ccccc4C(F)(F)F)c(C(=O)O)s3)c2cc1OC,0.8399999737739563,2.295994997024536
lipo,gnn,random,0,CC(=O)Nc1ccc2ccn(-c3cc(NC4COC4)n4ncc(C#N)c4n3)c2c1,2.240000009536743,2.5692050457000732
lipo,gnn,random,0,CCC(=O)N1CCN(C(=O)c2cc(Cc3n[nH]c(=O)c4ccccc34)ccc2F)CC1,1.2200000286102295,1.4561004638671875
lipo,gnn,random,0,Oc1ccc(CCc2ccc(O)cc2)cc1,3.299999952316284,3.3842387199401855
lipo,gnn,random,0,CCOc1ccc2oc(C(=O)NC(CCSC)c3nc4ncccc4[nH]3)c(C)c2c1,4.230000019073486,3.615671396255493
lipo,gnn,random,0,CC[C@H](NC(=O)c1c([S+](C)[O-])c(-c2cccc(F)c2)nc2ccccc12)c1ccccc1,3.140000104904175,3.5586605072021484
lipo,gnn,random,0,O=C(CN1C(=O)C(NC(=O)c2cc3cc(Cl)sc3[nH]2)Cc2ccccc21)NCCO,3.049999952316284,2.87161922454834
lipo,gnn,random,0,O=C(NCC1CCCCN1)c1cc(OCC(F)(F)F)ccc1OCC(F)(F)F,1.1299999952316284,2.095180034637451
lipo,gnn,random,0,CC(C)C(NC(=O)Cn1c(-c2ccccc2)ncc(NC(=O)OCC(F)(F)F)c1=O)C(=O)C(F)(F)F,2.369999885559082,2.4226551055908203
lipo,gnn,random,0,C[C@H](Nc1nc(Nc2cc(C3CC3)[nH]n2)cnc1C#N)c1ccc(F)cn1,3.180000066757202,2.9392411708831787
lipo,gnn,random,0,CC(=O)NC[C@H]1CN(c2ccc(N3CCOCC3)c(F)c2)C(=O)O1,0.6700000166893005,1.0806111097335815
lipo,gnn,random,0,COc1cc(F)ccc1-c1cncc(CNC2CCC2)n1,2.2300000190734863,1.7890514135360718
lipo,gnn,random,0,COc1cccc(C(=O)Nc2ccc(C)c(-n3cnc4ccc(N5CCN(C)CC5)cc4c3=O)c2)c1,3.0799999237060547,2.678513288497925
lipo,gnn,random,0,O=C(Nc1ccc(S(=O)(=O)N2CCOCC2)cc1)c1cc(Cl)ccc1NS(=O)(=O)c1ccc(Cl)s1,3.0199999809265137,3.0198330879211426
lipo,gnn,random,0,NS(=O)(=O)c1cccc(Nc2nccc(Nc3c(Cl)ccc4c3OCO4)n2)c1,2.9700000286102295,2.884997844696045
lipo,gnn,random,0,CCCc1nn(C)c2c(=O)[nH]c(-c3cc(S(=O)(=O)N4CCN(C)CC4)ccc3OCC)nc12,2.799999952316284,2.111595630645752
lipo,gnn,random,0,N=C(N)Nc1ccc(Cl)c(Cl)c1,-0.3100000023841858,1.0247488021850586
lipo,gnn,random,0,CS(=O)(=O)c1ccc(Oc2ccc(C#C[C@]3(O)CN4CCC3CC4)cc2)cc1,1.5099999904632568,1.89493989944458
lipo,gnn,random,0,O=c1[nH]c2c(O)ccc([C@@H](O)CNCCCSCCOCCc3ccccc3)c2s1,2.299999952316284,1.7421658039093018
lipo,gnn,random,0,C[C@@](O)(C(=O)Nc1ccc(S(=O)(=O)NCCN2CCOCC2)cc1Cl)C(F)(F)F,2.140000104904175,2.9069981575012207
lipo,gnn,random,0,CNC(=O)c1ccc(Nc2ncc(F)c(-c3cnc(C)n3C(C)C)n2)cc1,3.0,3.038621425628662
lipo,gnn,random,0,O=C(/C=C/Sc1nc[nH]n1)c1ccc(Cl)cc1,3.0999999046325684,2.1343960762023926
lipo,gnn,random,0,O=C(NS(=O)(=O)N1CCC(N2CCC(Oc3ccc(Cl)c(Cl)c3)CC2)CC1)c1ccccc1,2.140000104904175,2.2580246925354004
lipo,gnn,random,0,CC(C)Cn1c(=O)n(C)c(=O)c2c(SCCCO)c(Cc3ccccc3C(F)(F)F)sc21,4.050000190734863,4.031869888305664
lipo,gnn,random,0,Cc1cc(C)nc(SCC(=O)Nc2cc(C)on2)n1,1.5199999809265137,2.3076658248901367
lipo,gnn,random,0,CC1(C)CNC(=O)c2sc(N3CCOCC3)nc2C1,1.2899999618530273,1.9373283386230469
lipo,gnn,random,0,CC(C)C[C@H](NC(=O)N1CCOCC1)C(=O)NCC#N,0.07999999821186066,0.79813551902771
lipo,gnn,random,0,O=c1oc2ccccc2c(O)c1Cc1c(O)c2ccccc2oc1=O,1.2200000286102295,2.1167209148406982
lipo,gnn,random,0,CC(C)CNc1nc(C#N)nc(N2CCOCC2)c1N,2.7899999618530273,2.602457046508789
lipo,gnn,random,0,O=S(=O)(CCCNCCc1ccc(O)c2nc(O)sc12)NCCOCCc1cccc(Cl)c1,1.9199999570846558,2.28843092918396
lipo,gnn,random,0,O=[N+]([O-])c1ccc(C=NO)o1,1.309999942779541,-0.9199557304382324
lipo,gnn,random,0,Cc1nn(C)c2cc(N3CCN(C(=O)[C@@H]4CCCC[C@H]4C(=O)NC4(C#N)CC4)[C@H](C)C3)ccc12,2.700000047683716,2.6389012336730957
lipo,gnn,random,0,O=C(Nc1ccc(F)cc1)c1ccc(Cl)[n+]([O-])c1,1.3799999952316284,2.2356059551239014
lipo,gnn,random,0,O=[N+]([O-])c1c(Cl)c(Cl)cc2nc(O)c(O)nc12,0.20999999344348907,1.212607502937317
lipo,gnn,random,0,N#C[C@]1(NC(=O)[C@@H](N)Cc2cccs2)C[C@H]1c1ccccc1,1.5,1.6676498651504517
lipo,gnn,random,0,Cc1nc(CS(=O)(=O)c2ccc(Cl)cc2)cc(N2CCOCC2)n1,1.7999999523162842,2.260213851928711
lipo,gnn,random,0,CC(=O)Nc1ccc2ccn(-c3cc(NCCN4CCCC4)n4ncc(C#N)c4n3)c2c1,2.240000009536743,2.2476577758789062
lipo,gnn,random,0,CNc1nc2nc(SCc3cccc(F)c3F)nc(N[C@H](C)CO)c2s1,3.700000047683716,3.690072774887085
lipo,gnn,random,0,CNC1=Nc2ncccc2C(c2ccco2)=NC1c1cccs1,1.850000023841858,1.9725672006607056
lipo,gnn,random,0,Cc1cc(Oc2ccnc(Nc3ccc(S(N)(=O)=O)cc3)c2)c(-c2ccccn2)nc1C,2.3399999141693115,2.828190803527832
lipo,gnn,random,0,CC(C)C[C@H](NC(=O)N1CCOCC1)C(=O)N[C@H](/C=C/S(=O)(=O)c1ccccc1)CCc1ccccc1,3.4000000953674316,2.825129985809326
lipo,gnn,random,0,O=C(NC[C@@H](O)CN1CCC(Oc2ccc(Cl)c(Cl)c2)CC1)c1n[nH]c(=O)c2ccccc12,3.690000057220459,3.1166696548461914
lipo,gnn,random,0,CCN1CCC[C@@H](CN2CCN(C(=O)Nc3ccc(Cl)c(Cl)c3)CC2)C1,1.940000057220459,2.4739253520965576
lipo,gnn,random,0,CCN(CC)S(=O)(=O)c1ccc(NC(=O)C(C)(O)C(F)(F)F)cc1,2.630000114440918,2.885392189025879
lipo,gnn,random,0,COc1cc(OC)nc(-n2ncc(Cl)c(Cl)c2=O)n1,1.399999976158142,2.374994993209839
lipo,gnn,random,0,Cc1ccc2c(c1)c(Sc1ccccc1)c(CC(=O)O)n2C,1.7400000095367432,1.4552903175354004
lipo,gnn,random,0,CC1(C)CCC(c2ccc(Cl)cc2)=C(CN2CCN(c3ccc(C(=O)NS(=O)(=O)c4ccc(N[C@H](CCN5CCOCC5)CSc5ccccc5)c(S(=O)(=O)C(F)(F)F)c4)cc3)CC2)C1,0.6399999856948853,3.5930027961730957
lipo,gnn,random,0,N#Cc1ccc(CN2CCN(c3ccc4nnc(C(F)(F)F)n4n3)CC2)cc1,2.9000000953674316,2.7669897079467773
lipo,gnn,random,0,CNc1cccc(CCOc2ccc(C[C@H](NC(=O)c3c(Cl)cccc3Cl)C(=O)O)cc2)n1,-0.15000000596046448,-0.3953545093536377
lipo,gnn,random,0,N#Cc1cccc(-c2ccc(C3(CNC(=O)Nc4cc(Cl)cc(Cl)c4)CCN(CC4CC4)CC3)cc2)c1,3.369999885559082,4.0358357429504395
lipo,gnn,random,0,COc1cc(CCc2cc(Nc3ccnc(NCc4cc(C)no4)n3)n[nH]2)cc(OC)c1,3.0999999046325684,3.34431529045105
lipo,gnn,random,0,CN(C(=O)Cc1ccc(-n2cnnn2)cc1)[C@@H]1CCN(Cc2ccc(C(F)(F)F)cn2)C[C@@H]1F,2.0999999046325684,2.3911826610565186
lipo,gnn,random,0,CCCSc1nc(N2CCCC(C(=O)O)C2)ccc1C(=O)NC1CCCCC1,1.7200000286102295,1.5601924657821655
lipo,gnn,random,0,CC(=O)NCC(NC(=O)C1(N)CCN(c2ncnc3[nH]ccc23)CC1)c1ccc(Cl)cc1,2.4000000953674316,2.4247469902038574
lipo,gnn,random,0,CCCSc1nc(N2CCOCC2)ccc1C(=O)N[C@H]1C2CC3CC1C[C@](O)(C3)C2,3.200000047683716,3.097907304763794
lipo,gnn,random,0,COC(=O)c1ccc(CC(=O)N(C)C2CCN(CCC(c3ccccc3)c3ccccc3)CC2)cc1,4.0,3.201153039932251
lipo,gnn,random,0,CC(C)(C)NC(=O)Nc1ccc(-c2c(N)nc(N)nc2COCc2ccccc2)cc1,3.0899999141693115,3.428771495819092
lipo,gnn,random,0,CCNC(=O)C[C@@H]1N=C(c2ccc(Cl)cc2)c2cc(OC)ccc2-n2c(C)nnc21,2.4600000381469727,3.2084412574768066
lipo,gnn,random,0,NC(=O)c1ccc(-c2cc3c(N[C@H]4CCCNC4)ncc(C(N)=O)c3s2)cc1,0.2800000011920929,1.2423348426818848
lipo,gnn,random,0,C[C@H](N)C(=O)N[C@H](/C=C/S(=O)(=O)c1ccccc1)CCc1ccccc1,1.659999966621399,1.302626609802246
lipo,gnn,random,0,Cn1nnc(-c2ccc(-c3ccc(N4C[C@H](COc5ccon5)OC4=O)cc3F)cn2)n1,1.2400000095367432,2.672210693359375
lipo,gnn,random,0,Cc1nc(C)c(-c2ccc3c(c2)CC[C@]32CC[C@@H](C(=O)O)CC2)nc1C(N)=O,1.2000000476837158,1.257938027381897
lipo,gnn,random,0,Cc1ccc(-c2ccc(N)nn2)cc1NC(=O)c1ccc(OCc2ccccn2)cc1,2.4700000286102295,2.9781851768493652
lipo,gnn,random,0,CC(C)C(=O)Nc1ccc([N+](=O)[O-])c(C(F)(F)F)c1,3.4600000381469727,2.857792377471924
lipo,gnn,random,0,N#CCNC(=O)[C@@H]1CCCC[C@H]1C(=O)N1CCc2ccccc2C1,1.909999966621399,2.1888587474823
lipo,gnn,random,0,Cc1ccc(S(=O)(=O)Nc2c(C(=O)N[C@@H](C)C(C)(C)C)c(C)nn2C2CCS(=O)(=O)CC2)cc1,0.25,0.17808568477630615
lipo,gnn,random,0,CCC[C@@H](c1ccc(C(=O)O)c(Oc2cccc(Cl)c2)c1)N1CCC[C@H](n2cc(C)c(=O)[nH]c2=O)C1,0.5,0.5251473188400269
lipo,gnn,random,0,CC1CCc2cc(F)cc3c(=O)c(C(=O)O)cn1c23,0.7400000095367432,-0.009987592697143555
lipo,gnn,random,0,O=C(NCCCNc1nc(Nc2cccc(NC(=O)N3CCCC3)c2)ncc1Br)c1cccs1,4.130000114440918,3.4722511768341064
lipo,gnn,random,0,COc1cc(N2CCN(C(C)=O)CC2)ccc1Nc1ncc(C#N)c(-c2cnc3ccccn23)n1,2.799999952316284,2.9292008876800537
lipo,gnn,random,0,Cc1ccc(CO)cc1N(C)c1ccnc(Nc2cc(N3CCOCC3)nc(N3CCOCC3)n2)n1,3.9000000953674316,2.922954797744751
lipo,gnn,random,0,COc1cc2nnc(C(N)=O)c(Nc3cc(C)ccc3F)c2cc1N1CCN(C)CC1,2.569999933242798,2.717430591583252
lipo,gnn,random,0,CCOc1cc2nnc(C(N)=O)c(Nc3cc(C)ccc3F)c2cc1N1CCN(C)CC1,3.0199999809265137,2.751866340637207
lipo,gnn,random,0,Clc1ccc(C(c2ccccc2)N2CCNCC2)cc1,1.940000057220459,1.6715233325958252
lipo,gnn,random,0,Cc1ccc(S(=O)(=O)Nc2c(C(=O)NC3CCOCC3)c(C)nn2-c2ccccc2)cc1,0.1599999964237213,-0.2072300910949707
lipo,gnn,random,0,Cc1cnc(-c2cc(NC(=O)c3ccc(C(F)(F)F)nc3C)ccc2Cl)[nH]1,3.299999952316284,3.3889458179473877
lipo,gnn,random,0,Cc1ccc2[nH]c(C(=O)N3CCN(C)CC3)cc2c1,2.2200000286102295,2.062706708908081
lipo,gnn,random,0,C[C@H](CO)Nc1nc(SCc2cccc(F)c2F)nc2[nH]c(=O)c(C#N)cc12,3.319999933242798,3.020667791366577
lipo,gnn,random,0,COc1cc(N2CCN(C(C)=O)CC2)ccc1Nc1ncc(C)c(-c2cnc3ccccn23)n1,2.9000000953674316,3.1985301971435547
lipo,gnn,random,0,CCCSc1nc(N2CCC(C(=O)O)CC2)ccc1C(=O)NC1CCCCC1,1.600000023841858,1.634211778640747
lipo,gnn,random,0,CCC(CC)NC(=O)c1cnn(-c2ccccc2)c1NS(=O)(=O)c1ccc(-c2cnco2)cc1,0.800000011920929,0.27992916107177734
lipo,gnn,random,0,Clc1cccc(-c2cnc3ccc(NC4CCOCC4)nn23)c1,4.300000190734863,3.495901584625244
lipo,gnn,random,0,O=C(Nc1cccc(O)c1)c1ccc(OCCCN2CCCC2)cc1OCc1cscn1,1.559999942779541,1.1125233173370361
lipo,gnn,random,0,COCC(=O)N1CCC(n2cc(-c3cnc(N)c(-c4nc5ccccc5o4)c3)cn2)CC1,3.4000000953674316,3.373631477355957
lipo,gnn,random,0,Cc1ncc(-c2ccnc(Nc3ccc(N4CCN(S(=O)(=O)CCN(C)C)CC4)cc3)n2)n1C(C)C,2.5199999809265137,2.5858893394470215
lipo,gnn,random,0,COc1cc2ncc(C(N)=O)c(Nc3cc(C)ccc3F)c2cc1OC,3.1600000858306885,3.1949665546417236
lipo,gnn,random,0,O=c1oc2ccccc2cc1-c1ccccc1,3.2200000286102295,3.199601650238037
lipo,gnn,random,0,O=c1c(-c2ccc([N+](=O)[O-])cc2)coc2cc(O)cc(O)c12,3.240000009536743,2.433223247528076
lipo,gnn,random,0,C=C(CC)C(=O)c1ccc(OCC(=O)O)c(Cl)c1Cl,0.019999999552965164,0.024242639541625977
lipo,gnn,random,0,C[C@H](Cc1cccc(CC(=O)NC23CC4CC(CC(C4)C2)C3)c1)NC[C@H](O)c1ccc(O)c(CO)c1,2.4000000953674316,2.329503297805786
lipo,gnn,random,0,COc1cc2c(Nc3ccc(Cl)cc3F)ncnc2cc1OCC1CCNCC1,1.100000023841858,2.156322956085205
lipo,gnn,random,0,O=C1/C(=N\O)c2ccccc2N1Cc1ccccc1[N+](=O)[O-],2.069999933242798,2.548271417617798
lipo,gnn,random,0,C[C@H]1O[C@@H](n2cnc3c(N)nc(O[C@H]4CC[C@H](C)CC4)nc32)[C@H](O)[C@@H]1O,2.3499999046325684,2.3098270893096924
lipo,gnn,random,0,Cc1ccc(S(=O)(=O)Nc2c(C(=O)N(C)C3CCCCC3)cnn2-c2ccccc2)cc1,2.009999990463257,0.6724567413330078
lipo,gnn,random,0,O=C(CC12CC3CC(CC(C3)C1)C2)Nc1ccc2[nH]ncc2c1,4.03000020980835,3.6021904945373535
lipo,gnn,random,0,CCC[C@@H](CN1CCCC1)N(C)C(=O)Cc1ccc(Cl)c(Cl)c1,2.2699999809265137,2.7239601612091064
lipo,gnn,random,0,O=C(N[C@@H](Cc1ccccc1)[C@@H](O)C(=O)N1C[C@@H](O)[C@@H](O)C1)c1cc2cc(Cl)ccc2[nH]1,2.799999952316284,3.0700666904449463
lipo,gnn,random,0,C[C@@H]1CN(Cc2ccc(F)cc2)[C@@H](C)CN1C(=O)c1cc2c(C(=O)C(=O)N(C)C)cn(C)c2cc1Cl,3.5999999046325684,3.1418213844299316
lipo,gnn,random,0,Cc1ccc2c(c1)c(-c1ccnc3cc(C(F)(F)F)ccc13)c(C)n2CC(=O)O,1.7799999713897705,1.6500492095947266
lipo,gnn,random,0,Cc1nnc2n1-c1ccc(Cl)cc1C(c1ccccc1Cl)=NC2,2.3399999141693115,3.5306055545806885
lipo,gnn,random,0,COC[C@H](C)Oc1cc(Oc2ccc(S(C)(=O)=O)cc2)cc(C(=O)Nc2ccc(C(=O)O)cn2)c1,-0.4099999964237213,0.25986599922180176
lipo,gnn,random,0,CN(C)c1ccnc2sc(C(N)=O)c(N)c12,1.7000000476837158,1.378227710723877
lipo,gnn,random,0,CC[C@@H]1C(=O)OC[C@@H]1Cc1cncn1C,-0.3700000047683716,1.1983603239059448
lipo,gnn,random,0,COc1c(C)c2c(c(O)c1C/C=C(\C)CCC(=O)OCCN1CCOCC1)C(=O)OC2,2.259999990463257,1.876474142074585
lipo,gnn,random,0,COc1ccc2c(C)cc(N[C@H]3CCC[C@H](NCc4ccsc4)C3)nc2c1,2.4600000381469727,2.814783811569214
lipo,gnn,random,0,COc1cc(N2CCN(C(C)=O)CC2)ccc1Nc1ncc(Cl)c(-c2cnc3c(C)cccn23)n1,3.200000047683716,3.6956138610839844
lipo,gnn,random,0,CCOc1ccc2nc(NC(=O)CC)sc2c1,3.4000000953674316,2.8944058418273926
lipo,gnn,random,0,CCN(CCO)CCCOc1cc2ncnc(Nc3cc(CC(=O)Nc4cccc(F)c4)[nH]n3)c2cc1OC,2.119999885559082,2.424056053161621
lipo,gnn,random,0,CN[C@@H](C)C(=O)N[C@H](C(=O)N[C@H]1CCCN(CCc2ccc(O)cc2)C1)C(C)(C)C,0.7699999809265137,0.8372510671615601
lipo,gnn,random,0,O=C1NC(=O)/C(=C/c2ccc3c(c2)OC(F)(F)O3)S1,2.799999952316284,2.518559694290161
lipo,gnn,random,0,COc1ccc(-c2ccc3c(N4CCOC[C@@H]4C)nc(-n4ccnc4)nc3n2)cc1CO,2.5999999046325684,2.919969320297241
lipo,gnn,random,0,C[C@@H](Oc1cccc2ncnc(Nc3ccc4c(cnn4Cc4cscn4)c3)c12)C(=O)N1CCOCC1,2.809999942779541,2.8326926231384277
lipo,gnn,random,0,CCOc1ccc(-n2c(CC)nc3ccccc3c2=O)cc1,3.2699999809265137,2.618595838546753
lipo,gnn,random,0,CCC(c1nc2ccsc2c(=O)n1Cc1ccccc1)N(CCCN)C(=O)c1ccc(C(C)C)cc1,2.7200000286102295,1.9803715944290161
lipo,gnn,random,0,O=C(Nc1ccc(N2CCOCC2)cc1)c1nnc(NC(=O)C2(c3ccc(Cl)cc3)CCCC2)o1,3.7200000286102295,3.3652234077453613
lipo,gnn,random,0,O=C(Cc1ccc(OCc2ccccc2)cc1)NO,1.9199999570846558,2.098994016647339
lipo,gnn,random,0,C[C@H]1O[C@@H](n2cnc3c(N)nc(OC(C4CC4)C(F)(F)F)nc32)[C@H](O)[C@@H]1O,1.8300000429153442,2.294159173965454
lipo,gnn,random,0,CC(=O)N[C@@H]1CC2(CCN(Cc3ccc4[nH]c5ccccc5c4c3)CC2)c2ccccc21,2.9600000381469727,3.3559374809265137
lipo,gnn,random,0,O=C(NCc1ccncn1)c1ccc(Oc2ccc(CCC3(O)CN4CCC3CC4)cc2)cc1,0.7599999904632568,1.0328854322433472
lipo,gnn,random,0,COCCS(=O)(=O)N1CCN(c2ccc(Nc3nccc(-c4cnc(C)n4C(C)C)n3)cc2)CC1,2.75,3.06514048576355
lipo,gnn,random,0,CCCc1nc2c(C)cc(-c3nc4ccccc4n3C)cc2n1Cc1ccc(-c2ccccc2C(=O)O)cc1,2.2100000381469727,3.2431135177612305
lipo,gnn,random,0,CNc1cccc(CCOc2ccc(C[C@H](NC(=O)c3c(C)cc(C)cc3C)C(=O)O)cc2)n1,0.5199999809265137,0.4686472415924072
lipo,gnn,random,0,NC(=O)C(NC(=O)C1(N)CCN(c2ncnc3[nH]ccc23)CC1)c1ccc(Cl)cc1,2.200000047683716,2.3031227588653564
lipo,gnn,random,0,CC(C)c1ncc(NC(=O)OCc2ccccc2)c(=O)n1CC(=O)NC(C(=O)C(F)(F)F)C(C)C,2.630000114440918,2.104910135269165
lipo,gnn,random,0,CC(=O)c1c(C)c2cnc(Nc3ccc(N4CCNCC4)cn3)nc2n(C2CCCC2)c1=O,0.800000011920929,1.9071950912475586
lipo,gnn,random,0,CCN(C(=O)Cc1ccc(S(C)(=O)=O)cc1)C1CCN(CC[C@H](c2ccc(S(C)(=O)=O)cc2)c2cccc(F)c2)CC1,2.9000000953674316,2.070793628692627
lipo,gnn,random,0,CCC(CC)NC(=O)c1cn(-c2ccccc2)nc1NS(=O)(=O)c1ccc(C)cc1,2.509999990463257,0.594733476638794
lipo,gnn,random,0,CCN(CC)C(=O)c1ccc(C(=C2CCN(Cc3ccc(F)cc3)CC2)c2ccccn2)cc1,3.2799999713897705,3.030853748321533
lipo,gnn,random,0,NC1(c2ccc(-c3c(-c4ccccc4)ccn4ccnc34)cc2)CCC1,2.0,2.124380111694336
lipo,gnn,random,0,CCOC(=O)C1(c2ccccc2)CCN(C)CC1,1.399999976158142,1.1998121738433838
lipo,gnn,random,0,COc1cc(OC2CCN(C)CC2)c2c(Nc3cccc4c3OCO4)ncnc2c1,3.0199999809265137,2.6678738594055176
lipo,gnn,random,0,COc1cc(OC)cc(-c2cc3cnc(N)nc3nc2N)c1,2.140000104904175,2.853034496307373
lipo,gnn,random,0,CC(=O)Nc1cccc(S(=O)(=O)Nc2ccc(-c3ccccc3)n(CC(=O)NC(C(=O)C(F)(F)F)C(C)C)c2=O)c1,2.430000066757202,1.6165540218353271
lipo,gnn,random,0,CCCSc1nc(N[C@@H]2C[C@H]2c2ccccc2)c2nnn([C@@H]3C[C@H](CO)[C@@H](O)[C@H]3O)c2n1,3.990000009536743,3.5727670192718506
lipo,gnn,random,0,O=C1CC(c2ccc(O)cc2)Oc2cc(O)cc(O)c21,2.5999999046325684,2.087217330932617
lipo,gnn,random,0,O=C(NCC12CC3CC(CC(C3)C1)C2)c1cc(OC2CCNCC2)ccc1Cl,1.8300000429153442,1.731069803237915
lipo,gnn,random,0,O=C(NCCc1ccccc1)c1cc(-n2ncc(=O)[nH]c2=O)ccc1Cl,0.7400000095367432,0.8201106786727905
lipo,gnn,random,0,O=C(c1cccc(Cc2n[nH]c(=O)c3ccccc23)c1)N1CCN(c2ncccn2)CC1,2.130000114440918,2.0244388580322266
lipo,gnn,random,0,CCN(CC)C(=O)c1ccc(C(=C2CCN(Cc3ccc(F)cc3)CC2)c2cccc3cccnc23)cc1,3.859999895095825,3.609412431716919
lipo,gnn,random,0,O=c1[nH]c2c(O)ccc([C@@H](O)CNCCc3cccc(-c4cccc(CNCc5ccccc5)c4)c3)c2s1,2.319999933242798,2.5045368671417236
lipo,gnn,random,0,CN1CCN(c2ccc3ncc(C(N)=O)c(Nc4ccc(F)cc4F)c3c2)CC1,2.299999952316284,2.621068239212036
lipo,gnn,random,0,NS(=O)(=O)c1ccc2c(C(=O)NC[C@@H](O)CN3CCC(Oc4ccc(Cl)c(Cl)c4)CC3)c[nH]c(=O)c2c1,2.1700000762939453,2.9858689308166504
lipo,gnn,random,0,CCCSc1nc(N[C@H]2CC[C@H](C(=O)O)CC2)ccc1C(=O)NC1CCCCC1,2.0199999809265137,1.6927013397216797
lipo,gnn,random,0,COc1cc2ncnc(Nc3ccc(Cl)c(O)c3)c2cc1OC,3.299999952316284,3.1102805137634277
lipo,gnn,random,0,CN(C(=O)Cc1ccc(C#N)cc1)C1CCN(CCC(c2ccccc2)c2ccccc2)CC1,3.700000047683716,2.8795268535614014
lipo,gnn,random,0,CCOCc1nc2c(N)nc3ccccc3c2n1CC(C)(C)O,1.690000057220459,2.259265661239624
lipo,gnn,random,0,O=[N+]([O-])c1ccc(O)cc1,1.5,1.0996811389923096
lipo,gnn,random,0,CCCSc1nc2ccc(NC(=O)CCNC(N)=O)cc2s1,2.9000000953674316,2.9907631874084473
lipo,gnn,random,0,CC(O)C(C)OC(=O)[C@@H]1CC2c3cccc4c3c(cn4C(C)C)CC2N(C)C1,2.799999952316284,2.2267260551452637
lipo,gnn,random,0,CN1CCN(S(=O)(=O)c2ccc(-c3cnc(N)c(C(=O)Nc4cccnc4)n3)c(C(F)(F)F)c2)CC1,3.25,2.7745158672332764
lipo,gnn,random,0,Cc1nccn1CC1CCc2c(c3ccccc3n2C)C1=O,1.6699999570846558,2.928521156311035
lipo,gnn,random,0,N#CC1(NC(=O)[C@@H]2CCCC[C@H]2C(=O)N2CCN(c3ccccc3)CC2)CC1,1.9900000095367432,1.9932653903961182
lipo,gnn,random,0,COc1cc(Nc2cc(Oc3cccnc3C)ccn2)cc(OC)c1OC,3.190000057220459,2.878777027130127
lipo,gnn,random,0,CC(=O)Nc1cccc(OCc2cnc(Cl)s2)c1,2.380000114440918,2.9700634479522705
lipo,gnn,random,0,CCCNC(=O)c1nnc2c(-c3cnccc3OC)cccc2c1N,2.8299999237060547,2.9089856147766113
lipo,gnn,random,0,CC(=O)N1CCN(CC(O)COc2ccc(Br)cc2)CC1,1.600000023841858,1.4297852516174316
lipo,gnn,random,0,CN1CCN(CC(=O)Nc2c(C#N)cnn2-c2ccccc2)CC1,0.0,0.04632925987243652
lipo,gnn,random,0,CN[C@H]1CC[C@@H](c2ccc(Cl)c(Cl)c2)c2ccccc21,3.1500000953674316,3.024110794067383
lipo,gnn,random,0,CS(=O)(=O)Cc1cc(N2CCOCC2)nc(-c2cccc(CO)c2)n1,1.0,1.5970746278762817
lipo,gnn,random,0,O=C(CO)N1CCC[C@H]1COc1cccc2ncnc(Nc3ccc(OCc4ccccn4)c(Cl)c3)c12,3.619999885559082,3.276644229888916
lipo,gnn,random,0,Nc1ncnc2sc(-c3c(-c4ccccc4)ncn3C[C@H]3CCCO3)nc12,2.6500000953674316,2.910874366760254
lipo,gnn,random,0,CCOC(=O)c1ccc(OCCC2CCN(c3ccc(C)nn3)CC2)cn1,2.630000114440918,3.1815731525421143
lipo,gnn,random,0,Nc1n[nH]c2c(Cl)cccc12,1.7000000476837158,2.0892906188964844
lipo,gnn,random,0,CN(C)CC(O)COc1ccc(Nc2cc(N(CC#N)c3cc(Cl)ccc3Cl)ncn2)cc1,2.0999999046325684,2.590959310531616
lipo,gnn,random,0,COc1ccc(OC)c(-c2c(F)ccc3c(N)c(C(=O)NC(C)C)nnc23)c1,3.7699999809265137,3.2965755462646484
lipo,gnn,random,0,CC1(C)C(=O)Nc2ccccc21,2.299999952316284,2.030885934829712
lipo,gnn,random,0,O=C(O)c1ccc(-c2ccc(Cl)c(C(=O)NCC34CC5CC(CC(C5)C3)C4)c2)cc1,2.4800000190734863,2.5392143726348877
lipo,gnn,random,0,CCCN(CCO)CCCOc1cc2ncnc(Nc3cc(CC(=O)Nc4cccc(F)c4F)[nH]n3)c2cc1OC,1.2799999713897705,2.6768639087677
lipo,gnn,random,0,CC(C)COc1cc(-c2cccc3c(=O)cc(N4CCOCC4)oc23)ccc1NC(=O)CN1CCOCC1,3.799999952316284,3.1338038444519043
lipo,gnn,random,0,COc1ccc(Cc2nccc3cc(OC)c(OC)cc23)cc1OC,2.809999942779541,3.431461811065674
lipo,gnn,random,0,O=C(O)C(c1ccccc1)N1CCC(N2CCC(Oc3ccc(Cl)c(Cl)c3)CC2)CC1,2.2300000190734863,2.2473673820495605
lipo,gnn,random,0,COc1cc(O)c(C(CC(=O)N2CC(C)CC(C)C2)c2ccc3c(c2)OCO3)c(OC)c1,4.300000190734863,3.289769411087036
lipo,gnn,random,0,O=C(N[C@@H](Cc1ccccc1)C(=O)N1CCC(O)CC1)c1cc2cc(Cl)ccc2[nH]1,3.5999999046325684,3.2618961334228516
lipo,gnn,random,0,CC(C)Cn1cnc(-c2ccccc2)c1-c1nc2c(N)ncnc2s1,3.7200000286102295,3.4917538166046143
lipo,gnn,random,0,Cc1ccccc1C(=O)N1CCN(c2ccccn2)CC1,2.180000066757202,2.2045738697052
lipo,gnn,random,0,CCC(c1nc2ccsc2c(=O)n1Cc1ccccc1)N(CCCN)C(=O)c1ccc(C)cc1,1.809999942779541,1.4025614261627197
lipo,gnn,random,0,COc1ccccc1CCNCc1cccc(CCNC[C@H](O)c2ccc(O)c3[nH]c(=O)sc23)c1,0.8199999928474426,0.8900017738342285
lipo,gnn,random,0,Cn1cc(-c2ccc(O)cc2)c(=O)c2c(O)cc(O)cc21,2.200000047683716,2.2153892517089844
lipo,gnn,random,0,O=C(O)[C@H](Cc1ccccc1F)N1CCC(CN2CCC(Oc3ccc(Cl)c(Cl)c3)CC2)CC1,2.5799999237060547,2.4651002883911133
lipo,gnn,random,0,CN[C@@H](C)C(=O)N[C@H](C(=O)N[C@H]1CCN(Cc2ccccc2)C1)C1CCCCC1,1.4900000095367432,1.8719879388809204
lipo,gnn,random,0,Cc1ncc(-c2ccnc(Nc3ccc(S(=O)(=O)CCCN(C)C)cc3)n2)n1C(C)C,1.3200000524520874,1.7183891534805298
lipo,gnn,random,0,O=C(O)CCc1ccc(OCc2cccc(Br)c2)cc1,1.6699999570846558,1.708967685699463
lipo,gnn,random,0,O=c1oc2ccc(O)cc2cc1-c1ccccc1,3.119999885559082,2.994729995727539
lipo,gnn,random,0,NC(=O)c1cnc(N[C@H]2CCCNC2)c2cc(-c3ccc(F)cc3F)sc12,1.9700000286102295,2.1358656883239746
lipo,gnn,random,0,O=c1[nH]cnc2cc(F)c(F)cc12,1.5,1.9180388450622559
lipo,gnn,random,0,COc1cc(C)c(S(=O)(=O)N(C)CCOCC(=O)N2CCN(C3CCN(C)CC3)CC2)c(C)c1,-0.4000000059604645,1.360896348953247
lipo,gnn,random,0,Cc1ncc(-c2nc(Nc3ccc(C(=O)NCCN(C)C)c(F)c3)ncc2F)n1C(C)C,2.259999990463257,2.38702130317688
lipo,gnn,random,0,O=S(=O)(Nc1nncs1)c1cc(Cl)c(Oc2ccc(C(F)(F)F)cc2-c2ccnnc2)cc1F,1.149999976158142,2.291283369064331
lipo,gnn,random,0,CC[C@H](NC(=O)c1c([S+]([O-])CC)c(-c2ccccc2)nc2ccccc12)c1ccccc1,3.450000047683716,3.5072102546691895
lipo,gnn,random,0,CC(C)C(NC(=O)Cn1c(-c2ccccc2)ccc(NC(=O)Cc2cccc(C(=O)O)c2)c1=O)C(=O)C(F)(F)F,0.6800000071525574,0.7148367166519165
lipo,gnn,random,0,Nc1c(C(=O)c2cccc(OC[C@H](O)CO)c2)cnn1-c1ccc(F)cc1,1.940000057220459,1.6463778018951416
lipo,gnn,random,0,O=S(=O)(Cc1cc(Cl)cc(Cl)c1)NCC(c1ccccc1)N1CCCCCC1,3.2300000190734863,3.4780373573303223
lipo,gnn,random,0,NC1(c2ccc(-c3nc4ccccc4c(=O)n3-c3ccccc3)cc2)CCC1,1.5,1.6613633632659912
lipo,gnn,random,0,CN(C(=O)Cc1ccc(O)cc1)C1CCN(CCC(c2ccccc2)c2ccccc2)CC1,3.299999952316284,2.8010904788970947
lipo,gnn,random,0,Nc1ccc(OCc2ccccc2)cc1,2.200000047683716,2.7943124771118164
lipo,gnn,random,0,CCC(c1nc2snc(C)c2c(=O)n1Cc1ccccc1)N(CCCN)C(=O)c1ccc(C)cc1,1.6100000143051147,1.5021429061889648
lipo,gnn,random,0,CCCOc1nc(N2CCC[C@@H](CC(=O)O)C2)ccc1C(=O)NC1CCCCC1,2.809999942779541,1.4004688262939453
lipo,gnn,random,0,CC(C)Oc1cccc(CC(=O)N2CCC[C@](CC[N+]34CCC(c5ccccc5)(CC3)CC4)(c3ccc(Cl)c(Cl)c3)C2)c1,1.2300000190734863,3.3028054237365723
lipo,gnn,random,0,COc1cnc(-c2ccccn2)nc1Oc1ccc(F)cc1F,3.0999999046325684,3.1100261211395264
lipo,gnn,random,0,CC(C)(C(N)=O)C(=O)NCCCNc1nc(Nc2cccc(NC(=O)N3CCCC3)c2)ncc1Br,2.319999933242798,2.8681516647338867
lipo,gnn,random,0,Oc1ccc(C(c2ccc(O)cc2)C(Cl)(Cl)Cl)cc1,3.859999895095825,3.647458076477051
lipo,gnn,random,0,O=C1Nc2ccc(S(=O)(=O)N3CCC[C@H]3COc3ccccc3)cc2C1=O,2.700000047683716,2.4184517860412598
lipo,gnn,random,0,N=C(N)N1CCc2ccccc2C1,-1.0099999904632568,-0.19988536834716797
lipo,gnn,random,0,CCC(c1ccncc1)n1[nH]c(=O)c2[nH]c3cc(Cl)ccc3c(=O)c2c1=O,0.6000000238418579,0.4672257900238037
lipo,gnn,random,0,CN(C)c1ccccc1S(=O)(=O)NC(=O)N1CCC(N2CCC(Oc3ccc(Cl)c(Cl)c3)CC2)CC1,1.7400000095367432,1.7711418867111206
lipo,gnn,random,0,CCCCCC/N=c1\ccn(Cc2ccccc2)c2cc(Cl)ccc12,0.9800000190734863,2.155613422393799
lipo,gnn,random,0,O=c1[nH][nH]c(=O)c2c(O)c3c(Cl)cc(Cl)cc3nc12,0.8899999856948853,1.4606326818466187
lipo,gnn,random,0,COc1ccc(N2CCN(C(=O)[C@@H]3CCCC[C@H]3C(=O)NC3(C#N)CC3)[C@H](C)C2)cc1OC,1.850000023841858,2.2872021198272705
lipo,gnn,random,0,NS(=O)(=O)c1cccc2c1c([N+](=O)[O-])cc1nc(O)c(O)nc12,0.36000001430511475,0.4232903718948364
lipo,gnn,random,0,C#CCN(c1cc(Nc2ccc(OCC(O)CN(C)C)cc2)ncn1)c1cc(Cl)ccc1Cl,2.799999952316284,2.9026715755462646
lipo,gnn,random,0,CCOC(=O)/C=C/[C@H](C[C@@H]1CCNC1=O)NC(=O)[C@@H](CC(=O)[C@@H](NC(=O)c1cc(C)on1)C(C)C)Cc1ccc(F)cc1,2.799999952316284,2.5141425132751465
lipo,gnn,random,0,Nc1ccc(S(=O)(=O)Nc2ccccn2)cc1,-0.009999999776482582,-0.023383617401123047
lipo,gnn,random,0,COc1cc(OC)c(S(=O)(=O)NCc2ccccc2N2CCCCC2)cc1NC(=O)CCC(=O)O,-0.7200000286102295,0.2467712163925171
lipo,gnn,random,0,C[C@@H](NC1=CC(=O)CC1)c1ccc(Nc2ncc3cc(-c4ccncc4)ccc3n2)cc1,3.200000047683716,3.276526927947998
lipo,gnn,random,0,Clc1cccc2[nH]ncc12,2.5,2.7843270301818848
lipo,gnn,random,0,CCNCc1cnc(-c2ccc(C(=O)Nc3ccccc3N)cc2)s1,0.949999988079071,1.44338858127594
lipo,gnn,random,0,O=C(O)c1cn(Cc2ccccc2)c2ccccc12,1.190000057220459,0.6585085391998291
lipo,gnn,random,0,O=C(Nc1ccc(N2CCOCC2)cc1)c1nnc(Nc2ccccc2F)o1,3.049999952316284,3.0658345222473145
lipo,gnn,random,0,CC(C)c1ccccc1Nc1nc(SCc2cccs2)n[nH]1,4.210000038146973,3.531820297241211
lipo,gnn,random,0,Cc1ccc(S(=O)(=O)Nc2c(C(=O)N[C@@H](C)C(C)(C)C)c(C)nn2C2CCN(CC(F)(F)F)CC2)cc1,1.0800000429153442,1.246835708618164
lipo,gnn,random,0,NC1(C(=O)NC(CCCN2CCCC2)c2ccc(Cl)cc2)CCN(c2ncnc3[nH]ccc23)CC1,1.2999999523162842,2.499443292617798
lipo,gnn,random,0,N[C@H]1CCN(c2c(Cl)cccc2/C=C2\SC(=O)NC2=O)C1,1.8899999856948853,1.2694411277770996
lipo,gnn,random,0,Nc1nccc(-c2c[nH]c3ccccc23)n1,1.6799999475479126,2.4395792484283447
lipo,gnn,random,0,C=CCC1(CC(C)C)C(=O)NC(=O)NC1=O,1.4800000190734863,1.7363492250442505
lipo,gnn,random,0,Nc1nc(Nc2ccc3nc(-c4ccc(F)cc4)cc(N)c3c2)cc(-c2cccc(Cl)c2)n1,2.5,3.9552085399627686
lipo,gnn,random,0,Clc1ccc2[nH]ncc2c1,2.440000057220459,2.7716078758239746
lipo,gnn,random,0,Cc1nc(-c2ccc(OCC(C)C)c(C#N)c2)sc1C(=O)O,0.9399999976158142,0.6960581541061401
lipo,gnn,random,0,CO[C@H]1CC[C@]2(CC1)Cc1ccc(OCC(C)C)cc1C21N=C(C)C(N)=N1,3.4000000953674316,3.3304848670959473
lipo,gnn,random,0,CSc1nc(-c2ccccc2)nn1Cc1ccccc1,3.8299999237060547,3.6588292121887207
lipo,gnn,random,0,O=C(O)c1ccccc1O,-1.3600000143051147,-0.9658598899841309
lipo,gnn,random,0,C[C@@H](c1ncncc1F)[C@](O)(Cn1cncn1)c1ccc(F)cc1F,1.7000000476837158,1.9401180744171143
lipo,gnn,random,0,O=c1[nH]cnc2[nH]ncc12,-0.41999998688697815,0.07542872428894043
lipo,gnn,random,0,Oc1nc2c(O)ccc(CCNCCCCCCOCCc3ccccc3)c2s1,2.2100000381469727,2.088695764541626
lipo,gnn,random,0,C[C@@H]1CN(C(=O)OC(C)(C)C)CCN1c1ncc(OCc2ccc(S(C)(=O)=O)cc2)cn1,3.5999999046325684,3.3410658836364746
lipo,gnn,random,0,[O-][S+](c1ccccc1)c1ccc2nnnn2n1,0.7900000214576721,-0.1284487247467041
lipo,gnn,random,0,Nc1cc2n[nH]c(=O)n2c2cc(-c3ccco3)ccc12,2.4800000190734863,2.594630479812622
lipo,gnn,random,0,NS(=O)(=O)c1ccc(NCc2ccccc2)cc1,1.7000000476837158,2.162137269973755
lipo,gnn,random,0,CNc1c(Cl)cnc2[nH]c(-c3ccc(OCCN4CCOCC4)cc3)nc12,2.630000114440918,2.8849124908447266
lipo,gnn,random,0,Cc1nnsc1C(=O)Nc1ccccc1,0.9700000286102295,2.0064477920532227
lipo,gnn,random,0,Cc1cnc(Nc2ccc(OCCN3CCCC3)cc2)nc1Nc1cccc(S(=O)(=O)NC(C)(C)C)c1,2.109999895095825,2.9578659534454346
lipo,gnn,random,0,COc1ccc(-c2nc3n(c2Br)CCC3)cc1,3.299999952316284,3.071104049682617
lipo,gnn,random,0,O=c1[nH]n(C(c2ccccc2)c2ccncc2)c(=O)c2c(O)c3ccc(Cl)cc3nc12,1.100000023841858,1.0893820524215698
lipo,gnn,random,0,CC(C)Cn1c(=O)n(C)c(=O)c2c(SC(C)C)c(Cc3ccccc3C(F)(F)F)sc21,4.420000076293945,4.5047502517700195
lipo,gnn,random,0,Cc1ccc(NC(=O)c2cccc(N(C)C)c2)cc1NC(=O)c1ccc(OCc2ccccn2)cc1,2.8299999237060547,3.339266777038574
lipo,gnn,random,0,C[C@H](CO)Nc1nc(SCc2cccc(F)c2F)nc2nccnc12,3.1500000953674316,3.1403651237487793
lipo,gnn,random,0,Cc1ncc(-c2nc(Nc3ccc(C(=O)N(C)C)cc3)ncc2F)n1C(C)C,2.7699999809265137,2.9789273738861084
lipo,gnn,random,0,CCNCc1cncc(-c2ccc(F)cc2OC)n1,1.1799999475479126,1.4196544885635376
lipo,gnn,random,0,COc1cccc(-c2cc(O)c3cc(NC(C)=O)ccc3n2)c1,2.4100000858306885,2.880410671234131
lipo,gnn,random,0,CC(=O)Nc1ccc2ccn(-c3cc(NCCCCO)n4ncc(C#N)c4n3)c2c1,2.5799999237060547,2.181324005126953
lipo,gnn,random,0,Cc1c(Cl)ccc(OC2CCN(C[C@H](O)CNC(=O)c3c[nH]c(=O)cc3C(F)(F)F)CC2)c1Cl,3.140000104904175,3.2490792274475098
lipo,gnn,random,0,c1ccc(CNc2ncnc3ccccc23)cc1,3.2100000381469727,3.225592613220215
lipo,gnn,random,0,Cc1cc(NS(=O)(=O)c2ccc(N)cc2)no1,-0.5600000023841858,0.22963225841522217
lipo,gnn,random,0,c1ccc(OCC2CNCCO2)cc1,0.20000000298023224,-0.05994606018066406
lipo,gnn,random,0,Cc1ccc(C(NC(=O)c2ccccc2O)C(=O)Nc2c(C)cccc2C)s1,4.050000190734863,3.0687527656555176
lipo,gnn,random,0,CC1(COc2cc(-c3cccc4c(=O)cc(N5CCOCC5)oc34)ccc2NC(=O)CN2CCOCC2)COC1,2.200000047683716,2.787447214126587
lipo,gnn,random,0,Oc1ncnc2scc(-c3ccsc3)c12,2.25,2.3948380947113037
lipo,gnn,random,0,CCCSc1ncccc1C(=O)NC1CCCCC1,3.240000009536743,3.214812755584717
lipo,gnn,random,0,NC1(c2ccc(-c3c(-c4ccccc4)ccc4ccnn34)cc2)CCC1,2.9000000953674316,2.387643337249756
lipo,gnn,random,0,CCN(C(=O)Cc1ccc([N+](=O)[O-])cc1)C1CCN(CCC(c2ccccc2)c2ccccc2)CC1,4.099999904632568,3.2249624729156494
lipo,gnn,random,0,O=C(O)Cc1ccccc1Nc1c(Cl)cccc1Cl,1.0800000429153442,1.1485838890075684
lipo,gnn,random,0,Cc1nc(C(=O)N2CCOC3(CCN(Cc4ccc(Cl)cc4)CC3)C2)cs1,2.1700000762939453,2.3271780014038086
lipo,gnn,random,0,CCOC(=O)Nc1cccc([C@@H](c2ccc(C(=O)N(C)CC)cc2)N2CCN(Cc3nc[nH]c3C)CC2)c1,2.319999933242798,2.230268716812134
lipo,gnn,random,0,Cc1ccc(C[C@@H](C(=O)O)N2CCC(CN3CCC(Oc4ccc(Cl)c(Cl)c4)CC3)CC2)cc1,3.009999990463257,2.5196316242218018
lipo,gnn,random,0,CNc1nc(C)c(-c2nc(Nc3cccc(N4CCCN(C(C)=O)CC4)c3)ncc2C#N)s1,3.200000047683716,2.907754898071289
lipo,gnn,random,0,CN1CCN(C(=O)c2cc3ccccc3n2C)CC1,1.7100000381469727,1.6139172315597534
lipo,gnn,random,0,Clc1ccc(-c2cn3ccccc3n2)cc1,4.0,3.2659506797790527
lipo,gnn,random,0,Cn1c(-c2ccc(O)nc2)nc2ccccc21,1.2000000476837158,2.5442757606506348
lipo,gnn,random,0,COC(=O)CCCCCCC(=O)Nc1ccc2c(c1)-c1ccccc1C(=O)C2=O,2.5999999046325684,2.8252017498016357
lipo,gnn,random,0,CN[C@@H](C)C(=O)N[C@H](C(=O)N[C@H]1CCCN(C(=O)c2ccccc2)C1)C1CCCCC1,0.8700000047683716,1.4256548881530762
lipo,gnn,random,0,COc1cc(N2CCN(C(C)=O)CC2)ccc1Nc1ncc(Cl)c(-c2cnc3c(OC)cccn23)n1,3.5,3.6545329093933105
lipo,gnn,random,0,Cc1ncc(-c2nc(Nc3ccc(C(=O)N(C)C)c(F)c3)ncc2F)n1C(C)C,3.140000104904175,3.0373969078063965
lipo,gnn,random,0,COc1c(C)cnc(Cn2cnc3c(Cl)nc(N)nc32)c1C,1.6699999570846558,2.6563494205474854
lipo,gnn,random,0,O=C(Nc1ccc(N2CCOCC2)cn1)c1nnc(Nc2ccccc2F)o1,2.4000000953674316,2.922111749649048
lipo,gnn,random,0,O=c1oc2ccccc2cc1-c1ccc(O)cc1,3.0,2.97046160697937
lipo,gnn,random,0,CCOC(=O)c1ccc(OC(=O)CCCCCN=C(N)N)cc1,2.4100000858306885,1.270119071006775
lipo,gnn,random,0,CSc1ncccc1C(=O)NCC1CCCCC1,2.930000066757202,3.2522640228271484
lipo,gnn,random,0,Nc1ccc2ccccc2n1,1.7000000476837158,1.9617379903793335
lipo,gnn,random,0,CS(=O)(=O)c1ccc2c3c([nH]c2c1)CCN(C(=O)[C@@H]1CCCC[C@H]1C(=O)NC1(C#N)CC1)C3,1.5,1.8738012313842773
lipo,gnn,random,0,CCOC(=O)c1ccc(OCCC2CN(c3ccc(C)nn3)CCO2)cc1,2.700000047683716,2.590846538543701
lipo,gnn,random,0,Cc1ncc(-c2ccnc(Nc3ccc(N4CCN(C(=O)[C@H](C)O)CC4)cc3)n2)n1C(C)C,2.1500000953674316,2.7592673301696777
lipo,gnn,random,0,C[C@@H]1CN(Cc2cc(Cl)ccc2OCC(=O)O)C[C@H](C)N1C(=O)Cc1ccccc1,0.699999988079071,0.845626711845398
lipo,gnn,random,0,COc1ccc(-c2c(C)c3ccc(OC)cc3oc2=O)cc1,3.309999942779541,3.2933592796325684
lipo,gnn,random,0,Nc1ccc2cn[nH]c2c1,0.5199999809265137,0.9532887935638428
lipo,gnn,random,0,CCN1CCOC(C(=O)N2CCN(C(=O)Nc3ccc(Cl)c(Cl)c3)CC2)C1,2.0999999046325684,2.4214656352996826
lipo,gnn,random,0,Cc1cc(Nc2ccnc(NCc3cc(C4CC4)no3)n2)n[nH]1,2.5,2.8040595054626465
lipo,gnn,random,0,COCCOc1cc2nccc(Nc3cc(O)c(Cl)cc3F)c2cc1OC,2.640000104904175,3.3040390014648438
lipo,gnn,random,0,Cn1c(N)nc(CCc2ccccc2)cc1=O,2.0,1.7002421617507935
lipo,gnn,random,0,CSc1ccc(OCc2ccccc2)c(/C=C/c2ccc(C(=O)O)cn2)c1,2.450000047683716,2.6051926612854004
lipo,gnn,random,0,CN1CCCC1CCOC(C)(c1ccccc1)c1ccc(Cl)cc1,3.0399999618530273,2.734301805496216
lipo,gnn,random,0,CC(C)n1c(=O)c2c(-c3cncn3C)n(Cc3ccnc4ccc(Cl)cc34)nc2n(CC2CC2)c1=O,4.019999980926514,3.680175304412842
lipo,gnn,random,0,Cc1cc(C)cc(-c2nnc(SCC(=O)N3CCN(C(=O)c4ccco4)CC3)o2)c1,3.0,2.9892125129699707
lipo,gnn,random,0,O=C(CS(=O)(=O)c1ccccc1)c1ccccc1,1.8600000143051147,2.3797202110290527
lipo,gnn,random,0,Cc1cc(Nc2nc(N[C@@H](C)c3ncc(F)cn3)ncc2F)n[nH]1,1.7899999618530273,2.094520092010498
lipo,gnn,random,0,COc1ccc([C@]2(C#N)CC[C@@H](C(=O)O)CC2)cc1OC1CCCC1,0.7599999904632568,1.2297275066375732
lipo,gnn,random,0,Cc1cc2c(F)c(Oc3ncnn4cc(OC[C@@H](C)OC(=O)[C@H](C)N)c(C)c34)ccc2[nH]1,3.190000057220459,3.0380780696868896
lipo,gnn,random,0,COc1cc(C(=O)NC2CCN(C)CC2)ccc1Nc1ncc2c(n1)N(C1CCCCC1)CCC(=O)N2C,2.869999885559082,2.6641499996185303
lipo,gnn,random,0,CN(C)CCC=C1c2ccccc2COc2ccccc21,2.1500000953674316,2.676523208618164
lipo,gnn,random,0,CC(=O)Nc1nc(C)c(-c2cnc(F)c(NS(=O)(=O)c3sc(C)nc3C)c2)s1,0.550000011920929,1.3140877485275269
lipo,gnn,random,0,N#Cc1cccc(-c2cc(C(F)(F)F)ccc2OCC(=O)O)c1,0.05000000074505806,0.5893818140029907
lipo,gnn,random,0,Nc1ccc2c(c1)C(=O)C(=O)c1ccccc1-2,2.2300000190734863,2.5101895332336426
lipo,gnn,random,0,COc1ccc(-c2nc3c(NCCCNC(=O)c4ccccc4)c(Br)cnc3[nH]2)cc1,0.25,3.7280075550079346
lipo,gnn,random,0,CCCS(=O)(=O)N1N=Cc2cc(Cl)ccc2B1O,-0.4000000059604645,-0.08701467514038086
lipo,gnn,random,0,O=C(O)COc1ccc(C(F)(F)F)cc1-c1ccccc1-c1ccccc1,1.3799999952316284,1.6740797758102417
lipo,gnn,random,0,OB1c2ccccc2N=C(S)N1c1cccnc1,-0.6200000047683716,0.024595022201538086
lipo,gnn,random,0,NC(Cc1ccc(N(CCCl)CCCl)cc1)C(=O)O,0.38999998569488525,0.028821229934692383
lipo,gnn,random,0,O=C(Nc1nc2c(=O)[nH]cnc2s1)c1ccccc1,1.940000057220459,1.4758847951889038
lipo,gnn,random,0,CCn1c(=O)c2nc(-c3ccccc3)[nH]c2n(CC)c1=O,3.299999952316284,2.2651281356811523
lipo,gnn,random,0,COc1cc2c(ccc(=O)n2CCN2CCC(NCc3cc4c(cn3)OCCO4)CC2)cn1,0.6800000071525574,1.1528071165084839
lipo,gnn,random,0,COc1cc(C(CO)CO)ccc1Nc1ncc(Cl)c(-c2cnc3ccccn23)n1,3.0999999046325684,3.4488558769226074
lipo,gnn,random,0,C[C@@H](NC(=O)C1(N)CCN(c2ncnc3[nH]ccc23)CC1)c1ccc(Cl)cc1,3.299999952316284,2.873732328414917
lipo,gnn,random,0,O=C(O)c1cc(-c2ccccc2)nc2ccccc12,-0.699999988079071,0.7578990459442139
lipo,gnn,random,0,FC(F)(F)c1cc(COCC(c2cccc(Cl)c2)N2CCNCC2)cc(C(F)(F)F)c1,4.199999809265137,2.8439853191375732
lipo,gnn,random,0,Cc1cc(C(C)Nc2ccccc2)c2nc(N3CCOCC3)cc(=O)n2c1,3.5999999046325684,3.0080130100250244
lipo,gnn,random,0,O=C(c1ccc(F)cc1)C1CCN(C(=O)NCc2ccccc2)CC1,3.1500000953674316,3.323805809020996
lipo,gnn,random,0,NCc1nc2ccccc2[nH]1,0.4000000059604645,0.11104440689086914
lipo,gnn,random,0,CC(=O)Nc1ccc(-c2ccnc(Nc3ccc(N4CCOCC4)cc3)n2)cc1,2.9100000858306885,2.904803991317749
lipo,gnn,random,0,OCCN1CCN(CCCN2c3ccccc3Sc3ccc(C(F)(F)F)cc32)CC1,3.799999952316284,3.414623260498047
lipo,gnn,random,0,O=c1oc2ccc(O)cc2cc1-c1ccc(O)cc1,2.9000000953674316,2.8449831008911133
lipo,gnn,random,0,C[C@@H]1CN(c2ccccc2)CCN1C(=O)[C@@H]1CCCC[C@H]1C(=O)NC1(C#N)CC1,2.3499999046325684,2.150636672973633
lipo,gnn,random,0,CC(=O)NC1CC2CCCC(C1)N2C(=O)Nc1ccc(Cl)c(C(F)(F)F)c1,2.7899999618530273,3.5112767219543457
lipo,gnn,random,0,Nc1c2c(nc3ccc(Br)cc13)N(c1ccccc1)CC2,3.119999885559082,3.431562900543213
lipo,gnn,random,0,CC(C)C[C@H](N)c1nnc(S(=O)(=O)Cc2ccc(F)cc2)o1,1.1100000143051147,1.862068772315979
lipo,gnn,random,0,CCC(c1nc2sccc2c(=O)n1Cc1ccccc1)N(CCCN)C(=O)c1ccc(C)cc1,2.059999942779541,1.4581372737884521
lipo,gnn,random,0,COc1cc(OC)c(S(=O)(=O)N2c3ccccc3Oc3ccccc32)cc1NC(=O)Cc1ccnc(F)c1,3.369999885559082,3.0458884239196777
lipo,gnn,random,0,CCC(CC)CNC(=O)c1ccc2c(c1)c(Cc1ccc(C(=O)NS(=O)(=O)c3ccccc3C)cc1OC)cn2C,2.700000047683716,2.743755340576172
lipo,gnn,random,0,Nc1nonc1/C(=N/O)Nc1ccc(F)c(Cl)c1,2.700000047683716,3.081719398498535
lipo,gnn,random,0,O=C(Cc1c(C(=O)O)[nH]c2ccccc12)Nc1cccc(C(F)(F)F)c1,1.3300000429153442,0.9916380643844604
lipo,gnn,random,0,O=C(O)c1cncc(-c2ccc(Cl)c(C(=O)NCC34CC5CC(CC(C5)C3)C4)c2)c1,0.8500000238418579,1.872180700302124
lipo,gnn,random,0,O=C(c1csc2c1CCCC2)N1CCCCC1,3.200000047683716,3.0885372161865234
lipo,gnn,random,0,NC(=O)c1sc(-c2ccc(Cl)cc2)cc1N,3.299999952316284,3.0467898845672607
lipo,gnn,random,0,O=S(=O)(Nc1cc(F)ccc1F)c1ccc(Cl)cc1,2.9000000953674316,2.8874917030334473
lipo,gnn,random,0,OCC[C@@]1(c2cc3ccccc3o2)CCCNC1,0.05999999865889549,0.30386364459991455
lipo,gnn,random,0,O=C(NC1CCCCC1)N1CCN(c2ccccc2Cl)CC1,3.7799999713897705,3.470292091369629
lipo,gnn,random,0,O=C(NC1Cc2ccccc2N(CC(CO)CO)C1=O)c1cc2cc(Cl)sc2[nH]1,3.559999942779541,3.2592406272888184
lipo,gnn,random,0,Cc1cnc2nc(SCc3cccc(F)c3F)nc(N[C@H](C)CO)c2n1,3.5,3.266279697418213
lipo,gnn,random,0,COc1cc(F)ccc1-c1cncc(CNC(=O)c2ccccn2)c1,3.200000047683716,3.0820841789245605
lipo,gnn,random,0,NC(Cc1c[nH]c2ccccc12)C(=O)O,-1.1699999570846558,-0.8620364665985107
lipo,gnn,random,0,NC1(C(=O)N[C@@H](CCN2CCCCC2)c2ccc(Cl)cc2)CCN(c2ncnc3[nH]ccc23)CC1,2.4000000953674316,2.633767604827881
lipo,gnn,random,0,O=C(NC[C@@H](O)CN1CCC(Oc2ccc(Cl)c(Cl)c2)CC1)c1c[nH]c(=O)c2c(F)cccc12,3.1500000953674316,3.3168628215789795
lipo,gnn,random,0,CC(C)Cn1c(=O)n(C)c(=O)c2c(C(=O)N(C)C)c(Cc3ccccc3C(F)(F)F)sc21,2.9000000953674316,3.4669852256774902
lipo,gnn,random,0,COc1ccc(F)c(F)c1C(=O)c1cnc(NC2CCN(S(C)(=O)=O)CC2)nc1N,2.0799999237060547,1.9951345920562744
lipo,gnn,random,0,CCO[C@@H]1OC(=O)C[C@@H]1NC(=O)[C@@H]1CCCN2C(=O)CC[C@H](NC(=O)c3nccc4ccccc34)C(=O)N12,1.159999966621399,-0.24772238731384277
lipo,gnn,random,0,NC(=O)c1ccccc1OCc1ccccc1,2.5,2.308429002761841
lipo,gnn,random,0,CCCCSc1nc(N)c2ncn([C@@H]3O[C@H](CO)[C@@H](O)[C@H]3O)c2n1,1.5099999904632568,1.5385117530822754
lipo,gnn,random,0,CN(C)C(=O)N[C@H]1CC[C@H](CCN2CCN(c3ccc(Cl)c(Cl)c3)CC2)CC1,3.1500000953674316,3.245410442352295
lipo,gnn,random,0,CCC(CC)NC(=O)c1cnn(C)c1NS(=O)(=O)c1ccc(C)cc1,0.36000001430511475,-0.29369425773620605
lipo,gnn,random,0,N#Cc1ccc(C(=O)N2CCC3(CC2)N=C(N)c2c(F)ccc(F)c2N3)cn1,0.7900000214576721,1.089656114578247
lipo,gnn,random,0,O=c1[nH]n(Cc2ccncc2)c(=O)c2c(=O)c3ccc(Cl)cc3[nH]c12,-0.1599999964237213,0.4152566194534302
lipo,gnn,random,0,O=C(O)COc1cccc(N2CCC(CN3CCC(Oc4ccc(Cl)c(Cl)c4)CC3)CC2)c1,1.9900000095367432,2.280186891555786
lipo,gnn,random,0,CC(=O)NC[C@H]1CN(c2ccc(-n3ccc(C#N)c3)c(F)c2)C(=O)O1,1.600000023841858,1.4405884742736816
lipo,gnn,random,0,N#CC1(NC(=O)[C@@H]2CCCC[C@H]2C(=O)N2CCc3[nH]c4c(Cl)cccc4c3C2)CC1,3.5899999141693115,3.2879204750061035
lipo,gnn,random,0,Cc1ccc(NC(=O)c2ccnc(N3CCOCC3)c2)cc1Nc1ccnc(OCC2CCCN(C)C2)n1,1.899999976158142,2.1850249767303467
lipo,gnn,random,0,O=C(NC[C@@H](O)CN1CCC(Oc2ccc(Cl)c(Cl)c2)CC1)c1c[nH]c(=O)c2cc(S(=O)(=O)NCCO)ccc12,2.059999942779541,3.1506638526916504
lipo,gnn,random,0,COc1ccnc(NC2CCN(C(=O)c3ccccc3)CC2)c1,2.059999942779541,2.166233777999878
lipo,gnn,random,0,Oc1cc(Cl)cc(Cl)c1,3.5799999237060547,3.0175726413726807
lipo,gnn,random,0,COc1ccc2c(c1)N(CCN1CCC(NCc3cc4c(cn3)OCCO4)CC1)C(=O)CO2,1.2400000095367432,1.1671812534332275
lipo,gnn,random,0,O=C(Nc1cccc(O)c1)c1ccc(OCCCN2CCCC2)cc1OCc1ccccc1,3.069999933242798,2.5389389991760254
lipo,gnn,random,0,O=C(Nc1nccs1)c1cccnc1,2.25,1.0417344570159912
lipo,gnn,random,0,COCCC(Oc1ncnc2c1cnn2-c1ccccc1C(F)(F)F)C(=O)Nc1ccc(C)cn1,3.5,3.532784938812256
lipo,gnn,random,0,OC(CN1CCOCC1)c1ccccc1,1.0,0.6126576662063599
lipo,gnn,random,0,CCCSc1ncccc1C(=O)N[C@@H]1[C@@H]2CC3C[C@H]1C[C@@](O)(C3)C2,2.2699999809265137,2.6203713417053223
lipo,gnn,random,0,Cc1cc(N(C)S(C)(=O)=O)ccc1-c1cc(C(F)(F)F)ccc1OCC(=O)O,-0.5899999737739563,0.2477644681930542
lipo,gnn,random,0,O=C(NC1Cc2ccccc2N(C[C@@H](O)CO)C1=O)c1cc2cc(Cl)sc2[nH]1,3.369999885559082,3.2158164978027344
lipo,gnn,random,0,CCOc1cccc(Nc2nnc(C(=O)Nc3ccc(N4CCOCC4)nc3)o2)c1,3.5999999046325684,2.9616618156433105
lipo,gnn,random,0,COc1ccc2c(c1)C(c1ccccc1)=NC(NC(=O)c1ccccc1OC)C(=O)N2,3.799999952316284,3.092501163482666
lipo,gnn,random,0,Cc1onc(C(N)=O)c1C(=O)Nc1nccs1,1.6299999952316284,0.894499659538269
lipo,gnn,random,0,Cc1ccc(NC(=O)c2ccnc(N3CCOCC3)c2)cc1NC(=O)c1ccc(OCc2ccccn2)cc1,3.4700000286102295,3.0188634395599365
lipo,gnn,random,0,CS(=O)(=O)c1ccc(C(=O)NC[C@@H](O)CN2CCC(Oc3ccc(Cl)c(Cl)c3)CC2)s1,2.859999895095825,2.8131656646728516
lipo,gnn,random,0,O=S(=O)(CCCOCCc1ccccc1)CCNCCc1ccc(O)c2nc(O)sc12,2.609999895095825,2.3199501037597656
lipo,gnn,random,0,O=C(Cc1ccccc1)c1ccc(O)cc1O,3.0899999141693115,2.111210584640503
lipo,gnn,random,0,COc1cccc(NC(=O)Cn2cc(Oc3ncnc4cc(OC)c(OC)cc34)cn2)c1,3.109999895095825,2.8236608505249023
lipo,gnn,random,0,O=C(O)COc1ccc(C(F)(F)F)cc1-c1ccc(Cl)cc1,0.8999999761581421,1.6787245273590088
lipo,gnn,random,0,Cc1c(Oc2ccc(Cl)cc2)c2c(NS(C)(=O)=O)cccc2n1CC(=O)O,-0.9800000190734863,-0.0723106861114502
lipo,gnn,random,0,O=C1COc2ccc(CNC3CCN(CCN4C(=O)COc5ccc(O)cc54)CC3)nc2N1,0.5199999809265137,0.2469414472579956
lipo,gnn,random,0,COc1ccc(C(=O)NCCN2CCN(Cc3ccc(Cl)c(Cl)c3)CC2)cc1Cl,3.740000009536743,3.328930377960205
lipo,gnn,random,0,COc1cccc(N(C)c2ccnc(Nc3cc(N4CCOCC4)cc(N4CCOCC4)c3)n2)n1,3.369999885559082,2.9933204650878906
lipo,gnn,random,0,O=c1[nH]c2c(O)ccc([C@@H](O)CNCCc3cccc(CNCCc4ccccn4)c3)c2s1,-0.07000000029802322,-0.05274343490600586
lipo,gnn,random,0,COCCN(c1ccnc(Nc2cc(N3CCOCC3)cc(N3CCOCC3)c2)n1)c1cc(CO)ccc1C,2.799999952316284,3.0631930828094482
lipo,gnn,random,0,Cc1ccc(CO)cc1N(C)c1ccnc(Nc2cc(N3CCOCC3)nc(N3CCOCC3)c2)n1,3.440000057220459,2.9864203929901123
lipo,gnn,random,0,Cc1cc(Nc2ccc(F)cc2)nc(N)n1,2.0799999237060547,2.539909601211548
lipo,gnn,random,0,O=CN(O)C1(CS(=O)(=O)N2CCN(c3ccc(F)cc3)CC2)CCC1,1.340000033378601,1.6694691181182861
lipo,gnn,random,0,CCOC(=O)Nc1cccc([C@@H](c2ccc(C(=O)N(C)CC)cc2)N2CCN(Cc3c[nH]c(C)n3)CC2)c1,2.109999895095825,2.248756170272827
lipo,gnn,random,0,O=S(=O)(NCCNc1ncccn1)c1cccc2cnccc12,0.6100000143051147,1.5898793935775757
lipo,gnn,random,0,COc1ccc(/C=C2/CCc3ccccc3C2=O)cc1CN1CCOCC1,3.799999952316284,3.0812158584594727
lipo,gnn,random,0,N#Cc1cccc(C(=O)Nc2cc(-c3ccccc3)nn2-c2ccccc2)c1,3.819999933242798,3.181842803955078
lipo,gnn,random,0,O=C(Nc1ccc(Cl)c(Cl)c1)N1CCN(C[C@@H]2CCCN(Cc3ccccc3)C2)CC1,4.260000228881836,3.192666530609131
lipo,gnn,random,0,O=C(COc1ccccc1)N1CCOCC1,0.75,1.2840794324874878
lipo,gnn,random,0,COC(=O)[C@@H]1C2CCC(C[C@@H]1c1ccc(I)cc1)N2CCCF,2.299999952316284,2.472909450531006
lipo,gnn,random,0,C[C@H](Nc1ccc2ncn(-c3cc(C4CC4)[nH]n3)c2n1)c1ncc(F)cn1,2.740000009536743,2.8458876609802246
lipo,gnn,random,0,Nc1nc(OC2CCCC2)nc2c1ncn2[C@@H]1O[C@H](CO)[C@H](Cl)[C@H]1O,2.1600000858306885,2.1907100677490234
lipo,gnn,random,0,N=S(=O)(O)Cc1noc2ccccc12,0.550000011920929,-1.1397943496704102
lipo,gnn,random,0,CC(C)C(NC(=O)Cn1c(-c2ccccc2)ccc(NC(=O)Cc2ccc(C(=O)O)cc2)c1=O)C(=O)C(F)(F)F,0.3499999940395355,0.7177784442901611
lipo,gnn,random,0,COc1cc2ncnc(Nc3ccc(F)c(Cl)c3)c2cc1OC,3.6700000762939453,3.618988513946533
lipo,gnn,random,0,CCCC(=O)N1CCN(c2nnc(-c3ccccc3)c3ccccc23)CC1,3.200000047683716,3.663109064102173
lipo,gnn,random,0,CCNC(=O)OC[C@@H](C)N(c1cc(Cl)ccc1CO)S(=O)(=O)c1ccc(Cl)cc1,3.4000000953674316,3.3683886528015137
lipo,gnn,random,0,Cc1ncc(-c2ccnc(Nc3ccc(N4CCN(S(C)(=O)=O)CC4)cc3)n2)n1C(C)C,2.569999933242798,2.958116054534912
lipo,gnn,random,0,COc1ccc2cc(C(C)C(=O)O)ccc2c1,0.23000000417232513,0.33945775032043457
lipo,gnn,random,0,Nc1scc2c(C(=O)NC3CC3)nn(-c3ccc(F)cc3)c(=O)c12,2.799999952316284,2.121784210205078
lipo,gnn,random,0,Cn1c(=O)c(Oc2ccc(F)cc2F)cc2cnc(NC3CCOCC3)nc21,2.759999990463257,3.1410531997680664
lipo,gnn,random,0,Cn1cc[nH]c1=S,-0.41999998688697815,0.3757486343383789
lipo,gnn,random,0,Cc1ccc(CO)cc1N(C)c1ccnc(Nc2cc(N3CCCCC3)cc(N3CCOCC3)c2)n1,4.199999809265137,3.594228744506836
lipo,gnn,random,0,CC(C)C(NC(=O)Cn1c(-c2cccs2)ncc(NC(=O)OCC(F)(F)F)c1=O)C(=O)C(F)(F)F,2.319999933242798,2.29150652885437
lipo,gnn,random,0,CCOC(=O)[C@H](Cc1ccc(O)cc1)NC(=O)c1cccc2ccccc12,3.119999885559082,3.343541383743286
lipo,gnn,random,0,Cc1ccc(-c2cn(C)cn2)cc1NC(=O)c1ccc(OCc2ccccn2)cc1,2.5399999618530273,3.1092329025268555
lipo,gnn,random,0,O=C(Cc1cccc2ccccc12)Nc1ccccc1,3.9000000953674316,3.618222713470459
lipo,gnn,random,0,COc1nccnc1NS(=O)(=O)c1ccc(N)cc1,-0.6499999761581421,-0.5681090354919434
lipo,gnn,random,0,Cc1ccc2c(c1)c(-c1ccnc3c(Cl)cccc13)c(C)n2CC(=O)O,1.2699999809265137,1.5708715915679932
lipo,baseline,random,1,CNc1c(Br)cnc2[nH]c(-c3ccc(O)cc3)nc12,2.47,2.8822577154856392
lipo,baseline,random,1,COc1cc2ncc(C(N)=O)c(Nc3ccc(F)cc3F)c2cc1NCCN1CCOCC1,2.68,2.512458495530757
lipo,baseline,random,1,CCCCC1C(=O)N(c2ccccc2)N(c2ccccc2)C1=O,0.45,2.9838619777760798
lipo,baseline,random,1,O=c1[nH]c2c(O)ccc([C@@H](O)CNCCOc3cccc(CNCCc4ccccc4F)c3)c2s1,1.86,1.04460097101742
lipo,baseline,random,1,CCCNCC(O)COc1ccccc1C(=O)CCc1ccccc1,1.72,1.6349829691069429
lipo,baseline,random,1,O=c1[nH]c2c(O)ccc([C@@H](O)CNCCc3cccc(CNCCc4ccccc4Cl)c3)c2s1,1.63,1.9405127445225154
lipo,baseline,random,1,COC(=O)C1C(OC(=O)c2ccccc2)CC2CCC1N2C,1.06,1.672084544072184
lipo,baseline,random,1,COc1cc2ncnc(Nc3cc(NC(=O)c4ccnc(N5CCOCC5)c4)ccc3C)c2cc1OCCN1CCCCC1,3.35,2.8300302768783943
lipo,baseline,random,1,CS(=O)(=O)c1ccccc1C(=O)NC[C@@H](O)CN1CCC(Oc2ccc(Cl)c(Cl)c2)CC1,2.34,2.2537532471495823
lipo,baseline,random,1,O=c1[nH]n(Cc2ccccn2)c(=O)c2c(=O)c3ccc(Cl)cc3[nH]c12,1.1,0.029043669121423202
lipo,baseline,random,1,O=c1oc2ccc(O)cc2cc1-c1ccccc1,3.12,2.940415006117479
lipo,baseline,random,1,CC(=O)Nc1ccc(O)cc1OC[C@@H](O)CN1CCC2(CC1)Cc1cc(Cl)ccc1O2,2.76,2.413767104092803
lipo,baseline,random,1,Cc1ccccc1C(OCCN(C)C)c1ccccc1,1.47,1.775609392614822
lipo,baseline,random,1,CN1CCN(S(=O)(=O)c2ccc(-c3cnc(N)c(C(=O)Nc4cccnc4)n3)c(C(F)(F)F)c2)CC1,3.25,2.6694763702883595
lipo,baseline,random,1,O=C1C(=O)c2ccc([N+](=O)[O-])cc2-c2ccccc21,2.56,2.5394537105583006
lipo,baseline,random,1,O=C(O)Cc1ccc(N2CCC(CN3CCC(Oc4ccc(Cl)c(Cl)c4)CC3)CC2)cc1,1.83,1.8803779846318343
lipo,baseline,random,1,CCS(=O)(=O)c1ccc(-c2cc(C(F)(F)F)ccc2O[C@H](C)C(=O)O)c(C)c1,-0.4,0.7852508941040099
lipo,baseline,random,1,O=C(O)c1ccc(N2CCC(CN3CCC(Oc4ccc(Cl)c(Cl)c4)CC3)CC2)cc1,2.31,2.0800431817632354
lipo,baseline,random,1,CC(C)Cn1c(=O)n(C)c(=O)c2c(C(=O)N3CC[C@@H](O)C3)c(Cc3ccnc4ccc(F)cc34)sc21,1.95,1.9379917101065127
lipo,baseline,random,1,CNC(=O)c1ccc(N2C(=S)N(c3ccc(C#N)c(C(F)(F)F)c3)C(=O)C23CCC3)cc1F,3.3,3.0353868114460933
lipo,baseline,random,1,CC(C)Oc1cc(Oc2ccc(S(C)(=O)=O)cc2)cc(C(=O)Nc2nccs2)c1,3.61,2.849512515580435
lipo,baseline,random,1,CN1CCN(C(=O)c2cc(Cc3n[nH]c(=O)c4ccccc34)ccc2F)CC1,1.03,1.1831771590138467
lipo,baseline,random,1,COc1cc(C(CO)CO)ccc1Nc1ncc(Cl)c(-c2cnc3ccccn23)n1,3.1,3.35319815089087
lipo,baseline,random,1,COc1cc(OC2CCN(C)CC2)c2c(Nc3c(Cl)ccc4c3OCO4)ncnc2c1,2.98,3.1546145040782627
lipo,baseline,random,1,CCCCC(c1ccncc1)n1[nH]c(=O)c2nc3cc(Cl)ccc3c(O)c2c1=O,1.4,1.7207338824548593
lipo,baseline,random,1,O=C(NCC1CCCCC1)c1cc(-n2ncc(=O)[nH]c2=O)ccc1Cl,1.26,1.4733833208963825
lipo,baseline,random,1,O=C(O)CCc1ccc(NCc2cccc(Oc3ccccc3)c2)cc1,2.1,2.7574859017787876
lipo,baseline,random,1,C[C@H]1O[C@@H](n2cnc3c(N)nc(Oc4ccccc4)nc32)[C@H](O)[C@@H]1O,1.05,1.599537624613704
lipo,baseline,random,1,CC[C@H](C)[C@@H](CO)NS(=O)(=O)c1ccc(Cl)s1,2.7,1.9614904044344788
lipo,baseline,random,1,CNC(=O)c1ccc(C)c(-n2c(C)cc(OCc3ccc(F)cc3F)c(Br)c2=O)c1,2.8,2.8826279707561806
lipo,baseline,random,1,CC[C@@H](Nc1c(Nc2cccc(C(=O)N(C)C)c2O)c(=O)c1=O)c1ccccc1,2.14,2.043223994377254
lipo,baseline,random,1,Cc1ccc(C(=O)NC2CCC2)cc1-n1cnc2ccc(N3CCN(C)CC3)cc2c1=O,2.25,1.5180457526679028
lipo,baseline,random,1,O=C1C(=O)N(Cc2ccc(Cl)cc2)c2ccccc21,3.1,2.792367876332432
lipo,baseline,random,1,CNc1nc(C)c(-c2nc(Nc3cccc(N4CCCNCC4)c3)ncc2C#N)s1,1.64,1.7847832582682015
lipo,baseline,random,1,CCN(c1ccnc(Nc2cc(N3CCOCC3)cc(N3CCOCC3)c2)n1)c1cc(CO)ccc1C,3.8,3.0616571292197543
lipo,baseline,random,1,CN(C(=O)c1ccncc1)C1CCN(CCC(c2ccccc2)c2ccccc2)CC1,2.8,2.8451570410128206
lipo,baseline,random,1,OC(Cn1cncn1)(Cn1cncn1)c1ccc(F)cc1F,0.48,0.5465484816975944
lipo,baseline,random,1,COC[C@H](C)Oc1cc(Oc2cc(F)cc(F)c2)cc(C(=O)Nc2ccc(C(=O)O)cn2)c1,1.36,0.9615851316763966
lipo,baseline,random,1,O=c1[nH]c2c(O)ccc([C@@H](O)CNCCCOCCNCCc3cccc(Cl)c3)c2s1,-0.03,0.7307477245833458
lipo,baseline,random,1,C[C@H](CO)n1ccc2c(NC(=O)Cc3ccc(Cl)c(C(F)(F)F)c3)cccc2c1=O,3.49,3.7154896371574346
lipo,baseline,random,1,Clc1cccc(Cl)c1-c1nnc2cccc(Cl)n12,2.66,2.912258703879896
lipo,baseline,random,1,Cn1c(=O)c(Oc2ccc(F)cc2F)cc2cnc(NC(CCO)CCO)nc21,1.5,2.235905474403507
lipo,baseline,random,1,O=C(O)c1ccc(-n2ncc(C(=O)NC3C4CC5CC(C4)CC3C5)c2C2CCCC2)cc1,1.72,1.6132812504134464
lipo,baseline,random,1,Cc1nc(NC(=N)N)nc2ccccc12,-0.49,-0.259955674210059
lipo,baseline,random,1,Nc1cccc2c1-c1ccccc1C(=O)C2=O,2.31,1.8563790400057376
lipo,baseline,random,1,CN(C(=O)Cc1ccc(S(C)(=O)=O)cc1)[C@@H]1CCN(Cc2nc3ccccc3s2)C[C@@H]1F,2.1,2.528621638243981
lipo,baseline,random,1,Cc1ccc(C(=O)NC2CCN(c3cc(C(N)=O)cc(Cl)n3)CC2)[nH]1,2.64,1.7477091872337653
lipo,baseline,random,1,Cc1ccc(CO)cc1N(c1ccnc(Nc2cc(N3CCOCC3)cc(N3CCOCC3)c2)n1)C(C)C,3.9,3.225648536743912
lipo,baseline,random,1,CC(C)C(=O)NCCNCC(O)COc1ccc(O)cc1,-0.15,-0.09571740231151983
lipo,baseline,random,1,CO[C@@H](C(=O)N1Cc2n[nH]c(NC(=O)c3ccc(N4CCN(C)CC4)cc3)c2C1)c1ccccc1,2.0,2.217507848223732
lipo,baseline,random,1,O=C(O)[C@H](Cc1ccc(F)cc1)N1CCC(CN2CCC(Oc3ccc(Cl)c(Cl)c3)CC2)CC1,2.98,2.628058118831115
lipo,baseline,random,1,Oc1ccc2c3c1O[C@H]1c4[nH]c5ccccc5c4C[C@@]4(O)[C@@H](C2)N(CC2CC2)CC[C@]314,2.7,2.1819075692592285
lipo,baseline,random,1,Cc1nc2n(c(=O)c1CCN1CCC(c3noc4cc(F)ccc34)CC1)CCCC2,2.05,3.461822858220688
lipo,baseline,random,1,O=c1cc(-c2ccccc2)ccn1-c1ccc2c(cnn2CCN2CCCC2)c1,1.6,3.08407577129532
lipo,baseline,random,1,Cc1nc(-c2ccc(CN3CCC(N(C)C(=O)Cc4ccc(-n5cnnn5)cc4)CC3)cc2)no1,2.1,2.3915197226551
lipo,baseline,random,1,Nc1ccc(Cl)c(C(=O)NCC23CC4CC(CC(C4)C2)C3)c1,3.45,3.543706151096029
lipo,baseline,random,1,Cc1cc(Cn2[nH]c(=O)c3[nH]c4cc(Cl)ccc4c(=O)c3c2=O)oc1C,1.0,0.9021909494933092
lipo,baseline,random,1,COc1ccnc(CSc2nc3ccccc3[nH]2)c1,2.89,2.9105819761693508
lipo,baseline,random,1,COc1cc(F)ccc1-c1cccc(CNC2CCCC2)n1,2.06,1.7784648364812312
lipo,baseline,random,1,CC(C)Cn1c(=O)[nH]c(=O)c2c(C(=O)N3CCC3)c(Cc3ccccc3C(F)(F)F)sc21,3.0,3.44029950327093
lipo,baseline,random,1,Cc1cc(N)c2cc(NC(=O)CCCCC(=O)Nc3ccc4nc(C)cc(N)c4c3)ccc2n1,0.53,1.7234007037595218
lipo,baseline,random,1,CC1(c2ccc(Cl)cc2)CCN(C(=O)COCc2ccncc2)CC1,2.79,2.9975092779196504
lipo,baseline,random,1,CN(C)CCNCc1ccc(Nc2ncc3cc(-c4ccncc4)ccc3n2)cc1,1.4,2.6079642024996135
lipo,baseline,random,1,COc1cc2ncnc(Nc3cc(Cl)ccc3F)c2cc1OCCCN1CCOCC1,3.4,3.0325535476807204
lipo,baseline,random,1,COc1cc(OC)c(S(=O)(=O)N2c3ccccc3CCC2C)cc1NC(=O)CCC(=O)O,-0.87,-0.7170052996831131
lipo,baseline,random,1,COc1ccc(N(C(=O)c2occc2C)C(C(=O)NC[C@@H](C)O)c2ccccc2F)c(OC)c1,2.04,1.936762926601381
lipo,baseline,random,1,Cc1ccc(CN2C(=O)CCSc3ccc(Cl)cc32)cc1,3.7,3.45624112912294
lipo,baseline,random,1,Cn1c(CN2CCN(c3cccc(Cl)c3)CC2)nc2ccccc21,3.75,3.556333714379569
lipo,baseline,random,1,O=C1C(=O)c2cccc([N+](=O)[O-])c2-c2ccccc21,2.6,2.187831934786748
lipo,baseline,random,1,Nc1ccc2ncnc(Nc3ccc(F)c(Cl)c3)c2c1,2.64,3.486234799232147
lipo,baseline,random,1,Nc1nc2cc3c(cc2s1)CCN(Cc1cccc(F)c1)CC3,3.3,2.838258374365217
lipo,baseline,random,1,CCCc1c(OCc2ccc(/C=C/c3nn[nH]n3)cc2)ccc(C(C)=O)c1O,3.3,2.9116463896547127
lipo,baseline,random,1,Cc1ccc2c(c1)c(S(=O)(=O)c1ccc(Cl)cc1)c(C)n2CC(=O)O,0.06,0.1923019059310129
lipo,baseline,random,1,Cc1ccc(S(=O)(=O)Nc2c(C(=O)N[C@H](C)C(C)(C)C)c(C)nn2-c2ccccc2)cc1,1.2,1.3562504382458584
lipo,baseline,random,1,CC(Cc1cccc(CNCCc2c(Cl)cccc2Cl)c1)NC[C@H](O)c1ccc(O)c2[nH]c(=O)sc12,2.41,3.0135563727710353
lipo,baseline,random,1,Nc1scc2c(C(=O)NC3CC3)nn(-c3ccc(F)cc3)c(=O)c12,2.8,2.104869456023281
lipo,baseline,random,1,Cc1ccn2c(NC(=O)c3ccccc3)c(-c3cccs3)nc2c1,2.87,3.7602860518925643
lipo,baseline,random,1,O=C(NC[C@@H](O)CN1CCC(Oc2ccc(Cl)c(Cl)c2)CC1)c1c[nH]c(=O)c2cc(S(=O)(=O)NCCO)ccc12,2.06,2.3197395680639836
lipo,baseline,random,1,O=C(NC[C@@H](O)CN1CCC(Oc2ccc(Cl)c(Cl)c2)CC1)c1c[nH]c(=O)c2cc(S(=O)(=O)N3CCC3)ccc12,3.02,3.0449999045085416
lipo,baseline,random,1,CN1CCN(C2=Nc3ccccc3Oc3ccc(Cl)cc32)CC1,3.24,3.3620482309560935
lipo,baseline,random,1,O=C(CC1CCCCC1)Nc1c(Cl)ccc2nc(NCCCO)ccc12,3.29,2.7062165498696746
lipo,baseline,random,1,Clc1cc(Nc2ncnc3[nH]nc(OCCN4CCCC4)c23)ccc1OCc1ccccn1,2.87,2.6412494192991
lipo,baseline,random,1,COc1cccc2c1c(NS(=O)(=O)c1ccc(Cl)s1)nn2Cc1cccc(CNC(=O)C(C)(C)O)c1,2.09,2.5177881569066303
lipo,baseline,random,1,Cc1ncc(-c2ccnc(Nc3ccc(F)cc3)n2)n1C(C)C,3.62,3.6082724233288475
lipo,baseline,random,1,CC(C)Oc1cc(OCCN2CCOCC2)cc2ncnc(Nc3c(Cl)ccc4c3OCO4)c12,3.68,3.002687901088358
lipo,baseline,random,1,C[C@H]1COCCN1c1cc(C2(S(C)(=O)=O)CC2)nc(-c2cccc3[nH]ccc23)n1,2.8,2.617805906136467
lipo,baseline,random,1,CCOc1ncc(C)c2c1[C@H](c1ccc(C#N)cc1OC)C(C(N)=O)=C(C)N2,2.51,1.4593803536266299
lipo,baseline,random,1,CC(C)Cn1c(=O)n(C)c(=O)c2c(-c3cncn3C)n(Cc3cccc4ccccc34)nc21,4.1,3.708200780018468
lipo,baseline,random,1,CCCSc1ncccc1C(=O)N1CCCC1c1ccncc1,1.95,2.854939489170818
lipo,baseline,random,1,Cc1cc(Nc2cnc(C#N)c(N[C@@H](C)c3ncc(F)cn3)n2)n[nH]1,1.96,1.6515112184913745
lipo,baseline,random,1,CN(C(=O)Cc1ccc(-n2cnnn2)cc1)[C@H]1CCN(Cc2ccc(C(F)(F)F)cc2)C[C@H]1F,3.3,3.140991194821962
lipo,baseline,random,1,CC(=O)Nc1ccc2ccn(-c3cc(NC4COC4)n4ncc(C#N)c4n3)c2c1,2.24,2.8455781917402803
lipo,baseline,random,1,O=c1[nH]c2c(O)ccc([C@@H](O)CNCCc3cccc(CN4CCCC4)c3)c2s1,-0.28,1.1862644362387433
lipo,baseline,random,1,O=C(Cc1ccc(F)c(C(F)(F)F)c1)Nc1cccc2c(=O)n([C@@H]3CNC[C@H]3O)ccc12,1.33,2.288720699891893
lipo,baseline,random,1,Cc1cc2n[nH]c(=O)n2c2cc(-c3ccc[nH]3)ccc12,3.29,2.8177411423723786
lipo,baseline,random,1,COc1cc2ncnc(Nc3ccc(F)c(Cl)c3)c2cc1OCCN1CCN(C)CC1,3.3,2.9975122832425187
lipo,baseline,random,1,NS(=O)(=O)c1cccc(Nc2nccc(Nc3cccc4[nH]ncc34)n2)c1,2.6,2.5521232404546477
lipo,baseline,random,1,Nc1ccc2c(c1)C(=O)C(=O)c1cc(N)ccc1-2,1.72,1.819085945066164
lipo,baseline,random,1,Clc1ccc(C(c2ccccc2)N2CCNCC2)cc1,1.94,1.0225540548970504
lipo,baseline,random,1,N#Cc1cc(O)cc2nc(-c3ccc(O)cc3)oc12,3.6,3.326899300420279
lipo,baseline,random,1,COc1ccccc1-c1coc2cc(O)ccc2c1=O,2.55,2.592120100422185
lipo,baseline,random,1,N#CC1(NC(=O)[C@@H]2CCCC[C@H]2C(=O)N2CCc3[nH]c4c(F)cccc4c3C2)CC1,3.03,3.042349284794831
lipo,baseline,random,1,CCCCN(CCNC[C@H](O)c1ccc(O)c2[nH]c(=O)sc12)C(=O)CCOCCc1ccccc1,2.51,1.975529453280917
lipo,baseline,random,1,CCN(C(=O)Cc1ccc(S(C)(=O)=O)cc1)C1CCN(CC[C@@H](c2ccccc2)N2CCN(S(=O)(=O)CC(F)(F)F)CC2)CC1,1.8,2.384536878380302
lipo,baseline,random,1,O=c1[nH]c2c(O)ccc([C@@H](O)CNCCc3cccc(CN4CCC(c5ccccc5)CC4)c3)c2s1,1.99,2.4074217866140817
lipo,baseline,random,1,O=C1NC(=O)c2cc(OCc3ccccc3)ccc21,3.1,2.267861710245127
lipo,baseline,random,1,N#Cc1ccc2ccc(=O)n(CCN3CC[C@H](NCc4cc5c(cn4)OCCO5)[C@H](O)C3)c2c1,0.46,0.48561530323920893
lipo,baseline,random,1,CC(=O)O[C@H]1CC[C@]2(C=O)[C@H]3CC[C@]4(C)[C@@H](C5=CC(=O)OC5)CC[C@]4(O)[C@@H]3CC[C@]2(O)C1,0.64,1.6263129713635418
lipo,baseline,random,1,N=C(N)Nc1ccc(C(=O)Oc2ccc(Cl)cc2)cc1,0.7,1.3264348234110572
lipo,baseline,random,1,Cn1ncnc1-c1c2c(=O)n(C)c(=O)n(CC3CC3)c2nn1Cc1ccnc2ccc(Cl)cc12,3.8,2.4201903856373406
lipo,baseline,random,1,COc1cc(C(=O)NC2CCN(C)CC2)ccc1Nc1ncc2c(n1)N(C1CCCCC1)CCC(=O)N2C,2.87,3.085671954362552
lipo,baseline,random,1,Cc1ccc(NC(=O)c2cccc(N3CCOCC3)c2)cc1NC(=O)c1ccc(OCc2ccncc2)cc1,3.2,3.274116373365049
lipo,baseline,random,1,CN(C)CCCOc1nn(Cc2ccccc2)c2ccccc12,2.4,2.591264300055187
lipo,baseline,random,1,CCCCNc1ccc(C(=O)OCCN(C)C)cc1,2.11,1.4302234207312208
lipo,baseline,random,1,COc1cc2c(Nc3cc(CC(=O)Nc4cccc(F)c4)[nH]n3)ncnc2cc1OCCCN1CCC(CO)CC1,2.11,2.3845811719685797
lipo,baseline,random,1,Nc1nc(N)c(-c2ccc(NC(=O)C3CC3)cc2)c(COCc2ccccc2)n1,2.46,2.373490653068305
lipo,baseline,random,1,COc1ncc(-c2ccc3nccc(-c4ccnnc4)c3c2)cc1NS(=O)(=O)c1ccc(F)cc1F,2.5,1.994971381799182
lipo,baseline,random,1,O=C1C(=O)c2cccnc2-c2ccccc21,1.88,1.7091713381434377
lipo,baseline,random,1,Cc1cc(=O)[nH]c2ccccc12,1.9,1.6191087992520663
lipo,baseline,random,1,O=C(O)c1[nH]c2ccccc2c1CCCOc1cccc2ccccc12,2.75,2.449320159515537
lipo,baseline,random,1,CC(C)(C)OC(=O)N1CCN(c2ncc(OCc3ccncc3C#N)cn2)CC1,2.81,3.04034828774422
lipo,baseline,random,1,O=c1[nH]c(-c2ccc([N+](=O)[O-])cc2)nc2ccccc12,2.5,2.559912073170086
lipo,baseline,random,1,COc1ccc(C(=O)NCc2cccnc2)cc1C(=O)NCc1cccnc1,1.23,1.970968728644626
lipo,baseline,random,1,COc1cc(C(=O)NS(=O)(=O)c2ccccc2C)ccc1Cc1c[nH]c2ccc(NC(=O)CC3CCCC3)cc12,2.0,2.191337890565882
lipo,baseline,random,1,COc1cc2c(Nc3ccc(F)c(Cl)c3)c(C(N)=O)cnc2cc1OCCCN1CCN(C)CC1,1.2,2.973490679116818
lipo,baseline,random,1,CC[C@H](NC(=O)c1c(O)c(-c2ccccc2)nc2ccccc12)c1ccccc1,3.91,3.6747804328772156
lipo,baseline,random,1,CCc1cc(O)c(Oc2ccc(C(N)=O)cc2F)cc1F,2.87,2.225645468450746
lipo,baseline,random,1,CCCCCC[C@H]1OC(=O)CNC(=O)[C@@H]([C@H](C)O)NC(=O)[C@H](CO)NC(=O)[C@H]([C@H](C)CC)NC(=O)[C@H](CC(C)C)N(C)C(=O)[C@@H]1C,3.2,1.6639804314177427
lipo,baseline,random,1,COc1ccc2nc(C)cc(-n3cc(CN4CCN(C(C)=O)CC4)nn3)c2c1,1.3,2.187746741027954
lipo,baseline,random,1,CN(C)CC(O)COc1ccc(Nc2nccc(Nc3cc(Cl)ccc3Cl)n2)cc1,2.9,2.4994360022745674
lipo,baseline,random,1,CCc1ccc(NC(=O)c2ccc3cc(C(=N)N)ccc3c2)cc1,1.1,2.2565018745445
lipo,baseline,random,1,CNc1cccc(CCOc2ccc(C[C@H](NC(=O)c3c(Cl)cccc3Cl)C(=O)O)cc2F)n1,-0.05,0.1561736963836244
lipo,baseline,random,1,Cc1cccc(Oc2cc(CN3CCC[C@H](n4cc(C)c(=O)[nH]c4=O)C3)ccc2C(=O)O)c1,-0.82,-0.7014856873157995
lipo,baseline,random,1,CN(C)CC(O)COc1ccc(Nc2nccc(Nc3cccc(Cl)c3)n2)cc1,2.5,2.151799462872127
lipo,baseline,random,1,N#Cc1ccc2cccc(O)c2n1,1.81,2.7670797374877862
lipo,baseline,random,1,C[C@@H](C[C@@](C)(CS(=O)(=O)N1CCN(CCc2ccc(Cl)cc2Cl)CC1)N(O)C=O)c1ncc(F)cn1,3.27,2.4559573204610223
lipo,baseline,random,1,C[C@@H](NC(=O)[C@H]1CCCCN1)c1ccc(Nc2ncc3cc(-c4ccncc4)ccc3n2)cc1,2.15,2.3795776984882986
lipo,baseline,random,1,CS(=O)(=O)c1ccc(-c2cnc(N)c(-c3ccc(C(F)(F)F)nc3)c2)cc1,2.4,2.6918169278378477
lipo,baseline,random,1,Cc1cn([C@H]2CCCN(S(=O)(=O)c3cccc(Oc4ccccc4)c3)C2)c(=O)[nH]c1=O,2.32,2.1140081923064495
lipo,baseline,random,1,COc1ccc2c(c1)N(C[C@H](C)CN(C)C)c1ccccc1S2,2.99,3.1422865529088626
lipo,baseline,random,1,C[C@H](Nc1ncc(F)c(Nc2cc(C3CC3)[nH]n2)n1)c1ccc(F)cn1,3.14,3.317954902377935
lipo,baseline,random,1,CCN(CC)CCOC(=O)c1ccc(N)cc1,0.0,0.6623817897753143
lipo,baseline,random,1,CC(C)C[C@H](CO)Nc1nc(S[C@@H](C)c2ccccc2)nc2[nH]c(=O)sc12,4.3,3.7485703453482904
lipo,baseline,random,1,CC[C@H](NC(=O)c1c([S+]([O-])C(C)C)c(-c2ccccc2)nc2ccccc12)c1ccccc1,3.81,3.2762498970143596
lipo,baseline,random,1,CCOC(=O)c1ccc(OCCC2CCN(c3ccc(C)nn3)CC2)cn1,2.63,3.7392801962368476
lipo,baseline,random,1,N#Cc1cccc(S(=O)(=O)NC(=O)N2CCC(N3CCC(Oc4ccc(Cl)c(Cl)c4)CC3)CC2)c1,1.81,1.9669556216488993
lipo,baseline,random,1,COc1ccc(CCN(C)CCCC(C#N)(c2ccc(OC)c(OC)c2)C(C)C)cc1OC,2.61,2.419232159552519
lipo,baseline,random,1,Cc1sc(N)nc1-c1ccccc1,2.75,2.6000149285709075
lipo,baseline,random,1,COc1ccccc1CCNCc1ccc(CCNC[C@H](O)c2ccc(O)c3[nH]c(=O)sc23)cc1,0.8,0.6283875069839259
lipo,baseline,random,1,O=S(=O)(CCOCCCc1ccccc1)NCCNCCc1ccc(O)c2nc(O)sc12,2.22,1.652645402428843
lipo,baseline,random,1,CCCSc1ncccc1C(=O)NC1CCC(F)(F)CC1,2.85,2.691915399652012
lipo,baseline,random,1,O=C(O)COc1cccc(C(=O)N2CCC(N3CCC(Oc4ccc(Cl)c(Cl)c4)CC3)CC2)c1,1.09,1.353333554392776
lipo,baseline,random,1,O=C(NCCCCCCNCCc1ccc(O)c2nc(O)sc12)Nc1ccccc1,1.26,1.6691902084531869
lipo,baseline,random,1,Cc1ccc(-c2ccc(N)nn2)cc1NC(=O)c1ccc(OCc2ccccn2)cc1,2.47,2.299775507772604
lipo,baseline,random,1,COc1cccc2[nH]ncc12,2.1,1.0529342056487898
lipo,baseline,random,1,c1ccc2ncncc2c1,1.0,1.4951846748272029
lipo,baseline,random,1,COc1nccnc1NS(=O)(=O)c1ccc(N)cc1,-0.65,-0.5739242205502706
lipo,baseline,random,1,NC(=O)c1cc(-c2ccccc2)sc1N,2.7,2.3729430450784013
lipo,baseline,random,1,CCC1(c2ccccc2)NC(=O)N(C)C1=O,1.59,0.8663604632369882
lipo,baseline,random,1,Nc1nc(Cl)nc(NCc2ccccc2)n1,2.26,1.9516984284034966
lipo,baseline,random,1,CON(C)C(=O)c1c(Cn2c(C)nc(Cl)c2Cl)sc2c1c(=O)n(C)c(=O)n2CC(C)C,2.23,2.237373177533992
lipo,baseline,random,1,C[C@@](CCc1ccc(-c2ccc(Cl)cc2)cc1)(C(=O)NO)S(C)(=O)=O,2.4,2.1131238872752993
lipo,baseline,random,1,CC(C)C(NC(=O)Cn1c(-c2cccnc2)ncc(NC(=O)OCc2ccccc2)c1=O)C(=O)C(F)(F)F,2.15,2.2416204397079764
lipo,baseline,random,1,NC1(c2ccc(-c3ncc4ncccc4c3-c3ccccc3)cc2)CCC1,2.0,2.044226226990743
lipo,baseline,random,1,Nc1nc(-c2ccccc2)nn1Cc1ccccc1,1.91,3.133620646074478
lipo,baseline,random,1,Cc1cc(C)cc(-c2nnc(SCC(=O)N3CCN(C(=O)c4ccco4)CC3)o2)c1,3.0,2.7776034136303194
lipo,baseline,random,1,Cc1c(OC2CCN(CC3CCN([C@@H](Cc4ccc(F)cc4)C(=O)O)CC3)CC2)ccc(C#N)c1Cl,2.19,2.119760420196591
lipo,baseline,random,1,O=C(NCC12CC3CC(CC(C3)C1)C2)c1cc(OC2CCNCC2)ccc1Cl,1.83,1.8430952880268558
lipo,baseline,random,1,O=c1[nH]c2c(O)ccc([C@@H](O)CNCCc3ccc(CNCCc4ccccc4F)cc3)c2s1,1.3,0.8876769103079865
lipo,baseline,random,1,CCC(CC)CNC(=O)c1ccc2c(c1)c(Cc1ccc(C(=O)NS(=O)(=O)c3ccccc3C)cc1OC)cn2C,2.7,2.9675734416873096
lipo,baseline,random,1,S=C(NC1CCCCC1)N1CCC(c2cnc[nH]2)CC1,2.3,2.1773153665767864
lipo,baseline,random,1,CN(C(=O)Cc1ccc(-n2cnnn2)cc1)C1CCN(Cc2nc3c(s2)CCCC3)CC1,2.5,1.9885711319882635
lipo,baseline,random,1,CN[C@@H](C)C(=O)N[C@H](C(=O)N[C@H]1CCCN(CCc2ccc([N+](=O)[O-])cc2)C1)C(C)(C)C,1.54,1.6140959327397906
lipo,baseline,random,1,O=C1Nc2ccc(S(=O)(=O)N3CCC[C@H]3COc3ccccc3)cc2C1=O,2.7,1.7328393846295245
lipo,baseline,random,1,CS(=O)(=O)c1ccc(C(=O)Nc2ccc(F)cc2)c[n+]1[O-],0.84,0.42288092476973754
lipo,baseline,random,1,CN1CCCC1CCOC(C)(c1ccccc1)c1ccc(Cl)cc1,3.04,3.3935922039662376
lipo,baseline,random,1,COc1ccc(C(CN2CCCC2)N(C)C(=O)Cc2ccc(Cl)c(Cl)c2)c(OC)c1,3.07,3.144463187636166
lipo,baseline,random,1,O=C1COc2ccc(CNC3CCN(CCN4C(=O)COc5ccc(Br)cc54)CC3)nc2N1,1.42,1.2832741601043014
lipo,baseline,random,1,CC(C)Cn1c(=O)n(C)c(=O)c2c(SC3CCCC3)c(Cc3ccccc3C(F)(F)F)sc21,4.21,4.885822352233784
lipo,baseline,random,1,O=C(c1cc2cc(Cl)ccc2[nH]1)N1CCNCC1,1.65,1.3261969975044152
lipo,baseline,random,1,CS(=O)(=O)Nc1cc(Nc2nccc(Nc3c(Cl)ccc4c3OCO4)n2)cc(C(N)=O)c1,2.28,1.6465998934576023
lipo,baseline,random,1,Nc1nc(N)c2nc(CO)cnc2n1,-0.45,-0.5153503888910509
lipo,baseline,random,1,COc1cc2c(c(OC)c1OC)-c1ccc(O)cc1[C@@H](NC(C)=O)CC2,1.81,0.2590733264839456
lipo,baseline,random,1,Fc1ccc(-c2cn3ccccc3n2)cc1,3.1,2.99106365497507
lipo,baseline,random,1,CC(C)C(NC(=O)Cn1c(-c2ccccc2)ccc(N)c1=O)C(=O)C(F)(F)F,1.74,1.7323752242019206
lipo,baseline,random,1,Cc1ccnc(NCc2ccc(Cl)cc2)c1,3.6,3.981407002816507
lipo,baseline,random,1,COc1cccc(Oc2cncnc2O)c1,0.59,0.762437193935157
lipo,baseline,random,1,CC(C)NC(=O)c1ccc2c(Nc3ccc(Cl)cc3)nc(N3CCOCC3)nc2c1,2.78,3.748354346920224
lipo,baseline,random,1,Cc1cc(COc2cnc(N3CCN(C(=O)OC(C)(C)C)CC3)nc2)ccn1,3.7,3.5069029191231387
lipo,baseline,random,1,c1ccc(-c2cc(NCCCCCCCCNc3cc(-c4ccccc4)nc4ccccc34)c3ccccc3n2)cc1,2.27,3.600276576994261
lipo,baseline,random,1,O=C(O)c1ccccc1O,-1.36,0.7940577442839557
lipo,baseline,random,1,C[C@@H]1CCCN1CCc1cc2cc(-c3ccc(C#N)cc3)ccc2o1,3.51,3.4146435314631307
lipo,baseline,random,1,O=C(O)c1ccccc1Nc1cccc(C(F)(F)F)c1,2.01,1.7044005902117587
lipo,baseline,random,1,CC(C)C(NC(=O)Cn1c(-c2ccccc2)ccc(NC(=O)NCc2ccccn2)c1=O)C(=O)C(F)(F)F,2.15,2.168045871479461
lipo,baseline,random,1,NC(=O)c1cccc(O[C@H]2C[C@H]3CC[C@@H](C2)N3Cc2ccccc2)n1,1.71,1.3438459111868386
lipo,baseline,random,1,Cc1cc(Nc2ncc(F)c(N[C@H]3[C@@H](C(N)=O)[C@@H]4C=C[C@H]3C4)n2)ccc1N1CCN(C)CC1,2.9,2.3265372445471213
lipo,baseline,random,1,Cc1nc(N2CCN(c3ncc(OCc4ccncc4C#N)cn3)[C@H](C)C2)no1,2.6,2.909891342820251
lipo,baseline,random,1,CC(=O)Nc1ccc(C(=O)Nc2ccccc2N)cc1,0.82,1.5250431824155837
lipo,baseline,random,1,CC(=O)c1ccc2[nH]c(-c3cccnc3)cc(=O)c2c1,1.41,1.7018868857905534
lipo,baseline,random,1,Cc1cn([C@H]2CCCN(Cc3ccc(C(=O)O)c(Oc4cccc(Cl)c4)c3)C2)c(=O)[nH]c1=O,-0.55,-0.5379403539423758
lipo,baseline,random,1,CNc1c(Br)cnc2[nH]c(-c3ccc(OCCCN4CCOCC4)cc3)nc12,2.96,2.5062081049859963
lipo,baseline,random,1,CC(C)(C)OC(=O)N1CCN(c2ccc(OCc3ccc(S(C)(=O)=O)cc3)nc2)CC1,3.1,3.431953701551615
lipo,baseline,random,1,Cc1oc2cc(O)ccc2c(=O)c1-c1ccccc1,2.95,3.0477647610965475
lipo,baseline,random,1,Cc1ccc2c(N)c(C#N)sc2n1,2.23,2.1006531652231097
lipo,baseline,random,1,O=C1CCOc2cc(OCc3cccc(F)c3)ccc21,3.4,3.143869662823246
lipo,baseline,random,1,Cc1onc(-c2ccccc2)c1-c1ccc(S(N)(=O)=O)cc1,2.37,2.150766748535941
lipo,baseline,random,1,COc1ccc(N(C(=O)c2ccccc2)C(C)C(=O)NC2CCCC2)c(OC)c1,3.02,2.5497436043749357
lipo,baseline,random,1,Cc1cc(C)cc(-c2[nH]c3sc(C(C)(C)C(=O)N4C5CCC4CC5)cc3c2CCN2CCN(CC(=O)N(C)C)CC2)c1,4.13,3.8733654773021957
lipo,baseline,random,1,Cn1c(=O)c(Oc2ccc(F)cc2F)cc2cnc(NC3CCOCC3)nc21,2.76,2.6034417415922495
lipo,baseline,random,1,N#Cc1ccccc1COc1cc(OCCCN2CCCC2)ccc1C(=O)Nc1cccc(O)c1,2.34,2.6739123290356903
lipo,baseline,random,1,CN(C)C(=O)N[C@H]1CC[C@H](CCN2CCN(c3cccc(Cl)c3Cl)CC2)CC1,3.6,3.0510161888595673
lipo,baseline,random,1,NC(=O)c1ccc(O[C@H]2C[C@H]3CC[C@@H](C2)N3Cc2ccccc2)c(F)c1,2.1,2.0583587446517453
lipo,baseline,random,1,Nc1cccc(NC(=O)c2ccc(CNC(=O)OCc3cccnc3)cc2)c1,1.6,1.9172773605018607
lipo,baseline,random,1,CN(C)c1cccc2c(S(=O)(=O)Nc3cnccn3)cccc12,0.9,1.5517008102313694
lipo,baseline,random,1,COC(=O)[C@H](c1ccccc1Cl)N1CCc2sccc2C1,3.69,3.050260405049314
lipo,baseline,random,1,CS(=O)(=O)c1ccc(N2CCN(C(=O)[C@@H]3CCCC[C@H]3C(=O)NCC#N)CC2)cc1,0.67,1.030041458413852
lipo,baseline,random,1,CC(C)N1CCN[C@@H](C(=O)N2CCN(C(=O)Nc3ccc(Cl)c(Cl)c3)CC2)C1,2.21,1.1953042893814267
lipo,baseline,random,1,CC(C)c1ncc(NC(=O)OCc2ccccc2)c(=O)n1CC(=O)NC(C(=O)C(F)(F)F)C(C)C,2.63,2.1261338024016454
lipo,baseline,random,1,CCCSc1c(C(=O)NC2CCCCC2)cnn1-c1ccc(C(=O)O)cc1,0.64,0.8016551617802341
lipo,baseline,random,1,CCS(=O)(=O)c1ccc2c(c1)N(CCN1CCC(NCc3ccc4c(n3)NC(=O)CO4)CC1)C(=O)CO2,-0.11,0.2059109904902106
lipo,baseline,random,1,CC(C)CNc1nc(C#N)nc(N2CC(O)C2)c1N,2.0,1.7184427495380192
lipo,baseline,random,1,CNC(=O)c1ccc(CC(=O)N(C)C2CCN(Cc3ccc(C(F)(F)F)cc3)CC2)cc1,2.8,2.6212932916506206
lipo,baseline,random,1,C[C@@H]1CN(C(=O)OC(C)(C)C)CCN1c1ncc(OCC2CCN(S(C)(=O)=O)CC2)cn1,3.5,2.4191183250143653
lipo,baseline,random,1,O=C(NCc1ccncc1)c1ccc(Oc2ccc(C#CC3(O)CN4CCC3CC4)cc2)cc1,2.48,2.4381783882766035
lipo,baseline,random,1,Cc1nc(C)c(-c2ccc3c(c2)CC[C@]32CC[C@@H](C(=O)O)CC2)nc1C(N)=O,1.2,1.2441122069442732
lipo,baseline,random,1,CCN(C(=O)Cc1ccc(S(C)(=O)=O)cc1)C1CCN(CCC(c2ccccc2)C2CCN(Cc3ccccc3)CC2)CC1,2.41,3.2098273376202786
lipo,baseline,random,1,CC(C)(C)OC(=O)N1CCN(c2ccc(OCc3ccc(S(C)(=O)=O)cc3)cn2)CC1,3.2,3.5411325934987627
lipo,baseline,random,1,N[C@H](CNC(=O)c1cc2c(-c3ccccc3Cc3ccccc3)cccc2[nH]1)C(=O)O,3.25,2.0870080031244447
lipo,baseline,random,1,COc1ccc2ncc(=O)n(CCN3CC[C@H](NCc4cc5c(cn4)OCCO5)[C@@H](OC)C3)c2c1,1.25,1.1926133886363885
lipo,baseline,random,1,Oc1nc2ccccc2nc1NCc1ccccc1,3.3,2.5743857436380213
lipo,baseline,random,1,O=C(c1cccc(Cl)c1Cl)N1CCN(c2ccccn2)CC1,2.98,2.9423457441520444
lipo,baseline,random,1,Nc1ncnc2c1ncn2[C@@H]1O[C@H](CSCCCNC(=O)Nc2ccccc2)[C@@H](O)[C@H]1O,1.9,1.4995937407200173
lipo,baseline,random,1,COc1ccc2c(c1)c(-c1ccnc3cc(Cl)ccc13)c(C)n2CC(=O)O,1.16,1.5581854622812574
lipo,baseline,random,1,COc1cc2ncnc(Nc3cccc(Cl)c3F)c2cc1OC1CCN(S(C)(=O)=O)CC1,2.82,3.2268003454391336
lipo,baseline,random,1,COc1ccnc(NC2CCN(C(=O)c3ccccc3)CC2)c1,2.06,2.0352393766927226
lipo,baseline,random,1,CC(C)(C(=O)O)c1ccc(C(O)CCCN2CCC(C(O)(c3ccccc3)c3ccccc3)CC2)cc1,0.42,3.2455312822956057
lipo,baseline,random,1,N#Cc1cccc(NCC(=O)Nc2c(Cl)ccc3nc(N4CC[C@@H](O)C4)ccc23)c1,2.39,2.6301183828415993
lipo,baseline,random,1,CN(C)c1cccc2c(S(N)(=O)=O)cccc12,1.95,0.8673503495556193
lipo,baseline,random,1,CCn1c2ccccc2c2cc(NC(=O)C(C)C)ccc21,4.2,3.7982218070907257
lipo,baseline,random,1,O=C(NC1CCCS(=O)(=O)C1)c1ccc(Oc2ccc(C#C[C@]3(O)CN4CCC3CC4)cc2)cc1,1.4,2.040856831349078
lipo,baseline,random,1,COc1ccccc1C(=O)NCC12CC3CC(CC(C3)C1)C2,4.43,3.8675785861023413
lipo,baseline,random,1,Nc1ncc(-c2ccc(F)cc2)[nH]1,1.39,1.3165730161227072
lipo,baseline,random,1,COc1ccc(Sc2c(C)n(CC(=O)O)c3ccc(C)cc23)cc1,1.01,0.7957378014697309
lipo,baseline,random,1,COc1cc2c(Nc3ncc(NC(=O)c4ccccc4)cn3)ncnc2cc1OCCCN1CCOCC1,2.32,2.7382927990230583
lipo,baseline,random,1,CCC(c1nc2nccnc2c(=O)n1Cc1ccccc1)N(CCCN)C(=O)c1ccc(C)cc1,-0.14,0.8462181590123222
lipo,baseline,random,1,O=C(CO)N1CCC(c2n[nH]c(-c3ccc(Cl)cc3)c2-c2ccncn2)CC1,1.85,1.7932366476382637
lipo,baseline,random,1,CC(C)C(NC(=O)Cn1c(-c2cccs2)ncc(NC(=O)OCc2ccccc2)c1=O)C(=O)C(F)(F)F,2.02,2.552562647312204
lipo,baseline,random,1,CCOc1ccc2oc(C(=O)NC(CCSC)c3nc4ncccc4[nH]3)c(C)c2c1,4.23,3.9256089053953143
lipo,baseline,random,1,Cc1ccc(S(=O)(=O)Nc2c(C(=O)N[C@@H](C)C(C)(C)C)c(C)nn2C2CCN(C)CC2)cc1,0.8,0.7062684687534108
lipo,baseline,random,1,COc1cnc(-c2ccccn2)nc1N(C)C,1.9,1.4275720837162118
lipo,baseline,random,1,NC1(c2ccc(-c3nc4ccccn4c3-c3ccccc3)cc2)CCC1,2.8,3.0405961486906956
lipo,baseline,random,1,O=C(NC1Cc2ccccc2N(C[C@@H](O)CO)C1=O)c1cc2cc(Cl)ccc2[nH]1,3.4,3.3169610507844136
lipo,baseline,random,1,COc1cc(OC)c(S(=O)(=O)N2c3ccccc3CCC2C)cc1NC(=O)COC(C)=O,2.07,1.820378318319588
lipo,baseline,random,1,CCn1c(-c2ccnc(Nc3ccc(S(=O)(=O)NCCOC)cc3)n2)cnc1C,2.44,2.2744933416314
lipo,baseline,random,1,c1ccc(-c2ccc(C3CN4CCC3CC4)cc2)cc1,1.76,3.0301105306931895
lipo,baseline,random,1,CCC1(c2ccccc2)C(=O)NC(=O)NC1=O,0.05,0.7554760005165415
lipo,baseline,random,1,COc1cc(C(=O)NC[C@@H](O)CN2CCC(Oc3ccc(Cl)c(Cl)c3)CC2)ccc1N,3.12,2.6261095919063013
lipo,baseline,random,1,CCCSc1nc(N[C@@H]2C[C@H]2c2ccccc2)c2nnn([C@@H]3C[C@H](OCCO)[C@@H](O)[C@H]3O)c2n1,3.87,3.7142261412598057
lipo,baseline,random,1,N=C(N)Nc1ccc(Cl)c(Cl)c1,-0.31,0.12118639686895594
lipo,baseline,random,1,CN(C(=O)Cc1ccc(-n2cnnn2)cc1)C1CCN(Cc2nc3cc(F)ccc3s2)CC1,2.85,2.60932077197596
lipo,baseline,random,1,CN(C)C(=O)CN1C(=O)C(NC(=O)c2cc3cc(Cl)sc3[nH]2)Cc2ccccc21,3.07,2.768025868324295
lipo,baseline,random,1,CCN(C(=O)Cc1ccc(S(C)(=O)=O)cc1)C1CCN(CCC(c2ccccc2)N2CCC(C(C)=O)CC2)CC1,0.9,2.0577554550740147
lipo,baseline,random,1,Nc1cc(C(F)(F)F)c(-c2cc(N3CCOCC3)nc(N3CCOCC3)n2)cn1,2.7,2.6815723660977433
lipo,baseline,random,1,N#CC1(NC(=O)[C@@H]2CCCC[C@H]2C(=O)N2CCc3[nH]c4cc(F)ccc4c3C2)CC1,2.99,3.1576445111034155
lipo,baseline,random,1,Cc1onc(CO)c1C(=O)Nc1nccs1,1.53,1.0746055762851092
lipo,baseline,random,1,CN(C(=O)Cc1ccc(S(C)(=O)=O)cc1)[C@@H]1CCN(Cc2nc3cc(F)ccc3s2)C[C@@H]1F,2.2,2.717523068269684
lipo,baseline,random,1,CC(C)OC(=O)c1cn(Cc2c(F)cccc2F)c2sc(-c3ccc(NC(=O)C(C)C)cc3)c(CN(C)Cc3ccccc3)c2c1=O,3.5,3.9186790600123205
lipo,baseline,random,1,CCn1cnc2cnc(-c3ccc(C4(N)CCC4)cc3)c(-c3ccccc3)c21,2.0,2.49409623458209
lipo,baseline,random,1,COc1ccc(-c2cccc3c(N)c4c(nc23)CN(C2CCC2)C4=O)c(C)n1,3.92,3.302863031783813
lipo,baseline,random,1,CC1C(=O)Nc2ccccc2N1C(=O)c1ccccc1,2.11,2.145366344978143
lipo,baseline,random,1,CC[C@H](NC(=O)c1c([S+](C)[O-])c(-c2ccccc2)nc2c(F)cccc12)c1ccccc1,2.84,3.205142669450978
lipo,baseline,random,1,CCCC(C)(C)C[C@H](c1ccc(C(=O)O)c(Oc2cccc(Cl)c2)c1)N1CCC[C@H](n2cc(C)c(=O)[nH]c2=O)C1,1.99,1.6155324443051886
lipo,baseline,random,1,NS(=O)(=O)c1cc2c(cc1Cl)NC(C1CC3C=CC1C3)NS2(=O)=O,2.12,1.2075099294939586
lipo,baseline,random,1,COc1ccc2c3c1OC1C(O)C=CC4C(C2)N(C)CCC341,0.8,0.19056005675613374
lipo,baseline,random,1,C[C@@H]1CN(C(=O)OC(C)(C)C#N)CCN1c1ncc(OCc2ccncc2C#N)cn1,2.3,2.5907561922420568
lipo,baseline,random,1,O=C(NCCCN1CCCCC1)C(c1ccccc1)c1ccccc1,1.33,2.6968656013998467
lipo,baseline,random,1,Cc1ccc(CO)cc1N(C)c1ccnc(Nc2cc(N3CCOCC3)nc(N3CCOCC3)c2)n1,3.44,3.1967049186078897
lipo,baseline,random,1,CCN(C(=O)NCc1ccccc1)C1CCN(CCC(c2ccccc2)c2ccccc2)CC1,4.0,3.6713330597882257
lipo,baseline,random,1,COCCCCC(=NOCCN)c1ccc(C(F)(F)F)cc1,1.55,1.7402166958951608
lipo,baseline,random,1,COc1ccc(Cn2cc3c(=O)n(C)c(=O)n(CC(C)C)c3c2)cc1,3.52,2.737645070099605
lipo,baseline,random,1,O=C(O)c1ccccc1CN1CCC(CN2CCC(Oc3ccc(Cl)c(Cl)c3)CC2)CC1,2.48,1.5868653040533396
lipo,baseline,random,1,C[C@]12CC[C@@H]3c4ccc(O)cc4CC[C@H]3[C@@H]1CCC2=O,3.4,3.3187223078709756
lipo,baseline,random,1,O=C(c1ccc(Cl)cc1)C1CCN(C(=O)C2CC2)CC1,2.72,3.1212299165098782
lipo,baseline,random,1,O=C(COc1ccccc1O)NC1CCCC1,2.31,1.5396664601202017
lipo,baseline,random,1,CNC(=O)c1nc(-c2ccc(Cl)c(S(=O)(=O)Nc3cccc(F)c3F)c2)cnc1N,2.8,2.023136622889133
lipo,baseline,random,1,CC(C)C(=O)Nc1nc(-c2ccccn2)cc2ccccc12,2.7,3.5422680791311922
lipo,baseline,random,1,O=c1c2ccccc2oc2cc(O)cc(O)c12,3.39,3.2716135714331753
lipo,baseline,random,1,CCOc1cc(Nc2nc3c(cc2F)ncn3[C@@H](CO)c2ccc(F)cn2)n[nH]1,2.55,2.725957144238498
lipo,baseline,random,1,COc1cc2ncc(C(N)=O)c(Nc3ccc(F)cc3F)c2cc1N1CCN(C)CC1,2.18,2.1453194368101083
lipo,baseline,random,1,CNc1nc(C)c(-c2nc(Nc3cccc(N4CCNCC4)c3)ncc2C#N)s1,1.9,1.6865344010161012
lipo,baseline,random,1,COCCNC(=O)c1ccc(Nc2ncc3cc(-c4cccnc4)ccc3n2)cc1,3.11,2.7825142773030636
lipo,baseline,random,1,C=C[C@H]1CN2CC[C@@H]1C[C@H]2[C@H](O)c1ccnc2ccc(OC)cc12,2.26,2.0454187208769268
lipo,baseline,random,1,CC(c1ccccc1)C(Cc1nc2ccccc2[nH]1)c1nc2ccccc2[nH]1,4.48,3.9679390429748174
lipo,baseline,random,1,O=C(O)CCc1ccc(OCc2cc(Cl)ccc2-c2ccccc2)cc1,3.22,3.0794579260073274
lipo,baseline,random,1,Clc1ccc2c(c1Nc1ncnc3cc(OCCCN4CCCC4)cc(OC4CCOCC4)c13)OCO2,2.3,2.7062865843380624
lipo,baseline,random,1,O=S(=O)(Cc1cc(Cl)cc(Cl)c1)NCC(c1ccccc1)N1CCCCCC1,3.23,3.0185349071461625
lipo,baseline,random,1,COC(=O)C1=C(C)NC(C)=C(C(=O)OC)C1c1ccccc1[N+](=O)[O-],3.29,1.8273574560734624
lipo,baseline,random,1,CC(C)Cc1ccc([C@@H](C)C(=O)NS(C)(=O)=O)cc1,0.51,0.6566456385360169
lipo,baseline,random,1,CC(C)C(NC(=O)Cn1c(-c2ccccc2)ccc(NC(=O)OCc2ccncc2)c1=O)C(=O)C(F)(F)F,2.41,2.2553750278609517
lipo,baseline,random,1,Cc1c(Sc2ccc(Cl)cc2)c2cc(Cl)ccc2n1C(C)C(=O)O,3.56,2.8738186949363405
lipo,baseline,random,1,Cc1ccc(O)c(O)c1,1.37,0.6287241885031043
lipo,baseline,random,1,c1cncc(-c2ccc(-c3nnc(C4CN5CCC4CC5)o3)o2)c1,1.2,2.1872197249326226
lipo,baseline,random,1,O=C(Nc1ccccc1-c1ccccc1)OC1CCN(CCCCCCCCCNC[C@H](O)c2ccc(O)c3[nH]c(=O)ccc23)CC1,2.16,2.3522691762234915
lipo,baseline,random,1,O=c1[nH][nH]c(=O)c2c1[nH]c1cc(Cl)cc(Cl)c12,1.02,1.5694983861997605
lipo,baseline,random,1,Cc1ncc(-c2ccnc(Nc3ccc(S(=O)(=O)CC4CCCO4)cc3)n2)n1C(C)C,2.82,2.9472649945603475
lipo,baseline,random,1,Cc1cccc2c3c([nH]c12)CCN(C(=O)[C@@H]1CCCC[C@H]1C(=O)NC1(C#N)CC1)C3,2.99,3.0882544955074205
lipo,baseline,random,1,O=C(Nc1ccc(Cl)c(S(=O)(=O)N2CCNCC2)c1O)Nc1cccc(F)c1Cl,2.6,1.8375289494360392
lipo,baseline,random,1,Cc1ccc(-n2[nH]c(=O)c3cccnc32)cc1,2.1,1.0068777615646127
lipo,baseline,random,1,C[C@@H]1CN(c2c(F)c(N)c3c(=O)c(C(=O)O)cn(C4CC4)c3c2F)C[C@H](C)N1,-0.15,-0.05574086985181955
lipo,baseline,random,1,COc1cc(OC)cc(-c2ccc(NC(=O)OCc3ccccc3)c(=O)n2CC(=O)NC(C(=O)C(F)(F)F)C(C)C)c1,2.26,2.6487043185629235
lipo,baseline,random,1,Cc1c(Cl)ccc(OC2CCN(C3CCN(C(=O)c4cccc(S(C)(=O)=O)c4)CC3)CC2)c1Cl,3.33,3.079468901932297
lipo,baseline,random,1,COc1cc(C(=O)c2cc(Cl)ccc2N)cc(OC)c1OC,3.38,2.3558868373425392
lipo,baseline,random,1,CCC(C)(C)C(=O)O[C@H]1C[C@@H](C)C=C2C=C[C@H](C)[C@H](CC[C@@H](O)C[C@@H](O)CC(=O)O)[C@H]21,1.55,1.1132276261821825
lipo,baseline,random,1,COc1ccc(CC(=O)Nc2nc3ccccc3[nH]2)cc1,2.9,2.796375340907924
lipo,baseline,random,1,CN(C(=O)Cc1ccccc1)[C@H]1CC[C@@]2(CCCO2)C[C@@H]1N1CCCC1,0.99,2.3602010519138843
lipo,baseline,random,1,O=C(NC1Cc2ccccc2N(CCCO)C1=O)c1cc2cc(Cl)sc2[nH]1,3.49,2.850631446365334
lipo,baseline,random,1,Cc1nn(-c2ccccc2)c(NS(=O)(=O)C2CCCCC2)c1C(=O)N[C@@H](C)C(C)(C)C,1.75,1.5950381073227704
lipo,baseline,random,1,CC1COc2c(N3CCN(C)CC3)c(F)cc3c(=O)c(C(=O)O)cn1c23,-0.45,-0.322313706747708
lipo,baseline,random,1,CNC1=Nc2ncccc2C(c2ccco2)=NC1c1cccs1,1.85,2.3885132932337956
lipo,baseline,random,1,CC(C)(C)c1cc(O)n2nc(N)nc2n1,-0.2,0.4100603276960799
lipo,baseline,random,1,CC(C)N(CCCNC(=O)Nc1ccc(C(C)(C)C)cc1)C[C@H]1O[C@@H](n2ccc3c(N)ncnc32)[C@H](O)[C@@H]1O,2.4,1.9837797150055818
lipo,baseline,random,1,O=C(O)CC[C@@H]1c2ccccc2C[C@H]1NC(=O)c1cc2sc(Cl)c(Cl)c2[nH]1,2.84,2.7779591172325855
lipo,baseline,random,1,O=C(Nc1ccc(C(F)(F)F)c(Cl)c1)N1CCN(C[C@@H]2CCCN(C3CC3)C2)CC1,4.06,3.267243030756675
lipo,baseline,random,1,CCOC(=O)[C@H](Cc1ccc(O)cc1)NC(=O)c1cccc2ccccc12,3.12,3.11121297585621
lipo,baseline,random,1,O=C(C1CCCCC1)N1CC(=O)N2CCc3ccccc3C2C1,2.43,2.846643833764492
lipo,baseline,random,1,CC(CO)(CO)Nc1nc(SCc2cccc(F)c2F)nc2nc(N)sc12,2.87,2.4907060798897906
lipo,baseline,random,1,CCOc1ccc(CCNCCCSCCNC[C@H](O)c2ccc(O)c3[nH]c(=O)sc23)cc1,0.41,0.5044192831543838
lipo,baseline,random,1,OCC[C@]1(c2cc3ccccc3o2)CCCNC1,0.12,0.19408726981855412
lipo,baseline,random,1,O=C(Oc1ccccc1)N1CCOCC1,1.3,0.8453106640118428
lipo,baseline,random,1,COC1(c2cc(F)cc(OCc3ccc4c(ccc(=O)n4C)c3)c2)CCOCC1,3.52,3.190298989975315
lipo,baseline,random,1,CCCCN(CCCC)CCCOC(=O)c1ccc(N)cc1,1.93,2.8577240876811176
lipo,baseline,random,1,FC(F)(F)c1nnc2ccc(-n3ccnc3)nn12,0.91,1.7284047906298656
lipo,baseline,random,1,NC(=O)C(c1ccccc1)(c1ccccc1)[C@@H]1CCN(CCc2ccc3c(c2)CCO3)C1,2.79,3.437698913281855
lipo,baseline,random,1,Cc1ccc(S(=O)(=O)Nc2c(C(=O)N(C)C3CCCCC3)cnn2-c2ccccc2)cc1,2.01,1.1150030727888245
lipo,baseline,random,1,CC(=O)Nc1cccc(OCc2cnc(Cl)s2)c1,2.38,2.778404124333854
lipo,baseline,random,1,Cc1ccc2c(c1)c(Sc1ccc(Cl)cc1)c(C)n2CC(=O)O,2.18,2.1881268557904803
lipo,baseline,random,1,COCCC(C)n1nc(C)c(C(=O)N[C@@H](C)C(C)(C)C)c1NS(=O)(=O)c1ccc(C)cc1,0.78,0.8157118214218658
lipo,baseline,random,1,CCn1c(=O)c2c(=O)cc(O)oc2c2ccccc21,1.13,1.5308228971512927
lipo,baseline,random,1,CNc1c(Br)cnc2[nH]c(-c3ccc(S(C)(=O)=O)cc3)nc12,2.88,2.350129337260432
lipo,baseline,random,1,CSc1ncccc1C(=O)NCCc1ccc(Cl)cc1,3.31,2.7461323645408617
lipo,baseline,random,1,O=c1cc(-c2ccccc2)oc2ccc(O)cc12,3.6,3.4928786252429487
lipo,baseline,random,1,CCCN(CCO)CCCOc1ccc2c(Nc3cc(CC(=O)Nc4cccc(F)c4F)[nH]n3)ncnc2c1,2.19,1.9188216872808355
lipo,baseline,random,1,c1ccc(C2Cc3ccccc3CN2)cc1,1.9,1.903219016790903
lipo,baseline,random,1,C[C@H]1NC(C)(C)CO[C@]1(O)c1cccc(Cl)c1,1.69,1.6153552112780616
lipo,baseline,random,1,O=C(O)CNCCNc1ccc(Cl)c(C(=O)NCC23CC4CC(CC(C4)C2)C3)c1,1.94,1.2110045730605359
lipo,baseline,random,1,O=C(Nc1ccc(N2CCOCC2)cc1)c1nnc(NC(=O)C2(c3ccc(Cl)cc3)CCC2)o1,3.2,3.514050383231129
lipo,baseline,random,1,NC(=O)c1cc(F)cc(O[C@H]2C[C@H]3CC[C@@H](C2)N3Cc2ccccc2)c1,2.14,1.7322392826894344
lipo,baseline,random,1,O=C(O)CCn1c2ccccc2c2ccccc21,0.6,1.4198780656903955
lipo,baseline,random,1,Cc1ccc(CO)cc1N(C)c1ccnc(Nc2cc(N3CCOCC3)cc(S(C)(=O)=O)c2)n1,2.9,3.0852410400239134
lipo,baseline,random,1,CC(COc1ccccc1)NC(C)C(O)c1ccc(O)cc1,0.56,1.224796906317452
lipo,baseline,random,1,COc1ccccc1CN(C)Cc1cccc(CCNC[C@H](O)c2ccc(O)c3[nH]c(=O)sc23)c1,1.52,2.005130759005597
lipo,baseline,random,1,Oc1cc(-c2ccccc2)nc2ccccc12,2.54,2.8689744553328484
lipo,baseline,random,1,Cc1cccc(Nc2nnc(C(=O)Nc3ccc(N4CCOCC4)nc3)o2)c1,3.42,3.3019795606490483
lipo,baseline,random,1,O=C1CCC(=O)N1C(CCc1ccncc1)COc1ccc(-c2cccc([N+](=O)[O-])c2)cc1,3.88,3.292662639201178
lipo,baseline,random,1,Nc1nc(N)nc(-c2cccc(C(F)(F)F)c2)n1,2.4,1.7752759924458394
lipo,baseline,random,1,CCN(CC)CCN1C(=O)[C@@](O)(c2ccccc2Cl)c2c1cc(C(N)=O)cc2C(F)(F)F,2.4,1.729373466322144
lipo,baseline,random,1,Cc1ccc(C(=O)NC2CC2)cc1-c1ccc(C(=O)NCC2CC2)nc1,3.36,2.4464410625018145
lipo,baseline,random,1,CC#Cc1ccnc(-c2cccc([C@@]3(c4cc(C)c(=O)n(CC)c4)N=C(N)c4c(F)cccc43)c2)c1,4.4,3.3114469048874557
lipo,baseline,random,1,O=c1cc(N2CCOCC2)oc2cc(O)ccc12,1.0,1.0889500860091788
lipo,baseline,random,1,N#Cc1ccc(C(=O)Nc2ccc(-n3ccnc3)nc2)cc1,2.2,1.7083247908992185
lipo,baseline,random,1,CC1=C(C)C(=O)C(C(CCCCCC(=O)O)c2ccccc2)=C(C)C1=O,2.48,0.656378557983932
lipo,baseline,random,1,Cc1nc2ccccn2c1-c1ccnc(Nc2cccc(Cl)c2)n1,2.7,3.497278696616676
lipo,baseline,random,1,Cc1cccc(NC(=O)NCC(c2cccnc2)N2CCOCC2)c1,2.0,2.120229192832005
lipo,baseline,random,1,COCC[C@H](Oc1ncnc2c1cnn2-c1ccccc1Cl)C(=O)Nc1ccc(C)cn1,3.6,3.380761034346397
lipo,baseline,random,1,CN1CCN(c2cc(F)cc3c(=O)cc(C(=O)Nc4ccc(N5CCOCC5)cc4)[nH]c23)CC1,2.7,1.526012528953411
lipo,baseline,random,1,Oc1nc2cc(Cl)cc(Cl)c2c(O)c1-c1ccccc1,1.6,2.5719971278964504
lipo,baseline,random,1,C[S+]([O-])CCN1C(=O)C(NC(=O)c2cc3cc(Cl)sc3[nH]2)Cc2ccccc21,3.17,1.844315304468563
lipo,baseline,random,1,Cc1nc(Cl)c(Cl)n1Cc1sc2c(c1C(=O)N1CC[C@@H](O)C1)c(=O)n(C)c(=O)n2CC(C)C,1.61,1.8601849501424432
lipo,baseline,random,1,Cc1cc2n[nH]c(=O)n2c2cc(-c3ccco3)ccc12,2.07,2.9700248615538722
lipo,baseline,random,1,Cc1ccc(NC(=O)N2CCN(C[C@@H]3CCCN(C4CC4)C3)CC2)cc1Cl,3.37,2.787405786282931
lipo,baseline,random,1,CN[C@@H](C)C(=O)N[C@H](C(=O)N[C@H]1CCCN(CCc2ccc(OC)cc2)C1)C(C)(C)C,1.45,1.5400462356115
lipo,baseline,random,1,C[C@H](CO)Nc1nc(SCc2cccc(F)c2F)nc2nc(NC3CC3)sc12,4.37,3.2309591650593434
lipo,baseline,random,1,N#Cc1c(-c2ccc(-c3ccccc3OC(F)(F)F)cc2)nc2ccncc2c1O,3.45,2.8300866470347503
lipo,baseline,random,1,C[C@H](NC(=O)Cc1cc(F)cc(F)c1)C(=O)NC1C(=O)N(C)c2ccccc2-c2ccccc21,3.6,3.2106355112455143
lipo,baseline,random,1,CCN1CCN(Cc2cnc(-c3ccc(C(=O)Nc4ccccc4N)cc3)c(Cl)c2)CC1,1.81,1.5709393084767282
lipo,baseline,random,1,Cn1cc(CN2CCc3cc4nc(N)sc4cc3CC2)cn1,1.06,1.4619811830504794
lipo,baseline,random,1,O=c1[nH]n(Cc2ccsc2)c(=O)c2c(=O)c3ccc(Cl)cc3[nH]c12,1.11,0.7916695045832516
lipo,baseline,random,1,COc1cc(OC)nc(-n2ncc(Cl)c(Cl)c2=O)n1,1.4,1.374070360893147
lipo,baseline,random,1,C[C@H]1O[C@@H](n2cnc3c(N)nc(OC(C4CC4)C(F)(F)F)nc32)[C@H](O)[C@@H]1O,1.83,1.9844580948414616
lipo,baseline,random,1,CCCc1cc(C2=N[C@@H](C(=O)NO)CO2)cc(OC)c1OC,1.69,0.053276273986087794
lipo,baseline,random,1,Cc1cnc(Nc2nc(N[C@@H](C)c3ncc(F)cn3)nc(N3CCOCC3)c2F)s1,3.27,2.843312821757258
lipo,baseline,random,1,c1ccc(Sc2ccc3ccccc3n2)cc1,3.92,3.9352465647866217
lipo,baseline,random,1,NC(=O)COc1ccc(OCCNCC(O)COc2ccccc2)cc1,0.63,0.9124705022080302
lipo,baseline,random,1,Cc1ncc(-c2nc(Nc3ccc(C(=O)N(C)C)cc3)ncc2F)n1C(C)C,2.77,2.637919461052382
lipo,baseline,random,1,CNc1nc2nc(SCc3cccc(F)c3F)nc(N[C@H](C)CO)c2s1,3.7,3.2270984081704963
lipo,baseline,random,1,CN[C@H]1CC[C@@H](c2ccc(Cl)c(Cl)c2)c2ccccc21,3.15,3.165143095595474
lipo,baseline,random,1,COc1ccc(NC(=O)CSc2nnc(C)n2-c2ccc(C)cc2)cc1,2.94,3.143418580914671
lipo,baseline,random,1,CCCc1c(OCCCSc2ccc(CC(=O)O)cc2Cl)ccc(C(=O)CC)c1O,3.57,2.31130633418188
lipo,baseline,random,1,CCN(c1ccccc1)c1cc(NC)[n+](C)c(C)n1,-0.91,0.5009645509028762
lipo,baseline,random,1,Cn1nnc(-c2ccc(-c3ccc(N4C[C@H](COc5ccon5)OC4=O)cc3F)cn2)n1,1.24,2.0829274151990234
lipo,baseline,random,1,O=C(N[C@@H](Cc1ccc(N2CCN(c3ccccc3)CC2)cc1)C(=O)O)c1c(Cl)cccc1Cl,0.08,0.9920315201984636
lipo,baseline,random,1,Oc1cccc2nc(-c3ccccc3)cc(O)c12,3.37,2.536050884230412
lipo,baseline,random,1,CN(C)C(=O)N[C@H]1CC[C@H](CCN2[C@@H]3CC[C@H]2C[C@@H](Oc2cccc(C(N)=O)c2)C3)CC1,0.12,0.17702020638923063
lipo,baseline,random,1,Cc1ccc(S(=O)(=O)Nc2c(C(=O)N(C)C3CCCCC3)c(C)nn2-c2ccccc2)cc1,1.69,1.8892617599387351
lipo,baseline,random,1,NCCCCN(Cc1nc2ccccc2[nH]1)C1CCCc2cccnc21,0.83,1.901447482833361
lipo,baseline,random,1,C=CC1CN2CCC1CC2[C@@H](O)c1ccnc2ccc(OC)cc12,2.16,2.0454187208769268
lipo,baseline,random,1,Cc1ccc(-c2ccc3c(ccc4sc5c(c43)NC[C@@H](C)NC5=O)n2)cn1,3.6,2.52395404886346
lipo,baseline,random,1,Cc1cn([C@H]2CCCN([C@@H](CC(C)C)c3ccc(C(=O)O)c(Oc4cccc(Cl)c4)c3)C2)c(=O)[nH]c1=O,0.93,0.8960035767560967
lipo,baseline,random,1,CCN(C(=O)Cc1ccc(S(C)(=O)=O)cc1)C1CCN(CCC(c2ccccc2)C2CCN(S(=O)(=O)CC)CC2)CC1,1.63,1.8990361249007661
lipo,baseline,random,1,COC(=O)[C@@H]1C2CCC(C[C@@H]1c1ccc(I)cc1)N2CCCF,2.3,2.7163687634103812
lipo,baseline,random,1,CN(CCO)C(=O)c1ccc([C@H](c2cccc(NC(=O)C3CC3)c2)N2CCN(Cc3ccc(F)cc3)CC2)cc1,3.38,2.929590420670552
lipo,baseline,random,1,C[C@H](c1nc2ncccc2c(=O)n1-c1ccc(Cl)cc1)N(CC1CCS(=O)(=O)CC1)C(=O)Cc1ccc(C(F)(F)F)c(F)c1,2.9,2.65522298138966
lipo,baseline,random,1,N=C(N)c1cc2c(-c3ccccc3)cccc2s1,1.27,2.0159648928376224
lipo,baseline,random,1,CC(=O)NC[C@H]1CN(c2ccc(N3Cc4ccncc4C3)c(F)c2)C(=O)O1,3.02,2.193031796968018
lipo,baseline,random,1,C[C@H]1CN(Cc2cc(Cl)ccc2CCC(=O)O)CCN1C(=O)Cc1ccccc1,1.52,1.3720227798959188
lipo,baseline,random,1,CC(C)N(c1nnc(N)s1)C(C)C,1.49,2.0141023497572275
lipo,baseline,random,1,FC(F)(F)c1nnc2ccc(NCn3nnc4ccccc43)nn12,2.34,2.134691863896529
lipo,baseline,random,1,O=C(Nc1cccc(O)c1)c1ccc(OCCCN2CCCC2)cc1OCc1ccccn1,1.78,1.8354936104191255
lipo,baseline,random,1,C[C@H](C(=O)O)c1cccc(C(=O)c2ccccc2)c1,-0.06,-0.060599186923712106
lipo,baseline,random,1,CCNCc1cnc(-c2ccc(C(=O)Nc3ccccc3N)cc2)s1,0.95,2.3562254522436694
lipo,baseline,random,1,COc1ccc(C=NN=Cc2ccc(OC)c(OC)c2)cc1OC,3.38,2.891203569441808
lipo,baseline,random,1,CCN(CC)Cc1cc(Nc2ccnc3cc(Cl)ccc23)ccc1O,2.9,2.6415928821507424
lipo,baseline,random,1,Cc1cccc(C#Cc2ccccc2)n1,3.6,3.7463040520550246
lipo,baseline,random,1,CC(=O)NCc1ccc(CN2CCN(c3ccccc3)CC2)cc1,1.78,2.5832590096522643
lipo,baseline,random,1,O=[N+]([O-])c1ccc(O)cc1,1.5,0.6775141914338549
lipo,baseline,random,1,NC1(C(=O)NC(CCCN2CCOCC2)c2ccc(Cl)cc2)CCN(c2ncnc3[nH]ccc23)CC1,2.7,2.1414480163207967
lipo,baseline,random,1,C[C@@H](NC(=O)C1CCNCC1)c1ccc(Nc2ncc3cc(-c4ccncc4)ccc3n2)cc1,0.4,1.8853665039097613
lipo,baseline,random,1,COc1cc(C(=O)O)ccc1Cc1cn(C)c2ccc(NC(=O)CC3CCCC3)cc12,2.0,2.3150019241093243
lipo,baseline,random,1,COc1ccc(N2CCN(C(=O)[C@@H]3CCCC[C@H]3C(=O)NC3(C#N)CC3)[C@H](C)C2)cc1OC,1.85,2.4271885737766214
lipo,baseline,random,1,CC(C)C[C@H](NC(=O)N1CCOCC1)C(=O)NCC#N,0.08,1.4122856274553488
lipo,gnn,random,1,CNc1c(Br)cnc2[nH]c(-c3ccc(O)cc3)nc12,2.4700000286102295,2.6409902572631836
lipo,gnn,random,1,COc1cc2ncc(C(N)=O)c(Nc3ccc(F)cc3F)c2cc1NCCN1CCOCC1,2.680000066757202,2.5213966369628906
lipo,gnn,random,1,CCCCC1C(=O)N(c2ccccc2)N(c2ccccc2)C1=O,0.44999998807907104,1.9879189729690552
lipo,gnn,random,1,O=c1[nH]c2c(O)ccc([C@@H](O)CNCCOc3cccc(CNCCc4ccccc4F)c3)c2s1,1.8600000143051147,1.3571324348449707
lipo,gnn,random,1,CCCNCC(O)COc1ccccc1C(=O)CCc1ccccc1,1.7200000286102295,1.6632355451583862
lipo,gnn,random,1,O=c1[nH]c2c(O)ccc([C@@H](O)CNCCc3cccc(CNCCc4ccccc4Cl)c3)c2s1,1.6299999952316284,1.5419979095458984
lipo,gnn,random,1,COC(=O)C1C(OC(=O)c2ccccc2)CC2CCC1N2C,1.059999942779541,0.6828712224960327
lipo,gnn,random,1,COc1cc2ncnc(Nc3cc(NC(=O)c4ccnc(N5CCOCC5)c4)ccc3C)c2cc1OCCN1CCCCC1,3.3499999046325684,2.9787163734436035
lipo,gnn,random,1,CS(=O)(=O)c1ccccc1C(=O)NC[C@@H](O)CN1CCC(Oc2ccc(Cl)c(Cl)c2)CC1,2.3399999141693115,2.6398775577545166
lipo,gnn,random,1,O=c1[nH]n(Cc2ccccn2)c(=O)c2c(=O)c3ccc(Cl)cc3[nH]c12,1.100000023841858,0.1983398199081421
lipo,gnn,random,1,O=c1oc2ccc(O)cc2cc1-c1ccccc1,3.119999885559082,2.930640697479248
lipo,gnn,random,1,CC(=O)Nc1ccc(O)cc1OC[C@@H](O)CN1CCC2(CC1)Cc1cc(Cl)ccc1O2,2.759999990463257,2.721371650695801
lipo,gnn,random,1,Cc1ccccc1C(OCCN(C)C)c1ccccc1,1.4700000286102295,1.9490349292755127
lipo,gnn,random,1,CN1CCN(S(=O)(=O)c2ccc(-c3cnc(N)c(C(=O)Nc4cccnc4)n3)c(C(F)(F)F)c2)CC1,3.25,2.932992935180664
lipo,gnn,random,1,O=C1C(=O)c2ccc([N+](=O)[O-])cc2-c2ccccc21,2.559999942779541,2.5234949588775635
lipo,gnn,random,1,O=C(O)Cc1ccc(N2CCC(CN3CCC(Oc4ccc(Cl)c(Cl)c4)CC3)CC2)cc1,1.8300000429153442,2.1781158447265625
lipo,gnn,random,1,CCS(=O)(=O)c1ccc(-c2cc(C(F)(F)F)ccc2O[C@H](C)C(=O)O)c(C)c1,-0.4000000059604645,0.45664548873901367
lipo,gnn,random,1,O=C(O)c1ccc(N2CCC(CN3CCC(Oc4ccc(Cl)c(Cl)c4)CC3)CC2)cc1,2.309999942779541,2.0934126377105713
lipo,gnn,random,1,CC(C)Cn1c(=O)n(C)c(=O)c2c(C(=O)N3CC[C@@H](O)C3)c(Cc3ccnc4ccc(F)cc34)sc21,1.9500000476837158,2.108062267303467
lipo,gnn,random,1,CNC(=O)c1ccc(N2C(=S)N(c3ccc(C#N)c(C(F)(F)F)c3)C(=O)C23CCC3)cc1F,3.299999952316284,2.501753568649292
lipo,gnn,random,1,CC(C)Oc1cc(Oc2ccc(S(C)(=O)=O)cc2)cc(C(=O)Nc2nccs2)c1,3.609999895095825,3.413638114929199
lipo,gnn,random,1,CN1CCN(C(=O)c2cc(Cc3n[nH]c(=O)c4ccccc34)ccc2F)CC1,1.0299999713897705,1.2901420593261719
lipo,gnn,random,1,COc1cc(C(CO)CO)ccc1Nc1ncc(Cl)c(-c2cnc3ccccn23)n1,3.0999999046325684,3.4109129905700684
lipo,gnn,random,1,COc1cc(OC2CCN(C)CC2)c2c(Nc3c(Cl)ccc4c3OCO4)ncnc2c1,2.9800000190734863,2.7860164642333984
lipo,gnn,random,1,CCCCC(c1ccncc1)n1[nH]c(=O)c2nc3cc(Cl)ccc3c(O)c2c1=O,1.399999976158142,1.5619357824325562
lipo,gnn,random,1,O=C(NCC1CCCCC1)c1cc(-n2ncc(=O)[nH]c2=O)ccc1Cl,1.2599999904632568,1.4301519393920898
lipo,gnn,random,1,O=C(O)CCc1ccc(NCc2cccc(Oc3ccccc3)c2)cc1,2.0999999046325684,2.004167079925537
lipo,gnn,random,1,C[C@H]1O[C@@H](n2cnc3c(N)nc(Oc4ccccc4)nc32)[C@H](O)[C@@H]1O,1.0499999523162842,1.5401806831359863
lipo,gnn,random,1,CC[C@H](C)[C@@H](CO)NS(=O)(=O)c1ccc(Cl)s1,2.700000047683716,2.7166037559509277
lipo,gnn,random,1,CNC(=O)c1ccc(C)c(-n2c(C)cc(OCc3ccc(F)cc3F)c(Br)c2=O)c1,2.799999952316284,2.8167154788970947
lipo,gnn,random,1,CC[C@@H](Nc1c(Nc2cccc(C(=O)N(C)C)c2O)c(=O)c1=O)c1ccccc1,2.140000104904175,2.0885679721832275
lipo,gnn,random,1,Cc1ccc(C(=O)NC2CCC2)cc1-n1cnc2ccc(N3CCN(C)CC3)cc2c1=O,2.25,1.8592658042907715
lipo,gnn,random,1,O=C1C(=O)N(Cc2ccc(Cl)cc2)c2ccccc21,3.0999999046325684,2.8308396339416504
lipo,gnn,random,1,CNc1nc(C)c(-c2nc(Nc3cccc(N4CCCNCC4)c3)ncc2C#N)s1,1.6399999856948853,1.8620506525039673
lipo,gnn,random,1,CCN(c1ccnc(Nc2cc(N3CCOCC3)cc(N3CCOCC3)c2)n1)c1cc(CO)ccc1C,3.799999952316284,3.4315543174743652
lipo,gnn,random,1,CN(C(=O)c1ccncc1)C1CCN(CCC(c2ccccc2)c2ccccc2)CC1,2.799999952316284,2.8965117931365967
lipo,gnn,random,1,OC(Cn1cncn1)(Cn1cncn1)c1ccc(F)cc1F,0.47999998927116394,0.27713513374328613
lipo,gnn,random,1,COC[C@H](C)Oc1cc(Oc2cc(F)cc(F)c2)cc(C(=O)Nc2ccc(C(=O)O)cn2)c1,1.3600000143051147,1.373764991760254
lipo,gnn,random,1,O=c1[nH]c2c(O)ccc([C@@H](O)CNCCCOCCNCCc3cccc(Cl)c3)c2s1,-0.029999999329447746,0.7027041912078857
lipo,gnn,random,1,C[C@H](CO)n1ccc2c(NC(=O)Cc3ccc(Cl)c(C(F)(F)F)c3)cccc2c1=O,3.490000009536743,3.2794251441955566
lipo,gnn,random,1,Clc1cccc(Cl)c1-c1nnc2cccc(Cl)n12,2.6600000858306885,2.9297807216644287
lipo,gnn,random,1,Cn1c(=O)c(Oc2ccc(F)cc2F)cc2cnc(NC(CCO)CCO)nc21,1.5,1.5470809936523438
lipo,gnn,random,1,O=C(O)c1ccc(-n2ncc(C(=O)NC3C4CC5CC(C4)CC3C5)c2C2CCCC2)cc1,1.7200000286102295,1.7963128089904785
lipo,gnn,random,1,Cc1nc(NC(=N)N)nc2ccccc12,-0.49000000953674316,0.14466142654418945
lipo,gnn,random,1,Nc1cccc2c1-c1ccccc1C(=O)C2=O,2.309999942779541,2.249624729156494
lipo,gnn,random,1,CN(C(=O)Cc1ccc(S(C)(=O)=O)cc1)[C@@H]1CCN(Cc2nc3ccccc3s2)C[C@@H]1F,2.0999999046325684,2.3687849044799805
lipo,gnn,random,1,Cc1ccc(C(=O)NC2CCN(c3cc(C(N)=O)cc(Cl)n3)CC2)[nH]1,2.640000104904175,2.8315162658691406
lipo,gnn,random,1,Cc1ccc(CO)cc1N(c1ccnc(Nc2cc(N3CCOCC3)cc(N3CCOCC3)c2)n1)C(C)C,3.9000000953674316,3.497623920440674
lipo,gnn,random,1,CC(C)C(=O)NCCNCC(O)COc1ccc(O)cc1,-0.15000000596046448,-0.1052560806274414
lipo,gnn,random,1,CO[C@@H](C(=O)N1Cc2n[nH]c(NC(=O)c3ccc(N4CCN(C)CC4)cc3)c2C1)c1ccccc1,2.0,1.9532839059829712
lipo,gnn,random,1,O=C(O)[C@H](Cc1ccc(F)cc1)N1CCC(CN2CCC(Oc3ccc(Cl)c(Cl)c3)CC2)CC1,2.9800000190734863,2.552910804748535
lipo,gnn,random,1,Oc1ccc2c3c1O[C@H]1c4[nH]c5ccccc5c4C[C@@]4(O)[C@@H](C2)N(CC2CC2)CC[C@]314,2.700000047683716,1.8536665439605713
lipo,gnn,random,1,Cc1nc2n(c(=O)c1CCN1CCC(c3noc4cc(F)ccc34)CC1)CCCC2,2.049999952316284,2.647552013397217
lipo,gnn,random,1,O=c1cc(-c2ccccc2)ccn1-c1ccc2c(cnn2CCN2CCCC2)c1,1.600000023841858,2.607290267944336
lipo,gnn,random,1,Cc1nc(-c2ccc(CN3CCC(N(C)C(=O)Cc4ccc(-n5cnnn5)cc4)CC3)cc2)no1,2.0999999046325684,1.8443201780319214
lipo,gnn,random,1,Nc1ccc(Cl)c(C(=O)NCC23CC4CC(CC(C4)C2)C3)c1,3.450000047683716,3.6434757709503174
lipo,gnn,random,1,Cc1cc(Cn2[nH]c(=O)c3[nH]c4cc(Cl)ccc4c(=O)c3c2=O)oc1C,1.0,1.7887394428253174
lipo,gnn,random,1,COc1ccnc(CSc2nc3ccccc3[nH]2)c1,2.890000104904175,2.896470546722412
lipo,gnn,random,1,COc1cc(F)ccc1-c1cccc(CNC2CCCC2)n1,2.059999942779541,2.4374043941497803
lipo,gnn,random,1,CC(C)Cn1c(=O)[nH]c(=O)c2c(C(=O)N3CCC3)c(Cc3ccccc3C(F)(F)F)sc21,3.0,3.041964292526245
lipo,gnn,random,1,Cc1cc(N)c2cc(NC(=O)CCCCC(=O)Nc3ccc4nc(C)cc(N)c4c3)ccc2n1,0.5299999713897705,2.1194005012512207
lipo,gnn,random,1,CC1(c2ccc(Cl)cc2)CCN(C(=O)COCc2ccncc2)CC1,2.7899999618530273,3.166574478149414
lipo,gnn,random,1,CN(C)CCNCc1ccc(Nc2ncc3cc(-c4ccncc4)ccc3n2)cc1,1.399999976158142,1.6353819370269775
lipo,gnn,random,1,COc1cc2ncnc(Nc3cc(Cl)ccc3F)c2cc1OCCCN1CCOCC1,3.4000000953674316,3.1735477447509766
lipo,gnn,random,1,COc1cc(OC)c(S(=O)(=O)N2c3ccccc3CCC2C)cc1NC(=O)CCC(=O)O,-0.8700000047683716,-0.7785911560058594
lipo,gnn,random,1,COc1ccc(N(C(=O)c2occc2C)C(C(=O)NC[C@@H](C)O)c2ccccc2F)c(OC)c1,2.0399999618530273,2.352501392364502
lipo,gnn,random,1,Cc1ccc(CN2C(=O)CCSc3ccc(Cl)cc32)cc1,3.700000047683716,3.850404739379883
lipo,gnn,random,1,Cn1c(CN2CCN(c3cccc(Cl)c3)CC2)nc2ccccc21,3.75,3.462735176086426
lipo,gnn,random,1,O=C1C(=O)c2cccc([N+](=O)[O-])c2-c2ccccc21,2.5999999046325684,2.3038384914398193
lipo,gnn,random,1,Nc1ccc2ncnc(Nc3ccc(F)c(Cl)c3)c2c1,2.640000104904175,3.237757444381714
lipo,gnn,random,1,Nc1nc2cc3c(cc2s1)CCN(Cc1cccc(F)c1)CC3,3.299999952316284,2.2470619678497314
lipo,gnn,random,1,CCCc1c(OCc2ccc(/C=C/c3nn[nH]n3)cc2)ccc(C(C)=O)c1O,3.299999952316284,2.570129632949829
lipo,gnn,random,1,Cc1ccc2c(c1)c(S(=O)(=O)c1ccc(Cl)cc1)c(C)n2CC(=O)O,0.05999999865889549,0.6414206027984619
lipo,gnn,random,1,Cc1ccc(S(=O)(=O)Nc2c(C(=O)N[C@H](C)C(C)(C)C)c(C)nn2-c2ccccc2)cc1,1.2000000476837158,1.6483805179595947
lipo,gnn,random,1,CC(Cc1cccc(CNCCc2c(Cl)cccc2Cl)c1)NC[C@H](O)c1ccc(O)c2[nH]c(=O)sc12,2.4100000858306885,2.3350906372070312
lipo,gnn,random,1,Nc1scc2c(C(=O)NC3CC3)nn(-c3ccc(F)cc3)c(=O)c12,2.799999952316284,2.0400242805480957
lipo,gnn,random,1,Cc1ccn2c(NC(=O)c3ccccc3)c(-c3cccs3)nc2c1,2.869999885559082,3.62908935546875
lipo,gnn,random,1,O=C(NC[C@@H](O)CN1CCC(Oc2ccc(Cl)c(Cl)c2)CC1)c1c[nH]c(=O)c2cc(S(=O)(=O)NCCO)ccc12,2.059999942779541,2.5557901859283447
lipo,gnn,random,1,O=C(NC[C@@H](O)CN1CCC(Oc2ccc(Cl)c(Cl)c2)CC1)c1c[nH]c(=O)c2cc(S(=O)(=O)N3CCC3)ccc12,3.0199999809265137,3.0496044158935547
lipo,gnn,random,1,CN1CCN(C2=Nc3ccccc3Oc3ccc(Cl)cc32)CC1,3.240000009536743,3.3070902824401855
lipo,gnn,random,1,O=C(CC1CCCCC1)Nc1c(Cl)ccc2nc(NCCCO)ccc12,3.2899999618530273,2.75392484664917
lipo,gnn,random,1,Clc1cc(Nc2ncnc3[nH]nc(OCCN4CCCC4)c23)ccc1OCc1ccccn1,2.869999885559082,2.7241883277893066
lipo,gnn,random,1,COc1cccc2c1c(NS(=O)(=O)c1ccc(Cl)s1)nn2Cc1cccc(CNC(=O)C(C)(C)O)c1,2.0899999141693115,1.6887977123260498
lipo,gnn,random,1,Cc1ncc(-c2ccnc(Nc3ccc(F)cc3)n2)n1C(C)C,3.619999885559082,3.4325530529022217
lipo,gnn,random,1,CC(C)Oc1cc(OCCN2CCOCC2)cc2ncnc(Nc3c(Cl)ccc4c3OCO4)c12,3.680000066757202,3.398923635482788
lipo,gnn,random,1,C[C@H]1COCCN1c1cc(C2(S(C)(=O)=O)CC2)nc(-c2cccc3[nH]ccc23)n1,2.799999952316284,2.4627397060394287
lipo,gnn,random,1,CCOc1ncc(C)c2c1[C@H](c1ccc(C#N)cc1OC)C(C(N)=O)=C(C)N2,2.509999990463257,2.5359294414520264
lipo,gnn,random,1,CC(C)Cn1c(=O)n(C)c(=O)c2c(-c3cncn3C)n(Cc3cccc4ccccc34)nc21,4.099999904632568,3.507406234741211
lipo,gnn,random,1,CCCSc1ncccc1C(=O)N1CCCC1c1ccncc1,1.9500000476837158,2.501197099685669
lipo,gnn,random,1,Cc1cc(Nc2cnc(C#N)c(N[C@@H](C)c3ncc(F)cn3)n2)n[nH]1,1.9600000381469727,2.0319814682006836
lipo,gnn,random,1,CN(C(=O)Cc1ccc(-n2cnnn2)cc1)[C@H]1CCN(Cc2ccc(C(F)(F)F)cc2)C[C@H]1F,3.299999952316284,2.7218663692474365
lipo,gnn,random,1,CC(=O)Nc1ccc2ccn(-c3cc(NC4COC4)n4ncc(C#N)c4n3)c2c1,2.240000009536743,2.7499446868896484
lipo,gnn,random,1,O=c1[nH]c2c(O)ccc([C@@H](O)CNCCc3cccc(CN4CCCC4)c3)c2s1,-0.2800000011920929,0.33010005950927734
lipo,gnn,random,1,O=C(Cc1ccc(F)c(C(F)(F)F)c1)Nc1cccc2c(=O)n([C@@H]3CNC[C@H]3O)ccc12,1.3300000429153442,1.5772309303283691
lipo,gnn,random,1,Cc1cc2n[nH]c(=O)n2c2cc(-c3ccc[nH]3)ccc12,3.2899999618530273,2.9169998168945312
lipo,gnn,random,1,COc1cc2ncnc(Nc3ccc(F)c(Cl)c3)c2cc1OCCN1CCN(C)CC1,3.299999952316284,3.107919216156006
lipo,gnn,random,1,NS(=O)(=O)c1cccc(Nc2nccc(Nc3cccc4[nH]ncc34)n2)c1,2.5999999046325684,2.375319719314575
lipo,gnn,random,1,Nc1ccc2c(c1)C(=O)C(=O)c1cc(N)ccc1-2,1.7200000286102295,2.198079824447632
lipo,gnn,random,1,Clc1ccc(C(c2ccccc2)N2CCNCC2)cc1,1.940000057220459,1.8974437713623047
lipo,gnn,random,1,N#Cc1cc(O)cc2nc(-c3ccc(O)cc3)oc12,3.5999999046325684,3.2669150829315186
lipo,gnn,random,1,COc1ccccc1-c1coc2cc(O)ccc2c1=O,2.549999952316284,2.8228070735931396
lipo,gnn,random,1,N#CC1(NC(=O)[C@@H]2CCCC[C@H]2C(=O)N2CCc3[nH]c4c(F)cccc4c3C2)CC1,3.0299999713897705,3.0915298461914062
lipo,gnn,random,1,CCCCN(CCNC[C@H](O)c1ccc(O)c2[nH]c(=O)sc12)C(=O)CCOCCc1ccccc1,2.509999990463257,2.346353054046631
lipo,gnn,random,1,CCN(C(=O)Cc1ccc(S(C)(=O)=O)cc1)C1CCN(CC[C@@H](c2ccccc2)N2CCN(S(=O)(=O)CC(F)(F)F)CC2)CC1,1.7999999523162842,2.0141828060150146
lipo,gnn,random,1,O=c1[nH]c2c(O)ccc([C@@H](O)CNCCc3cccc(CN4CCC(c5ccccc5)CC4)c3)c2s1,1.9900000095367432,2.3182413578033447
lipo,gnn,random,1,O=C1NC(=O)c2cc(OCc3ccccc3)ccc21,3.0999999046325684,2.3593990802764893
lipo,gnn,random,1,N#Cc1ccc2ccc(=O)n(CCN3CC[C@H](NCc4cc5c(cn4)OCCO5)[C@H](O)C3)c2c1,0.46000000834465027,0.4840106964111328
lipo,gnn,random,1,CC(=O)O[C@H]1CC[C@]2(C=O)[C@H]3CC[C@]4(C)[C@@H](C5=CC(=O)OC5)CC[C@]4(O)[C@@H]3CC[C@]2(O)C1,0.6399999856948853,2.1049246788024902
lipo,gnn,random,1,N=C(N)Nc1ccc(C(=O)Oc2ccc(Cl)cc2)cc1,0.699999988079071,1.0827116966247559
lipo,gnn,random,1,Cn1ncnc1-c1c2c(=O)n(C)c(=O)n(CC3CC3)c2nn1Cc1ccnc2ccc(Cl)cc12,3.799999952316284,2.612630844116211
lipo,gnn,random,1,COc1cc(C(=O)NC2CCN(C)CC2)ccc1Nc1ncc2c(n1)N(C1CCCCC1)CCC(=O)N2C,2.869999885559082,2.6274828910827637
lipo,gnn,random,1,Cc1ccc(NC(=O)c2cccc(N3CCOCC3)c2)cc1NC(=O)c1ccc(OCc2ccncc2)cc1,3.200000047683716,2.941143751144409
lipo,gnn,random,1,CN(C)CCCOc1nn(Cc2ccccc2)c2ccccc12,2.4000000953674316,2.2357735633850098
lipo,gnn,random,1,CCCCNc1ccc(C(=O)OCCN(C)C)cc1,2.109999895095825,1.8338565826416016
lipo,gnn,random,1,COc1cc2c(Nc3cc(CC(=O)Nc4cccc(F)c4)[nH]n3)ncnc2cc1OCCCN1CCC(CO)CC1,2.109999895095825,1.923486351966858
lipo,gnn,random,1,Nc1nc(N)c(-c2ccc(NC(=O)C3CC3)cc2)c(COCc2ccccc2)n1,2.4600000381469727,2.927152156829834
lipo,gnn,random,1,COc1ncc(-c2ccc3nccc(-c4ccnnc4)c3c2)cc1NS(=O)(=O)c1ccc(F)cc1F,2.5,2.1574275493621826
lipo,gnn,random,1,O=C1C(=O)c2cccnc2-c2ccccc21,1.8799999952316284,2.2322349548339844
lipo,gnn,random,1,Cc1cc(=O)[nH]c2ccccc12,1.899999976158142,1.827052354812622
lipo,gnn,random,1,O=C(O)c1[nH]c2ccccc2c1CCCOc1cccc2ccccc12,2.75,2.450122833251953
lipo,gnn,random,1,CC(C)(C)OC(=O)N1CCN(c2ncc(OCc3ccncc3C#N)cn2)CC1,2.809999942779541,3.180828094482422
lipo,gnn,random,1,O=c1[nH]c(-c2ccc([N+](=O)[O-])cc2)nc2ccccc12,2.5,2.8624720573425293
lipo,gnn,random,1,COc1ccc(C(=O)NCc2cccnc2)cc1C(=O)NCc1cccnc1,1.2300000190734863,1.320070505142212
lipo,gnn,random,1,COc1cc(C(=O)NS(=O)(=O)c2ccccc2C)ccc1Cc1c[nH]c2ccc(NC(=O)CC3CCCC3)cc12,2.0,2.2941510677337646
lipo,gnn,random,1,COc1cc2c(Nc3ccc(F)c(Cl)c3)c(C(N)=O)cnc2cc1OCCCN1CCN(C)CC1,1.2000000476837158,2.711228370666504
lipo,gnn,random,1,CC[C@H](NC(=O)c1c(O)c(-c2ccccc2)nc2ccccc12)c1ccccc1,3.9100000858306885,2.4372668266296387
lipo,gnn,random,1,CCc1cc(O)c(Oc2ccc(C(N)=O)cc2F)cc1F,2.869999885559082,2.0770113468170166
lipo,gnn,random,1,CCCCCC[C@H]1OC(=O)CNC(=O)[C@@H]([C@H](C)O)NC(=O)[C@H](CO)NC(=O)[C@H]([C@H](C)CC)NC(=O)[C@H](CC(C)C)N(C)C(=O)[C@@H]1C,3.200000047683716,2.261317729949951
lipo,gnn,random,1,COc1ccc2nc(C)cc(-n3cc(CN4CCN(C(C)=O)CC4)nn3)c2c1,1.2999999523162842,1.8309625387191772
lipo,gnn,random,1,CN(C)CC(O)COc1ccc(Nc2nccc(Nc3cc(Cl)ccc3Cl)n2)cc1,2.9000000953674316,2.6764769554138184
lipo,gnn,random,1,CCc1ccc(NC(=O)c2ccc3cc(C(=N)N)ccc3c2)cc1,1.100000023841858,0.795494794845581
lipo,gnn,random,1,CNc1cccc(CCOc2ccc(C[C@H](NC(=O)c3c(Cl)cccc3Cl)C(=O)O)cc2F)n1,-0.05000000074505806,0.17760992050170898
lipo,gnn,random,1,Cc1cccc(Oc2cc(CN3CCC[C@H](n4cc(C)c(=O)[nH]c4=O)C3)ccc2C(=O)O)c1,-0.8199999928474426,-0.5462915897369385
lipo,gnn,random,1,CN(C)CC(O)COc1ccc(Nc2nccc(Nc3cccc(Cl)c3)n2)cc1,2.5,2.4545676708221436
lipo,gnn,random,1,N#Cc1ccc2cccc(O)c2n1,1.809999942779541,2.455289363861084
lipo,gnn,random,1,C[C@@H](C[C@@](C)(CS(=O)(=O)N1CCN(CCc2ccc(Cl)cc2Cl)CC1)N(O)C=O)c1ncc(F)cn1,3.2699999809265137,2.561981678009033
lipo,gnn,random,1,C[C@@H](NC(=O)[C@H]1CCCCN1)c1ccc(Nc2ncc3cc(-c4ccncc4)ccc3n2)cc1,2.1500000953674316,2.4432199001312256
lipo,gnn,random,1,CS(=O)(=O)c1ccc(-c2cnc(N)c(-c3ccc(C(F)(F)F)nc3)c2)cc1,2.4000000953674316,2.878908634185791
lipo,gnn,random,1,Cc1cn([C@H]2CCCN(S(=O)(=O)c3cccc(Oc4ccccc4)c3)C2)c(=O)[nH]c1=O,2.319999933242798,2.7503700256347656
lipo,gnn,random,1,COc1ccc2c(c1)N(C[C@H](C)CN(C)C)c1ccccc1S2,2.990000009536743,3.1779842376708984
lipo,gnn,random,1,C[C@H](Nc1ncc(F)c(Nc2cc(C3CC3)[nH]n2)n1)c1ccc(F)cn1,3.140000104904175,3.169804334640503
lipo,gnn,random,1,CCN(CC)CCOC(=O)c1ccc(N)cc1,0.0,0.5707507133483887
lipo,gnn,random,1,CC(C)C[C@H](CO)Nc1nc(S[C@@H](C)c2ccccc2)nc2[nH]c(=O)sc12,4.300000190734863,3.867780923843384
lipo,gnn,random,1,CC[C@H](NC(=O)c1c([S+]([O-])C(C)C)c(-c2ccccc2)nc2ccccc12)c1ccccc1,3.809999942779541,3.311861515045166
lipo,gnn,random,1,CCOC(=O)c1ccc(OCCC2CCN(c3ccc(C)nn3)CC2)cn1,2.630000114440918,3.596076488494873
lipo,gnn,random,1,N#Cc1cccc(S(=O)(=O)NC(=O)N2CCC(N3CCC(Oc4ccc(Cl)c(Cl)c4)CC3)CC2)c1,1.809999942779541,1.6988329887390137
lipo,gnn,random,1,COc1ccc(CCN(C)CCCC(C#N)(c2ccc(OC)c(OC)c2)C(C)C)cc1OC,2.609999895095825,2.7907657623291016
lipo,gnn,random,1,Cc1sc(N)nc1-c1ccccc1,2.75,2.8206677436828613
lipo,gnn,random,1,COc1ccccc1CCNCc1ccc(CCNC[C@H](O)c2ccc(O)c3[nH]c(=O)sc23)cc1,0.800000011920929,0.7982728481292725
lipo,gnn,random,1,O=S(=O)(CCOCCCc1ccccc1)NCCNCCc1ccc(O)c2nc(O)sc12,2.2200000286102295,2.2368948459625244
lipo,gnn,random,1,CCCSc1ncccc1C(=O)NC1CCC(F)(F)CC1,2.8499999046325684,2.846369743347168
lipo,gnn,random,1,O=C(O)COc1cccc(C(=O)N2CCC(N3CCC(Oc4ccc(Cl)c(Cl)c4)CC3)CC2)c1,1.090000033378601,1.2241849899291992
lipo,gnn,random,1,O=C(NCCCCCCNCCc1ccc(O)c2nc(O)sc12)Nc1ccccc1,1.2599999904632568,2.5252647399902344
lipo,gnn,random,1,Cc1ccc(-c2ccc(N)nn2)cc1NC(=O)c1ccc(OCc2ccccn2)cc1,2.4700000286102295,2.65802001953125
lipo,gnn,random,1,COc1cccc2[nH]ncc12,2.0999999046325684,1.8663575649261475
lipo,gnn,random,1,c1ccc2ncncc2c1,1.0,1.4943978786468506
lipo,gnn,random,1,COc1nccnc1NS(=O)(=O)c1ccc(N)cc1,-0.6499999761581421,-0.854834794998169
lipo,gnn,random,1,NC(=O)c1cc(-c2ccccc2)sc1N,2.700000047683716,2.6553168296813965
lipo,gnn,random,1,CCC1(c2ccccc2)NC(=O)N(C)C1=O,1.590000033378601,1.3098005056381226
lipo,gnn,random,1,Nc1nc(Cl)nc(NCc2ccccc2)n1,2.259999990463257,1.7028307914733887
lipo,gnn,random,1,CON(C)C(=O)c1c(Cn2c(C)nc(Cl)c2Cl)sc2c1c(=O)n(C)c(=O)n2CC(C)C,2.2300000190734863,2.7766237258911133
lipo,gnn,random,1,C[C@@](CCc1ccc(-c2ccc(Cl)cc2)cc1)(C(=O)NO)S(C)(=O)=O,2.4000000953674316,2.623410224914551
lipo,gnn,random,1,CC(C)C(NC(=O)Cn1c(-c2cccnc2)ncc(NC(=O)OCc2ccccc2)c1=O)C(=O)C(F)(F)F,2.1500000953674316,1.8681838512420654
lipo,gnn,random,1,NC1(c2ccc(-c3ncc4ncccc4c3-c3ccccc3)cc2)CCC1,2.0,2.230537176132202
lipo,gnn,random,1,Nc1nc(-c2ccccc2)nn1Cc1ccccc1,1.909999966621399,3.5369725227355957
lipo,gnn,random,1,Cc1cc(C)cc(-c2nnc(SCC(=O)N3CCN(C(=O)c4ccco4)CC3)o2)c1,3.0,2.8863863945007324
lipo,gnn,random,1,Cc1c(OC2CCN(CC3CCN([C@@H](Cc4ccc(F)cc4)C(=O)O)CC3)CC2)ccc(C#N)c1Cl,2.190000057220459,2.144977331161499
lipo,gnn,random,1,O=C(NCC12CC3CC(CC(C3)C1)C2)c1cc(OC2CCNCC2)ccc1Cl,1.8300000429153442,1.7740429639816284
lipo,gnn,random,1,O=c1[nH]c2c(O)ccc([C@@H](O)CNCCc3ccc(CNCCc4ccccc4F)cc3)c2s1,1.2999999523162842,1.061327576637268
lipo,gnn,random,1,CCC(CC)CNC(=O)c1ccc2c(c1)c(Cc1ccc(C(=O)NS(=O)(=O)c3ccccc3C)cc1OC)cn2C,2.700000047683716,2.5926311016082764
lipo,gnn,random,1,S=C(NC1CCCCC1)N1CCC(c2cnc[nH]2)CC1,2.299999952316284,2.2554821968078613
lipo,gnn,random,1,CN(C(=O)Cc1ccc(-n2cnnn2)cc1)C1CCN(Cc2nc3c(s2)CCCC3)CC1,2.5,2.3060965538024902
lipo,gnn,random,1,CN[C@@H](C)C(=O)N[C@H](C(=O)N[C@H]1CCCN(CCc2ccc([N+](=O)[O-])cc2)C1)C(C)(C)C,1.5399999618530273,2.2565371990203857
lipo,gnn,random,1,O=C1Nc2ccc(S(=O)(=O)N3CCC[C@H]3COc3ccccc3)cc2C1=O,2.700000047683716,2.342010259628296
lipo,gnn,random,1,CS(=O)(=O)c1ccc(C(=O)Nc2ccc(F)cc2)c[n+]1[O-],0.8399999737739563,0.8983016014099121
lipo,gnn,random,1,CN1CCCC1CCOC(C)(c1ccccc1)c1ccc(Cl)cc1,3.0399999618530273,3.1296029090881348
lipo,gnn,random,1,COc1ccc(C(CN2CCCC2)N(C)C(=O)Cc2ccc(Cl)c(Cl)c2)c(OC)c1,3.069999933242798,3.022402286529541
lipo,gnn,random,1,O=C1COc2ccc(CNC3CCN(CCN4C(=O)COc5ccc(Br)cc54)CC3)nc2N1,1.4199999570846558,1.4519617557525635
lipo,gnn,random,1,CC(C)Cn1c(=O)n(C)c(=O)c2c(SC3CCCC3)c(Cc3ccccc3C(F)(F)F)sc21,4.210000038146973,4.726080417633057
lipo,gnn,random,1,O=C(c1cc2cc(Cl)ccc2[nH]1)N1CCNCC1,1.649999976158142,1.147979974746704
lipo,gnn,random,1,CS(=O)(=O)Nc1cc(Nc2nccc(Nc3c(Cl)ccc4c3OCO4)n2)cc(C(N)=O)c1,2.2799999713897705,2.300203323364258
lipo,gnn,random,1,Nc1nc(N)c2nc(CO)cnc2n1,-0.44999998807907104,-0.8062970638275146
lipo,gnn,random,1,COc1cc2c(c(OC)c1OC)-c1ccc(O)cc1[C@@H](NC(C)=O)CC2,1.809999942779541,1.6155214309692383
lipo,gnn,random,1,Fc1ccc(-c2cn3ccccc3n2)cc1,3.0999999046325684,3.078761100769043
lipo,gnn,random,1,CC(C)C(NC(=O)Cn1c(-c2ccccc2)ccc(N)c1=O)C(=O)C(F)(F)F,1.7400000095367432,1.7382162809371948
lipo,gnn,random,1,Cc1ccnc(NCc2ccc(Cl)cc2)c1,3.5999999046325684,3.5097970962524414
lipo,gnn,random,1,COc1cccc(Oc2cncnc2O)c1,0.5899999737739563,0.33056020736694336
lipo,gnn,random,1,CC(C)NC(=O)c1ccc2c(Nc3ccc(Cl)cc3)nc(N3CCOCC3)nc2c1,2.7799999713897705,3.2394003868103027
lipo,gnn,random,1,Cc1cc(COc2cnc(N3CCN(C(=O)OC(C)(C)C)CC3)nc2)ccn1,3.700000047683716,3.559218406677246
lipo,gnn,random,1,c1ccc(-c2cc(NCCCCCCCCNc3cc(-c4ccccc4)nc4ccccc34)c3ccccc3n2)cc1,2.2699999809265137,4.574642181396484
lipo,gnn,random,1,O=C(O)c1ccccc1O,-1.3600000143051147,-0.320955753326416
lipo,gnn,random,1,C[C@@H]1CCCN1CCc1cc2cc(-c3ccc(C#N)cc3)ccc2o1,3.509999990463257,2.7249035835266113
lipo,gnn,random,1,O=C(O)c1ccccc1Nc1cccc(C(F)(F)F)c1,2.009999990463257,1.517307996749878
lipo,gnn,random,1,CC(C)C(NC(=O)Cn1c(-c2ccccc2)ccc(NC(=O)NCc2ccccn2)c1=O)C(=O)C(F)(F)F,2.1500000953674316,2.2136282920837402
lipo,gnn,random,1,NC(=O)c1cccc(O[C@H]2C[C@H]3CC[C@@H](C2)N3Cc2ccccc2)n1,1.7100000381469727,1.8252196311950684
lipo,gnn,random,1,Cc1cc(Nc2ncc(F)c(N[C@H]3[C@@H](C(N)=O)[C@@H]4C=C[C@H]3C4)n2)ccc1N1CCN(C)CC1,2.9000000953674316,2.7684576511383057
lipo,gnn,random,1,Cc1nc(N2CCN(c3ncc(OCc4ccncc4C#N)cn3)[C@H](C)C2)no1,2.5999999046325684,2.5960450172424316
lipo,gnn,random,1,CC(=O)Nc1ccc(C(=O)Nc2ccccc2N)cc1,0.8199999928474426,0.8835746049880981
lipo,gnn,random,1,CC(=O)c1ccc2[nH]c(-c3cccnc3)cc(=O)c2c1,1.409999966621399,1.5911619663238525
lipo,gnn,random,1,Cc1cn([C@H]2CCCN(Cc3ccc(C(=O)O)c(Oc4cccc(Cl)c4)c3)C2)c(=O)[nH]c1=O,-0.550000011920929,-0.528925895690918
lipo,gnn,random,1,CNc1c(Br)cnc2[nH]c(-c3ccc(OCCCN4CCOCC4)cc3)nc12,2.9600000381469727,2.4538283348083496
lipo,gnn,random,1,CC(C)(C)OC(=O)N1CCN(c2ccc(OCc3ccc(S(C)(=O)=O)cc3)nc2)CC1,3.0999999046325684,3.1619746685028076
lipo,gnn,random,1,Cc1oc2cc(O)ccc2c(=O)c1-c1ccccc1,2.950000047683716,3.1912834644317627
lipo,gnn,random,1,Cc1ccc2c(N)c(C#N)sc2n1,2.2300000190734863,2.4939937591552734
lipo,gnn,random,1,O=C1CCOc2cc(OCc3cccc(F)c3)ccc21,3.4000000953674316,3.0638246536254883
lipo,gnn,random,1,Cc1onc(-c2ccccc2)c1-c1ccc(S(N)(=O)=O)cc1,2.369999885559082,2.648479700088501
lipo,gnn,random,1,COc1ccc(N(C(=O)c2ccccc2)C(C)C(=O)NC2CCCC2)c(OC)c1,3.0199999809265137,2.924480676651001
lipo,gnn,random,1,Cc1cc(C)cc(-c2[nH]c3sc(C(C)(C)C(=O)N4C5CCC4CC5)cc3c2CCN2CCN(CC(=O)N(C)C)CC2)c1,4.130000114440918,4.098088264465332
lipo,gnn,random,1,Cn1c(=O)c(Oc2ccc(F)cc2F)cc2cnc(NC3CCOCC3)nc21,2.759999990463257,2.9629311561584473
lipo,gnn,random,1,N#Cc1ccccc1COc1cc(OCCCN2CCCC2)ccc1C(=O)Nc1cccc(O)c1,2.3399999141693115,2.7359495162963867
lipo,gnn,random,1,CN(C)C(=O)N[C@H]1CC[C@H](CCN2CCN(c3cccc(Cl)c3Cl)CC2)CC1,3.5999999046325684,3.258714437484741
lipo,gnn,random,1,NC(=O)c1ccc(O[C@H]2C[C@H]3CC[C@@H](C2)N3Cc2ccccc2)c(F)c1,2.0999999046325684,1.55341637134552
lipo,gnn,random,1,Nc1cccc(NC(=O)c2ccc(CNC(=O)OCc3cccnc3)cc2)c1,1.600000023841858,2.012554883956909
lipo,gnn,random,1,CN(C)c1cccc2c(S(=O)(=O)Nc3cnccn3)cccc12,0.8999999761581421,1.4264886379241943
lipo,gnn,random,1,COC(=O)[C@H](c1ccccc1Cl)N1CCc2sccc2C1,3.690000057220459,3.323446035385132
lipo,gnn,random,1,CS(=O)(=O)c1ccc(N2CCN(C(=O)[C@@H]3CCCC[C@H]3C(=O)NCC#N)CC2)cc1,0.6700000166893005,0.7024403810501099
lipo,gnn,random,1,CC(C)N1CCN[C@@H](C(=O)N2CCN(C(=O)Nc3ccc(Cl)c(Cl)c3)CC2)C1,2.2100000381469727,1.7933379411697388
lipo,gnn,random,1,CC(C)c1ncc(NC(=O)OCc2ccccc2)c(=O)n1CC(=O)NC(C(=O)C(F)(F)F)C(C)C,2.630000114440918,2.276439905166626
lipo,gnn,random,1,CCCSc1c(C(=O)NC2CCCCC2)cnn1-c1ccc(C(=O)O)cc1,0.6399999856948853,0.8584322929382324
lipo,gnn,random,1,CCS(=O)(=O)c1ccc2c(c1)N(CCN1CCC(NCc3ccc4c(n3)NC(=O)CO4)CC1)C(=O)CO2,-0.10999999940395355,-0.04674267768859863
lipo,gnn,random,1,CC(C)CNc1nc(C#N)nc(N2CC(O)C2)c1N,2.0,2.4113001823425293
lipo,gnn,random,1,CNC(=O)c1ccc(CC(=O)N(C)C2CCN(Cc3ccc(C(F)(F)F)cc3)CC2)cc1,2.799999952316284,2.4147353172302246
lipo,gnn,random,1,C[C@@H]1CN(C(=O)OC(C)(C)C)CCN1c1ncc(OCC2CCN(S(C)(=O)=O)CC2)cn1,3.5,3.041421890258789
lipo,gnn,random,1,O=C(NCc1ccncc1)c1ccc(Oc2ccc(C#CC3(O)CN4CCC3CC4)cc2)cc1,2.4800000190734863,2.575826644897461
lipo,gnn,random,1,Cc1nc(C)c(-c2ccc3c(c2)CC[C@]32CC[C@@H](C(=O)O)CC2)nc1C(N)=O,1.2000000476837158,1.294204831123352
lipo,gnn,random,1,CCN(C(=O)Cc1ccc(S(C)(=O)=O)cc1)C1CCN(CCC(c2ccccc2)C2CCN(Cc3ccccc3)CC2)CC1,2.4100000858306885,3.101194381713867
lipo,gnn,random,1,CC(C)(C)OC(=O)N1CCN(c2ccc(OCc3ccc(S(C)(=O)=O)cc3)cn2)CC1,3.200000047683716,3.153398275375366
lipo,gnn,random,1,N[C@H](CNC(=O)c1cc2c(-c3ccccc3Cc3ccccc3)cccc2[nH]1)C(=O)O,3.25,2.3241796493530273
lipo,gnn,random,1,COc1ccc2ncc(=O)n(CCN3CC[C@H](NCc4cc5c(cn4)OCCO5)[C@@H](OC)C3)c2c1,1.25,1.0179873704910278
lipo,gnn,random,1,Oc1nc2ccccc2nc1NCc1ccccc1,3.299999952316284,2.366427183151245
lipo,gnn,random,1,O=C(c1cccc(Cl)c1Cl)N1CCN(c2ccccn2)CC1,2.9800000190734863,2.967477560043335
lipo,gnn,random,1,Nc1ncnc2c1ncn2[C@@H]1O[C@H](CSCCCNC(=O)Nc2ccccc2)[C@@H](O)[C@H]1O,1.899999976158142,1.2761149406433105
lipo,gnn,random,1,COc1ccc2c(c1)c(-c1ccnc3cc(Cl)ccc13)c(C)n2CC(=O)O,1.159999966621399,1.409561276435852
lipo,gnn,random,1,COc1cc2ncnc(Nc3cccc(Cl)c3F)c2cc1OC1CCN(S(C)(=O)=O)CC1,2.819999933242798,3.466444253921509
lipo,gnn,random,1,COc1ccnc(NC2CCN(C(=O)c3ccccc3)CC2)c1,2.059999942779541,2.1413047313690186
lipo,gnn,random,1,CC(C)(C(=O)O)c1ccc(C(O)CCCN2CCC(C(O)(c3ccccc3)c3ccccc3)CC2)cc1,0.41999998688697815,0.6776401996612549
lipo,gnn,random,1,N#Cc1cccc(NCC(=O)Nc2c(Cl)ccc3nc(N4CC[C@@H](O)C4)ccc23)c1,2.390000104904175,2.4641404151916504
lipo,gnn,random,1,CN(C)c1cccc2c(S(N)(=O)=O)cccc12,1.9500000476837158,1.9654664993286133
lipo,gnn,random,1,CCn1c2ccccc2c2cc(NC(=O)C(C)C)ccc21,4.199999809265137,4.174647331237793
lipo,gnn,random,1,O=C(NC1CCCS(=O)(=O)C1)c1ccc(Oc2ccc(C#C[C@]3(O)CN4CCC3CC4)cc2)cc1,1.399999976158142,2.089522361755371
lipo,gnn,random,1,COc1ccccc1C(=O)NCC12CC3CC(CC(C3)C1)C2,4.429999828338623,3.9065306186676025
lipo,gnn,random,1,Nc1ncc(-c2ccc(F)cc2)[nH]1,1.3899999856948853,2.289397954940796
lipo,gnn,random,1,COc1ccc(Sc2c(C)n(CC(=O)O)c3ccc(C)cc23)cc1,1.0099999904632568,1.4093115329742432
lipo,gnn,random,1,COc1cc2c(Nc3ncc(NC(=O)c4ccccc4)cn3)ncnc2cc1OCCCN1CCOCC1,2.319999933242798,2.9121100902557373
lipo,gnn,random,1,CCC(c1nc2nccnc2c(=O)n1Cc1ccccc1)N(CCCN)C(=O)c1ccc(C)cc1,-0.14000000059604645,0.49884629249572754
lipo,gnn,random,1,O=C(CO)N1CCC(c2n[nH]c(-c3ccc(Cl)cc3)c2-c2ccncn2)CC1,1.850000023841858,2.0752997398376465
lipo,gnn,random,1,CC(C)C(NC(=O)Cn1c(-c2cccs2)ncc(NC(=O)OCc2ccccc2)c1=O)C(=O)C(F)(F)F,2.0199999809265137,2.342836618423462
lipo,gnn,random,1,CCOc1ccc2oc(C(=O)NC(CCSC)c3nc4ncccc4[nH]3)c(C)c2c1,4.230000019073486,3.6677231788635254
lipo,gnn,random,1,Cc1ccc(S(=O)(=O)Nc2c(C(=O)N[C@@H](C)C(C)(C)C)c(C)nn2C2CCN(C)CC2)cc1,0.800000011920929,0.4351552724838257
lipo,gnn,random,1,COc1cnc(-c2ccccn2)nc1N(C)C,1.899999976158142,1.7286498546600342
lipo,gnn,random,1,NC1(c2ccc(-c3nc4ccccn4c3-c3ccccc3)cc2)CCC1,2.799999952316284,2.665900468826294
lipo,gnn,random,1,O=C(NC1Cc2ccccc2N(C[C@@H](O)CO)C1=O)c1cc2cc(Cl)ccc2[nH]1,3.4000000953674316,3.26369571685791
lipo,gnn,random,1,COc1cc(OC)c(S(=O)(=O)N2c3ccccc3CCC2C)cc1NC(=O)COC(C)=O,2.069999933242798,2.1210789680480957
lipo,gnn,random,1,CCn1c(-c2ccnc(Nc3ccc(S(=O)(=O)NCCOC)cc3)n2)cnc1C,2.440000057220459,2.481743812561035
lipo,gnn,random,1,c1ccc(-c2ccc(C3CN4CCC3CC4)cc2)cc1,1.7599999904632568,2.848438262939453
lipo,gnn,random,1,CCC1(c2ccccc2)C(=O)NC(=O)NC1=O,0.05000000074505806,1.3173911571502686
lipo,gnn,random,1,COc1cc(C(=O)NC[C@@H](O)CN2CCC(Oc3ccc(Cl)c(Cl)c3)CC2)ccc1N,3.119999885559082,2.9218931198120117
lipo,gnn,random,1,CCCSc1nc(N[C@@H]2C[C@H]2c2ccccc2)c2nnn([C@@H]3C[C@H](OCCO)[C@@H](O)[C@H]3O)c2n1,3.869999885559082,3.470320701599121
lipo,gnn,random,1,N=C(N)Nc1ccc(Cl)c(Cl)c1,-0.3100000023841858,0.5027852058410645
lipo,gnn,random,1,CN(C(=O)Cc1ccc(-n2cnnn2)cc1)C1CCN(Cc2nc3cc(F)ccc3s2)CC1,2.8499999046325684,2.539583683013916
lipo,gnn,random,1,CN(C)C(=O)CN1C(=O)C(NC(=O)c2cc3cc(Cl)sc3[nH]2)Cc2ccccc21,3.069999933242798,3.1964681148529053
lipo,gnn,random,1,CCN(C(=O)Cc1ccc(S(C)(=O)=O)cc1)C1CCN(CCC(c2ccccc2)N2CCC(C(C)=O)CC2)CC1,0.8999999761581421,1.290605068206787
lipo,gnn,random,1,Nc1cc(C(F)(F)F)c(-c2cc(N3CCOCC3)nc(N3CCOCC3)n2)cn1,2.700000047683716,2.8669800758361816
lipo,gnn,random,1,N#CC1(NC(=O)[C@@H]2CCCC[C@H]2C(=O)N2CCc3[nH]c4cc(F)ccc4c3C2)CC1,2.990000009536743,3.041646957397461
lipo,gnn,random,1,Cc1onc(CO)c1C(=O)Nc1nccs1,1.5299999713897705,1.308051347732544
lipo,gnn,random,1,CN(C(=O)Cc1ccc(S(C)(=O)=O)cc1)[C@@H]1CCN(Cc2nc3cc(F)ccc3s2)C[C@@H]1F,2.200000047683716,2.375554323196411
lipo,gnn,random,1,CC(C)OC(=O)c1cn(Cc2c(F)cccc2F)c2sc(-c3ccc(NC(=O)C(C)C)cc3)c(CN(C)Cc3ccccc3)c2c1=O,3.5,5.093008995056152
lipo,gnn,random,1,CCn1cnc2cnc(-c3ccc(C4(N)CCC4)cc3)c(-c3ccccc3)c21,2.0,2.2105143070220947
lipo,gnn,random,1,COc1ccc(-c2cccc3c(N)c4c(nc23)CN(C2CCC2)C4=O)c(C)n1,3.9200000762939453,3.1635305881500244
lipo,gnn,random,1,CC1C(=O)Nc2ccccc2N1C(=O)c1ccccc1,2.109999895095825,1.7062057256698608
lipo,gnn,random,1,CC[C@H](NC(=O)c1c([S+](C)[O-])c(-c2ccccc2)nc2c(F)cccc12)c1ccccc1,2.8399999141693115,3.1828951835632324
lipo,gnn,random,1,CCCC(C)(C)C[C@H](c1ccc(C(=O)O)c(Oc2cccc(Cl)c2)c1)N1CCC[C@H](n2cc(C)c(=O)[nH]c2=O)C1,1.9900000095367432,2.1033239364624023
lipo,gnn,random,1,NS(=O)(=O)c1cc2c(cc1Cl)NC(C1CC3C=CC1C3)NS2(=O)=O,2.119999885559082,1.263714075088501
lipo,gnn,random,1,COc1ccc2c3c1OC1C(O)C=CC4C(C2)N(C)CCC341,0.800000011920929,0.5104455947875977
lipo,gnn,random,1,C[C@@H]1CN(C(=O)OC(C)(C)C#N)CCN1c1ncc(OCc2ccncc2C#N)cn1,2.299999952316284,2.826345205307007
lipo,gnn,random,1,O=C(NCCCN1CCCCC1)C(c1ccccc1)c1ccccc1,1.3300000429153442,2.0535497665405273
lipo,gnn,random,1,Cc1ccc(CO)cc1N(C)c1ccnc(Nc2cc(N3CCOCC3)nc(N3CCOCC3)c2)n1,3.440000057220459,3.3987107276916504
lipo,gnn,random,1,CCN(C(=O)NCc1ccccc1)C1CCN(CCC(c2ccccc2)c2ccccc2)CC1,4.0,3.858914852142334
lipo,gnn,random,1,COCCCCC(=NOCCN)c1ccc(C(F)(F)F)cc1,1.5499999523162842,2.1510446071624756
lipo,gnn,random,1,COc1ccc(Cn2cc3c(=O)n(C)c(=O)n(CC(C)C)c3c2)cc1,3.5199999809265137,3.3172478675842285
lipo,gnn,random,1,O=C(O)c1ccccc1CN1CCC(CN2CCC(Oc3ccc(Cl)c(Cl)c3)CC2)CC1,2.4800000190734863,1.8230547904968262
lipo,gnn,random,1,C[C@]12CC[C@@H]3c4ccc(O)cc4CC[C@H]3[C@@H]1CCC2=O,3.4000000953674316,3.351029634475708
lipo,gnn,random,1,O=C(c1ccc(Cl)cc1)C1CCN(C(=O)C2CC2)CC1,2.7200000286102295,3.0152926445007324
lipo,gnn,random,1,O=C(COc1ccccc1O)NC1CCCC1,2.309999942779541,1.6890169382095337
lipo,gnn,random,1,CNC(=O)c1nc(-c2ccc(Cl)c(S(=O)(=O)Nc3cccc(F)c3F)c2)cnc1N,2.799999952316284,2.722985029220581
lipo,gnn,random,1,CC(C)C(=O)Nc1nc(-c2ccccn2)cc2ccccc12,2.700000047683716,3.0464205741882324
lipo,gnn,random,1,O=c1c2ccccc2oc2cc(O)cc(O)c12,3.390000104904175,3.058488130569458
lipo,gnn,random,1,CCOc1cc(Nc2nc3c(cc2F)ncn3[C@@H](CO)c2ccc(F)cn2)n[nH]1,2.549999952316284,2.6944849491119385
lipo,gnn,random,1,COc1cc2ncc(C(N)=O)c(Nc3ccc(F)cc3F)c2cc1N1CCN(C)CC1,2.180000066757202,2.599553346633911
lipo,gnn,random,1,CNc1nc(C)c(-c2nc(Nc3cccc(N4CCNCC4)c3)ncc2C#N)s1,1.899999976158142,1.97938871383667
lipo,gnn,random,1,COCCNC(=O)c1ccc(Nc2ncc3cc(-c4cccnc4)ccc3n2)cc1,3.109999895095825,2.759037494659424
lipo,gnn,random,1,C=C[C@H]1CN2CC[C@@H]1C[C@H]2[C@H](O)c1ccnc2ccc(OC)cc12,2.259999990463257,1.4689388275146484
lipo,gnn,random,1,CC(c1ccccc1)C(Cc1nc2ccccc2[nH]1)c1nc2ccccc2[nH]1,4.480000019073486,4.316318035125732
lipo,gnn,random,1,O=C(O)CCc1ccc(OCc2cc(Cl)ccc2-c2ccccc2)cc1,3.2200000286102295,2.8888092041015625
lipo,gnn,random,1,Clc1ccc2c(c1Nc1ncnc3cc(OCCCN4CCCC4)cc(OC4CCOCC4)c13)OCO2,2.299999952316284,2.91269850730896
lipo,gnn,random,1,O=S(=O)(Cc1cc(Cl)cc(Cl)c1)NCC(c1ccccc1)N1CCCCCC1,3.2300000190734863,3.583960771560669
lipo,gnn,random,1,COC(=O)C1=C(C)NC(C)=C(C(=O)OC)C1c1ccccc1[N+](=O)[O-],3.2899999618530273,2.6245298385620117
lipo,gnn,random,1,CC(C)Cc1ccc([C@@H](C)C(=O)NS(C)(=O)=O)cc1,0.5099999904632568,0.7006306648254395
lipo,gnn,random,1,CC(C)C(NC(=O)Cn1c(-c2ccccc2)ccc(NC(=O)OCc2ccncc2)c1=O)C(=O)C(F)(F)F,2.4100000858306885,2.2506179809570312
lipo,gnn,random,1,Cc1c(Sc2ccc(Cl)cc2)c2cc(Cl)ccc2n1C(C)C(=O)O,3.559999942779541,2.568527936935425
lipo,gnn,random,1,Cc1ccc(O)c(O)c1,1.3700000047683716,1.8329936265945435
lipo,gnn,random,1,c1cncc(-c2ccc(-c3nnc(C4CN5CCC4CC5)o3)o2)c1,1.2000000476837158,1.4356791973114014
lipo,gnn,random,1,O=C(Nc1ccccc1-c1ccccc1)OC1CCN(CCCCCCCCCNC[C@H](O)c2ccc(O)c3[nH]c(=O)ccc23)CC1,2.1600000858306885,2.7646069526672363
lipo,gnn,random,1,O=c1[nH][nH]c(=O)c2c1[nH]c1cc(Cl)cc(Cl)c12,1.0199999809265137,2.542818784713745
lipo,gnn,random,1,Cc1ncc(-c2ccnc(Nc3ccc(S(=O)(=O)CC4CCCO4)cc3)n2)n1C(C)C,2.819999933242798,2.9518632888793945
lipo,gnn,random,1,Cc1cccc2c3c([nH]c12)CCN(C(=O)[C@@H]1CCCC[C@H]1C(=O)NC1(C#N)CC1)C3,2.990000009536743,3.0756049156188965
lipo,gnn,random,1,O=C(Nc1ccc(Cl)c(S(=O)(=O)N2CCNCC2)c1O)Nc1cccc(F)c1Cl,2.5999999046325684,0.8541059494018555
lipo,gnn,random,1,Cc1ccc(-n2[nH]c(=O)c3cccnc32)cc1,2.0999999046325684,0.691886305809021
lipo,gnn,random,1,C[C@@H]1CN(c2c(F)c(N)c3c(=O)c(C(=O)O)cn(C4CC4)c3c2F)C[C@H](C)N1,-0.15000000596046448,0.11099004745483398
lipo,gnn,random,1,COc1cc(OC)cc(-c2ccc(NC(=O)OCc3ccccc3)c(=O)n2CC(=O)NC(C(=O)C(F)(F)F)C(C)C)c1,2.259999990463257,2.9467930793762207
lipo,gnn,random,1,Cc1c(Cl)ccc(OC2CCN(C3CCN(C(=O)c4cccc(S(C)(=O)=O)c4)CC3)CC2)c1Cl,3.3299999237060547,3.142947196960449
lipo,gnn,random,1,COc1cc(C(=O)c2cc(Cl)ccc2N)cc(OC)c1OC,3.380000114440918,2.562363862991333
lipo,gnn,random,1,CCC(C)(C)C(=O)O[C@H]1C[C@@H](C)C=C2C=C[C@H](C)[C@H](CC[C@@H](O)C[C@@H](O)CC(=O)O)[C@H]21,1.5499999523162842,2.045236825942993
lipo,gnn,random,1,COc1ccc(CC(=O)Nc2nc3ccccc3[nH]2)cc1,2.9000000953674316,2.998579502105713
lipo,gnn,random,1,CN(C(=O)Cc1ccccc1)[C@H]1CC[C@@]2(CCCO2)C[C@@H]1N1CCCC1,0.9900000095367432,1.407031774520874
lipo,gnn,random,1,O=C(NC1Cc2ccccc2N(CCCO)C1=O)c1cc2cc(Cl)sc2[nH]1,3.490000009536743,3.6605679988861084
lipo,gnn,random,1,Cc1nn(-c2ccccc2)c(NS(=O)(=O)C2CCCCC2)c1C(=O)N[C@@H](C)C(C)(C)C,1.75,1.2347030639648438
lipo,gnn,random,1,CC1COc2c(N3CCN(C)CC3)c(F)cc3c(=O)c(C(=O)O)cn1c23,-0.44999998807907104,-0.11429953575134277
lipo,gnn,random,1,CNC1=Nc2ncccc2C(c2ccco2)=NC1c1cccs1,1.850000023841858,2.4929487705230713
lipo,gnn,random,1,CC(C)(C)c1cc(O)n2nc(N)nc2n1,-0.20000000298023224,-0.12337732315063477
lipo,gnn,random,1,CC(C)N(CCCNC(=O)Nc1ccc(C(C)(C)C)cc1)C[C@H]1O[C@@H](n2ccc3c(N)ncnc32)[C@H](O)[C@@H]1O,2.4000000953674316,2.277010440826416
lipo,gnn,random,1,O=C(O)CC[C@@H]1c2ccccc2C[C@H]1NC(=O)c1cc2sc(Cl)c(Cl)c2[nH]1,2.8399999141693115,2.242950439453125
lipo,gnn,random,1,O=C(Nc1ccc(C(F)(F)F)c(Cl)c1)N1CCN(C[C@@H]2CCCN(C3CC3)C2)CC1,4.059999942779541,3.2080602645874023
lipo,gnn,random,1,CCOC(=O)[C@H](Cc1ccc(O)cc1)NC(=O)c1cccc2ccccc12,3.119999885559082,3.1813628673553467
lipo,gnn,random,1,O=C(C1CCCCC1)N1CC(=O)N2CCc3ccccc3C2C1,2.430000066757202,2.5456767082214355
lipo,gnn,random,1,CC(CO)(CO)Nc1nc(SCc2cccc(F)c2F)nc2nc(N)sc12,2.869999885559082,2.7751431465148926
lipo,gnn,random,1,CCOc1ccc(CCNCCCSCCNC[C@H](O)c2ccc(O)c3[nH]c(=O)sc23)cc1,0.4099999964237213,0.6401064395904541
lipo,gnn,random,1,OCC[C@]1(c2cc3ccccc3o2)CCCNC1,0.11999999731779099,0.1714341640472412
lipo,gnn,random,1,O=C(Oc1ccccc1)N1CCOCC1,1.2999999523162842,1.8547922372817993
lipo,gnn,random,1,COC1(c2cc(F)cc(OCc3ccc4c(ccc(=O)n4C)c3)c2)CCOCC1,3.5199999809265137,3.3543691635131836
lipo,gnn,random,1,CCCCN(CCCC)CCCOC(=O)c1ccc(N)cc1,1.9299999475479126,2.228349208831787
lipo,gnn,random,1,FC(F)(F)c1nnc2ccc(-n3ccnc3)nn12,0.9100000262260437,1.1969163417816162
lipo,gnn,random,1,NC(=O)C(c1ccccc1)(c1ccccc1)[C@@H]1CCN(CCc2ccc3c(c2)CCO3)C1,2.7899999618530273,3.4350550174713135
lipo,gnn,random,1,Cc1ccc(S(=O)(=O)Nc2c(C(=O)N(C)C3CCCCC3)cnn2-c2ccccc2)cc1,2.009999990463257,1.488558292388916
lipo,gnn,random,1,CC(=O)Nc1cccc(OCc2cnc(Cl)s2)c1,2.380000114440918,2.945549249649048
lipo,gnn,random,1,Cc1ccc2c(c1)c(Sc1ccc(Cl)cc1)c(C)n2CC(=O)O,2.180000066757202,2.33514666557312
lipo,gnn,random,1,COCCC(C)n1nc(C)c(C(=O)N[C@@H](C)C(C)(C)C)c1NS(=O)(=O)c1ccc(C)cc1,0.7799999713897705,0.9307733774185181
lipo,gnn,random,1,CCn1c(=O)c2c(=O)cc(O)oc2c2ccccc21,1.1299999952316284,0.7111188173294067
lipo,gnn,random,1,CNc1c(Br)cnc2[nH]c(-c3ccc(S(C)(=O)=O)cc3)nc12,2.880000114440918,2.371391773223877
lipo,gnn,random,1,CSc1ncccc1C(=O)NCCc1ccc(Cl)cc1,3.309999942779541,3.107369899749756
lipo,gnn,random,1,O=c1cc(-c2ccccc2)oc2ccc(O)cc12,3.5999999046325684,3.2650508880615234
lipo,gnn,random,1,CCCN(CCO)CCCOc1ccc2c(Nc3cc(CC(=O)Nc4cccc(F)c4F)[nH]n3)ncnc2c1,2.190000057220459,2.1495020389556885
lipo,gnn,random,1,c1ccc(C2Cc3ccccc3CN2)cc1,1.899999976158142,1.8361527919769287
lipo,gnn,random,1,C[C@H]1NC(C)(C)CO[C@]1(O)c1cccc(Cl)c1,1.690000057220459,1.9275037050247192
lipo,gnn,random,1,O=C(O)CNCCNc1ccc(Cl)c(C(=O)NCC23CC4CC(CC(C4)C2)C3)c1,1.940000057220459,0.7650580406188965
lipo,gnn,random,1,O=C(Nc1ccc(N2CCOCC2)cc1)c1nnc(NC(=O)C2(c3ccc(Cl)cc3)CCC2)o1,3.200000047683716,2.95154070854187
lipo,gnn,random,1,NC(=O)c1cc(F)cc(O[C@H]2C[C@H]3CC[C@@H](C2)N3Cc2ccccc2)c1,2.140000104904175,1.7855422496795654
lipo,gnn,random,1,O=C(O)CCn1c2ccccc2c2ccccc21,0.6000000238418579,0.31910502910614014
lipo,gnn,random,1,Cc1ccc(CO)cc1N(C)c1ccnc(Nc2cc(N3CCOCC3)cc(S(C)(=O)=O)c2)n1,2.9000000953674316,2.9086434841156006
lipo,gnn,random,1,CC(COc1ccccc1)NC(C)C(O)c1ccc(O)cc1,0.5600000023841858,1.1123313903808594
lipo,gnn,random,1,COc1ccccc1CN(C)Cc1cccc(CCNC[C@H](O)c2ccc(O)c3[nH]c(=O)sc23)c1,1.5199999809265137,1.461475133895874
lipo,gnn,random,1,Oc1cc(-c2ccccc2)nc2ccccc12,2.5399999618530273,2.960503101348877
lipo,gnn,random,1,Cc1cccc(Nc2nnc(C(=O)Nc3ccc(N4CCOCC4)nc3)o2)c1,3.4200000762939453,3.184727668762207
lipo,gnn,random,1,O=C1CCC(=O)N1C(CCc1ccncc1)COc1ccc(-c2cccc([N+](=O)[O-])c2)cc1,3.880000114440918,2.6581876277923584
lipo,gnn,random,1,Nc1nc(N)nc(-c2cccc(C(F)(F)F)c2)n1,2.4000000953674316,1.7547272443771362
lipo,gnn,random,1,CCN(CC)CCN1C(=O)[C@@](O)(c2ccccc2Cl)c2c1cc(C(N)=O)cc2C(F)(F)F,2.4000000953674316,1.4429374933242798
lipo,gnn,random,1,Cc1ccc(C(=O)NC2CC2)cc1-c1ccc(C(=O)NCC2CC2)nc1,3.359999895095825,3.331624746322632
lipo,gnn,random,1,CC#Cc1ccnc(-c2cccc([C@@]3(c4cc(C)c(=O)n(CC)c4)N=C(N)c4c(F)cccc43)c2)c1,4.400000095367432,4.1671576499938965
lipo,gnn,random,1,O=c1cc(N2CCOCC2)oc2cc(O)ccc12,1.0,1.1541504859924316
lipo,gnn,random,1,N#Cc1ccc(C(=O)Nc2ccc(-n3ccnc3)nc2)cc1,2.200000047683716,1.8671717643737793
lipo,gnn,random,1,CC1=C(C)C(=O)C(C(CCCCCC(=O)O)c2ccccc2)=C(C)C1=O,2.4800000190734863,2.2856767177581787
lipo,gnn,random,1,Cc1nc2ccccn2c1-c1ccnc(Nc2cccc(Cl)c2)n1,2.700000047683716,3.79758882522583
lipo,gnn,random,1,Cc1cccc(NC(=O)NCC(c2cccnc2)N2CCOCC2)c1,2.0,2.1776905059814453
lipo,gnn,random,1,COCC[C@H](Oc1ncnc2c1cnn2-c1ccccc1Cl)C(=O)Nc1ccc(C)cn1,3.5999999046325684,3.2995996475219727
lipo,gnn,random,1,CN1CCN(c2cc(F)cc3c(=O)cc(C(=O)Nc4ccc(N5CCOCC5)cc4)[nH]c23)CC1,2.700000047683716,2.5473976135253906
lipo,gnn,random,1,Oc1nc2cc(Cl)cc(Cl)c2c(O)c1-c1ccccc1,1.600000023841858,2.161658525466919
lipo,gnn,random,1,C[S+]([O-])CCN1C(=O)C(NC(=O)c2cc3cc(Cl)sc3[nH]2)Cc2ccccc21,3.1700000762939453,2.829432487487793
lipo,gnn,random,1,Cc1nc(Cl)c(Cl)n1Cc1sc2c(c1C(=O)N1CC[C@@H](O)C1)c(=O)n(C)c(=O)n2CC(C)C,1.6100000143051147,1.8408855199813843
lipo,gnn,random,1,Cc1cc2n[nH]c(=O)n2c2cc(-c3ccco3)ccc12,2.069999933242798,3.159978151321411
lipo,gnn,random,1,Cc1ccc(NC(=O)N2CCN(C[C@@H]3CCCN(C4CC4)C3)CC2)cc1Cl,3.369999885559082,2.892882823944092
lipo,gnn,random,1,CN[C@@H](C)C(=O)N[C@H](C(=O)N[C@H]1CCCN(CCc2ccc(OC)cc2)C1)C(C)(C)C,1.4500000476837158,1.706841230392456
lipo,gnn,random,1,C[C@H](CO)Nc1nc(SCc2cccc(F)c2F)nc2nc(NC3CC3)sc12,4.369999885559082,3.866546630859375
lipo,gnn,random,1,N#Cc1c(-c2ccc(-c3ccccc3OC(F)(F)F)cc2)nc2ccncc2c1O,3.450000047683716,3.0005223751068115
lipo,gnn,random,1,C[C@H](NC(=O)Cc1cc(F)cc(F)c1)C(=O)NC1C(=O)N(C)c2ccccc2-c2ccccc21,3.5999999046325684,3.169759511947632
lipo,gnn,random,1,CCN1CCN(Cc2cnc(-c3ccc(C(=O)Nc4ccccc4N)cc3)c(Cl)c2)CC1,1.809999942779541,2.14536190032959
lipo,gnn,random,1,Cn1cc(CN2CCc3cc4nc(N)sc4cc3CC2)cn1,1.059999942779541,1.2573245763778687
lipo,gnn,random,1,O=c1[nH]n(Cc2ccsc2)c(=O)c2c(=O)c3ccc(Cl)cc3[nH]c12,1.1100000143051147,1.1343016624450684
lipo,gnn,random,1,COc1cc(OC)nc(-n2ncc(Cl)c(Cl)c2=O)n1,1.399999976158142,1.575117588043213
lipo,gnn,random,1,C[C@H]1O[C@@H](n2cnc3c(N)nc(OC(C4CC4)C(F)(F)F)nc32)[C@H](O)[C@@H]1O,1.8300000429153442,2.285806655883789
lipo,gnn,random,1,CCCc1cc(C2=N[C@@H](C(=O)NO)CO2)cc(OC)c1OC,1.690000057220459,2.072657346725464
lipo,gnn,random,1,Cc1cnc(Nc2nc(N[C@@H](C)c3ncc(F)cn3)nc(N3CCOCC3)c2F)s1,3.2699999809265137,2.8999927043914795
lipo,gnn,random,1,c1ccc(Sc2ccc3ccccc3n2)cc1,3.9200000762939453,4.066982746124268
lipo,gnn,random,1,NC(=O)COc1ccc(OCCNCC(O)COc2ccccc2)cc1,0.6299999952316284,0.8408000469207764
lipo,gnn,random,1,Cc1ncc(-c2nc(Nc3ccc(C(=O)N(C)C)cc3)ncc2F)n1C(C)C,2.7699999809265137,2.751471757888794
lipo,gnn,random,1,CNc1nc2nc(SCc3cccc(F)c3F)nc(N[C@H](C)CO)c2s1,3.700000047683716,3.4343347549438477
lipo,gnn,random,1,CN[C@H]1CC[C@@H](c2ccc(Cl)c(Cl)c2)c2ccccc21,3.1500000953674316,3.0898220539093018
lipo,gnn,random,1,COc1ccc(NC(=O)CSc2nnc(C)n2-c2ccc(C)cc2)cc1,2.940000057220459,2.890721321105957
lipo,gnn,random,1,CCCc1c(OCCCSc2ccc(CC(=O)O)cc2Cl)ccc(C(=O)CC)c1O,3.569999933242798,2.65205979347229
lipo,gnn,random,1,CCN(c1ccccc1)c1cc(NC)[n+](C)c(C)n1,-0.9100000262260437,1.3463801145553589
lipo,gnn,random,1,Cn1nnc(-c2ccc(-c3ccc(N4C[C@H](COc5ccon5)OC4=O)cc3F)cn2)n1,1.2400000095367432,2.1576831340789795
lipo,gnn,random,1,O=C(N[C@@H](Cc1ccc(N2CCN(c3ccccc3)CC2)cc1)C(=O)O)c1c(Cl)cccc1Cl,0.07999999821186066,0.8560322523117065
lipo,gnn,random,1,Oc1cccc2nc(-c3ccccc3)cc(O)c12,3.369999885559082,2.9934611320495605
lipo,gnn,random,1,CN(C)C(=O)N[C@H]1CC[C@H](CCN2[C@@H]3CC[C@H]2C[C@@H](Oc2cccc(C(N)=O)c2)C3)CC1,0.11999999731779099,0.39697277545928955
lipo,gnn,random,1,Cc1ccc(S(=O)(=O)Nc2c(C(=O)N(C)C3CCCCC3)c(C)nn2-c2ccccc2)cc1,1.690000057220459,1.5587961673736572
lipo,gnn,random,1,NCCCCN(Cc1nc2ccccc2[nH]1)C1CCCc2cccnc21,0.8299999833106995,0.30574774742126465
lipo,gnn,random,1,C=CC1CN2CCC1CC2[C@@H](O)c1ccnc2ccc(OC)cc12,2.1600000858306885,2.0247671604156494
lipo,gnn,random,1,Cc1ccc(-c2ccc3c(ccc4sc5c(c43)NC[C@@H](C)NC5=O)n2)cn1,3.5999999046325684,2.5181894302368164
lipo,gnn,random,1,Cc1cn([C@H]2CCCN([C@@H](CC(C)C)c3ccc(C(=O)O)c(Oc4cccc(Cl)c4)c3)C2)c(=O)[nH]c1=O,0.9300000071525574,0.968978762626648
lipo,gnn,random,1,CCN(C(=O)Cc1ccc(S(C)(=O)=O)cc1)C1CCN(CCC(c2ccccc2)C2CCN(S(=O)(=O)CC)CC2)CC1,1.6299999952316284,2.0990843772888184
lipo,gnn,random,1,COC(=O)[C@@H]1C2CCC(C[C@@H]1c1ccc(I)cc1)N2CCCF,2.299999952316284,2.3074119091033936
lipo,gnn,random,1,CN(CCO)C(=O)c1ccc([C@H](c2cccc(NC(=O)C3CC3)c2)N2CCN(Cc3ccc(F)cc3)CC2)cc1,3.380000114440918,3.120661497116089
lipo,gnn,random,1,C[C@H](c1nc2ncccc2c(=O)n1-c1ccc(Cl)cc1)N(CC1CCS(=O)(=O)CC1)C(=O)Cc1ccc(C(F)(F)F)c(F)c1,2.9000000953674316,2.463880777359009
lipo,gnn,random,1,N=C(N)c1cc2c(-c3ccccc3)cccc2s1,1.2699999809265137,1.5779495239257812
lipo,gnn,random,1,CC(=O)NC[C@H]1CN(c2ccc(N3Cc4ccncc4C3)c(F)c2)C(=O)O1,3.0199999809265137,1.9746015071868896
lipo,gnn,random,1,C[C@H]1CN(Cc2cc(Cl)ccc2CCC(=O)O)CCN1C(=O)Cc1ccccc1,1.5199999809265137,1.0698083639144897
lipo,gnn,random,1,CC(C)N(c1nnc(N)s1)C(C)C,1.4900000095367432,2.400468349456787
lipo,gnn,random,1,FC(F)(F)c1nnc2ccc(NCn3nnc4ccccc43)nn12,2.3399999141693115,2.8277997970581055
lipo,gnn,random,1,O=C(Nc1cccc(O)c1)c1ccc(OCCCN2CCCC2)cc1OCc1ccccn1,1.7799999713897705,1.6280255317687988
lipo,gnn,random,1,C[C@H](C(=O)O)c1cccc(C(=O)c2ccccc2)c1,-0.05999999865889549,0.10672736167907715
lipo,gnn,random,1,CCNCc1cnc(-c2ccc(C(=O)Nc3ccccc3N)cc2)s1,0.949999988079071,1.519059419631958
lipo,gnn,random,1,COc1ccc(C=NN=Cc2ccc(OC)c(OC)c2)cc1OC,3.380000114440918,1.503289818763733
lipo,gnn,random,1,CCN(CC)Cc1cc(Nc2ccnc3cc(Cl)ccc23)ccc1O,2.9000000953674316,2.8470818996429443
lipo,gnn,random,1,Cc1cccc(C#Cc2ccccc2)n1,3.5999999046325684,3.9432239532470703
lipo,gnn,random,1,CC(=O)NCc1ccc(CN2CCN(c3ccccc3)CC2)cc1,1.7799999713897705,2.1089494228363037
lipo,gnn,random,1,O=[N+]([O-])c1ccc(O)cc1,1.5,1.6422700881958008
lipo,gnn,random,1,NC1(C(=O)NC(CCCN2CCOCC2)c2ccc(Cl)cc2)CCN(c2ncnc3[nH]ccc23)CC1,2.700000047683716,2.495009183883667
lipo,gnn,random,1,C[C@@H](NC(=O)C1CCNCC1)c1ccc(Nc2ncc3cc(-c4ccncc4)ccc3n2)cc1,0.4000000059604645,1.477766513824463
lipo,gnn,random,1,COc1cc(C(=O)O)ccc1Cc1cn(C)c2ccc(NC(=O)CC3CCCC3)cc12,2.0,2.221501350402832
lipo,gnn,random,1,COc1ccc(N2CCN(C(=O)[C@@H]3CCCC[C@H]3C(=O)NC3(C#N)CC3)[C@H](C)C2)cc1OC,1.850000023841858,2.195892572402954
lipo,gnn,random,1,CC(C)C[C@H](NC(=O)N1CCOCC1)C(=O)NCC#N,0.07999999821186066,0.7190438508987427
lipo,baseline,random,2,COc1ccccc1CNc1cc(C)ccn1,3.28,3.0281769332616757
lipo,baseline,random,2,O=Cc1ccccc1B(O)O,0.83,-0.5833921655097207
lipo,baseline,random,2,CN1CCN(S(=O)(=O)c2ccc(-c3cnc(N)c(C(=O)Nc4cccnc4)n3)cc2F)CC1,2.66,2.5351580071464754
lipo,baseline,random,2,O=C(NC[C@@H](O)CN1CCC(Oc2ccc(Cl)c(Cl)c2)CC1)n1c(=O)[nH]c2ccccc21,4.46,3.3500634938704406
lipo,baseline,random,2,O=C(NCC12CC3CC(CC(C3)C1)C2)c1ccnc(N2CCNCC2)c1Cl,1.77,1.6639225290809134
lipo,baseline,random,2,O=C(N[C@H]1CN2CCC1CC2)c1ccc(Cl)cc1,0.6,1.4590179070624554
lipo,baseline,random,2,CC(C)(C)OC(=O)N1CCN(c2ncc(OCc3ccc(S(C)(=O)=O)cc3)cn2)CC1,3.27,3.4849710259686795
lipo,baseline,random,2,O=c1c(-c2ccc([N+](=O)[O-])cc2)coc2cc(O)cc(O)c12,3.24,3.3634330384865683
lipo,baseline,random,2,Cc1ncccc1Oc1ncnc(OC2CCN(C(=O)OC(C)C)CC2)c1C,3.8,3.1111072154522024
lipo,baseline,random,2,O=C(O)c1[nH]c2ccccc2c1CCCOc1cccc2ccccc12,2.75,2.6609775180540627
lipo,baseline,random,2,N#Cc1ccc(F)c(-c2cc(C(F)(F)F)ccc2OCC(=O)O)c1,-0.16,-0.15075979268020887
lipo,baseline,random,2,O=C(NCC12CC3CC(CC(C3)C1)C2)c1cc(O[C@H]2CCCNC2)ccc1Cl,2.18,1.8539108447782333
lipo,baseline,random,2,CCC(CC)NC(=O)c1cnn(-c2ccccc2Cl)c1NS(=O)(=O)c1ccc(C)cc1,0.65,1.419533402682587
lipo,baseline,random,2,c1ccc(CN(Cc2ccccc2)c2nn[nH]n2)cc1,1.37,1.4751493392431776
lipo,baseline,random,2,CS(=O)(=O)c1cccc(Nc2nccc(N(CC#N)c3c(Cl)ccc4c3OCO4)n2)c1,3.16,2.8856539422110568
lipo,baseline,random,2,COc1ccc2c(c1)cc(C(=O)O)n2Cc1ccc(Cl)c(Cl)c1,1.66,1.8684289855213503
lipo,baseline,random,2,COc1ccc(-c2nc3c(NCCCNC(=O)C4CC4)c(Br)cnc3[nH]2)cc1,1.71,2.9361226462784673
lipo,baseline,random,2,COc1ccc(C(=O)NCCN2CCN(Cc3ccc(Cl)c(Cl)c3)CC2)cc1Cl,3.74,3.129204864405141
lipo,baseline,random,2,COCCC(C)n1nc(C)c(C(=O)N[C@@H](C)C(C)(C)C)c1NS(=O)(=O)c1ccc(C)cc1,0.78,1.009632907956951
lipo,baseline,random,2,Cc1cccc2c3c([nH]c12)CCN(C(=O)[C@@H]1CCCC[C@H]1C(=O)NC1(C#N)CC1)C3,2.99,3.082782319004657
lipo,baseline,random,2,COc1cc2c(Nc3cc(CC(=O)Nc4cccc(F)c4F)[nH]n3)ncnc2cc1OCCCN(CCO)CC(C)C,3.61,1.9780062368978795
lipo,baseline,random,2,C[C@@H](C#N)NC(=O)[C@@H]1CCCC[C@H]1C(=O)N1CCc2[nH]c3ccc(F)cc3c2C1,3.5,2.941960113266432
lipo,baseline,random,2,O=C(Nc1cccc(O)c1)c1ccc(OCCCN2CCCC2)cc1OCc1ccccn1,1.78,2.2183070708012176
lipo,baseline,random,2,CN1CC=C(c2cccc(O)c2)CC1,0.53,1.452383602597141
lipo,baseline,random,2,CCC[C@H](c1ccc(C(=O)O)c(Oc2cccc(Cl)c2)c1)N1CCC[C@H](n2cc(C)c(=O)[nH]c2=O)C1,0.6,0.5847309995447145
lipo,baseline,random,2,c1ccc(-c2ccc3ccccc3n2)cc1,4.0,3.5614584359302617
lipo,baseline,random,2,O=C1CCC(=O)N1C(CCc1ccncc1)COc1ccc(-c2cccc([N+](=O)[O-])c2)cc1,3.88,3.0448859720443973
lipo,baseline,random,2,NC(=O)Nc1sc(-c2ccc(CNC3CCCC3)cc2)cc1C(N)=O,1.22,1.6275650103778248
lipo,baseline,random,2,Cc1cc(CN2CCc3ccccc3C2C(=O)Nc2ccc(Cl)cc2Cl)ccc1OCC(=O)O,2.63,2.342703309800924
lipo,baseline,random,2,CCN(CC)CCN1C(=O)[C@@](O)(c2ccccc2Cl)c2c1cc(C(N)=O)cc2C(F)(F)F,2.4,1.8566007106727582
lipo,baseline,random,2,O=C(NCC1CCCCC1)c1c(Cl)ccc2ncccc12,2.65,3.4492946599464425
lipo,baseline,random,2,CCOc1ccccc1-c1ccc(-c2nc3ccc(F)cc3c(N[C@H](C)C(=O)O)c2C#N)cc1,2.5,2.6464970231720337
lipo,baseline,random,2,COc1cc(N2CCN(C(C)=O)CC2)ccc1Nc1ncc(C)c(-c2cnc3ccccn23)n1,2.9,3.3135345135542185
lipo,baseline,random,2,CSc1nc(-c2ccccc2)nn1Cc1ccccc1,3.83,2.9530537444040537
lipo,baseline,random,2,COCCOc1nc(N)c2[nH]c(=O)n(Cc3ccccc3)c2n1,2.26,1.6591748115427893
lipo,baseline,random,2,c1cc(Nc2ccnc(Nc3cc(N4CCOCC4)cc(N4CCOCC4)c3)n2)c2cn[nH]c2c1,3.05,3.0426575417001027
lipo,baseline,random,2,COC(=O)N1CCN(C(=O)Cc2ccc(Cl)c(Cl)c2)[C@H](CN2CCCC2)C1,2.05,1.8881423525444045
lipo,baseline,random,2,O=C(Nc1nccs1)c1cccnc1,2.25,1.0685999111297646
lipo,baseline,random,2,Cc1nn(-c2ccccc2)c(NS(=O)(=O)C2CCCCC2)c1C(=O)N[C@@H](C)C(C)(C)C,1.75,1.343026426418463
lipo,baseline,random,2,CN1CCOc2nc(C#Cc3ccccc3)ccc21,3.8,2.957513473390861
lipo,baseline,random,2,O=C(O)c1c(Sc2ccccc2)c2cc(Cl)ccc2n1Cc1ccc(Cl)cc1,2.96,3.0526112656982023
lipo,baseline,random,2,CC(=O)N(C)c1ccccc1,1.1,0.5896466512480659
lipo,baseline,random,2,CN(C)CC(O)COc1ccc(Nc2cc(Nc3cc(Cl)ccc3Cl)ncn2)cc1,2.6,2.4731697558742316
lipo,baseline,random,2,COc1ccccc1CCNCc1cccc(CCNC[C@H](O)c2ccc(O)c3[nH]c(=O)sc23)c1,0.82,0.9983967132985486
lipo,baseline,random,2,NC(=O)c1cc(O)cc2nc(-c3ccc(O)cc3)oc12,2.3,2.269503273831469
lipo,baseline,random,2,O=C(c1ccc(C(=C2CCN(Cc3cscn3)CC2)c2cccc3cccnc23)cc1)N1CCOCC1,2.12,2.3231794755062967
lipo,baseline,random,2,CCOC(=O)c1ccc(CCN2CCN(c3ccc(C)nn3)CC2)cc1,2.58,2.7151711092765214
lipo,baseline,random,2,N#Cc1ccc2ccc(=O)n(CCN3CC[C@@H](NCc4ccc5c(n4)NC(=O)CO5)[C@@H](F)C3)c2c1,0.66,0.7819986092561474
lipo,baseline,random,2,CCOC(=O)c1ccc(OCC2CN(c3ccc(C)nn3)C2)cc1,3.1,2.811683655096656
lipo,baseline,random,2,CCN(C(=O)Cc1ccc(S(C)(=O)=O)cc1)C1CCN(CC[C@@H](c2cc(C)cc(C)c2)C2CCN(S(C)(=O)=O)CC2)CC1,1.93,1.7682223296018662
lipo,baseline,random,2,CC(=O)Nc1ccc2ccn(-c3cc(NCCCN4CCCC4)n4ncc(C#N)c4n3)c2c1,1.87,2.7481023357237193
lipo,baseline,random,2,CC(C)(C)OC(=O)N1CCN(c2ncc(OCc3ccncc3C#N)cn2)CC1,2.81,3.132145069548427
lipo,baseline,random,2,Cn1cc(C#N)cc1-c1c2c(=O)n(CC#CCn3cncn3)c(=O)n(CC3CC3)c2nn1Cc1ccnc2ccc(Cl)cc12,3.43,3.5133037960606917
lipo,baseline,random,2,CC[C@H](NC(=O)c1c([S+](C)[O-])c(-c2ccccc2)nc2c(F)cccc12)c1ccccc1,2.84,3.2154767302253293
lipo,baseline,random,2,C[C@H]1CN(Cc2cc(Cl)ccc2CC(=O)O)CCN1C(=O)Cc1ccc(Cl)cc1,1.66,1.171875000309315
lipo,baseline,random,2,O=c1cc(N2CCOCC2)oc2c(-c3cccc4c5c(sc34)CCCC5)cccc12,4.1,3.898374470876798
lipo,baseline,random,2,Clc1ccc(C2(c3ccc(-c4cn[nH]c4)cc3)CCNCC2)cc1,1.51,2.2030072522815196
lipo,baseline,random,2,Oc1nc2ccccc2nc1NCc1ccccc1,3.3,2.457613267664189
lipo,baseline,random,2,C[C@H]1CN(Cc2cc(Cl)ccc2OCC(=O)O)CCN1C(=O)Cc1ccccc1Cl,1.1,1.0690310271925458
lipo,baseline,random,2,O=C1CCOc2nc(C#CC3CCCCC3)ccc21,3.3,3.1118001298438998
lipo,baseline,random,2,O=c1[nH]n(Cc2ccoc2)c(=O)c2c(=O)c3ccc(Cl)cc3[nH]c12,0.6,0.8989148093848645
lipo,baseline,random,2,CCCC[C@@H](C=O)NC(=O)[C@H](CC(C)C)NC(=O)[C@H](CC(C)C)NC(C)=O,2.6,1.7198403560231692
lipo,baseline,random,2,CC(C)Oc1cc(-n2cnc3ccc(N[C@@H](CO)c4ccc(F)cn4)nc32)n[nH]1,2.79,2.5147079635084117
lipo,baseline,random,2,COCCCNS(=O)(=O)c1ccc(Nc2nccc(-c3cnc4ccccn34)n2)cc1,3.41,2.5250470182247873
lipo,baseline,random,2,CC(=O)N1CCN(CCOc2cc(OC(C)C)c3c(Nc4c(F)ccc5c4OCO5)ncnc3c2)CC1,3.06,3.0934308566653788
lipo,baseline,random,2,N#Cc1nc(NC2CCOC2)c(N)c(N2CCOCC2)n1,1.6,1.7421350805421834
lipo,baseline,random,2,CC(C)COCC(CN(Cc1ccccc1)c1ccccc1)N1CCCC1,3.66,2.7279511422896303
lipo,baseline,random,2,O=C1C(=O)c2cc(-c3ccsc3)ccc2-c2ccccc21,3.1,3.1803796690897754
lipo,baseline,random,2,COc1nc(Br)cnc1NS(=O)(=O)c1ccc(Cl)s1,0.99,2.3817355406841245
lipo,baseline,random,2,Nc1ccc(OCc2ccccc2)cc1,2.2,2.963758190492912
lipo,baseline,random,2,N#Cc1nc(NC2CCCCC2)c(N)c(N2CCOCC2)n1,2.81,2.888226072379932
lipo,baseline,random,2,O=C(OC1CN2CCC1CC2)C(O)(c1ccccc1)c1ccccc1,1.19,1.7431860067210105
lipo,baseline,random,2,N#C[C@]1(NC(=O)[C@@H](N)Cc2cccs2)C[C@H]1c1ccccc1,1.5,1.2989082189354157
lipo,baseline,random,2,N#Cc1cnn(-c2ccccc2)c1NC(=O)CN1CCN(c2ccccc2)CC1,2.3,2.0709417585061676
lipo,baseline,random,2,CSc1ncccc1C(=O)NCC1CCCCC1,2.93,2.611500877236258
lipo,baseline,random,2,CCN1CCN(Cc2cnc(-c3ccc(C(=O)Nc4ccccc4N)cc3)c(C#N)c2)CC1,1.14,1.4053009139923294
lipo,baseline,random,2,O=c1c2cnn(-c3ccccc3)c2nc(-c2ccco2)n1-c1ccccc1,3.29,2.451689721772305
lipo,baseline,random,2,Cc1nc(C)c(-c2ccc([C@H]3CC[C@H](CCC(=O)O)CC3)cc2)nc1C(N)=O,1.6,1.6288634660880041
lipo,baseline,random,2,CC(C)c1ccccc1Cc1cc(C(=O)Nc2ccc(S(=O)(=O)c3ccccc3C(C)(C)C)cc2)c(O)c(O)c1O,3.44,3.3143268780232087
lipo,baseline,random,2,O=C(Nc1c[nH]nc1-c1nc2cc(CN3CCOCC3)ccc2[nH]1)NC1CC1,2.3,2.3947785523481486
lipo,baseline,random,2,CCn1c2ccccc2c2cc(NC(C)=O)ccc21,3.5,3.196498656940649
lipo,baseline,random,2,CC(C)CCCC(C)/N=c1\ccn(Cc2ccccc2)c2cc(Cl)ccc12,1.58,3.0288055224399297
lipo,baseline,random,2,Cn1c(C#N)ccc1-c1ccc2c(c1)C(C)(C)OC(=O)N2,2.85,3.031970015975832
lipo,baseline,random,2,CC(C)C(NC(=O)Cn1c(-c2ccccc2)ccc(NS(=O)(=O)c2ccccc2)c1=O)C(=O)C(F)(F)F,2.26,2.0434161241941
lipo,baseline,random,2,COc1cc(N2CCNCC2)ccc1Nc1ncc(Cl)c(-c2cnc3ccccn23)n1,2.4,2.1422230436225473
lipo,baseline,random,2,O=c1[nH]c2c(O)ccc([C@@H](O)CNCCc3cccc(CN4CCCC4)c3)c2s1,-0.28,0.9382661353943492
lipo,baseline,random,2,O=C(NC[C@@H](O)CN1CCC(Oc2ccc(Cl)c(Cl)c2)CC1)c1cn2cc(F)ccc2n1,3.33,3.3308979492856565
lipo,baseline,random,2,CC(NC(=O)C1(N)CCN(c2ncnc3[nH]ccc23)CC1)c1ccccc1,2.17,2.2089510186594246
lipo,baseline,random,2,Nc1nc(Nc2ccc3nc(-c4ccc(F)cc4)cc(N)c3c2)cc(-c2ccc(C(F)(F)F)cc2)n1,1.54,2.8592268637606417
lipo,baseline,random,2,Cc1cn([C@H]2CCCN(S(=O)(=O)c3cccc(Oc4ccccc4)c3)C2)c(=O)[nH]c1=O,2.32,2.1497486531252674
lipo,baseline,random,2,CCN1CCOC(C(=O)N2CCN(C(=O)Nc3ccc(Cl)c(Cl)c3)CC2)C1,2.1,1.8878997620141464
lipo,baseline,random,2,CS(=O)(=O)Cc1cc(N2CCOCC2)nc(-c2cnc3[nH]ccc3c2)n1,1.92,1.8104411057305485
lipo,baseline,random,2,CN(C)CC(O)COc1ccc(Nc2cc(N(CCC#N)c3cc(Cl)ccc3Cl)ncn2)cc1,2.1,2.4536370037759387
lipo,baseline,random,2,O=C1C(CC[S+]([O-])c2ccccc2)C(=O)N(c2ccccc2)N1c1ccccc1,-0.51,2.2563540092985543
lipo,baseline,random,2,COc1cc(OC2CCN(C)CC2)c2c(Nc3cccc4c3OCO4)ncnc2c1,3.02,2.80224501056023
lipo,baseline,random,2,O=c1cc(-c2ccccc2)oc2ccc(O)cc12,3.6,3.161762034092434
lipo,baseline,random,2,CC(C)N1CCN(Cc2cnc(-c3ccc(C(=O)Nc4ccccc4N)cc3)c(Cl)c2)CC1,1.68,1.9343746463424754
lipo,baseline,random,2,Cc1noc2cc(N3CCN(C(=O)[C@@H]4CCCC[C@H]4C(=O)NC4(C#N)CC4)[C@H](C)C3)ccc12,2.67,1.7960588137993507
lipo,baseline,random,2,COC(=O)C1C(OC(=O)c2ccccc2)CC2CCC1N2C,1.06,1.034676929068409
lipo,baseline,random,2,COc1cc(OC)c(S(=O)(=O)N(c2ccc(C)cc2)c2ccc(C)cc2)cc1NC(=O)CCC(=O)O,0.06,-0.4461056327629822
lipo,baseline,random,2,NC(=O)c1ccccc1O,1.09,-0.04195555293793229
lipo,baseline,random,2,C[C@@H]1CN(C(=O)OC(C)(C)C)CCN1c1ncc(OCc2ccc(S(C)(=O)=O)cc2)cn1,3.6,3.459719586557364
lipo,baseline,random,2,CN(C(=O)Cc1ccc(Cl)c(Cl)c1)[C@H](CN1CCCC1)c1ccccc1,3.42,3.1446705449410555
lipo,baseline,random,2,COc1cc(Nc2cc(Oc3cc(C)c(C)nc3-c3ccccn3)ccn2)cc(OC)c1OC,3.22,3.114531673067237
lipo,baseline,random,2,N#Cc1ccc(C(=O)Nc2ccc(-n3ccnc3)nc2)cc1,2.2,1.8637246910423824
lipo,baseline,random,2,NC(Cc1c[nH]c2ccccc12)C(=O)O,-1.17,-1.0386696607475374
lipo,baseline,random,2,CC(C)(C)OC(=O)N[C@@H](Cc1ccccc1)C(=O)O,-1.1,0.8573690349205555
lipo,baseline,random,2,NC1(C(=O)NC(CCCN2CCCC2)c2ccc(Cl)cc2)CCN(c2ncnc3[nH]ccc23)CC1,1.3,2.4329922794237775
lipo,baseline,random,2,CCN(CC)CCNC(=O)c1c(C)[nH]c(/C=C2\C(=O)Nc3ccc(F)cc32)c1C,2.26,2.243350087025545
lipo,baseline,random,2,CS(=O)(=O)Nc1ccc(CCOCCCS(=O)(=O)CCNCCc2ccc(O)c3nc(O)sc23)cc1,1.34,2.1845932305938893
lipo,baseline,random,2,Cc1ccc(NC(=O)c2cccc(N(C)C)c2)cc1NC(=O)c1ccc(OC(C)C)cc1,3.1,3.306568609791585
lipo,baseline,random,2,CNC(=O)c1cnn(-c2ccccc2)c1NS(=O)(=O)c1ccc(C)cc1,-0.54,0.6780532521675963
lipo,baseline,random,2,Clc1ccc2c(c1)C(N1CCNCC1)=Nc1ccccc1O2,2.28,1.8247638746693797
lipo,baseline,random,2,Cc1nn(C2CCN(C)CC2)cc1-c1cnc(N)c(-c2nc3ccccc3o2)c1,3.4,3.252009426793388
lipo,baseline,random,2,O=C(N[C@H]1Cc2ccccc2N(C[C@@H](O)CO)C1=O)c1cc2cc(Cl)sc2[nH]1,3.3,3.313240062575221
lipo,baseline,random,2,CCCSc1ncccc1C(=O)N(C)[C@@H]1[C@@H]2CC3C[C@H]1C[C@@](O)(C3)C2,2.49,2.754582292413399
lipo,baseline,random,2,Nc1nc(Cl)nc(NCc2ccccc2)n1,2.26,2.045980343282906
lipo,baseline,random,2,O=C(Nc1nccs1)[C@H](CC1CCOCC1)c1ccc(S(=O)(=O)C2CC2)cc1,2.55,3.2725460580204304
lipo,baseline,random,2,O=C(N[C@@H](Cc1ccc(C#CCCNc2ccccn2)cc1)C(=O)O)c1c(Cl)cccc1Cl,0.27,0.6336433499406727
lipo,baseline,random,2,C=CCC1(CC(C)C)C(=O)NC(=O)NC1=O,1.48,0.7674344698903517
lipo,baseline,random,2,CCCc1c(OCc2ccc(-c3nn[nH]n3)cc2)ccc(C(C)=O)c1O,3.1,2.4929462947746077
lipo,baseline,random,2,CCC(=O)N[C@H]1CC[C@@H](C(=O)N(C)c2ccc(-c3nc4ccccc4o3)cc2)C1,3.4,3.6556677673237967
lipo,baseline,random,2,N#Cc1cccnc1-c1ccc(C(=O)Nc2ccccc2N)cc1,1.58,1.6503744539574539
lipo,baseline,random,2,CC1=C(C2=C(C)C(=O)c3c(cc(O)c(O)c3Cc3ccccc3)C2=O)C(=O)c2cc(O)c(O)c(Cc3ccccc3)c2C1=O,2.73,2.2636133762827417
lipo,baseline,random,2,CC(C)Cn1c(=O)n(C)c(=O)c2c(C(=O)N3CCC3)c(Cc3ccccc3C(F)(F)F)sc21,3.46,3.580222138974699
lipo,baseline,random,2,O=C(Nc1cc(-c2ccnc(Nc3ccccc3)c2)ccn1)C1CCOCC1,3.7,3.2647851367787295
lipo,baseline,random,2,Cc1ccc(CO)cc1N(C)c1ccnc(Nc2cc(OC3CCOCC3)cc(N3CCOCC3)c2)n1,3.7,3.4892568850225296
lipo,baseline,random,2,c1ccc(C2Cc3ccccc3CN2)cc1,1.9,1.9266121194648735
lipo,baseline,random,2,CC(C)Cn1c(=O)n(C)c(=O)c2c(SC(C)C)c(Cc3ccccc3C(F)(F)F)sc21,4.42,3.9079022807957853
lipo,baseline,random,2,Cc1[nH]c(C(=O)NC2CCN(c3nc(C(=O)O)cs3)CC2)c(Cl)c1Cl,0.14,0.6334022732379108
lipo,baseline,random,2,O=C1CN(C(=O)c2ccco2)C(c2ccccc2)c2cc(Cl)ccc2N1,3.0,2.9937058552177946
lipo,baseline,random,2,Nc1ccc(S(=O)(=O)Nc2ccccn2)cc1,-0.01,-0.056191055224762546
lipo,baseline,random,2,CN(C)CCNS(=O)(=O)c1ccc(Nc2nccc(-c3cnc4ccccn34)n2)cc1,2.7,1.840890901100884
lipo,baseline,random,2,Cn1c(=O)c(Oc2ccc(F)cc2F)cc2cnc(NC3CCOCC3)nc21,2.76,2.51507757348723
lipo,baseline,random,2,CSc1ncccc1C(=O)NCc1ccc(C)cc1,2.71,2.716029426607545
lipo,baseline,random,2,CO[C@H]1CC[C@]2(CC1)Cc1ccc(-c3cc(Cl)cc(C#N)c3)cc1C21N=C(C)C(N)=N1,3.8,2.8692726216091335
lipo,baseline,random,2,Nc1[nH]ncc1-c1cc(Cl)ccc1Oc1cc(F)c(S(=O)(=O)Nc2cscn2)cc1Cl,2.3,2.3681367913511138
lipo,baseline,random,2,CCCCCc1ccc(-c2nnc(N)s2)cc1,4.13,2.7945924067757217
lipo,baseline,random,2,O=C(N[C@@H]1Cc2ccccc2N(C[C@@H](O)CO)C1=O)c1cc2cc(Cl)sc2[nH]1,3.27,3.313240062575221
lipo,baseline,random,2,N#Cc1c(N)nc2c(c1N)CC(COc1ccccc1)O2,2.08,1.3944195020304604
lipo,baseline,random,2,O=C(Cc1ccc(OCc2ccccc2)cc1)NO,1.92,2.14093739346545
lipo,baseline,random,2,CC(C)Cn1c(=O)n(C)c(=O)c2c(SCCCO)n(Cc3cccc4ccccc34)cc21,4.36,3.7425996426792056
lipo,baseline,random,2,CCCSc1c(C(=O)N(C)C2CCCCC2)cnn1-c1ccc(C(=O)O)cc1,0.59,1.3728603438265836
lipo,baseline,random,2,CS(=O)(=O)C1(c2cc(N3CC4CCC(C3)O4)nc(-c3cccc4[nH]ccc34)n2)CC1,2.6,2.4373815894881137
lipo,baseline,random,2,O=C(Nc1cccc(O)c1)c1ccc(OCCCN2CCCC2)cc1OCc1cccnc1,1.59,2.25863972026345
lipo,baseline,random,2,CCC(c1cccnc1)n1[nH]c(=O)c2nc3cc(Cl)ccc3c(O)c2c1=O,0.7,0.5868581954797997
lipo,baseline,random,2,CCN(C(=O)Cc1ccc([N+](=O)[O-])cc1)C1CCN(CCC(c2ccccc2)c2ccccc2)CC1,4.1,3.619274458604081
lipo,baseline,random,2,CCCS(=O)(=O)N1N=Cc2cc(Cl)ccc2B1O,-0.4,0.4419564524584158
lipo,baseline,random,2,N#CC1(NC(=O)[C@@H]2CCCC[C@H]2C(=O)N2CCN(c3nc4cnccc4s3)CC2)CC1,1.66,1.7160452987469674
lipo,baseline,random,2,O=C(NCc1ccccc1Cl)c1ccccc1Oc1ccccc1,3.58,3.924748733008493
lipo,baseline,random,2,O=C(CC12CC3CC(CC(C3)C1)C2)Nc1cccc2ncccc12,3.83,3.1150514404217065
lipo,baseline,random,2,CO[C@H]1/C=C/O[C@@]2(C)Oc3c(C)c(O)c4c(O)c(cc(O)c4c3C2=O)NC(=O)/C(C)=C\C=C\[C@H](C)[C@H](O)[C@@H](C)[C@@H](O)[C@@H](C)[C@H](OC(C)=O)[C@@H]1C,1.19,1.5036081195001567
lipo,baseline,random,2,Cc1ccc2c(N)c(C#N)sc2n1,2.23,2.2763950282417733
lipo,baseline,random,2,CC(C)N(CCC(C(N)=O)(c1ccccc1)c1ccccn1)C(C)C,-0.54,1.1687505250477435
lipo,baseline,random,2,c1ccc(-c2cc(NCCCCNc3cc(-c4ccccc4)nc4ccccc34)c3ccccc3n2)cc1,3.65,2.5963706690335657
lipo,baseline,random,2,COc1cc(N2CCN(C(C)=O)CC2)ccc1Nc1ncc(Cl)c(-c2cnc3cc(C#N)ccn23)n1,2.3,3.2058130752210285
lipo,baseline,random,2,O=C(COCc1ccncc1)N1CCN(c2ccc(Cl)cc2Cl)CC1,3.38,3.1722543296743693
lipo,baseline,random,2,Cc1nc(CS(=O)(=O)c2ccccc2)cc(N2CCOCC2)n1,1.07,1.280293735188106
lipo,baseline,random,2,c1ccc2c(c1)nnn2-c1ccncc1,1.69,1.5281924825295734
lipo,baseline,random,2,Cc1ccc([N+](=O)[O-])cc1S(=O)(=O)n1ccc(-c2c(C)nc3ccc(Br)cn23)n1,3.52,3.6318852746222654
lipo,baseline,random,2,O=C(c1ccc(C(=C2CCN(Cc3cscn3)CC2)c2cccc3cccnc23)cc1)N1CCC1,2.52,2.435225287420309
lipo,baseline,random,2,C[C@@H](Oc1cccc2ncnc(Nc3ccc4c(cnn4Cc4cscn4)c3)c12)C(=O)N1CCOCC1,2.81,2.7173603741337344
lipo,baseline,random,2,Cc1ccc(C(=O)Nc2ccon2)cc1NC(=O)c1cnn(-c2ccccc2F)c1N,2.6,2.3674071569840613
lipo,baseline,random,2,NS(=O)(=O)c1cc(C(=O)O)c(NCc2ccco2)cc1Cl,-0.9,0.30458561125153705
lipo,baseline,random,2,CCCNC(=O)NS(=O)(=O)c1ccc(Cl)cc1,-0.33,1.0310029844309707
lipo,baseline,random,2,O=c1[nH]n(Cc2ccccn2)c(=O)c2c(=O)c3ccc(Cl)cc3[nH]c12,1.1,0.587051333055064
lipo,baseline,random,2,CN(C)c1nc(N(C)C)nc(N(C)C)n1,2.44,0.36923344519132484
lipo,baseline,random,2,CC(C)c1ccccc1Nc1nc(SCc2cccs2)n[nH]1,4.21,3.738502127600331
lipo,baseline,random,2,C[C@@](O)(C(=O)Nc1ccc(C(=O)N2CCCCC2)cc1Cl)C(F)(F)F,2.62,3.1938641355801227
lipo,baseline,random,2,CC1CN(C(=O)c2cc3ccccc3[nH]2)CCN1,0.94,1.2084687931287366
lipo,baseline,random,2,C[C@H](NC(=O)c1cccc2c1N(Cc1ccc(Cl)cc1)CC2)c1ccc(C(=O)O)cc1,1.47,1.8271228145206806
lipo,baseline,random,2,Cc1nc(C)c(-c2ccc3c(c2)CC[C@]32CC[C@@H](c3nnn[nH]3)CC2)nc1C(N)=O,1.4,1.6742951832075528
lipo,baseline,random,2,COc1cc(N2CCN(C(C)=O)CC2)ccc1Nc1ncc(Cl)c(-c2cnc3cc(N4CCCC4)ccn23)n1,3.5,3.373921280746907
lipo,baseline,random,2,OCCOCCN1CCN(C(c2ccccc2)c2ccc(Cl)cc2)CC1,3.08,2.1558307925088354
lipo,baseline,random,2,CNCC[C@@H](Oc1cc(C(F)(F)F)ccc1C#N)c1ccccc1,1.3,1.3486574156181848
lipo,baseline,random,2,N#Cc1c(C(=O)O)n(Cc2ccc(Cl)c(Cl)c2)c2ccccc12,1.26,1.466162443666414
lipo,baseline,random,2,OCCO[C@H]1C[C@@H](n2nnc3c(N[C@@H]4C[C@H]4c4ccc(F)c(F)c4)nc(SCCC(F)(F)F)nc32)[C@H](O)[C@@H]1O,4.17,3.7647770785241645
lipo,baseline,random,2,Cn1sc(NCc2ccccc2)nc1=O,1.2,1.3330403600449419
lipo,baseline,random,2,CS(=O)(=O)c1ccc2c(C(=O)NC[C@@H](O)CN3CCC(Oc4ccc(C#N)c(Cl)c4)CC3)c[nH]c(=O)c2c1,1.41,2.3312111826862987
lipo,baseline,random,2,Cc1cc(Nc2cnc(C#N)c(N[C@@H](C)c3ncc(F)cn3)n2)n[nH]1,1.96,1.8730544635421837
lipo,baseline,random,2,CC1=C(C2=C(C)C(=O)c3c(cc(O)c(O)c3CCc3ccc(C)cc3)C2=O)C(=O)c2cc(O)c(O)c(CCc3ccc(C)cc3)c2C1=O,3.36,2.4079666285098367
lipo,baseline,random,2,N#Cc1c(-c2ccccc2)nc(SCCc2ccccc2)[nH]c1=O,1.71,2.84951168568911
lipo,baseline,random,2,COc1cc2ncnc(Nc3ccc(F)c(Cl)c3)c2cc1OCCN1CCN(C)CC1,3.3,2.7597563772130402
lipo,baseline,random,2,CCN1CCC[C@H]1CNC(=O)c1c(O)c(Cl)cc(Cl)c1OC,1.09,1.6497464660201318
lipo,baseline,random,2,CN(CCO)Cc1ccc(-c2cc(C(N)=O)c(NC(N)=O)s2)cc1,0.97,0.9562046392716926
lipo,baseline,random,2,C=CCN(C(=O)Nc1ccccc1)C1CCN(CCC(c2ccccc2)c2ccccc2)CC1,3.6,3.912737702717227
lipo,baseline,random,2,Cc1ccc2c(c1)c(-c1ccnc3c(C#N)cccc13)c(C)n2CC(=O)O,0.52,0.11079348357695316
lipo,baseline,random,2,CC1(C)[C@@H]2CC[C@@]1(CS(=O)(=O)NC1CCN(c3ccc(C(F)(F)F)cn3)CC1)C(=O)C2,3.84,3.1594973094496392
lipo,baseline,random,2,CC(CNS(=O)(=O)C(C)C)c1ccc(-c2ccc(C#N)cc2)cc1,3.5,2.392572871335631
lipo,baseline,random,2,COc1cc2c(cc1OC)C(=O)C(CC1CCN(Cc3ccccc3)CC1)C2,2.41,2.580518091950442
lipo,baseline,random,2,CC(=O)N[C@@H](C)c1ccc(Nc2ncc3cc(-c4ccncc4)ccc3n2)cc1,3.17,3.1084489248807667
lipo,baseline,random,2,CC(=O)Nc1ccc2c(c1)c(-c1cc(NC3CC3)n3ncc(C#N)c3n1)cn2CCC(=O)O,-0.87,0.5736492708429151
lipo,baseline,random,2,CCCSc1nc(NC[C@H]2CC[C@H](C(=O)O)CC2)ccc1C(=O)NC1CCCCC1,2.61,2.412301755200907
lipo,baseline,random,2,COc1cc2c(Nc3ccc(Cl)cc3F)ncnc2cc1OCC1CCNCC1,1.1,2.1189101987258403
lipo,baseline,random,2,CS(=O)(=O)c1cccc(Nc2nccc(Nc3c(Cl)ccc4c3OCO4)n2)c1,3.13,3.2959143308486722
lipo,baseline,random,2,Nc1cccc2c1C(=O)C(=O)c1ccccc1-2,2.95,2.1842998630116077
lipo,baseline,random,2,O=C(N[C@H](CO)[C@H](O)c1ccc([N+](=O)[O-])cc1)C(Cl)Cl,1.15,0.8781842786425753
lipo,baseline,random,2,CS(=O)(=O)c1ccc2[nH]c3c(c2c1)CN(C(=O)[C@@H]1CCCC[C@H]1C(=O)NC1(C#N)CC1)CC3,1.5,1.7479476293235847
lipo,baseline,random,2,O=C(CS(=O)(=O)c1ccccc1)c1ccccc1,1.86,2.081556588849
lipo,baseline,random,2,COc1cc(O)cc2occ(-c3ccc(O)cc3)c(=O)c12,2.0,2.7143912124602627
lipo,baseline,random,2,CCCCNc1ccc(C(=O)OCCN(C)C)cc1,2.11,1.3105665731158285
lipo,baseline,random,2,CCN(C(=O)Cc1ccc(S(C)(=O)=O)cc1)C1CCN(CC[C@@H](c2cc(F)cc(F)c2)N2CCN(S(C)(=O)=O)CC2)CC1,1.25,2.0402704521125754
lipo,baseline,random,2,CN1CCN(C(=O)c2cc(Cc3n[nH]c(=O)c4ccccc34)ccc2F)CC1,1.03,1.1628820087017733
lipo,baseline,random,2,O=C(NCc1ccncc1)c1ccc(Oc2ccc(C#CC3(O)CN4CCC3CC4)cc2)cc1,2.48,2.472497141418754
lipo,baseline,random,2,O=C(N[C@@H](Cc1ccc(OCCCNc2ccccn2)cc1)C(=O)O)c1c(Cl)cccc1Cl,-0.22,-0.24049002362351501
lipo,baseline,random,2,Clc1cccc(Nc2ncnc3ccccc23)c1,3.9,3.4445793603121397
lipo,baseline,random,2,Nc1nc(Nc2ccc(F)c(Cl)c2)c2nc[nH]c2n1,2.75,2.7797631148405144
lipo,baseline,random,2,CN(C)CCCOc1ccc(-c2cc(C(N)=O)c(NC(N)=O)s2)cc1,0.64,0.9583229972120612
lipo,baseline,random,2,C[C@@H]1CN(Cc2ccc(F)cc2)[C@@H](C)CN1C(=O)c1cc2c(C(=O)C(=O)N(C)C)cn(C)c2cc1Cl,3.6,3.294316265905198
lipo,baseline,random,2,COc1ccc2nc(NC(=O)CCc3ccc(OC)c(OC)c3)sc2c1,3.57,3.4408243516388737
lipo,baseline,random,2,C=CCN(C(=O)NCc1ccc(OC)cc1)C1CCN(CCC(c2ccccc2)c2ccccc2)CC1,3.6,3.953140663465418
lipo,baseline,random,2,Cc1ccccc1C(OCCN(C)C)c1ccccc1,1.47,1.381512467865959
lipo,baseline,random,2,CC(C)C(NC(=O)Cn1c(-c2ccccc2)ncc(NC(=O)OCc2ccccc2)c1=O)C(=O)C(F)(F)F,2.12,2.6700066452523354
lipo,baseline,random,2,CNc1c(Br)cnc2[nH]c(-c3ccc(O)cc3)nc12,2.47,3.207990272142912
lipo,baseline,random,2,CN(C(=O)Cc1ccc(O)cc1)C1CCN(CCC(c2ccccc2)c2ccccc2)CC1,3.3,3.295588054371632
lipo,baseline,random,2,CNC(=O)c1c(F)cccc1Nc1nc(Nc2cc3c(cc2OC)CCN3C(=O)CN(C)C)nc2[nH]ccc12,2.61,2.0237860233573484
lipo,baseline,random,2,CCC(=O)NCC[C@@H]1CCc2ccc3c(c21)CCO3,2.57,2.3433975828044873
lipo,baseline,random,2,CNC1=Nc2ncccc2C(c2cc[nH]c2)=NC1c1cccs1,1.73,1.9475655707521617
lipo,baseline,random,2,c1ccc(Nc2ccccc2)cc1,3.2,1.8946237626461213
lipo,baseline,random,2,COc1ccc(-c2nc3c(OCC4CCNCC4)c(Br)cnc3[nH]2)cc1,1.55,1.4048779771817728
lipo,baseline,random,2,Oc1nc(-c2ccccc2)c(-c2ccccc2)o1,3.42,3.1508402787834715
lipo,baseline,random,2,O=C(NCC12CC3CC(CC(C3)C1)C2)c1ccnc(NCC2CCNCC2)c1Cl,0.6,1.191243705666716
lipo,baseline,random,2,Nc1[nH]nc2ccccc12,1.0,0.373070367586746
lipo,baseline,random,2,CN(C)C[C@H](O)Cc1ccc(Cl)c(C(=O)NCC23CC4CC(CC(C4)C2)C3)c1,2.19,2.3174404030918727
lipo,baseline,random,2,COCCNCc1ccc(Nc2ncc3cc(-c4ccncc4)ccc3n2)cc1,1.86,2.541813672791546
lipo,baseline,random,2,Cc1cnc(NC(=O)Cc2ccccc2)s1,2.9,2.6971256069285947
lipo,baseline,random,2,CNC(=O)c1ccc2c(=O)cc(-c3cccnc3)[nH]c2c1,1.01,1.522510353307117
lipo,baseline,random,2,OC(CCN1CCCC1)(c1ccccc1)C1CCCCC1,1.78,2.3334948222842633
lipo,baseline,random,2,Nc1nc(Nc2ccc(S(N)(=O)=O)cc2)nn1C(=O)c1c(F)cccc1F,1.87,1.2580363834434467
lipo,baseline,random,2,CCCC(C)(COC(N)=O)COC(=O)NC(C)C,2.01,1.1522978899824932
lipo,baseline,random,2,OCCN1CCN(CCCN2c3ccccc3Sc3ccc(C(F)(F)F)cc32)CC1,3.8,3.8441680114982937
lipo,baseline,random,2,CC(C)Nc1nc(NCc2ccccc2)c2sccc2n1,3.9,3.4516700548848083
lipo,baseline,random,2,CCCCN(CCNCCc1ccc(O)c2[nH]c(=O)sc12)C(=O)CCOCCc1ccccc1,3.0,2.5047029270227816
lipo,baseline,random,2,O=CN1CC=C(c2c(F)cc(N3C[C@H](COc4ccon4)OC3=O)cc2F)CC1,2.01,2.1434608525673524
lipo,baseline,random,2,NC(=O)c1cnc(N[C@H]2CCCNC2)c2cc(-c3ccncc3)sc12,0.77,1.3991691298836055
lipo,baseline,random,2,CC(C)(C)OC(=O)NCCCSC[C@H]1O[C@@H](n2cnc3c(N)ncnc32)[C@H](O)[C@@H]1O,1.2,1.6275319942202024
lipo,baseline,random,2,Cc1nc2ncnn2c(O)c1CCOC(=O)c1ccccc1F,0.99,0.4187859974050298
lipo,baseline,random,2,CC(CC(=O)NCc1ccccc1)C1CCCO1,2.1,1.9185440604546562
lipo,baseline,random,2,O=c1[nH]c(-c2ccc([N+](=O)[O-])cc2)nc2ccccc12,2.5,2.6743039600882734
lipo,baseline,random,2,N#CCNC(=O)[C@@H]1CCCC[C@H]1C(=O)N1CCc2[nH]c3ccc(F)cc3c2C1,2.77,2.696480030168548
lipo,baseline,random,2,COc1ccc2[nH]c3c(c2c1)CN(C(=O)[C@@H]1CCCC[C@H]1C(=O)NC1(C#N)CC1)CC3,2.4,2.9741063055024557
lipo,baseline,random,2,CC(=O)Nc1cc2c(ccn2-c2cc(NC3CC3)n3ncc(C#N)c3n2)cc1C,2.66,2.961805562832094
lipo,baseline,random,2,Cc1c(S(=O)(=O)c2ccc(Cl)cc2)c2c(NS(C)(=O)=O)cccc2n1CC(=O)O,-0.83,-0.6248755984271699
lipo,baseline,random,2,Cc1ncc(-c2ccnc(Nc3ccc(C#N)cc3)n2)n1C(C)C,3.62,2.978126142549234
lipo,baseline,random,2,C[C@@H]1CN(C(=O)OC(C)(C)C#N)CCN1c1ncc(OCc2ccncc2C#N)cn1,2.3,2.757913765980489
lipo,baseline,random,2,O=C(CC1CCN(Cc2ccn(-c3ccc(C(F)(F)F)cc3)c2)CC1)NC(c1ccc(F)cc1)c1c[nH]c(=O)c(Cl)c1,3.12,3.711127071871603
lipo,baseline,random,2,COc1cc(F)ccc1-c1cncc(CNC2CCCCC2)c1,2.6,2.796110294219904
lipo,baseline,random,2,Cn1c(=O)c2c(ncn2C)n(C)c1=O,-0.03,-0.29276566392561104
lipo,baseline,random,2,O=C(NCC12CC3CC(CC(C3)C1)C2)c1cc(CN2C[C@@H]3C[C@H]2CN3)ccc1Cl,1.45,2.3064878671118443
lipo,baseline,random,2,CC1(C)CCC(NC(=O)[C@@H](N)CCC(=O)O)CC1,-0.27,-0.49360990830491525
lipo,baseline,random,2,CC(O)c1ccc2c(c1)N(CCN1CCC(NCc3ccc4c(n3)NC(=O)CO4)CC1)C(=O)CO2,0.25,0.6147078483010114
lipo,baseline,random,2,COc1cc2ncc(C(N)=O)c(Nc3cc(C)ccc3F)c2cc1OC,3.16,3.2720124445930385
lipo,baseline,random,2,COc1ccc([C@]2(C#N)CC[C@@H](C(=O)O)CC2)cc1OC1CCCC1,0.76,1.619257837994881
lipo,baseline,random,2,Cc1ccc(S(=O)(=O)Nc2c(C(=O)NC3CCOCC3)c(C)nn2-c2ccccc2)cc1,0.16,0.7782767797102363
lipo,baseline,random,2,NC(=O)c1cncc(-c2ccc([C@H]3CC[C@H](CC(=O)O)CC3)cc2)c1,0.22,1.0101797321145118
lipo,baseline,random,2,O=c1[nH]c2c(O)ccc([C@@H](O)CNCCCSCCOCCc3ccccc3)c2s1,2.3,1.7626131904047289
lipo,baseline,random,2,Fc1ccc(C2CCN(C(=S)COCc3ccncc3)CC2)c(Cl)c1,4.23,2.6618506955311965
lipo,baseline,random,2,C[C@H]1O[C@@H](n2cnc3c(N)nc(OC(C4CC4)C(F)(F)F)nc32)[C@H](O)[C@@H]1O,1.83,1.8965897998208288
lipo,baseline,random,2,NC(=O)c1cccc(OC2CCN(CC3CC3)CC2)c1,0.49,1.1036894560163273
lipo,baseline,random,2,CNC(=O)C1(N2CCCCC2=O)CCN(CC[C@H](CN(C)C(=O)c2cc(C#N)cc3ccccc23)c2ccc(Cl)c(Cl)c2)CC1,2.5,2.5167597804951027
lipo,baseline,random,2,Cc1ccc2c(c1)c(S(=O)(=O)c1ccc(Cl)cc1)c(C)n2CC(=O)O,0.06,0.1430860139776006
lipo,baseline,random,2,CCCSc1nc(N[C@@H]2C[C@H]2c2ccccc2)c2nnn([C@@H]3C[C@H](OCCO)[C@@H](O)[C@H]3O)c2n1,3.87,3.8243125210240065
lipo,baseline,random,2,C[C@@](CCc1ccc(-c2ccc(Cl)cc2)cc1)(C(=O)NO)S(C)(=O)=O,2.4,2.1183511903715675
lipo,baseline,random,2,O=S(=O)(Nc1nncs1)c1cc(Cl)c(Oc2ccc(C(F)(F)F)cc2-c2ccnnc2)cc1F,1.15,2.418969216752711
lipo,baseline,random,2,CC1=C(C)C(=O)C(C(CCCCCC(=O)O)c2ccccc2)=C(C)C1=O,2.48,0.5636502073845634
lipo,baseline,random,2,O=C(NNc1cccc(Cl)c1)c1cccnc1Cl,1.87,2.7632255217172874
lipo,baseline,random,2,O=C(NC[C@@H](O)CN1CCC(Oc2ccc(Cl)c(Cl)c2)CC1)c1c[nH]c(=O)cc1C(F)(F)F,2.71,3.1495260161367193
lipo,baseline,random,2,Cc1cn([C@H]2CCCN(S(=O)(=O)c3ccc(O)c(Oc4ccccc4)c3)C2)c(=O)[nH]c1=O,1.49,1.2125730028413473
lipo,baseline,random,2,O=C1O[C@]2(CN3CCC2CC3)CN1c1cccs1,0.9,1.0476508759559144
lipo,baseline,random,2,CN(C)CC(O)COc1ccc(Nc2ncc(Cl)c(Nc3ccccc3)n2)cc1,2.25,2.348525186390063
lipo,baseline,random,2,Cc1ccc(S(=O)(=O)NC(=O)N2CCC(N3CCC(Oc4ccc(Cl)c(C)c4Cl)CC3)CC2)cc1,2.2,2.3487261547554934
lipo,baseline,random,2,N#Cc1ccc(-c2cc(NC(N)=O)c(C(=O)N[C@H]3CCCNC3)s2)cc1,0.61,0.8573621963609503
lipo,baseline,random,2,Cc1ccc(Oc2ccc(Nc3ncnc4[nH]nc(OCCN5CCC(O)CC5)c34)cc2Cl)cn1,3.4,3.078814223016767
lipo,baseline,random,2,Cc1ncc(-c2ccnc(Nc3ccccc3)n2)n1C(C)C,3.58,3.1872066500993155
lipo,baseline,random,2,COc1cc(N2CCN(C(C)=O)CC2)ccc1Nc1ncc(Br)c(-c2cnc3ccccn23)n1,3.7,3.5127923863015367
lipo,baseline,random,2,C[C@H]1COCCN1c1cc(C2(S(C)(=O)=O)CC2)nc(-c2cccc3[nH]ccc23)n1,2.8,2.5722654323021095
lipo,baseline,random,2,CS(=O)(=O)N1CCc2c(-c3cnc(N)nc3)nc(N3CCOCC3)nc21,1.2,0.012795631284808748
lipo,baseline,random,2,CN(Cc1ccc(Cl)cc1)C(=O)C1(N)CCN(c2ncnc3[nH]ccc23)CC1,2.8,2.6242564347426867
lipo,baseline,random,2,CC(C)C(=O)NCCNCC(O)COc1ccc(O)cc1,-0.15,-0.06345863517489769
lipo,baseline,random,2,CN1CCC(=C2c3ccccc3C=Cc3ccccc32)CC1,3.06,2.920387539548866
lipo,baseline,random,2,Cc1cc(CNc2nccc(Nc3cc(C)[nH]n3)n2)on1,1.86,2.2349450565283657
lipo,baseline,random,2,Cc1c(-c2ccc(O)cc2)n(C)c2ccc(O)cc12,3.8,3.089562904319699
lipo,baseline,random,2,Cc1nc(C(=O)[C@H](C)Oc2ccc(SCCCCCc3ccccc3)cc2)sc1CCCC(=O)O,2.03,3.509607537801452
lipo,baseline,random,2,CCC(CC)C[C@H](c1ccc(C(=O)O)c(Oc2cccc(Cl)c2)c1)N1CCC[C@H](n2cc(C)c(=O)[nH]c2=O)C1,1.68,1.2484091430699245
lipo,baseline,random,2,COc1ccc2cc(C(C)C(=O)O)ccc2c1,0.23,0.4689538724995859
lipo,baseline,random,2,COc1cc(N2CCN(C(C)=O)CC2)ccc1Nc1nccc(-c2cnc3ccccn23)n1,3.0,3.049784393540888
lipo,baseline,random,2,CCS(=O)(=O)c1cccc(-c2cc(C(F)(F)F)ccc2OCC(=O)O)c1,-0.66,-0.11924430148163641
lipo,baseline,random,2,CCCS(=O)(=O)N1CCCC(C(=O)N2CCC(Cc3ccccc3)CC2)C1,3.44,2.744523136884137
lipo,baseline,random,2,COc1cc2c(Nc3ccc(Cl)cc3F)ncnc2cc1OCCn1cncn1,3.2,3.395817717667225
lipo,baseline,random,2,CCN(CCNCCc1ccc(O)c2[nH]c(=O)sc12)C(=O)CCOCCc1ccccc1,1.92,2.134609602832548
lipo,baseline,random,2,CCn1c(=O)c2c(-c3cc(C#N)cn3C)n(Cc3ccnc4ccc(Cl)cc34)nc2n(CC2CC2)c1=O,4.13,4.215666808519563
lipo,baseline,random,2,Cc1ccc(C(=O)c2ccc(CC(=O)O)n2C)cc1,-1.02,0.21262399472274512
lipo,baseline,random,2,O=C(O)COc1ccc(C(F)(F)F)cc1CN1CCN(S(=O)(=O)c2ccccc2)CC1,0.4,0.7280426773245137
lipo,baseline,random,2,N#Cc1ccc2c(c1)NC(=O)C2c1ncnc2cc(OCCCN3CCOCC3)ccc12,2.99,2.3308782937673
lipo,baseline,random,2,O=C(O)CCC(=O)N1CCC(c2nc(-c3cccs3)no2)CC1,-1.27,0.23199527473611006
lipo,baseline,random,2,Cc1ccc2c(c1)c(-c1ccnc3ccc(C(F)(F)F)cc13)c(C)n2CC(=O)O,1.78,1.7845643965574531
lipo,baseline,random,2,COc1ccccc1CNC(=O)NS(=O)(=O)c1ccc(Cl)cc1,0.87,1.3948178868235326
lipo,baseline,random,2,NC(=O)Nc1cc(-c2ccsc2)sc1C(N)=O,2.3,2.1850282488962973
lipo,baseline,random,2,CN(C)N(C)C(=O)[C@@]1(Cc2ccccc2)CCCN(C(=O)[C@@H](Cc2c[nH]c3ccccc23)NC(=O)C(C)(C)N)C1,2.1,1.8170122646477957
lipo,baseline,random,2,CCOc1cc2nccc(Oc3cnc(CC(=O)Nc4n[nH]c(CC)c4C)c(OC)c3)c2cc1OC,3.29,2.7948132886530286
lipo,baseline,random,2,COc1ccc(C(=O)Nc2cc(NC(=O)c3cccc(N(C)C)c3)ccc2Br)cc1OC,3.49,3.2013821729761824
lipo,baseline,random,2,COc1c(C)c2c(c(O)c1C/C=C(\C)CCC(=O)OCCN1CCOCC1)C(=O)OC2,2.26,1.444958194849625
lipo,baseline,random,2,CN1Cc2c(N)cccc2[C@H](c2ccccc2)C1,2.11,2.099635404893585
lipo,baseline,random,2,CCC(c1nc2ccsc2c(=O)n1Cc1ccccc1)N(CCCN)C(=O)c1ccc(C(C)C)cc1,2.72,2.158524089836944
lipo,baseline,random,2,COc1cc(N2CC3COCC(C2)N3)ccc1Nc1ncc(Cl)c(-c2cnc3ccccn23)n1,3.0,3.0611077513928224
lipo,baseline,random,2,Cc1cnc(Nc2nc(N[C@@H](C)c3ncc(F)cn3)nc(N3CCOCC3)c2F)s1,3.27,2.9006261458197677
lipo,baseline,random,2,CNC(=O)c1ccc(Nc2nccc(-c3cnc(C)n3C(C)C)n2)cc1,2.69,2.517835826820553
lipo,baseline,random,2,NS(=O)(=O)c1ccc2c(C(=O)NC[C@@H](O)CN3CCC(Oc4ccc(Cl)c(Cl)c4)CC3)c[nH]c(=O)c2c1,2.17,2.555893290928059
lipo,baseline,random,2,Cc1ccc2c(c1)c([S+]([O-])c1ccc(Cl)cc1)c(C)n2CC(=O)O,0.05,0.36101403466913834
lipo,baseline,random,2,Cc1nc2ccccn2c1-c1ccnc(Nc2cccc(Cl)c2)n1,2.7,3.599641268119351
lipo,baseline,random,2,O=C(Nc1ccc(N2CCOCC2)nc1)c1nnc(Nc2cccc(F)c2)o1,3.2,2.95540428581107
lipo,baseline,random,2,COc1ccc(N2CCN(C(=O)[C@@H]3CCCC[C@H]3C(=O)NCC#N)CC2)cc1,1.6,1.638498667903528
lipo,baseline,random,2,Cc1cccc(NS(=O)(=O)c2cccc3nonc23)c1,3.0,1.7049695050639166
lipo,baseline,random,2,C1=C(c2cc3ccccc3o2)C2CCN1CC2,2.59,2.761167403852398
lipo,baseline,random,2,CNC(=C[N+](=O)[O-])NCCSCc1ccc(CN(C)C)o1,-0.95,0.3764104816932119
lipo,baseline,random,2,CCN(C(=O)Nc1ccccc1)c1ccccc1,3.1,3.18927385060729
lipo,baseline,random,2,CNC(=O)c1cccc(O[C@H]2C[C@H]3CC[C@@H](C2)N3Cc2ccccc2)c1,1.93,2.2117786318246933
lipo,baseline,random,2,COc1ccc(OC)c(CNC(=O)c2cccnc2Oc2ccccc2)c1,3.52,3.3082346649060996
lipo,baseline,random,2,CS(=O)(=O)N1CCC(NC(=O)NC23CC4CC(CC(C4)C2)C3)CC1,2.7,0.7837293860155523
lipo,baseline,random,2,COc1cc(OC)c(S(=O)(=O)N2c3ccccc3CC2C)cc1NC(C)=O,1.95,1.5702105528285955
lipo,baseline,random,2,CC(C)Oc1cccc(CC(=O)N2CCC[C@](CC[N+]34CCC(c5ccccc5)(CC3)CC4)(c3ccc(Cl)c(Cl)c3)C2)c1,1.23,3.1080618874401216
lipo,baseline,random,2,COc1ccccc1C(C#N)NC(=O)[C@@H]1CCCC[C@H]1C(=O)N1CCN(Cc2ccc(F)cc2)CC1,3.57,3.098260599892397
lipo,baseline,random,2,CC(=O)Nc1ccc(CNc2[nH]nc3cccc(Oc4ccc(S(C)(=O)=O)cc4)c23)cc1,2.63,3.0487355521448456
lipo,baseline,random,2,COc1cc2ncc(C(N)=O)c(Nc3ccc(F)cc3F)c2cc1NCCN1CCOCC1,2.68,2.4813443240124644
lipo,baseline,random,2,Cn1cc(CN2CCc3cc4nc(N)sc4cc3CC2)cn1,1.06,2.0755774952199895
lipo,baseline,random,2,CNS(=O)(=O)c1ccc(Nc2nccc(-c3cnc4cccnn34)n2)cc1,2.8,2.3487488093652846
lipo,baseline,random,2,COc1ccc2ncc(=O)n(CCN3CC[C@@H](NCc4ccc5c(n4)NC(=O)CO5)[C@H](OC)C3)c2c1,0.97,0.6520487713654719
lipo,baseline,random,2,c1cc2c(cc1-c1cnc3n1CCC3)OCCO2,2.33,2.1293680652193614
lipo,baseline,random,2,C[C@H](NC(=O)Cc1cc(F)cc(F)c1)C(=O)NC1C(=O)N(C)c2ccccc2-c2ccccc21,3.6,3.277290930947033
lipo,baseline,random,2,NCC(O)(c1ccc(Cl)cc1)c1ccc(Cl)cc1,2.69,2.168653089105105
lipo,baseline,random,2,O=C(NC1Cc2ccccc2N(CC(=O)N2CCC(O)CC2)C1=O)c1cc2cc(Cl)sc2[nH]1,2.86,2.6023478594580385
lipo,baseline,random,2,COc1ccc(C(=O)C2CCN(C(=O)c3ccc(F)cc3)CC2)cc1,2.92,3.203060129777116
lipo,baseline,random,2,CC[C@@H]1C(=O)OC[C@@H]1Cc1cncn1C,-0.37,0.9649962800052623
lipo,baseline,random,2,CCOc1ccc(Oc2ccc(S(=O)(=O)NC(=O)c3cccc(-c4ccc(Cl)c(Cl)c4)c3)cc2)cc1,2.94,3.327065634009021
lipo,baseline,random,2,CC(NC(C)(C)C)C(=O)c1cccc(Cl)c1,2.12,2.708092317784329
lipo,baseline,random,2,O=c1c2ccccc2oc2cccc(O)c12,3.8,3.2810494838486015
lipo,baseline,random,2,c1ccc2[nH]c(CCCc3nc4ccccc4[nH]3)nc2c1,3.5,3.2068226748272197
lipo,baseline,random,2,Nc1ncnc2[nH]ccc12,1.78,0.21800824733750598
lipo,baseline,random,2,CCCS(=O)(=O)c1ccc(Nc2nccc(-c3cnc(C)n3C(C)C)n2)cc1,3.37,3.1276453676574825
lipo,baseline,random,2,COc1cc(F)ccc1-c1cccc(CNC2CCCC2)c1,2.29,2.985278090168664
lipo,baseline,random,2,COc1ccc(C(=O)Nc2cccc(NC(=O)c3ccc(OC)c(OC)c3)n2)cc1OC,3.5,3.13843259637613
lipo,baseline,random,2,COc1ccc(-c2cncc(CNC3CCCC3)n2)c(OC)c1,2.14,2.391264237491922
lipo,baseline,random,2,CCC(c1nc2ccsc2c(=O)n1Cc1cscn1)N(CCCN)C(=O)c1ccc(C)cc1,0.02,0.8573304607833913
lipo,baseline,random,2,CCn1cc(NC(=O)Cc2ccc(Oc3ccnc4cc(F)ccc34)cc2OC)cn1,3.93,3.7742784664856033
lipo,baseline,random,2,CCCSc1c(C(=O)NC2CCCCC2)cnn1-c1cccc(C(=O)O)c1,0.7,1.0536742002444333
lipo,baseline,random,2,Cc1ccc(NC(=O)[C@@H]2CCCN2S(=O)(=O)c2cccc3cccnc23)c(C)c1,3.8,3.757147159986976
lipo,baseline,random,2,CON(C)C(=O)c1c(Cn2c(C)nc(Cl)c2Cl)sc2c1c(=O)n(C)c(=O)n2CC(C)C,2.23,2.481953706126996
lipo,baseline,random,2,FC(F)(F)c1nnc2ccc(N3CCCCCC3)nn12,3.29,2.997412597894597
lipo,baseline,random,2,Cc1cc(Oc2cc(S(=O)(=O)N3CCC[C@H](n4cc(C)c(=O)[nH]c4=O)C3)ccc2O)ccc1Cl,2.4,2.335970414823331
lipo,baseline,random,2,Oc1ccc(-c2nc3ccc(O)cc3s2)cc1,3.65,3.6343236644220016
lipo,baseline,random,2,Cc1ccc(NC(=O)c2cccc(N3CCOCC3)c2)cc1NC(=O)c1ccc(OCc2ccccn2)cc1,3.2,3.218168422291657
lipo,baseline,random,2,COc1cc(N2CCN(C(C)=O)CC2)ccc1Nc1ncc(Cl)c(-c2cnc3cc(Cl)ccn23)n1,4.2,3.5546581366011303
lipo,baseline,random,2,Cc1cccc([C@H](C)c2c[nH]c(=S)[nH]2)c1C,2.9,3.033679219550735
lipo,baseline,random,2,C/N=C(\S)n1nc(-c2ccc(Cl)cc2)nc1N,4.12,2.2192794735264516
lipo,baseline,random,2,Cc1cccc(S(=O)(=O)NC(=O)N2CCC(N3CCC(Oc4ccc(Cl)c(Cl)c4)CC3)CC2)c1,1.84,2.0350452329009814
lipo,baseline,random,2,O=C(NCc1ccncc1)c1ccc(Oc2ccc(C#C[C@]3(O)CN4CCC3CC4)cc2)cc1,2.42,2.472497141418754
lipo,baseline,random,2,CC(C)C[C@H](CO)Nc1nc(SCc2ccccc2F)nc2nc(N)sc12,4.5,4.084789080020374
lipo,baseline,random,2,Cc1c(Sc2ccc(Cl)cc2)c2cc(-c3ccccc3)ccc2n1CC(=O)O,3.7,2.5248614749003653
lipo,baseline,random,2,COc1ccc(C(C)NC(=O)C2(N)CCN(c3ncnc4[nH]ccc34)CC2)cc1OC,1.8,2.083275753933696
lipo,baseline,random,2,CS(=O)(=O)Nc1cccc(NC(=O)CN2CCN(C(=O)C[C@H](N)Cc3ccc(F)c(F)c3)[C@H](Cc3ccccc3)C2)c1,2.06,2.1976512041421077
lipo,baseline,random,2,COc1ccnc(CCc2nc3cccnc3[nH]2)c1,1.69,1.9148045094750077
lipo,baseline,random,2,CC[C@H](NC(=O)c1c([S+](C)[O-])c(-c2ccccc2)nc2ccccc12)c1cccnc1,2.2,2.637773336405896
lipo,baseline,random,2,NC(=O)c1cccc(OC2CCN(Cc3ccccc3)CC2)c1,1.92,2.0516483068103035
lipo,baseline,random,2,Nc1ncc(-c2ccc(F)cc2)[nH]1,1.39,1.0779135063919207
lipo,baseline,random,2,CC[C@H](NC(=O)c1c([S+](C)[O-])c(-c2ccccc2)nc2cc(Br)ccc12)c1ccccc1,3.18,3.4666819346631073
lipo,baseline,random,2,CC(C)[C@H](NC(=O)C[C@H](NC(=O)/C=C/c1ccccc1)c1ccccc1)C(=O)[C@@H]1C(=O)NC(=O)[C@H]1C,1.91,1.1765154223406407
lipo,baseline,random,2,Cc1ncc(-c2nc(Nc3ccc(C(=O)N(C)C)cc3)ncc2F)n1C(C)C,2.77,2.6259241593114595
lipo,baseline,random,2,Cc1ccc(Nc2c(F)cccc2Cl)c(CC(=O)O)c1,1.02,1.2270029708376364
lipo,baseline,random,2,CC(C)(C)Cn1c(CN2C(=O)CC3(CCNCC3)C2=O)cc2cnc(C#N)nc21,0.75,0.7548469795613217
lipo,baseline,random,2,COC(=O)COc1ccc(C(=O)Nc2ccc(F)cc2)cn1,2.43,2.0881508844941545
lipo,baseline,random,2,COc1ccc(NC(=O)c2ccnc(N)n2)cc1,1.72,1.5419655349038575
lipo,baseline,random,2,Cc1ccc(COC(=O)N2CCC(CNc3ncccn3)CC2)cc1,3.6,2.75933521509534
lipo,baseline,random,2,Nc1ncnc2c1ncn2Cc1ccccc1,1.53,1.5423355691154963
lipo,baseline,random,2,Cc1nsc(C)c1CCC1CCN(S(=O)(=O)CC2(N(O)C=O)CCOCC2)CC1,1.5,1.4419747190235954
lipo,baseline,random,2,CN1CCN(c2nc(NCCNc3ccc([N+](=O)[O-])cc3)c3ccccc3n2)CC1,2.91,3.3901454886954867
lipo,baseline,random,2,COc1cccc([C@@H](C)NCCCc2ccccc2Cl)c1,3.0,2.606000159733305
lipo,baseline,random,2,CC(C)(C)NS(=O)(=O)c1cncc(-c2ccc3nc(NC(=O)NCC(=O)N4CCCC4)nn3c2)c1,1.37,1.2375781841428932
lipo,baseline,random,2,CCc1cc2c(s1)-n1c(C)nnc1CN=C2c1ccccc1Cl,2.52,2.524496724609028
lipo,baseline,random,2,CC(NC(=O)C1(N)CCN(c2ncnc3[nH]ccc23)CC1)c1ccc(F)cc1,2.4,2.555678983173139
lipo,baseline,random,2,COc1ccc(C(=O)Nc2cc(NC(=O)c3cccc(N(C)C)c3)ccc2C)cc1OC,3.12,3.048446834647266
lipo,baseline,random,2,COc1ccc([C@@H]2Sc3ccccc3N(CCN(C)C)C(=O)[C@@H]2OC(C)=O)cc1,1.99,1.8616375030049799
lipo,baseline,random,2,COc1cc(Nc2nc(N[C@@H](C)c3ncc(F)cn3)nc(N3CCOCC3)c2Cl)n[nH]1,2.85,2.6368107625356703
lipo,baseline,random,2,COc1ccc(CCN2CN=C(SCc3ccc(Cl)cc3)NC2)cc1OC,2.41,2.5690351360912347
lipo,baseline,random,2,Clc1ccc(C(c2ccccc2)N2CCNCC2)cc1,1.94,1.1821774900548974
lipo,baseline,random,2,COc1cc(C(=O)O)ccc1Cn1ccc2ccc(NC(=O)OC3CCCC3)cc21,2.1,1.9658112155294711
lipo,baseline,random,2,CCOC(=O)c1cc2ccc(O)cc2oc1=O,1.2,1.1167369200242478
lipo,baseline,random,2,CC(=O)N[C@@H]1CC2(CCN(Cc3ccc4[nH]c5ccccc5c4c3)CC2)c2ccccc21,2.96,3.070342637829817
lipo,baseline,random,2,CNS(=O)(=O)Nc1ccc(-c2ccccc2)n(CC(=O)NC(C(=O)C(F)(F)F)C(C)C)c1=O,1.79,1.4457769063503614
lipo,baseline,random,2,O=C(N[C@@H](Cc1ccc(OCCNc2nc3ccccc3[nH]2)cc1)C(=O)O)c1c(Cl)cccc1Cl,0.6,0.24597642197420255
lipo,baseline,random,2,O=c1[nH]c2c(O)ccc([C@@H](O)CNCCc3cccc(CNCCCc4ccccc4)c3)c2s1,1.11,1.2570561452985085
lipo,baseline,random,2,O=C(NS(=O)(=O)N1CCC(N2CCC(Oc3ccc(Cl)c(Cl)c3)CC2)CC1)c1ccccc1,2.14,1.975500907601221
lipo,baseline,random,2,O=C(Nc1ccccc1F)N[C@H]1N=C(c2ccccc2)c2ccccc2NC1=O,4.0,3.7229445265809864
lipo,baseline,random,2,c1ccc2[nH]c(CCc3nc4ccccc4[nH]3)nc2c1,3.3,2.67113448078179
lipo,baseline,random,2,Nc1nc(N)c2cc(Br)ccc2n1,1.78,1.5719723217010013
lipo,baseline,random,2,CS(=O)(=O)c1cccc(Nc2nccc(Nc3cccc4ncoc34)n2)c1,2.5,3.1416139401786785
lipo,baseline,random,2,N=C(NCc1ccc(Cl)cc1)SCCCc1c[nH]cn1,1.13,1.8018759661248631
lipo,baseline,random,2,O=C(COc1ccccc1)c1ccccc1,2.87,2.952274405648697
lipo,baseline,random,2,Cc1ccc(S(=O)(=O)N2CCN(C(=O)c3ccco3)CC2)cc1,2.17,1.6284056901525032
lipo,baseline,random,2,CN(C)C/C=C/C(=O)Nc1cc2c(Nc3ccc(F)c(Cl)c3)ncnc2cc1O[C@H]1CCOC1,3.7,3.2696033401594753
lipo,baseline,random,2,CCN(C)C(=O)c1ccc([C@H](c2cccc(NC(=O)C3CCC3)c2)N2CCN(Cc3cccnc3)CC2)cc1,3.27,2.6470529838723595
lipo,baseline,random,2,CCN(C(=O)Cc1ccc(S(C)(=O)=O)cc1)C1CCN(CC[C@@H](c2ccccc2)C2CCN(S(C)(=O)=O)CC2)CC1,1.05,1.4143769762163794
lipo,baseline,random,2,O=C(O)c1cc(-c2ccc(F)cc2F)ccc1O,0.59,0.5600106263579229
lipo,baseline,random,2,N#Cc1cccc(-c2cccc(C(=O)O)c2)c1,0.3,0.5478928348320041
lipo,baseline,random,2,c1ccc(-c2c[nH]c(-c3ccccc3)n2)cc1,3.8,3.8436637096137765
lipo,baseline,random,2,O=C(O)CCc1ccc(OCc2cc(Cl)ccc2-c2ccccc2)cc1,3.22,2.9296792478165186
lipo,baseline,random,2,CC(Oc1c(Cl)cccc1Cl)C1=NCCN1,0.48,1.441808283031898
lipo,baseline,random,2,CCN1CCN(C(=O)c2cc3cc(F)ccc3[nH]2)CC1,2.28,2.3974172840712353
lipo,baseline,random,2,CCC[C@@H](CN1CCCC1)N(C)C(=O)Cc1ccc(Cl)c(Cl)c1,2.27,3.0424282416941706
lipo,baseline,random,2,Cc1ccc(Oc2ccc(C(=O)NCc3ccncc3)cc2)cc1,3.65,3.5373737029235532
lipo,baseline,random,2,Oc1c2ncc3ccccc3c2nn1-c1ccccc1,0.8,1.795837206327568
lipo,baseline,random,2,CC(C)C[C@H](CO)Nc1nc(SCc2ccccc2)nc2nc(N)sc12,4.2,3.8690986126065936
lipo,baseline,random,2,C[C@@H]1CCCN1CCc1cc2cc(-c3ccc(C#N)cc3)ccc2o1,3.51,3.3032600698268046
lipo,baseline,random,2,COc1ccc(F)c(F)c1C(=O)c1cnc(NC2CCN(S(C)(=O)=O)CC2)nc1N,2.08,1.4632383022829
lipo,baseline,random,2,CN(C)CCCn1c2c(c3ccccc31)CCCCCC2,2.96,1.974777687010163
lipo,baseline,random,2,O=C1O[C@@H](Cn2nncc2F)CN1c1ccc(C2=CCS(=O)(=O)CC2)c(F)c1,3.54,1.262431062268041
lipo,baseline,random,2,CC1CN(C(=O)c2nnc3c(-c4ncccn4)cccc3c2N)C1,1.21,0.5040004071504419
lipo,baseline,random,2,Cc1cc(Cl)ccc1OC1CCN(C[C@H](O)CNC(=O)c2c[nH]c(=O)cc2C(F)(F)F)CC1,2.37,2.831315314132089
lipo,baseline,random,2,O=C(NC1CC1)c1cc(-c2cccs2)on1,2.54,1.968984074951729
lipo,baseline,random,2,COc1ccc(C(CNC(=O)Nc2ccccc2)N2CCN(C)CC2)cc1,1.5,2.182224570014147
lipo,baseline,random,2,O=[N+]([O-])c1ccc(C=NO)o1,1.31,0.3596337900216284
lipo,gnn,random,2,COc1ccccc1CNc1cc(C)ccn1,3.2799999713897705,3.378101110458374
lipo,gnn,random,2,O=Cc1ccccc1B(O)O,0.8299999833106995,0.8147505521774292
lipo,gnn,random,2,CN1CCN(S(=O)(=O)c2ccc(-c3cnc(N)c(C(=O)Nc4cccnc4)n3)cc2F)CC1,2.6600000858306885,2.643117666244507
lipo,gnn,random,2,O=C(NC[C@@H](O)CN1CCC(Oc2ccc(Cl)c(Cl)c2)CC1)n1c(=O)[nH]c2ccccc21,4.460000038146973,3.0641705989837646
lipo,gnn,random,2,O=C(NCC12CC3CC(CC(C3)C1)C2)c1ccnc(N2CCNCC2)c1Cl,1.7699999809265137,1.8223339319229126
lipo,gnn,random,2,O=C(N[C@H]1CN2CCC1CC2)c1ccc(Cl)cc1,0.6000000238418579,0.8216006755828857
lipo,gnn,random,2,CC(C)(C)OC(=O)N1CCN(c2ncc(OCc3ccc(S(C)(=O)=O)cc3)cn2)CC1,3.2699999809265137,3.325106382369995
lipo,gnn,random,2,O=c1c(-c2ccc([N+](=O)[O-])cc2)coc2cc(O)cc(O)c12,3.240000009536743,3.0880181789398193
lipo,gnn,random,2,Cc1ncccc1Oc1ncnc(OC2CCN(C(=O)OC(C)C)CC2)c1C,3.799999952316284,3.651808738708496
lipo,gnn,random,2,O=C(O)c1[nH]c2ccccc2c1CCCOc1cccc2ccccc12,2.75,2.884403705596924
lipo,gnn,random,2,N#Cc1ccc(F)c(-c2cc(C(F)(F)F)ccc2OCC(=O)O)c1,-0.1599999964237213,0.15676426887512207
lipo,gnn,random,2,O=C(NCC12CC3CC(CC(C3)C1)C2)c1cc(O[C@H]2CCCNC2)ccc1Cl,2.180000066757202,2.351869583129883
lipo,gnn,random,2,CCC(CC)NC(=O)c1cnn(-c2ccccc2Cl)c1NS(=O)(=O)c1ccc(C)cc1,0.6499999761581421,1.6793112754821777
lipo,gnn,random,2,c1ccc(CN(Cc2ccccc2)c2nn[nH]n2)cc1,1.3700000047683716,1.6662812232971191
lipo,gnn,random,2,CS(=O)(=O)c1cccc(Nc2nccc(N(CC#N)c3c(Cl)ccc4c3OCO4)n2)c1,3.1600000858306885,2.6676602363586426
lipo,gnn,random,2,COc1ccc2c(c1)cc(C(=O)O)n2Cc1ccc(Cl)c(Cl)c1,1.659999966621399,2.115410804748535
lipo,gnn,random,2,COc1ccc(-c2nc3c(NCCCNC(=O)C4CC4)c(Br)cnc3[nH]2)cc1,1.7100000381469727,2.905129909515381
lipo,gnn,random,2,COc1ccc(C(=O)NCCN2CCN(Cc3ccc(Cl)c(Cl)c3)CC2)cc1Cl,3.740000009536743,3.516529083251953
lipo,gnn,random,2,COCCC(C)n1nc(C)c(C(=O)N[C@@H](C)C(C)(C)C)c1NS(=O)(=O)c1ccc(C)cc1,0.7799999713897705,1.3473913669586182
lipo,gnn,random,2,Cc1cccc2c3c([nH]c12)CCN(C(=O)[C@@H]1CCCC[C@H]1C(=O)NC1(C#N)CC1)C3,2.990000009536743,3.2385458946228027
lipo,gnn,random,2,COc1cc2c(Nc3cc(CC(=O)Nc4cccc(F)c4F)[nH]n3)ncnc2cc1OCCCN(CCO)CC(C)C,3.609999895095825,2.238306760787964
lipo,gnn,random,2,C[C@@H](C#N)NC(=O)[C@@H]1CCCC[C@H]1C(=O)N1CCc2[nH]c3ccc(F)cc3c2C1,3.5,3.092740058898926
lipo,gnn,random,2,O=C(Nc1cccc(O)c1)c1ccc(OCCCN2CCCC2)cc1OCc1ccccn1,1.7799999713897705,2.0229828357696533
lipo,gnn,random,2,CN1CC=C(c2cccc(O)c2)CC1,0.5299999713897705,0.8039978742599487
lipo,gnn,random,2,CCC[C@H](c1ccc(C(=O)O)c(Oc2cccc(Cl)c2)c1)N1CCC[C@H](n2cc(C)c(=O)[nH]c2=O)C1,0.6000000238418579,0.512579083442688
lipo,gnn,random,2,c1ccc(-c2ccc3ccccc3n2)cc1,4.0,3.168046474456787
lipo,gnn,random,2,O=C1CCC(=O)N1C(CCc1ccncc1)COc1ccc(-c2cccc([N+](=O)[O-])c2)cc1,3.880000114440918,2.9072763919830322
lipo,gnn,random,2,NC(=O)Nc1sc(-c2ccc(CNC3CCCC3)cc2)cc1C(N)=O,1.2200000286102295,2.2551794052124023
lipo,gnn,random,2,Cc1cc(CN2CCc3ccccc3C2C(=O)Nc2ccc(Cl)cc2Cl)ccc1OCC(=O)O,2.630000114440918,2.2476565837860107
lipo,gnn,random,2,CCN(CC)CCN1C(=O)[C@@](O)(c2ccccc2Cl)c2c1cc(C(N)=O)cc2C(F)(F)F,2.4000000953674316,2.0542008876800537
lipo,gnn,random,2,O=C(NCC1CCCCC1)c1c(Cl)ccc2ncccc12,2.6500000953674316,3.6014351844787598
lipo,gnn,random,2,CCOc1ccccc1-c1ccc(-c2nc3ccc(F)cc3c(N[C@H](C)C(=O)O)c2C#N)cc1,2.5,2.178370475769043
lipo,gnn,random,2,COc1cc(N2CCN(C(C)=O)CC2)ccc1Nc1ncc(C)c(-c2cnc3ccccn23)n1,2.9000000953674316,3.0938587188720703
lipo,gnn,random,2,CSc1nc(-c2ccccc2)nn1Cc1ccccc1,3.8299999237060547,3.891183614730835
lipo,gnn,random,2,COCCOc1nc(N)c2[nH]c(=O)n(Cc3ccccc3)c2n1,2.259999990463257,2.4894356727600098
lipo,gnn,random,2,c1cc(Nc2ccnc(Nc3cc(N4CCOCC4)cc(N4CCOCC4)c3)n2)c2cn[nH]c2c1,3.049999952316284,2.8671417236328125
lipo,gnn,random,2,COC(=O)N1CCN(C(=O)Cc2ccc(Cl)c(Cl)c2)[C@H](CN2CCCC2)C1,2.049999952316284,2.3178446292877197
lipo,gnn,random,2,O=C(Nc1nccs1)c1cccnc1,2.25,1.2787340879440308
lipo,gnn,random,2,Cc1nn(-c2ccccc2)c(NS(=O)(=O)C2CCCCC2)c1C(=O)N[C@@H](C)C(C)(C)C,1.75,1.481766939163208
lipo,gnn,random,2,CN1CCOc2nc(C#Cc3ccccc3)ccc21,3.799999952316284,3.9708404541015625
lipo,gnn,random,2,O=C(O)c1c(Sc2ccccc2)c2cc(Cl)ccc2n1Cc1ccc(Cl)cc1,2.9600000381469727,3.1775436401367188
lipo,gnn,random,2,CC(=O)N(C)c1ccccc1,1.100000023841858,1.3231674432754517
lipo,gnn,random,2,CN(C)CC(O)COc1ccc(Nc2cc(Nc3cc(Cl)ccc3Cl)ncn2)cc1,2.5999999046325684,2.689873695373535
lipo,gnn,random,2,COc1ccccc1CCNCc1cccc(CCNC[C@H](O)c2ccc(O)c3[nH]c(=O)sc23)c1,0.8199999928474426,1.0752090215682983
lipo,gnn,random,2,NC(=O)c1cc(O)cc2nc(-c3ccc(O)cc3)oc12,2.299999952316284,3.2424631118774414
lipo,gnn,random,2,O=C(c1ccc(C(=C2CCN(Cc3cscn3)CC2)c2cccc3cccnc23)cc1)N1CCOCC1,2.119999885559082,2.484135389328003
lipo,gnn,random,2,CCOC(=O)c1ccc(CCN2CCN(c3ccc(C)nn3)CC2)cc1,2.5799999237060547,3.0758934020996094
lipo,gnn,random,2,N#Cc1ccc2ccc(=O)n(CCN3CC[C@@H](NCc4ccc5c(n4)NC(=O)CO5)[C@@H](F)C3)c2c1,0.6600000262260437,0.8273053169250488
lipo,gnn,random,2,CCOC(=O)c1ccc(OCC2CN(c3ccc(C)nn3)C2)cc1,3.0999999046325684,3.312178134918213
lipo,gnn,random,2,CCN(C(=O)Cc1ccc(S(C)(=O)=O)cc1)C1CCN(CC[C@@H](c2cc(C)cc(C)c2)C2CCN(S(C)(=O)=O)CC2)CC1,1.9299999475479126,2.4337639808654785
lipo,gnn,random,2,CC(=O)Nc1ccc2ccn(-c3cc(NCCCN4CCCC4)n4ncc(C#N)c4n3)c2c1,1.8700000047683716,2.1848580837249756
lipo,gnn,random,2,CC(C)(C)OC(=O)N1CCN(c2ncc(OCc3ccncc3C#N)cn2)CC1,2.809999942779541,3.3188858032226562
lipo,gnn,random,2,Cn1cc(C#N)cc1-c1c2c(=O)n(CC#CCn3cncn3)c(=O)n(CC3CC3)c2nn1Cc1ccnc2ccc(Cl)cc12,3.430000066757202,3.5752506256103516
lipo,gnn,random,2,CC[C@H](NC(=O)c1c([S+](C)[O-])c(-c2ccccc2)nc2c(F)cccc12)c1ccccc1,2.8399999141693115,3.444521903991699
lipo,gnn,random,2,C[C@H]1CN(Cc2cc(Cl)ccc2CC(=O)O)CCN1C(=O)Cc1ccc(Cl)cc1,1.659999966621399,1.4936625957489014
lipo,gnn,random,2,O=c1cc(N2CCOCC2)oc2c(-c3cccc4c5c(sc34)CCCC5)cccc12,4.099999904632568,4.413586139678955
lipo,gnn,random,2,Clc1ccc(C2(c3ccc(-c4cn[nH]c4)cc3)CCNCC2)cc1,1.5099999904632568,2.2543163299560547
lipo,gnn,random,2,Oc1nc2ccccc2nc1NCc1ccccc1,3.299999952316284,2.4850058555603027
lipo,gnn,random,2,C[C@H]1CN(Cc2cc(Cl)ccc2OCC(=O)O)CCN1C(=O)Cc1ccccc1Cl,1.100000023841858,1.092107892036438
lipo,gnn,random,2,O=C1CCOc2nc(C#CC3CCCCC3)ccc21,3.299999952316284,3.426182270050049
lipo,gnn,random,2,O=c1[nH]n(Cc2ccoc2)c(=O)c2c(=O)c3ccc(Cl)cc3[nH]c12,0.6000000238418579,1.2128922939300537
lipo,gnn,random,2,CCCC[C@@H](C=O)NC(=O)[C@H](CC(C)C)NC(=O)[C@H](CC(C)C)NC(C)=O,2.5999999046325684,2.4450173377990723
lipo,gnn,random,2,CC(C)Oc1cc(-n2cnc3ccc(N[C@@H](CO)c4ccc(F)cn4)nc32)n[nH]1,2.7899999618530273,2.9339444637298584
lipo,gnn,random,2,COCCCNS(=O)(=O)c1ccc(Nc2nccc(-c3cnc4ccccn34)n2)cc1,3.4100000858306885,2.5771520137786865
lipo,gnn,random,2,CC(=O)N1CCN(CCOc2cc(OC(C)C)c3c(Nc4c(F)ccc5c4OCO5)ncnc3c2)CC1,3.059999942779541,3.094724655151367
lipo,gnn,random,2,N#Cc1nc(NC2CCOC2)c(N)c(N2CCOCC2)n1,1.600000023841858,1.6957969665527344
lipo,gnn,random,2,CC(C)COCC(CN(Cc1ccccc1)c1ccccc1)N1CCCC1,3.6600000858306885,3.372833728790283
lipo,gnn,random,2,O=C1C(=O)c2cc(-c3ccsc3)ccc2-c2ccccc21,3.0999999046325684,3.197343349456787
lipo,gnn,random,2,COc1nc(Br)cnc1NS(=O)(=O)c1ccc(Cl)s1,0.9900000095367432,1.8235915899276733
lipo,gnn,random,2,Nc1ccc(OCc2ccccc2)cc1,2.200000047683716,2.836467981338501
lipo,gnn,random,2,N#Cc1nc(NC2CCCCC2)c(N)c(N2CCOCC2)n1,2.809999942779541,3.2546439170837402
lipo,gnn,random,2,O=C(OC1CN2CCC1CC2)C(O)(c1ccccc1)c1ccccc1,1.190000057220459,1.5725438594818115
lipo,gnn,random,2,N#C[C@]1(NC(=O)[C@@H](N)Cc2cccs2)C[C@H]1c1ccccc1,1.5,2.0850093364715576
lipo,gnn,random,2,N#Cc1cnn(-c2ccccc2)c1NC(=O)CN1CCN(c2ccccc2)CC1,2.299999952316284,2.1959147453308105
lipo,gnn,random,2,CSc1ncccc1C(=O)NCC1CCCCC1,2.930000066757202,3.075913667678833
lipo,gnn,random,2,CCN1CCN(Cc2cnc(-c3ccc(C(=O)Nc4ccccc4N)cc3)c(C#N)c2)CC1,1.1399999856948853,1.235037088394165
lipo,gnn,random,2,O=c1c2cnn(-c3ccccc3)c2nc(-c2ccco2)n1-c1ccccc1,3.2899999618530273,3.5928001403808594
lipo,gnn,random,2,Cc1nc(C)c(-c2ccc([C@H]3CC[C@H](CCC(=O)O)CC3)cc2)nc1C(N)=O,1.600000023841858,1.270221471786499
lipo,gnn,random,2,CC(C)c1ccccc1Cc1cc(C(=O)Nc2ccc(S(=O)(=O)c3ccccc3C(C)(C)C)cc2)c(O)c(O)c1O,3.440000057220459,3.425764560699463
lipo,gnn,random,2,O=C(Nc1c[nH]nc1-c1nc2cc(CN3CCOCC3)ccc2[nH]1)NC1CC1,2.299999952316284,2.6864588260650635
lipo,gnn,random,2,CCn1c2ccccc2c2cc(NC(C)=O)ccc21,3.5,3.4327168464660645
lipo,gnn,random,2,CC(C)CCCC(C)/N=c1\ccn(Cc2ccccc2)c2cc(Cl)ccc12,1.5800000429153442,2.1165761947631836
lipo,gnn,random,2,Cn1c(C#N)ccc1-c1ccc2c(c1)C(C)(C)OC(=O)N2,2.8499999046325684,3.2338438034057617
lipo,gnn,random,2,CC(C)C(NC(=O)Cn1c(-c2ccccc2)ccc(NS(=O)(=O)c2ccccc2)c1=O)C(=O)C(F)(F)F,2.259999990463257,2.6810903549194336
lipo,gnn,random,2,COc1cc(N2CCNCC2)ccc1Nc1ncc(Cl)c(-c2cnc3ccccn23)n1,2.4000000953674316,2.4987986087799072
lipo,gnn,random,2,O=c1[nH]c2c(O)ccc([C@@H](O)CNCCc3cccc(CN4CCCC4)c3)c2s1,-0.2800000011920929,0.7555866241455078
lipo,gnn,random,2,O=C(NC[C@@H](O)CN1CCC(Oc2ccc(Cl)c(Cl)c2)CC1)c1cn2cc(F)ccc2n1,3.3299999237060547,3.5822696685791016
lipo,gnn,random,2,CC(NC(=O)C1(N)CCN(c2ncnc3[nH]ccc23)CC1)c1ccccc1,2.1700000762939453,2.5323498249053955
lipo,gnn,random,2,Nc1nc(Nc2ccc3nc(-c4ccc(F)cc4)cc(N)c3c2)cc(-c2ccc(C(F)(F)F)cc2)n1,1.5399999618530273,3.3539676666259766
lipo,gnn,random,2,Cc1cn([C@H]2CCCN(S(=O)(=O)c3cccc(Oc4ccccc4)c3)C2)c(=O)[nH]c1=O,2.319999933242798,2.528550386428833
lipo,gnn,random,2,CCN1CCOC(C(=O)N2CCN(C(=O)Nc3ccc(Cl)c(Cl)c3)CC2)C1,2.0999999046325684,2.1088669300079346
lipo,gnn,random,2,CS(=O)(=O)Cc1cc(N2CCOCC2)nc(-c2cnc3[nH]ccc3c2)n1,1.9199999570846558,1.7921035289764404
lipo,gnn,random,2,CN(C)CC(O)COc1ccc(Nc2cc(N(CCC#N)c3cc(Cl)ccc3Cl)ncn2)cc1,2.0999999046325684,2.5385639667510986
lipo,gnn,random,2,O=C1C(CC[S+]([O-])c2ccccc2)C(=O)N(c2ccccc2)N1c1ccccc1,-0.5099999904632568,0.5019687414169312
lipo,gnn,random,2,COc1cc(OC2CCN(C)CC2)c2c(Nc3cccc4c3OCO4)ncnc2c1,3.0199999809265137,2.786607027053833
lipo,gnn,random,2,O=c1cc(-c2ccccc2)oc2ccc(O)cc12,3.5999999046325684,3.4504683017730713
lipo,gnn,random,2,CC(C)N1CCN(Cc2cnc(-c3ccc(C(=O)Nc4ccccc4N)cc3)c(Cl)c2)CC1,1.6799999475479126,2.191133499145508
lipo,gnn,random,2,Cc1noc2cc(N3CCN(C(=O)[C@@H]4CCCC[C@H]4C(=O)NC4(C#N)CC4)[C@H](C)C3)ccc12,2.6700000762939453,2.448925018310547
lipo,gnn,random,2,COC(=O)C1C(OC(=O)c2ccccc2)CC2CCC1N2C,1.059999942779541,0.920473575592041
lipo,gnn,random,2,COc1cc(OC)c(S(=O)(=O)N(c2ccc(C)cc2)c2ccc(C)cc2)cc1NC(=O)CCC(=O)O,0.05999999865889549,0.5304515361785889
lipo,gnn,random,2,NC(=O)c1ccccc1O,1.090000033378601,0.6122047901153564
lipo,gnn,random,2,C[C@@H]1CN(C(=O)OC(C)(C)C)CCN1c1ncc(OCc2ccc(S(C)(=O)=O)cc2)cn1,3.5999999046325684,3.487448215484619
lipo,gnn,random,2,CN(C(=O)Cc1ccc(Cl)c(Cl)c1)[C@H](CN1CCCC1)c1ccccc1,3.4200000762939453,3.1802995204925537
lipo,gnn,random,2,COc1cc(Nc2cc(Oc3cc(C)c(C)nc3-c3ccccn3)ccn2)cc(OC)c1OC,3.2200000286102295,3.1761531829833984
lipo,gnn,random,2,N#Cc1ccc(C(=O)Nc2ccc(-n3ccnc3)nc2)cc1,2.200000047683716,1.340705156326294
lipo,gnn,random,2,NC(Cc1c[nH]c2ccccc12)C(=O)O,-1.1699999570846558,-0.8272202014923096
lipo,gnn,random,2,CC(C)(C)OC(=O)N[C@@H](Cc1ccccc1)C(=O)O,-1.100000023841858,-0.3289022445678711
lipo,gnn,random,2,NC1(C(=O)NC(CCCN2CCCC2)c2ccc(Cl)cc2)CCN(c2ncnc3[nH]ccc23)CC1,1.2999999523162842,2.328155755996704
lipo,gnn,random,2,CCN(CC)CCNC(=O)c1c(C)[nH]c(/C=C2\C(=O)Nc3ccc(F)cc32)c1C,2.259999990463257,2.201904535293579
lipo,gnn,random,2,CS(=O)(=O)Nc1ccc(CCOCCCS(=O)(=O)CCNCCc2ccc(O)c3nc(O)sc23)cc1,1.340000033378601,2.3323676586151123
lipo,gnn,random,2,Cc1ccc(NC(=O)c2cccc(N(C)C)c2)cc1NC(=O)c1ccc(OC(C)C)cc1,3.0999999046325684,3.835521697998047
lipo,gnn,random,2,CNC(=O)c1cnn(-c2ccccc2)c1NS(=O)(=O)c1ccc(C)cc1,-0.5400000214576721,0.28810858726501465
lipo,gnn,random,2,Clc1ccc2c(c1)C(N1CCNCC1)=Nc1ccccc1O2,2.2799999713897705,2.347993850708008
lipo,gnn,random,2,Cc1nn(C2CCN(C)CC2)cc1-c1cnc(N)c(-c2nc3ccccc3o2)c1,3.4000000953674316,3.138718366622925
lipo,gnn,random,2,O=C(N[C@H]1Cc2ccccc2N(C[C@@H](O)CO)C1=O)c1cc2cc(Cl)sc2[nH]1,3.299999952316284,3.396266460418701
lipo,gnn,random,2,CCCSc1ncccc1C(=O)N(C)[C@@H]1[C@@H]2CC3C[C@H]1C[C@@](O)(C3)C2,2.490000009536743,2.508781671524048
lipo,gnn,random,2,Nc1nc(Cl)nc(NCc2ccccc2)n1,2.259999990463257,2.5398552417755127
lipo,gnn,random,2,O=C(Nc1nccs1)[C@H](CC1CCOCC1)c1ccc(S(=O)(=O)C2CC2)cc1,2.549999952316284,3.24680233001709
lipo,gnn,random,2,O=C(N[C@@H](Cc1ccc(C#CCCNc2ccccn2)cc1)C(=O)O)c1c(Cl)cccc1Cl,0.27000001072883606,0.9087214469909668
lipo,gnn,random,2,C=CCC1(CC(C)C)C(=O)NC(=O)NC1=O,1.4800000190734863,1.5883796215057373
lipo,gnn,random,2,CCCc1c(OCc2ccc(-c3nn[nH]n3)cc2)ccc(C(C)=O)c1O,3.0999999046325684,2.5037364959716797
lipo,gnn,random,2,CCC(=O)N[C@H]1CC[C@@H](C(=O)N(C)c2ccc(-c3nc4ccccc4o3)cc2)C1,3.4000000953674316,3.21321964263916
lipo,gnn,random,2,N#Cc1cccnc1-c1ccc(C(=O)Nc2ccccc2N)cc1,1.5800000429153442,1.6126329898834229
lipo,gnn,random,2,CC1=C(C2=C(C)C(=O)c3c(cc(O)c(O)c3Cc3ccccc3)C2=O)C(=O)c2cc(O)c(O)c(Cc3ccccc3)c2C1=O,2.7300000190734863,3.733098030090332
lipo,gnn,random,2,CC(C)Cn1c(=O)n(C)c(=O)c2c(C(=O)N3CCC3)c(Cc3ccccc3C(F)(F)F)sc21,3.4600000381469727,3.414421558380127
lipo,gnn,random,2,O=C(Nc1cc(-c2ccnc(Nc3ccccc3)c2)ccn1)C1CCOCC1,3.700000047683716,3.1463935375213623
lipo,gnn,random,2,Cc1ccc(CO)cc1N(C)c1ccnc(Nc2cc(OC3CCOCC3)cc(N3CCOCC3)c2)n1,3.700000047683716,3.81290340423584
lipo,gnn,random,2,c1ccc(C2Cc3ccccc3CN2)cc1,1.899999976158142,2.1884307861328125
lipo,gnn,random,2,CC(C)Cn1c(=O)n(C)c(=O)c2c(SC(C)C)c(Cc3ccccc3C(F)(F)F)sc21,4.420000076293945,4.6943535804748535
lipo,gnn,random,2,Cc1[nH]c(C(=O)NC2CCN(c3nc(C(=O)O)cs3)CC2)c(Cl)c1Cl,0.14000000059604645,1.2923088073730469
lipo,gnn,random,2,O=C1CN(C(=O)c2ccco2)C(c2ccccc2)c2cc(Cl)ccc2N1,3.0,3.2273738384246826
lipo,gnn,random,2,Nc1ccc(S(=O)(=O)Nc2ccccn2)cc1,-0.009999999776482582,0.32222211360931396
lipo,gnn,random,2,CN(C)CCNS(=O)(=O)c1ccc(Nc2nccc(-c3cnc4ccccn34)n2)cc1,2.700000047683716,2.3197147846221924
lipo,gnn,random,2,Cn1c(=O)c(Oc2ccc(F)cc2F)cc2cnc(NC3CCOCC3)nc21,2.759999990463257,3.211777925491333
lipo,gnn,random,2,CSc1ncccc1C(=O)NCc1ccc(C)cc1,2.7100000381469727,2.8390145301818848
lipo,gnn,random,2,CO[C@H]1CC[C@]2(CC1)Cc1ccc(-c3cc(Cl)cc(C#N)c3)cc1C21N=C(C)C(N)=N1,3.799999952316284,3.834458589553833
lipo,gnn,random,2,Nc1[nH]ncc1-c1cc(Cl)ccc1Oc1cc(F)c(S(=O)(=O)Nc2cscn2)cc1Cl,2.299999952316284,2.607010841369629
lipo,gnn,random,2,CCCCCc1ccc(-c2nnc(N)s2)cc1,4.130000114440918,3.3948001861572266
lipo,gnn,random,2,O=C(N[C@@H]1Cc2ccccc2N(C[C@@H](O)CO)C1=O)c1cc2cc(Cl)sc2[nH]1,3.2699999809265137,3.4864206314086914
lipo,gnn,random,2,N#Cc1c(N)nc2c(c1N)CC(COc1ccccc1)O2,2.0799999237060547,2.773026943206787
lipo,gnn,random,2,O=C(Cc1ccc(OCc2ccccc2)cc1)NO,1.9199999570846558,2.23935604095459
lipo,gnn,random,2,CC(C)Cn1c(=O)n(C)c(=O)c2c(SCCCO)n(Cc3cccc4ccccc34)cc21,4.360000133514404,4.057168960571289
lipo,gnn,random,2,CCCSc1c(C(=O)N(C)C2CCCCC2)cnn1-c1ccc(C(=O)O)cc1,0.5899999737739563,1.1393616199493408
lipo,gnn,random,2,CS(=O)(=O)C1(c2cc(N3CC4CCC(C3)O4)nc(-c3cccc4[nH]ccc34)n2)CC1,2.5999999046325684,2.454620599746704
lipo,gnn,random,2,O=C(Nc1cccc(O)c1)c1ccc(OCCCN2CCCC2)cc1OCc1cccnc1,1.590000033378601,2.1420605182647705
lipo,gnn,random,2,CCC(c1cccnc1)n1[nH]c(=O)c2nc3cc(Cl)ccc3c(O)c2c1=O,0.699999988079071,1.0700185298919678
lipo,gnn,random,2,CCN(C(=O)Cc1ccc([N+](=O)[O-])cc1)C1CCN(CCC(c2ccccc2)c2ccccc2)CC1,4.099999904632568,3.8931212425231934
lipo,gnn,random,2,CCCS(=O)(=O)N1N=Cc2cc(Cl)ccc2B1O,-0.4000000059604645,0.176408052444458
lipo,gnn,random,2,N#CC1(NC(=O)[C@@H]2CCCC[C@H]2C(=O)N2CCN(c3nc4cnccc4s3)CC2)CC1,1.659999966621399,1.7553696632385254
lipo,gnn,random,2,O=C(NCc1ccccc1Cl)c1ccccc1Oc1ccccc1,3.5799999237060547,4.438302040100098
lipo,gnn,random,2,O=C(CC12CC3CC(CC(C3)C1)C2)Nc1cccc2ncccc12,3.8299999237060547,3.666794538497925
lipo,gnn,random,2,CO[C@H]1/C=C/O[C@@]2(C)Oc3c(C)c(O)c4c(O)c(cc(O)c4c3C2=O)NC(=O)/C(C)=C\C=C\[C@H](C)[C@H](O)[C@@H](C)[C@@H](O)[C@@H](C)[C@H](OC(C)=O)[C@@H]1C,1.190000057220459,3.4214982986450195
lipo,gnn,random,2,Cc1ccc2c(N)c(C#N)sc2n1,2.2300000190734863,2.5763320922851562
lipo,gnn,random,2,CC(C)N(CCC(C(N)=O)(c1ccccc1)c1ccccn1)C(C)C,-0.5400000214576721,1.4779717922210693
lipo,gnn,random,2,c1ccc(-c2cc(NCCCCNc3cc(-c4ccccc4)nc4ccccc34)c3ccccc3n2)cc1,3.6500000953674316,3.0356602668762207
lipo,gnn,random,2,COc1cc(N2CCN(C(C)=O)CC2)ccc1Nc1ncc(Cl)c(-c2cnc3cc(C#N)ccn23)n1,2.299999952316284,3.2313385009765625
lipo,gnn,random,2,O=C(COCc1ccncc1)N1CCN(c2ccc(Cl)cc2Cl)CC1,3.380000114440918,3.116750717163086
lipo,gnn,random,2,Cc1nc(CS(=O)(=O)c2ccccc2)cc(N2CCOCC2)n1,1.0700000524520874,1.0994300842285156
lipo,gnn,random,2,c1ccc2c(c1)nnn2-c1ccncc1,1.690000057220459,1.4817454814910889
lipo,gnn,random,2,Cc1ccc([N+](=O)[O-])cc1S(=O)(=O)n1ccc(-c2c(C)nc3ccc(Br)cn23)n1,3.5199999809265137,3.5969924926757812
lipo,gnn,random,2,O=C(c1ccc(C(=C2CCN(Cc3cscn3)CC2)c2cccc3cccnc23)cc1)N1CCC1,2.5199999809265137,2.7225630283355713
lipo,gnn,random,2,C[C@@H](Oc1cccc2ncnc(Nc3ccc4c(cnn4Cc4cscn4)c3)c12)C(=O)N1CCOCC1,2.809999942779541,2.8611342906951904
lipo,gnn,random,2,Cc1ccc(C(=O)Nc2ccon2)cc1NC(=O)c1cnn(-c2ccccc2F)c1N,2.5999999046325684,2.8258259296417236
lipo,gnn,random,2,NS(=O)(=O)c1cc(C(=O)O)c(NCc2ccco2)cc1Cl,-0.8999999761581421,-0.23540997505187988
lipo,gnn,random,2,CCCNC(=O)NS(=O)(=O)c1ccc(Cl)cc1,-0.33000001311302185,0.33063769340515137
lipo,gnn,random,2,O=c1[nH]n(Cc2ccccn2)c(=O)c2c(=O)c3ccc(Cl)cc3[nH]c12,1.100000023841858,0.5374664068222046
lipo,gnn,random,2,CN(C)c1nc(N(C)C)nc(N(C)C)n1,2.440000057220459,1.8234944343566895
lipo,gnn,random,2,CC(C)c1ccccc1Nc1nc(SCc2cccs2)n[nH]1,4.210000038146973,3.8761067390441895
lipo,gnn,random,2,C[C@@](O)(C(=O)Nc1ccc(C(=O)N2CCCCC2)cc1Cl)C(F)(F)F,2.619999885559082,2.851219892501831
lipo,gnn,random,2,CC1CN(C(=O)c2cc3ccccc3[nH]2)CCN1,0.9399999976158142,0.7408993244171143
lipo,gnn,random,2,C[C@H](NC(=O)c1cccc2c1N(Cc1ccc(Cl)cc1)CC2)c1ccc(C(=O)O)cc1,1.4700000286102295,1.537194013595581
lipo,gnn,random,2,Cc1nc(C)c(-c2ccc3c(c2)CC[C@]32CC[C@@H](c3nnn[nH]3)CC2)nc1C(N)=O,1.399999976158142,1.9514304399490356
lipo,gnn,random,2,COc1cc(N2CCN(C(C)=O)CC2)ccc1Nc1ncc(Cl)c(-c2cnc3cc(N4CCCC4)ccn23)n1,3.5,3.775505542755127
lipo,gnn,random,2,OCCOCCN1CCN(C(c2ccccc2)c2ccc(Cl)cc2)CC1,3.0799999237060547,2.48667311668396
lipo,gnn,random,2,CNCC[C@@H](Oc1cc(C(F)(F)F)ccc1C#N)c1ccccc1,1.2999999523162842,1.5409128665924072
lipo,gnn,random,2,N#Cc1c(C(=O)O)n(Cc2ccc(Cl)c(Cl)c2)c2ccccc12,1.2599999904632568,1.5589940547943115
lipo,gnn,random,2,OCCO[C@H]1C[C@@H](n2nnc3c(N[C@@H]4C[C@H]4c4ccc(F)c(F)c4)nc(SCCC(F)(F)F)nc32)[C@H](O)[C@@H]1O,4.170000076293945,3.8083136081695557
lipo,gnn,random,2,Cn1sc(NCc2ccccc2)nc1=O,1.2000000476837158,1.4878828525543213
lipo,gnn,random,2,CS(=O)(=O)c1ccc2c(C(=O)NC[C@@H](O)CN3CCC(Oc4ccc(C#N)c(Cl)c4)CC3)c[nH]c(=O)c2c1,1.409999966621399,2.0125763416290283
lipo,gnn,random,2,Cc1cc(Nc2cnc(C#N)c(N[C@@H](C)c3ncc(F)cn3)n2)n[nH]1,1.9600000381469727,1.9660327434539795
lipo,gnn,random,2,CC1=C(C2=C(C)C(=O)c3c(cc(O)c(O)c3CCc3ccc(C)cc3)C2=O)C(=O)c2cc(O)c(O)c(CCc3ccc(C)cc3)c2C1=O,3.359999895095825,4.619647026062012
lipo,gnn,random,2,N#Cc1c(-c2ccccc2)nc(SCCc2ccccc2)[nH]c1=O,1.7100000381469727,2.6233253479003906
lipo,gnn,random,2,COc1cc2ncnc(Nc3ccc(F)c(Cl)c3)c2cc1OCCN1CCN(C)CC1,3.299999952316284,2.915930986404419
lipo,gnn,random,2,CCN1CCC[C@H]1CNC(=O)c1c(O)c(Cl)cc(Cl)c1OC,1.090000033378601,0.3843938112258911
lipo,gnn,random,2,CN(CCO)Cc1ccc(-c2cc(C(N)=O)c(NC(N)=O)s2)cc1,0.9700000286102295,1.3353400230407715
lipo,gnn,random,2,C=CCN(C(=O)Nc1ccccc1)C1CCN(CCC(c2ccccc2)c2ccccc2)CC1,3.5999999046325684,4.428795337677002
lipo,gnn,random,2,Cc1ccc2c(c1)c(-c1ccnc3c(C#N)cccc13)c(C)n2CC(=O)O,0.5199999809265137,0.7915987968444824
lipo,gnn,random,2,CC1(C)[C@@H]2CC[C@@]1(CS(=O)(=O)NC1CCN(c3ccc(C(F)(F)F)cn3)CC1)C(=O)C2,3.8399999141693115,3.0958876609802246
lipo,gnn,random,2,CC(CNS(=O)(=O)C(C)C)c1ccc(-c2ccc(C#N)cc2)cc1,3.5,2.7274303436279297
lipo,gnn,random,2,COc1cc2c(cc1OC)C(=O)C(CC1CCN(Cc3ccccc3)CC1)C2,2.4100000858306885,2.6909515857696533
lipo,gnn,random,2,CC(=O)N[C@@H](C)c1ccc(Nc2ncc3cc(-c4ccncc4)ccc3n2)cc1,3.1700000762939453,2.89908504486084
lipo,gnn,random,2,CC(=O)Nc1ccc2c(c1)c(-c1cc(NC3CC3)n3ncc(C#N)c3n1)cn2CCC(=O)O,-0.8700000047683716,0.5819101333618164
lipo,gnn,random,2,CCCSc1nc(NC[C@H]2CC[C@H](C(=O)O)CC2)ccc1C(=O)NC1CCCCC1,2.609999895095825,2.507650375366211
lipo,gnn,random,2,COc1cc2c(Nc3ccc(Cl)cc3F)ncnc2cc1OCC1CCNCC1,1.100000023841858,1.7384371757507324
lipo,gnn,random,2,CS(=O)(=O)c1cccc(Nc2nccc(Nc3c(Cl)ccc4c3OCO4)n2)c1,3.130000114440918,3.1819756031036377
lipo,gnn,random,2,Nc1cccc2c1C(=O)C(=O)c1ccccc1-2,2.950000047683716,2.5029921531677246
lipo,gnn,random,2,O=C(N[C@H](CO)[C@H](O)c1ccc([N+](=O)[O-])cc1)C(Cl)Cl,1.149999976158142,1.5445562601089478
lipo,gnn,random,2,CS(=O)(=O)c1ccc2[nH]c3c(c2c1)CN(C(=O)[C@@H]1CCCC[C@H]1C(=O)NC1(C#N)CC1)CC3,1.5,1.82603120803833
lipo,gnn,random,2,O=C(CS(=O)(=O)c1ccccc1)c1ccccc1,1.8600000143051147,2.4014792442321777
lipo,gnn,random,2,COc1cc(O)cc2occ(-c3ccc(O)cc3)c(=O)c12,2.0,2.9474873542785645
lipo,gnn,random,2,CCCCNc1ccc(C(=O)OCCN(C)C)cc1,2.109999895095825,1.6927008628845215
lipo,gnn,random,2,CCN(C(=O)Cc1ccc(S(C)(=O)=O)cc1)C1CCN(CC[C@@H](c2cc(F)cc(F)c2)N2CCN(S(C)(=O)=O)CC2)CC1,1.25,2.1990394592285156
lipo,gnn,random,2,CN1CCN(C(=O)c2cc(Cc3n[nH]c(=O)c4ccccc34)ccc2F)CC1,1.0299999713897705,1.5931042432785034
lipo,gnn,random,2,O=C(NCc1ccncc1)c1ccc(Oc2ccc(C#CC3(O)CN4CCC3CC4)cc2)cc1,2.4800000190734863,2.446625232696533
lipo,gnn,random,2,O=C(N[C@@H](Cc1ccc(OCCCNc2ccccn2)cc1)C(=O)O)c1c(Cl)cccc1Cl,-0.2199999988079071,-0.21234607696533203
lipo,gnn,random,2,Clc1cccc(Nc2ncnc3ccccc23)c1,3.9000000953674316,3.581244945526123
lipo,gnn,random,2,Nc1nc(Nc2ccc(F)c(Cl)c2)c2nc[nH]c2n1,2.75,2.8824574947357178
lipo,gnn,random,2,CN(C)CCCOc1ccc(-c2cc(C(N)=O)c(NC(N)=O)s2)cc1,0.6399999856948853,1.3165850639343262
lipo,gnn,random,2,C[C@@H]1CN(Cc2ccc(F)cc2)[C@@H](C)CN1C(=O)c1cc2c(C(=O)C(=O)N(C)C)cn(C)c2cc1Cl,3.5999999046325684,2.5790441036224365
lipo,gnn,random,2,COc1ccc2nc(NC(=O)CCc3ccc(OC)c(OC)c3)sc2c1,3.569999933242798,3.6691060066223145
lipo,gnn,random,2,C=CCN(C(=O)NCc1ccc(OC)cc1)C1CCN(CCC(c2ccccc2)c2ccccc2)CC1,3.5999999046325684,4.152772903442383
lipo,gnn,random,2,Cc1ccccc1C(OCCN(C)C)c1ccccc1,1.4700000286102295,2.0347604751586914
lipo,gnn,random,2,CC(C)C(NC(=O)Cn1c(-c2ccccc2)ncc(NC(=O)OCc2ccccc2)c1=O)C(=O)C(F)(F)F,2.119999885559082,2.712981939315796
lipo,gnn,random,2,CNc1c(Br)cnc2[nH]c(-c3ccc(O)cc3)nc12,2.4700000286102295,3.100400447845459
lipo,gnn,random,2,CN(C(=O)Cc1ccc(O)cc1)C1CCN(CCC(c2ccccc2)c2ccccc2)CC1,3.299999952316284,3.4493746757507324
lipo,gnn,random,2,CNC(=O)c1c(F)cccc1Nc1nc(Nc2cc3c(cc2OC)CCN3C(=O)CN(C)C)nc2[nH]ccc12,2.609999895095825,2.9100136756896973
lipo,gnn,random,2,CCC(=O)NCC[C@@H]1CCc2ccc3c(c21)CCO3,2.569999933242798,2.8692166805267334
lipo,gnn,random,2,CNC1=Nc2ncccc2C(c2cc[nH]c2)=NC1c1cccs1,1.7300000190734863,2.364015817642212
lipo,gnn,random,2,c1ccc(Nc2ccccc2)cc1,3.200000047683716,3.518599033355713
lipo,gnn,random,2,COc1ccc(-c2nc3c(OCC4CCNCC4)c(Br)cnc3[nH]2)cc1,1.5499999523162842,1.5840680599212646
lipo,gnn,random,2,Oc1nc(-c2ccccc2)c(-c2ccccc2)o1,3.4200000762939453,3.1787359714508057
lipo,gnn,random,2,O=C(NCC12CC3CC(CC(C3)C1)C2)c1ccnc(NCC2CCNCC2)c1Cl,0.6000000238418579,1.429436445236206
lipo,gnn,random,2,Nc1[nH]nc2ccccc12,1.0,0.8663303852081299
lipo,gnn,random,2,CN(C)C[C@H](O)Cc1ccc(Cl)c(C(=O)NCC23CC4CC(CC(C4)C2)C3)c1,2.190000057220459,2.818967342376709
lipo,gnn,random,2,COCCNCc1ccc(Nc2ncc3cc(-c4ccncc4)ccc3n2)cc1,1.8600000143051147,2.276296615600586
lipo,gnn,random,2,Cc1cnc(NC(=O)Cc2ccccc2)s1,2.9000000953674316,3.007507801055908
lipo,gnn,random,2,CNC(=O)c1ccc2c(=O)cc(-c3cccnc3)[nH]c2c1,1.0099999904632568,1.094212293624878
lipo,gnn,random,2,OC(CCN1CCCC1)(c1ccccc1)C1CCCCC1,1.7799999713897705,2.8508167266845703
lipo,gnn,random,2,Nc1nc(Nc2ccc(S(N)(=O)=O)cc2)nn1C(=O)c1c(F)cccc1F,1.8700000047683716,1.4836519956588745
lipo,gnn,random,2,CCCC(C)(COC(N)=O)COC(=O)NC(C)C,2.009999990463257,2.572967052459717
lipo,gnn,random,2,OCCN1CCN(CCCN2c3ccccc3Sc3ccc(C(F)(F)F)cc32)CC1,3.799999952316284,3.803941011428833
lipo,gnn,random,2,CC(C)Nc1nc(NCc2ccccc2)c2sccc2n1,3.9000000953674316,3.857273578643799
lipo,gnn,random,2,CCCCN(CCNCCc1ccc(O)c2[nH]c(=O)sc12)C(=O)CCOCCc1ccccc1,3.0,2.8763298988342285
lipo,gnn,random,2,O=CN1CC=C(c2c(F)cc(N3C[C@H](COc4ccon4)OC3=O)cc2F)CC1,2.009999990463257,1.7117172479629517
lipo,gnn,random,2,NC(=O)c1cnc(N[C@H]2CCCNC2)c2cc(-c3ccncc3)sc12,0.7699999809265137,1.0833183526992798
lipo,gnn,random,2,CC(C)(C)OC(=O)NCCCSC[C@H]1O[C@@H](n2cnc3c(N)ncnc32)[C@H](O)[C@@H]1O,1.2000000476837158,2.2117183208465576
lipo,gnn,random,2,Cc1nc2ncnn2c(O)c1CCOC(=O)c1ccccc1F,0.9900000095367432,0.6596506834030151
lipo,gnn,random,2,CC(CC(=O)NCc1ccccc1)C1CCCO1,2.0999999046325684,1.8615715503692627
lipo,gnn,random,2,O=c1[nH]c(-c2ccc([N+](=O)[O-])cc2)nc2ccccc12,2.5,2.918144464492798
lipo,gnn,random,2,N#CCNC(=O)[C@@H]1CCCC[C@H]1C(=O)N1CCc2[nH]c3ccc(F)cc3c2C1,2.7699999809265137,3.00064754486084
lipo,gnn,random,2,COc1ccc2[nH]c3c(c2c1)CN(C(=O)[C@@H]1CCCC[C@H]1C(=O)NC1(C#N)CC1)CC3,2.4000000953674316,3.054520606994629
lipo,gnn,random,2,CC(=O)Nc1cc2c(ccn2-c2cc(NC3CC3)n3ncc(C#N)c3n2)cc1C,2.6600000858306885,3.0120911598205566
lipo,gnn,random,2,Cc1c(S(=O)(=O)c2ccc(Cl)cc2)c2c(NS(C)(=O)=O)cccc2n1CC(=O)O,-0.8299999833106995,-0.6943082809448242
lipo,gnn,random,2,Cc1ncc(-c2ccnc(Nc3ccc(C#N)cc3)n2)n1C(C)C,3.619999885559082,3.1161367893218994
lipo,gnn,random,2,C[C@@H]1CN(C(=O)OC(C)(C)C#N)CCN1c1ncc(OCc2ccncc2C#N)cn1,2.299999952316284,2.86205792427063
lipo,gnn,random,2,O=C(CC1CCN(Cc2ccn(-c3ccc(C(F)(F)F)cc3)c2)CC1)NC(c1ccc(F)cc1)c1c[nH]c(=O)c(Cl)c1,3.119999885559082,3.5249977111816406
lipo,gnn,random,2,COc1cc(F)ccc1-c1cncc(CNC2CCCCC2)c1,2.5999999046325684,2.8276336193084717
lipo,gnn,random,2,Cn1c(=O)c2c(ncn2C)n(C)c1=O,-0.029999999329447746,-0.04856228828430176
lipo,gnn,random,2,O=C(NCC12CC3CC(CC(C3)C1)C2)c1cc(CN2C[C@@H]3C[C@H]2CN3)ccc1Cl,1.4500000476837158,2.463467597961426
lipo,gnn,random,2,CC1(C)CCC(NC(=O)[C@@H](N)CCC(=O)O)CC1,-0.27000001072883606,-0.43723535537719727
lipo,gnn,random,2,CC(O)c1ccc2c(c1)N(CCN1CCC(NCc3ccc4c(n3)NC(=O)CO4)CC1)C(=O)CO2,0.25,0.3119102716445923
lipo,gnn,random,2,COc1cc2ncc(C(N)=O)c(Nc3cc(C)ccc3F)c2cc1OC,3.1600000858306885,3.022758960723877
lipo,gnn,random,2,COc1ccc([C@]2(C#N)CC[C@@H](C(=O)O)CC2)cc1OC1CCCC1,0.7599999904632568,1.4582178592681885
lipo,gnn,random,2,Cc1ccc(S(=O)(=O)Nc2c(C(=O)NC3CCOCC3)c(C)nn2-c2ccccc2)cc1,0.1599999964237213,0.7274535894393921
lipo,gnn,random,2,NC(=O)c1cncc(-c2ccc([C@H]3CC[C@H](CC(=O)O)CC3)cc2)c1,0.2199999988079071,0.5378662347793579
lipo,gnn,random,2,O=c1[nH]c2c(O)ccc([C@@H](O)CNCCCSCCOCCc3ccccc3)c2s1,2.299999952316284,2.6175036430358887
lipo,gnn,random,2,Fc1ccc(C2CCN(C(=S)COCc3ccncc3)CC2)c(Cl)c1,4.230000019073486,3.269209861755371
lipo,gnn,random,2,C[C@H]1O[C@@H](n2cnc3c(N)nc(OC(C4CC4)C(F)(F)F)nc32)[C@H](O)[C@@H]1O,1.8300000429153442,2.4259302616119385
lipo,gnn,random,2,NC(=O)c1cccc(OC2CCN(CC3CC3)CC2)c1,0.49000000953674316,1.0945292711257935
lipo,gnn,random,2,CNC(=O)C1(N2CCCCC2=O)CCN(CC[C@H](CN(C)C(=O)c2cc(C#N)cc3ccccc23)c2ccc(Cl)c(Cl)c2)CC1,2.5,2.6562442779541016
lipo,gnn,random,2,Cc1ccc2c(c1)c(S(=O)(=O)c1ccc(Cl)cc1)c(C)n2CC(=O)O,0.05999999865889549,0.7530986070632935
lipo,gnn,random,2,CCCSc1nc(N[C@@H]2C[C@H]2c2ccccc2)c2nnn([C@@H]3C[C@H](OCCO)[C@@H](O)[C@H]3O)c2n1,3.869999885559082,3.6928701400756836
lipo,gnn,random,2,C[C@@](CCc1ccc(-c2ccc(Cl)cc2)cc1)(C(=O)NO)S(C)(=O)=O,2.4000000953674316,2.8266007900238037
lipo,gnn,random,2,O=S(=O)(Nc1nncs1)c1cc(Cl)c(Oc2ccc(C(F)(F)F)cc2-c2ccnnc2)cc1F,1.149999976158142,1.994455099105835
lipo,gnn,random,2,CC1=C(C)C(=O)C(C(CCCCCC(=O)O)c2ccccc2)=C(C)C1=O,2.4800000190734863,2.3132004737854004
lipo,gnn,random,2,O=C(NNc1cccc(Cl)c1)c1cccnc1Cl,1.8700000047683716,2.5291788578033447
lipo,gnn,random,2,O=C(NC[C@@H](O)CN1CCC(Oc2ccc(Cl)c(Cl)c2)CC1)c1c[nH]c(=O)cc1C(F)(F)F,2.7100000381469727,3.0697317123413086
lipo,gnn,random,2,Cc1cn([C@H]2CCCN(S(=O)(=O)c3ccc(O)c(Oc4ccccc4)c3)C2)c(=O)[nH]c1=O,1.4900000095367432,1.6686779260635376
lipo,gnn,random,2,O=C1O[C@]2(CN3CCC2CC3)CN1c1cccs1,0.8999999761581421,0.6328138113021851
lipo,gnn,random,2,CN(C)CC(O)COc1ccc(Nc2ncc(Cl)c(Nc3ccccc3)n2)cc1,2.25,2.7180421352386475
lipo,gnn,random,2,Cc1ccc(S(=O)(=O)NC(=O)N2CCC(N3CCC(Oc4ccc(Cl)c(C)c4Cl)CC3)CC2)cc1,2.200000047683716,2.236119508743286
lipo,gnn,random,2,N#Cc1ccc(-c2cc(NC(N)=O)c(C(=O)N[C@H]3CCCNC3)s2)cc1,0.6100000143051147,1.151496171951294
lipo,gnn,random,2,Cc1ccc(Oc2ccc(Nc3ncnc4[nH]nc(OCCN5CCC(O)CC5)c34)cc2Cl)cn1,3.4000000953674316,3.4035463333129883
lipo,gnn,random,2,Cc1ncc(-c2ccnc(Nc3ccccc3)n2)n1C(C)C,3.5799999237060547,3.316744327545166
lipo,gnn,random,2,COc1cc(N2CCN(C(C)=O)CC2)ccc1Nc1ncc(Br)c(-c2cnc3ccccn23)n1,3.700000047683716,3.5829925537109375
lipo,gnn,random,2,C[C@H]1COCCN1c1cc(C2(S(C)(=O)=O)CC2)nc(-c2cccc3[nH]ccc23)n1,2.799999952316284,2.615081310272217
lipo,gnn,random,2,CS(=O)(=O)N1CCc2c(-c3cnc(N)nc3)nc(N3CCOCC3)nc21,1.2000000476837158,0.7627537250518799
lipo,gnn,random,2,CN(Cc1ccc(Cl)cc1)C(=O)C1(N)CCN(c2ncnc3[nH]ccc23)CC1,2.799999952316284,2.67250657081604
lipo,gnn,random,2,CC(C)C(=O)NCCNCC(O)COc1ccc(O)cc1,-0.15000000596046448,-0.0017142295837402344
lipo,gnn,random,2,CN1CCC(=C2c3ccccc3C=Cc3ccccc32)CC1,3.059999942779541,2.9120841026306152
lipo,gnn,random,2,Cc1cc(CNc2nccc(Nc3cc(C)[nH]n3)n2)on1,1.8600000143051147,1.989783763885498
lipo,gnn,random,2,Cc1c(-c2ccc(O)cc2)n(C)c2ccc(O)cc12,3.799999952316284,3.49674129486084
lipo,gnn,random,2,Cc1nc(C(=O)[C@H](C)Oc2ccc(SCCCCCc3ccccc3)cc2)sc1CCCC(=O)O,2.0299999713897705,3.8593411445617676
lipo,gnn,random,2,CCC(CC)C[C@H](c1ccc(C(=O)O)c(Oc2cccc(Cl)c2)c1)N1CCC[C@H](n2cc(C)c(=O)[nH]c2=O)C1,1.6799999475479126,1.8387125730514526
lipo,gnn,random,2,COc1ccc2cc(C(C)C(=O)O)ccc2c1,0.23000000417232513,0.27915775775909424
lipo,gnn,random,2,COc1cc(N2CCN(C(C)=O)CC2)ccc1Nc1nccc(-c2cnc3ccccn23)n1,3.0,2.905393362045288
lipo,gnn,random,2,CCS(=O)(=O)c1cccc(-c2cc(C(F)(F)F)ccc2OCC(=O)O)c1,-0.6600000262260437,-0.29039525985717773
lipo,gnn,random,2,CCCS(=O)(=O)N1CCCC(C(=O)N2CCC(Cc3ccccc3)CC2)C1,3.440000057220459,3.1486427783966064
lipo,gnn,random,2,COc1cc2c(Nc3ccc(Cl)cc3F)ncnc2cc1OCCn1cncn1,3.200000047683716,2.959791898727417
lipo,gnn,random,2,CCN(CCNCCc1ccc(O)c2[nH]c(=O)sc12)C(=O)CCOCCc1ccccc1,1.9199999570846558,2.2958407402038574
lipo,gnn,random,2,CCn1c(=O)c2c(-c3cc(C#N)cn3C)n(Cc3ccnc4ccc(Cl)cc34)nc2n(CC2CC2)c1=O,4.130000114440918,4.051299095153809
lipo,gnn,random,2,Cc1ccc(C(=O)c2ccc(CC(=O)O)n2C)cc1,-1.0199999809265137,0.10343074798583984
lipo,gnn,random,2,O=C(O)COc1ccc(C(F)(F)F)cc1CN1CCN(S(=O)(=O)c2ccccc2)CC1,0.4000000059604645,0.9826722145080566
lipo,gnn,random,2,N#Cc1ccc2c(c1)NC(=O)C2c1ncnc2cc(OCCCN3CCOCC3)ccc12,2.990000009536743,1.4765920639038086
lipo,gnn,random,2,O=C(O)CCC(=O)N1CCC(c2nc(-c3cccs3)no2)CC1,-1.2699999809265137,-0.1670393943786621
lipo,gnn,random,2,Cc1ccc2c(c1)c(-c1ccnc3ccc(C(F)(F)F)cc13)c(C)n2CC(=O)O,1.7799999713897705,2.0886597633361816
lipo,gnn,random,2,COc1ccccc1CNC(=O)NS(=O)(=O)c1ccc(Cl)cc1,0.8700000047683716,0.8443187475204468
lipo,gnn,random,2,NC(=O)Nc1cc(-c2ccsc2)sc1C(N)=O,2.299999952316284,2.323089838027954
lipo,gnn,random,2,CN(C)N(C)C(=O)[C@@]1(Cc2ccccc2)CCCN(C(=O)[C@@H](Cc2c[nH]c3ccccc23)NC(=O)C(C)(C)N)C1,2.0999999046325684,1.1126309633255005
lipo,gnn,random,2,CCOc1cc2nccc(Oc3cnc(CC(=O)Nc4n[nH]c(CC)c4C)c(OC)c3)c2cc1OC,3.2899999618530273,3.3541994094848633
lipo,gnn,random,2,COc1ccc(C(=O)Nc2cc(NC(=O)c3cccc(N(C)C)c3)ccc2Br)cc1OC,3.490000009536743,3.6268186569213867
lipo,gnn,random,2,COc1c(C)c2c(c(O)c1C/C=C(\C)CCC(=O)OCCN1CCOCC1)C(=O)OC2,2.259999990463257,2.4310061931610107
lipo,gnn,random,2,CN1Cc2c(N)cccc2[C@H](c2ccccc2)C1,2.109999895095825,2.164714813232422
lipo,gnn,random,2,CCC(c1nc2ccsc2c(=O)n1Cc1ccccc1)N(CCCN)C(=O)c1ccc(C(C)C)cc1,2.7200000286102295,2.231215238571167
lipo,gnn,random,2,COc1cc(N2CC3COCC(C2)N3)ccc1Nc1ncc(Cl)c(-c2cnc3ccccn23)n1,3.0,2.463677406311035
lipo,gnn,random,2,Cc1cnc(Nc2nc(N[C@@H](C)c3ncc(F)cn3)nc(N3CCOCC3)c2F)s1,3.2699999809265137,2.9750866889953613
lipo,gnn,random,2,CNC(=O)c1ccc(Nc2nccc(-c3cnc(C)n3C(C)C)n2)cc1,2.690000057220459,2.7538294792175293
lipo,gnn,random,2,NS(=O)(=O)c1ccc2c(C(=O)NC[C@@H](O)CN3CCC(Oc4ccc(Cl)c(Cl)c4)CC3)c[nH]c(=O)c2c1,2.1700000762939453,2.5967555046081543
lipo,gnn,random,2,Cc1ccc2c(c1)c([S+]([O-])c1ccc(Cl)cc1)c(C)n2CC(=O)O,0.05000000074505806,1.4196757078170776
lipo,gnn,random,2,Cc1nc2ccccn2c1-c1ccnc(Nc2cccc(Cl)c2)n1,2.700000047683716,3.8691792488098145
lipo,gnn,random,2,O=C(Nc1ccc(N2CCOCC2)nc1)c1nnc(Nc2cccc(F)c2)o1,3.200000047683716,3.163086414337158
lipo,gnn,random,2,COc1ccc(N2CCN(C(=O)[C@@H]3CCCC[C@H]3C(=O)NCC#N)CC2)cc1,1.600000023841858,1.7170544862747192
lipo,gnn,random,2,Cc1cccc(NS(=O)(=O)c2cccc3nonc23)c1,3.0,2.685739040374756
lipo,gnn,random,2,C1=C(c2cc3ccccc3o2)C2CCN1CC2,2.5899999141693115,3.344031572341919
lipo,gnn,random,2,CNC(=C[N+](=O)[O-])NCCSCc1ccc(CN(C)C)o1,-0.949999988079071,0.8998851776123047
lipo,gnn,random,2,CCN(C(=O)Nc1ccccc1)c1ccccc1,3.0999999046325684,3.688978433609009
lipo,gnn,random,2,CNC(=O)c1cccc(O[C@H]2C[C@H]3CC[C@@H](C2)N3Cc2ccccc2)c1,1.9299999475479126,1.935332179069519
lipo,gnn,random,2,COc1ccc(OC)c(CNC(=O)c2cccnc2Oc2ccccc2)c1,3.5199999809265137,3.526388645172119
lipo,gnn,random,2,CS(=O)(=O)N1CCC(NC(=O)NC23CC4CC(CC(C4)C2)C3)CC1,2.700000047683716,2.6841490268707275
lipo,gnn,random,2,COc1cc(OC)c(S(=O)(=O)N2c3ccccc3CC2C)cc1NC(C)=O,1.9500000476837158,1.9819865226745605
lipo,gnn,random,2,CC(C)Oc1cccc(CC(=O)N2CCC[C@](CC[N+]34CCC(c5ccccc5)(CC3)CC4)(c3ccc(Cl)c(Cl)c3)C2)c1,1.2300000190734863,3.6514718532562256
lipo,gnn,random,2,COc1ccccc1C(C#N)NC(=O)[C@@H]1CCCC[C@H]1C(=O)N1CCN(Cc2ccc(F)cc2)CC1,3.569999933242798,3.195162773132324
lipo,gnn,random,2,CC(=O)Nc1ccc(CNc2[nH]nc3cccc(Oc4ccc(S(C)(=O)=O)cc4)c23)cc1,2.630000114440918,3.0391736030578613
lipo,gnn,random,2,COc1cc2ncc(C(N)=O)c(Nc3ccc(F)cc3F)c2cc1NCCN1CCOCC1,2.680000066757202,2.5611822605133057
lipo,gnn,random,2,Cn1cc(CN2CCc3cc4nc(N)sc4cc3CC2)cn1,1.059999942779541,1.907002568244934
lipo,gnn,random,2,CNS(=O)(=O)c1ccc(Nc2nccc(-c3cnc4cccnn34)n2)cc1,2.799999952316284,2.1561830043792725
lipo,gnn,random,2,COc1ccc2ncc(=O)n(CCN3CC[C@@H](NCc4ccc5c(n4)NC(=O)CO5)[C@H](OC)C3)c2c1,0.9700000286102295,1.0363301038742065
lipo,gnn,random,2,c1cc2c(cc1-c1cnc3n1CCC3)OCCO2,2.3299999237060547,2.986828565597534
lipo,gnn,random,2,C[C@H](NC(=O)Cc1cc(F)cc(F)c1)C(=O)NC1C(=O)N(C)c2ccccc2-c2ccccc21,3.5999999046325684,3.674206256866455
lipo,gnn,random,2,NCC(O)(c1ccc(Cl)cc1)c1ccc(Cl)cc1,2.690000057220459,2.6873340606689453
lipo,gnn,random,2,O=C(NC1Cc2ccccc2N(CC(=O)N2CCC(O)CC2)C1=O)c1cc2cc(Cl)sc2[nH]1,2.859999895095825,3.147027015686035
lipo,gnn,random,2,COc1ccc(C(=O)C2CCN(C(=O)c3ccc(F)cc3)CC2)cc1,2.9200000762939453,2.9986727237701416
lipo,gnn,random,2,CC[C@@H]1C(=O)OC[C@@H]1Cc1cncn1C,-0.3700000047683716,0.6443095207214355
lipo,gnn,random,2,CCOc1ccc(Oc2ccc(S(=O)(=O)NC(=O)c3cccc(-c4ccc(Cl)c(Cl)c4)c3)cc2)cc1,2.940000057220459,2.8895130157470703
lipo,gnn,random,2,CC(NC(C)(C)C)C(=O)c1cccc(Cl)c1,2.119999885559082,1.5740809440612793
lipo,gnn,random,2,O=c1c2ccccc2oc2cccc(O)c12,3.799999952316284,3.18221378326416
lipo,gnn,random,2,c1ccc2[nH]c(CCCc3nc4ccccc4[nH]3)nc2c1,3.5,3.3614249229431152
lipo,gnn,random,2,Nc1ncnc2[nH]ccc12,1.7799999713897705,0.5510720014572144
lipo,gnn,random,2,CCCS(=O)(=O)c1ccc(Nc2nccc(-c3cnc(C)n3C(C)C)n2)cc1,3.369999885559082,3.0948238372802734
lipo,gnn,random,2,COc1cc(F)ccc1-c1cccc(CNC2CCCC2)c1,2.2899999618530273,3.2351388931274414
lipo,gnn,random,2,COc1ccc(C(=O)Nc2cccc(NC(=O)c3ccc(OC)c(OC)c3)n2)cc1OC,3.5,3.21817684173584
lipo,gnn,random,2,COc1ccc(-c2cncc(CNC3CCCC3)n2)c(OC)c1,2.140000104904175,2.2218363285064697
lipo,gnn,random,2,CCC(c1nc2ccsc2c(=O)n1Cc1cscn1)N(CCCN)C(=O)c1ccc(C)cc1,0.019999999552965164,1.1119792461395264
lipo,gnn,random,2,CCn1cc(NC(=O)Cc2ccc(Oc3ccnc4cc(F)ccc34)cc2OC)cn1,3.930000066757202,3.7874364852905273
lipo,gnn,random,2,CCCSc1c(C(=O)NC2CCCCC2)cnn1-c1cccc(C(=O)O)c1,0.699999988079071,0.7329138517379761
lipo,gnn,random,2,Cc1ccc(NC(=O)[C@@H]2CCCN2S(=O)(=O)c2cccc3cccnc23)c(C)c1,3.799999952316284,3.2657275199890137
lipo,gnn,random,2,CON(C)C(=O)c1c(Cn2c(C)nc(Cl)c2Cl)sc2c1c(=O)n(C)c(=O)n2CC(C)C,2.2300000190734863,2.721006393432617
lipo,gnn,random,2,FC(F)(F)c1nnc2ccc(N3CCCCCC3)nn12,3.2899999618530273,3.175509452819824
lipo,gnn,random,2,Cc1cc(Oc2cc(S(=O)(=O)N3CCC[C@H](n4cc(C)c(=O)[nH]c4=O)C3)ccc2O)ccc1Cl,2.4000000953674316,3.0822341442108154
lipo,gnn,random,2,Oc1ccc(-c2nc3ccc(O)cc3s2)cc1,3.6500000953674316,3.6439285278320312
lipo,gnn,random,2,Cc1ccc(NC(=O)c2cccc(N3CCOCC3)c2)cc1NC(=O)c1ccc(OCc2ccccn2)cc1,3.200000047683716,3.1271066665649414
lipo,gnn,random,2,COc1cc(N2CCN(C(C)=O)CC2)ccc1Nc1ncc(Cl)c(-c2cnc3cc(Cl)ccn23)n1,4.199999809265137,3.8303558826446533
lipo,gnn,random,2,Cc1cccc([C@H](C)c2c[nH]c(=S)[nH]2)c1C,2.9000000953674316,2.7544639110565186
lipo,gnn,random,2,C/N=C(\S)n1nc(-c2ccc(Cl)cc2)nc1N,4.119999885559082,0.9555560350418091
lipo,gnn,random,2,Cc1cccc(S(=O)(=O)NC(=O)N2CCC(N3CCC(Oc4ccc(Cl)c(Cl)c4)CC3)CC2)c1,1.840000033378601,2.1013355255126953
lipo,gnn,random,2,O=C(NCc1ccncc1)c1ccc(Oc2ccc(C#C[C@]3(O)CN4CCC3CC4)cc2)cc1,2.4200000762939453,2.670172691345215
lipo,gnn,random,2,CC(C)C[C@H](CO)Nc1nc(SCc2ccccc2F)nc2nc(N)sc12,4.5,4.037945747375488
lipo,gnn,random,2,Cc1c(Sc2ccc(Cl)cc2)c2cc(-c3ccccc3)ccc2n1CC(=O)O,3.700000047683716,2.8946926593780518
lipo,gnn,random,2,COc1ccc(C(C)NC(=O)C2(N)CCN(c3ncnc4[nH]ccc34)CC2)cc1OC,1.7999999523162842,2.3478167057037354
lipo,gnn,random,2,CS(=O)(=O)Nc1cccc(NC(=O)CN2CCN(C(=O)C[C@H](N)Cc3ccc(F)c(F)c3)[C@H](Cc3ccccc3)C2)c1,2.059999942779541,2.2160227298736572
lipo,gnn,random,2,COc1ccnc(CCc2nc3cccnc3[nH]2)c1,1.690000057220459,1.9121886491775513
lipo,gnn,random,2,CC[C@H](NC(=O)c1c([S+](C)[O-])c(-c2ccccc2)nc2ccccc12)c1cccnc1,2.200000047683716,2.6459767818450928
lipo,gnn,random,2,NC(=O)c1cccc(OC2CCN(Cc3ccccc3)CC2)c1,1.9199999570846558,2.461338520050049
lipo,gnn,random,2,Nc1ncc(-c2ccc(F)cc2)[nH]1,1.3899999856948853,2.2723982334136963
lipo,gnn,random,2,CC[C@H](NC(=O)c1c([S+](C)[O-])c(-c2ccccc2)nc2cc(Br)ccc12)c1ccccc1,3.180000066757202,3.855024814605713
lipo,gnn,random,2,CC(C)[C@H](NC(=O)C[C@H](NC(=O)/C=C/c1ccccc1)c1ccccc1)C(=O)[C@@H]1C(=O)NC(=O)[C@H]1C,1.909999966621399,3.3241360187530518
lipo,gnn,random,2,Cc1ncc(-c2nc(Nc3ccc(C(=O)N(C)C)cc3)ncc2F)n1C(C)C,2.7699999809265137,2.885769844055176
lipo,gnn,random,2,Cc1ccc(Nc2c(F)cccc2Cl)c(CC(=O)O)c1,1.0199999809265137,1.8443267345428467
lipo,gnn,random,2,CC(C)(C)Cn1c(CN2C(=O)CC3(CCNCC3)C2=O)cc2cnc(C#N)nc21,0.75,0.772229790687561
lipo,gnn,random,2,COC(=O)COc1ccc(C(=O)Nc2ccc(F)cc2)cn1,2.430000066757202,2.4388232231140137
lipo,gnn,random,2,COc1ccc(NC(=O)c2ccnc(N)n2)cc1,1.7200000286102295,1.7686570882797241
lipo,gnn,random,2,Cc1ccc(COC(=O)N2CCC(CNc3ncccn3)CC2)cc1,3.5999999046325684,3.4275012016296387
lipo,gnn,random,2,Nc1ncnc2c1ncn2Cc1ccccc1,1.5299999713897705,2.057558298110962
lipo,gnn,random,2,Cc1nsc(C)c1CCC1CCN(S(=O)(=O)CC2(N(O)C=O)CCOCC2)CC1,1.5,1.830104112625122
lipo,gnn,random,2,CN1CCN(c2nc(NCCNc3ccc([N+](=O)[O-])cc3)c3ccccc3n2)CC1,2.9100000858306885,3.4447617530822754
lipo,gnn,random,2,COc1cccc([C@@H](C)NCCCc2ccccc2Cl)c1,3.0,3.2186760902404785
lipo,gnn,random,2,CC(C)(C)NS(=O)(=O)c1cncc(-c2ccc3nc(NC(=O)NCC(=O)N4CCCC4)nn3c2)c1,1.3700000047683716,1.6099908351898193
lipo,gnn,random,2,CCc1cc2c(s1)-n1c(C)nnc1CN=C2c1ccccc1Cl,2.5199999809265137,3.1644129753112793
lipo,gnn,random,2,CC(NC(=O)C1(N)CCN(c2ncnc3[nH]ccc23)CC1)c1ccc(F)cc1,2.4000000953674316,2.6657116413116455
lipo,gnn,random,2,COc1ccc(C(=O)Nc2cc(NC(=O)c3cccc(N(C)C)c3)ccc2C)cc1OC,3.119999885559082,3.2609152793884277
lipo,gnn,random,2,COc1ccc([C@@H]2Sc3ccccc3N(CCN(C)C)C(=O)[C@@H]2OC(C)=O)cc1,1.9900000095367432,2.2832744121551514
lipo,gnn,random,2,COc1cc(Nc2nc(N[C@@H](C)c3ncc(F)cn3)nc(N3CCOCC3)c2Cl)n[nH]1,2.8499999046325684,2.61940860748291
lipo,gnn,random,2,COc1ccc(CCN2CN=C(SCc3ccc(Cl)cc3)NC2)cc1OC,2.4100000858306885,2.421915054321289
lipo,gnn,random,2,Clc1ccc(C(c2ccccc2)N2CCNCC2)cc1,1.940000057220459,2.149228811264038
lipo,gnn,random,2,COc1cc(C(=O)O)ccc1Cn1ccc2ccc(NC(=O)OC3CCCC3)cc21,2.0999999046325684,1.900612473487854
lipo,gnn,random,2,CCOC(=O)c1cc2ccc(O)cc2oc1=O,1.2000000476837158,1.5516903400421143
lipo,gnn,random,2,CC(=O)N[C@@H]1CC2(CCN(Cc3ccc4[nH]c5ccccc5c4c3)CC2)c2ccccc21,2.9600000381469727,3.613997220993042
lipo,gnn,random,2,CNS(=O)(=O)Nc1ccc(-c2ccccc2)n(CC(=O)NC(C(=O)C(F)(F)F)C(C)C)c1=O,1.7899999618530273,2.101731538772583
lipo,gnn,random,2,O=C(N[C@@H](Cc1ccc(OCCNc2nc3ccccc3[nH]2)cc1)C(=O)O)c1c(Cl)cccc1Cl,0.6000000238418579,0.436930775642395
lipo,gnn,random,2,O=c1[nH]c2c(O)ccc([C@@H](O)CNCCc3cccc(CNCCCc4ccccc4)c3)c2s1,1.1100000143051147,1.517488956451416
lipo,gnn,random,2,O=C(NS(=O)(=O)N1CCC(N2CCC(Oc3ccc(Cl)c(Cl)c3)CC2)CC1)c1ccccc1,2.140000104904175,2.0225324630737305
lipo,gnn,random,2,O=C(Nc1ccccc1F)N[C@H]1N=C(c2ccccc2)c2ccccc2NC1=O,4.0,4.154633045196533
lipo,gnn,random,2,c1ccc2[nH]c(CCc3nc4ccccc4[nH]3)nc2c1,3.299999952316284,3.0685365200042725
lipo,gnn,random,2,Nc1nc(N)c2cc(Br)ccc2n1,1.7799999713897705,2.0936405658721924
lipo,gnn,random,2,CS(=O)(=O)c1cccc(Nc2nccc(Nc3cccc4ncoc34)n2)c1,2.5,2.918332815170288
lipo,gnn,random,2,N=C(NCc1ccc(Cl)cc1)SCCCc1c[nH]cn1,1.1299999952316284,1.3703312873840332
lipo,gnn,random,2,O=C(COc1ccccc1)c1ccccc1,2.869999885559082,3.3320565223693848
lipo,gnn,random,2,Cc1ccc(S(=O)(=O)N2CCN(C(=O)c3ccco3)CC2)cc1,2.1700000762939453,2.763800621032715
lipo,gnn,random,2,CN(C)C/C=C/C(=O)Nc1cc2c(Nc3ccc(F)c(Cl)c3)ncnc2cc1O[C@H]1CCOC1,3.700000047683716,2.963428258895874
lipo,gnn,random,2,CCN(C)C(=O)c1ccc([C@H](c2cccc(NC(=O)C3CCC3)c2)N2CCN(Cc3cccnc3)CC2)cc1,3.2699999809265137,2.976888656616211
lipo,gnn,random,2,CCN(C(=O)Cc1ccc(S(C)(=O)=O)cc1)C1CCN(CC[C@@H](c2ccccc2)C2CCN(S(C)(=O)=O)CC2)CC1,1.0499999523162842,1.5891958475112915
lipo,gnn,random,2,O=C(O)c1cc(-c2ccc(F)cc2F)ccc1O,0.5899999737739563,0.748938798904419
lipo,gnn,random,2,N#Cc1cccc(-c2cccc(C(=O)O)c2)c1,0.30000001192092896,-0.16350102424621582
lipo,gnn,random,2,c1ccc(-c2c[nH]c(-c3ccccc3)n2)cc1,3.799999952316284,3.4896907806396484
lipo,gnn,random,2,O=C(O)CCc1ccc(OCc2cc(Cl)ccc2-c2ccccc2)cc1,3.2200000286102295,3.071441650390625
lipo,gnn,random,2,CC(Oc1c(Cl)cccc1Cl)C1=NCCN1,0.47999998927116394,1.2209794521331787
lipo,gnn,random,2,CCN1CCN(C(=O)c2cc3cc(F)ccc3[nH]2)CC1,2.2799999713897705,2.4722654819488525
lipo,gnn,random,2,CCC[C@@H](CN1CCCC1)N(C)C(=O)Cc1ccc(Cl)c(Cl)c1,2.2699999809265137,2.940912961959839
lipo,gnn,random,2,Cc1ccc(Oc2ccc(C(=O)NCc3ccncc3)cc2)cc1,3.6500000953674316,3.527392864227295
lipo,gnn,random,2,Oc1c2ncc3ccccc3c2nn1-c1ccccc1,0.800000011920929,1.200265645980835
lipo,gnn,random,2,CC(C)C[C@H](CO)Nc1nc(SCc2ccccc2)nc2nc(N)sc12,4.199999809265137,3.9512228965759277
lipo,gnn,random,2,C[C@@H]1CCCN1CCc1cc2cc(-c3ccc(C#N)cc3)ccc2o1,3.509999990463257,3.1243362426757812
lipo,gnn,random,2,COc1ccc(F)c(F)c1C(=O)c1cnc(NC2CCN(S(C)(=O)=O)CC2)nc1N,2.0799999237060547,2.1318459510803223
lipo,gnn,random,2,CN(C)CCCn1c2c(c3ccccc31)CCCCCC2,2.9600000381469727,2.8359010219573975
lipo,gnn,random,2,O=C1O[C@@H](Cn2nncc2F)CN1c1ccc(C2=CCS(=O)(=O)CC2)c(F)c1,3.5399999618530273,1.4570256471633911
lipo,gnn,random,2,CC1CN(C(=O)c2nnc3c(-c4ncccn4)cccc3c2N)C1,1.2100000381469727,1.4719864130020142
lipo,gnn,random,2,Cc1cc(Cl)ccc1OC1CCN(C[C@H](O)CNC(=O)c2c[nH]c(=O)cc2C(F)(F)F)CC1,2.369999885559082,3.0278916358947754
lipo,gnn,random,2,O=C(NC1CC1)c1cc(-c2cccs2)on1,2.5399999618530273,3.2815022468566895
lipo,gnn,random,2,COc1ccc(C(CNC(=O)Nc2ccccc2)N2CCN(C)CC2)cc1,1.5,2.5670433044433594
lipo,gnn,random,2,O=[N+]([O-])c1ccc(C=NO)o1,1.309999942779541,-1.1916882991790771
lipo,baseline,scaffold,0,Cc1cc2c(C)cc(=O)oc2c2c1NCCC2,2.9,2.8092498595152273
lipo,baseline,scaffold,0,Cc1ccc(NC(=O)c2ccnc(N3CCOCC3)c2)cc1Nc1ccnc(OCC2CCCN(C)C2)n1,1.9,2.101885761903312
lipo,baseline,scaffold,0,C[N+]1(C)[C@@H]2C[C@@H](OC(=O)C(O)(c3cccs3)c3cccs3)C[C@H]1[C@@H]1O[C@@H]12,-0.25,1.4086181629256638
lipo,baseline,scaffold,0,C[C@H](NC(=O)c1cccc2c1N(Cc1ccc(Cl)cc1)CC2)c1ccc(C(=O)O)cc1,1.47,2.4753046217098915
lipo,baseline,scaffold,0,N#CC1(NC(=O)[C@@H]2CCCC[C@H]2C(=O)N2CCN(c3nc4ccncc4s3)CC2)CC1,1.6,1.4925484796688786
lipo,baseline,scaffold,0,Cn1cc(C(=O)NC[C@@H](O)CN2CCC(Oc3ccc(Cl)c(Cl)c3)CC2)c(C(F)(F)F)cc1=O,2.76,3.169908140321347
lipo,baseline,scaffold,0,O=C(NC[C@@H](O)CN1CCC(Oc2ccc(Cl)c(Cl)c2)CC1)c1c[nH]c(=O)cc1C(F)(F)F,2.71,3.220427385146172
lipo,baseline,scaffold,0,Cc1c(Cl)ccc(OC2CCN(C[C@H](O)CNC(=O)c3c[nH]c(=O)cc3C(F)(F)F)CC2)c1Cl,3.14,3.36120146152338
lipo,baseline,scaffold,0,Cc1cc(Cl)ccc1OC1CCN(C[C@H](O)CNC(=O)c2c[nH]c(=O)cc2C(F)(F)F)CC1,2.37,2.7286793911243605
lipo,baseline,scaffold,0,CCOC(=O)/C=C/[C@H](C[C@@H]1CCNC1=O)NC(=O)[C@@H](CC(=O)[C@@H](NC(=O)c1cc(C)on1)C(C)C)Cc1ccc(F)cc1,2.8,2.3023233374554555
lipo,baseline,scaffold,0,C[C@H](Cc1cccc(CC(=O)NC23CC4CC(CC(C4)C2)C3)c1)NC[C@H](O)c1ccc(O)c(CO)c1,2.4,2.152305192094093
lipo,baseline,scaffold,0,CC(C)Nc1nc(C#N)nc(N2CCOCC2)c1N,2.04,2.003622693270951
lipo,baseline,scaffold,0,CCC(C)Nc1nc(C#N)nc(N2CCOCC2)c1N,2.8,1.121132958445394
lipo,baseline,scaffold,0,CC(C)(C)CNc1nc(C#N)nc(N2CCOCC2)c1N,3.08,2.432386000527069
lipo,baseline,scaffold,0,CC(C)CNc1nc(C#N)nc(N2CCOCC2)c1N,2.79,2.3656063993052014
lipo,baseline,scaffold,0,O=C(CCc1ccccc1O)Nc1ccccc1,2.71,3.2283856176804475
lipo,baseline,scaffold,0,O=C(NC[C@@H](O)CN1CCC(Oc2ccc(Cl)c(Cl)c2)CC1)c1n[nH]c(=O)c2ccccc12,3.69,2.855675751349598
lipo,baseline,scaffold,0,CC[C@H]1OC(=O)[C@H](C)[C@@H](O[C@H]2C[C@@](C)(OC)[C@@H](O)[C@H](C)O2)[C@H](C)[C@@H](O[C@@H]2O[C@H](C)C[C@H](N(C)C)[C@H]2O)[C@](C)(O)C[C@@H](C)/C(=N\OCOCCOC)[C@H](C)[C@@H](O)[C@]1(C)O,1.8,2.3843410114201866
lipo,baseline,scaffold,0,CC(=O)NC[C@H]1CN(c2ccc(-n3cc(C#N)nn3)c(F)c2)C(=O)O1,0.8,0.767138011838651
lipo,baseline,scaffold,0,CNC(=O)c1ccccc1Sc1ccc2c(/C=C/c3ccccn3)n[nH]c2c1,3.8,3.5764941612703236
lipo,baseline,scaffold,0,CC(C)(C)OC(=O)N1CCC(OCc2nc(-c3ccncc3)no2)CC1,3.0,2.8146245347267524
lipo,baseline,scaffold,0,COc1ccc(Cn2cc3c(=O)n(C)c(=O)n(CC(C)C)c3c2)cc1,3.52,2.3163349712769015
lipo,baseline,scaffold,0,O=C1CCC(=O)N1C(CCc1ccncc1)COc1ccc(-c2cccc([N+](=O)[O-])c2)cc1,3.88,2.981192847613539
lipo,baseline,scaffold,0,O=C1/C(=N\O)c2ccccc2N1Cc1ccccc1[N+](=O)[O-],2.07,2.1768396759202133
lipo,baseline,scaffold,0,O=C1CCOc2nc(COc3ccccc3)ccc21,2.3,2.9411567242509142
lipo,baseline,scaffold,0,CC[C@@H]1C(=O)OC[C@@H]1Cc1cncn1C,-0.37,1.0479992645103482
lipo,baseline,scaffold,0,CN(C)CCCC1(c2ccc(F)cc2)OCc2cc(C#N)ccc21,1.56,2.4385772795820246
lipo,baseline,scaffold,0,CN(C)CCC[C@@]1(c2ccc(F)cc2)OCc2cc(C#N)ccc21,1.48,2.4385772795820246
lipo,baseline,scaffold,0,COc1cc2ncnc(Nc3cc(NC(=O)c4ccnc(N5CCOCC5)c4)ccc3C)c2cc1OCCN(C(C)C)C(C)C,3.5,3.0126766735404105
lipo,baseline,scaffold,0,Fc1ccc(-n2cc(C3CCNCC3)c3cc(Cl)ccc32)cc1,2.4,2.1500644264320856
lipo,baseline,scaffold,0,Oc1cc(-c2ccccc2)nc2ncnn12,-0.21,1.3966434663393028
lipo,baseline,scaffold,0,Clc1ccc(C2=CSC3=NCCN23)cc1Cl,1.54,3.447491234961568
lipo,baseline,scaffold,0,CCC1(c2ccccc2)C(=O)NC(=O)NC1=O,0.05,0.6778551995353524
lipo,baseline,scaffold,0,O=c1[nH]c2c(O)ccc([C@@H](O)CNCCc3cccc(CNCCc4ccccn4)c3)c2s1,-0.07,5.9805863893788334e-05
lipo,baseline,scaffold,0,O=C(O)c1[nH]c2cc(Cl)cc(Cl)c2c1/C=C1\CCN(c2ccccc2)C1=O,1.85,2.333318090446955
lipo,baseline,scaffold,0,COc1ccc(NC(=O)c2ccc(-c3ccncc3)c(C)c2)cc1N1CCN(C)CC1,2.56,3.048332900551785
lipo,baseline,scaffold,0,CSc1ccc(C(=O)C(C)(C)N2CCOCC2)cc1,3.49,1.8279539196214019
lipo,baseline,scaffold,0,COc1ccccc1CN[C@H]1CCCN[C@H]1c1ccccc1,1.5,2.014040149630471
lipo,baseline,scaffold,0,COc1ccc(OC(F)(F)F)cc1CN[C@H]1CCCN[C@H]1c1ccccc1,2.9,3.638031147677427
lipo,baseline,scaffold,0,CCC(c1nc2ccsc2c(=O)n1Cc1ccccc1)N(CCCN)C(=O)c1ccc(C)nc1,2.56,0.7503446702508777
lipo,baseline,scaffold,0,CC(C)Cn1c(=O)n(C)c(=O)c2cn(Cc3cccc4ccccc34)cc21,4.41,3.66632222603857
lipo,baseline,scaffold,0,CC(C)Cn1c(=O)n(C)c(=O)c2c(SCCCO)n(Cc3cccc4ccccc34)cc21,4.36,3.623716919843717
lipo,baseline,scaffold,0,CC(C)n1c(=O)n(C)c(=O)c2cn(Cc3cccc4ccccc34)cc21,3.97,3.56843992759303
lipo,baseline,scaffold,0,Cc1nc(-c2ccc(CN3CCC(N(C)C(=O)Cc4ccc(-n5cnnn5)cc4)CC3)cc2)no1,2.1,2.359047834192865
lipo,baseline,scaffold,0,CS(=O)(=O)c1ccc(CC(=O)N(C2CC2)C2CCN(CCC(c3ccccc3)c3ccccc3)CC2)cc1,2.89,2.8993971382260124
lipo,baseline,scaffold,0,CCC(CC)NC(=O)c1cnn(-c2ccccc2Cl)c1NS(=O)(=O)c1ccc(C)cc1,0.65,1.6472886122777646
lipo,baseline,scaffold,0,CCC(C)NC(=O)c1c(C)nn(-c2ccccc2)c1NS(=O)(=O)c1ccc(C)cc1,0.66,0.24951967901784486
lipo,baseline,scaffold,0,CCC(CC)NC(=O)c1cnn(-c2ccccc2)c1NS(=O)(=O)c1ccc(C)cc1,0.79,0.7166885884484012
lipo,baseline,scaffold,0,Cc1ccc(S(=O)(=O)Nc2c(C(=O)N[C@H](C)C(C)(C)C)c(C)nn2-c2ccccc2)cc1,1.2,1.3447228323845244
lipo,baseline,scaffold,0,CNC(=O)c1cnn(-c2ccccc2)c1NS(=O)(=O)c1ccc(C)cc1,-0.54,0.7844243236458346
lipo,baseline,scaffold,0,Cc1ccc(S(=O)(=O)Nc2c(C(=O)NC(C)C(C)(C)C)c(C)nn2-c2ccccc2)cc1,1.21,1.3447228323845244
lipo,baseline,scaffold,0,Cc1nn(-c2ccc(F)cc2)c(NS(=O)(=O)c2ccc(C#N)cc2)c1C(=O)N[C@@H](C)C(C)(C)C,0.45,1.2747000401697928
lipo,baseline,scaffold,0,Cc1ccc(S(=O)(=O)Nc2c(C(=O)NCC(C)(C)C)c(C)nn2-c2ccccc2)cc1,1.46,1.14770567887431
lipo,baseline,scaffold,0,Cc1ccc(S(=O)(=O)Nc2c(C(=O)N[C@@H](C)C(C)(C)C)c(C(F)(F)F)nn2-c2ccccc2)cc1,2.35,2.0921811053854964
lipo,baseline,scaffold,0,Cc1ccc(S(=O)(=O)Nc2c(C(=O)NC(C)C)c(C)nn2-c2ccccc2)cc1,0.46,0.8893085629839907
lipo,baseline,scaffold,0,Cc1ccc(S(=O)(=O)Nc2c(C(=O)N[C@@H](C)C(C)(C)C)c(C)nn2-c2ccccc2)cc1,1.44,1.3447228323845244
lipo,baseline,scaffold,0,Cc1nn(-c2ccc(F)cc2)c(NS(=O)(=O)c2ccc(C(F)(F)F)cc2)c1C(=O)N[C@@H](C)C(C)(C)C,2.35,1.9072337249631581
lipo,baseline,scaffold,0,CCC(CC)NC(=O)c1c(C)nn(-c2ccccc2)c1NS(=O)(=O)c1ccc(C)cc1,1.35,1.190737593653939
lipo,baseline,scaffold,0,C[C@H](CO)Nc1nc(SCc2ccco2)nc2[nH]c(=O)sc12,2.21,2.129745201893262
lipo,baseline,scaffold,0,CN(C)CCCOc1nn(Cc2ccccc2)c2ccccc12,2.4,2.703235598552016
lipo,baseline,scaffold,0,CC(C)(C)c1cc2nc3c(c(O)n2n1)CN(Cc1ccccc1)C3=O,1.9,2.334907786898855
lipo,baseline,scaffold,0,COc1cc([C@@H]2c3cc4c(cc3C(O[C@@H]3O[C@@H]5CO[C@@H](C)O[C@H]5[C@H](O)[C@H]3O)C3COC(=O)[C@@H]32)OCO4)cc(OC)c1O,0.91,0.980796355355824
lipo,baseline,scaffold,0,CC(=O)NCc1ccc(CN2CCN(c3ccccc3)CC2)cc1,1.78,2.4981041797984265
lipo,baseline,scaffold,0,CC(=O)NCc1ccc(CN2CCN(c3ccc(F)cc3F)CC2)cc1,2.5,2.9008503143402824
lipo,baseline,scaffold,0,Cc1nc(-c2ccc(CN3CCC(n4c(=O)[nH]c5ccccc54)CC3)cc2)c(-c2ccccc2)[nH]c1=O,3.8,3.8645434617606784
lipo,baseline,scaffold,0,O=C(CO)N1CCC[C@@H]1COc1cccc2ncnc(Nc3ccc(OCc4ccccn4)c(Cl)c3)c12,3.71,3.300741341719439
lipo,baseline,scaffold,0,O=C(CO)N1CCC[C@H]1COc1cccc2ncnc(Nc3ccc(OCc4ccccn4)c(Cl)c3)c12,3.62,3.300741341719439
lipo,baseline,scaffold,0,COc1ccc(COc2ccc(Cc3cnc(N)nc3N)cc2OC)cc1,2.27,2.9433992584298103
lipo,baseline,scaffold,0,CC(C)C[C@H](CO)Nc1nc(SCc2ccccc2F)nc2nc(N)sc12,4.5,4.218503208885315
lipo,baseline,scaffold,0,C[C@@H](O)[C@@H](CO)Nc1nc(SCc2cccc(F)c2F)nc2nc(N)sc12,2.83,2.853088544264044
lipo,baseline,scaffold,0,CC(C)C[C@H](CO)Nc1nc(SCc2ccccc2)nc2nc(N)sc12,4.2,3.6888387564229093
lipo,baseline,scaffold,0,C[C@H](CO)Nc1nc(SCc2ccccc2F)nc2nc(N)sc12,3.12,3.340888982088544
lipo,baseline,scaffold,0,C[C@H](CO)Nc1nc(SCc2cccc(Cl)c2)nc2nc(N)sc12,3.31,3.4945372118363798
lipo,baseline,scaffold,0,CC(C)(CO)Nc1nc(SCc2cccc(F)c2F)nc2nc(N)sc12,3.37,3.487289892730074
lipo,baseline,scaffold,0,CC(CO)(CO)Nc1nc(SCc2cccc(F)c2F)nc2nc(N)sc12,2.87,2.741162094233984
lipo,baseline,scaffold,0,CCC[C@H](CO)Nc1nc(SCc2ccccc2)nc2nc(N)sc12,3.8,3.6408956556701506
lipo,baseline,scaffold,0,Nc1nc2nc(SCc3ccccc3)nc(N)c2s1,3.1,3.0879497776887175
lipo,baseline,scaffold,0,CC[C@H](CO)Nc1nc(SCc2ccccc2)nc2nc(N)sc12,3.27,3.0996447740539654
lipo,baseline,scaffold,0,Nc1nc2nc(SCc3cccc(F)c3F)nc(O)c2s1,2.5,2.897725845907983
lipo,baseline,scaffold,0,C[C@H](CO)Nc1nc(SCc2ccccc2)nc2nc(N)sc12,3.12,2.874633247598674
lipo,baseline,scaffold,0,CC[C@@H](CO)Nc1nc(SCc2ccccc2)nc2nc(N)sc12,2.99,3.0996447740539654
lipo,baseline,scaffold,0,CC(C)C[C@H](CO)Nc1nc(SCc2cccc(C#N)c2)nc2nc(N)sc12,3.9,3.853888953929061
lipo,baseline,scaffold,0,CNc1nc2nc(SCc3cccc(F)c3F)nc(N[C@H](C)CO)c2s1,3.7,3.5996796907079194
lipo,baseline,scaffold,0,C[C@H](CO)Nc1nc(SCc2cccc(F)c2F)nc2nc(N)sc12,3.29,3.4382434706694496
lipo,baseline,scaffold,0,C[C@H](CO)Nc1nc(SCc2cccc(F)c2F)nc2nc(NS(C)(=O)=O)sc12,0.92,3.0529974560298565
lipo,baseline,scaffold,0,CCN(C(=O)Cc1ccc(S(C)(=O)=O)cc1)C1CCN(CCC(c2ccccc2)N2CCC(C(C)=O)CC2)CC1,0.9,2.0926465509524235
lipo,baseline,scaffold,0,Cn1c(N)nc(CCc2cccc(-c3ccccc3)c2)cc1=O,3.8,3.001239958341935
lipo,baseline,scaffold,0,Cc1[nH]c(/C=C2\C(=O)Nc3ccc(F)cc32)c(C)c1C(=O)NC[C@H](O)CN1CCOCC1,2.22,2.1353780789642576
lipo,baseline,scaffold,0,Cc1nc(C)c(-c2ccc(C34CCC(C(=O)O)(CC3)CC4)cc2)nc1C(N)=O,1.3,1.900528859737415
lipo,baseline,scaffold,0,Cc1nc(C)c(-c2ccc(C34CCC(CC(=O)O)(CC3)CC4)cc2)nc1C(N)=O,1.6,0.8870597367342448
lipo,baseline,scaffold,0,C1CCc2c(c3c(N4CCCC4)nc(N4CCCC4)nc3n2CCN2CCOCC2)C1,3.6,2.8984738799723915
lipo,baseline,scaffold,0,COc1ccc(-c2csc(N(CCCN3CCOCC3)C(=O)c3ccco3)n2)cc1,3.34,3.1318477948525305
lipo,baseline,scaffold,0,Cc1onc(C(N)=O)c1C(=O)Nc1nccs1,1.63,0.5265148977640833
lipo,baseline,scaffold,0,Cc1onc(CO)c1C(=O)Nc1nccs1,1.53,0.5250470799530329
lipo,baseline,scaffold,0,CC(=O)c1noc(C)c1C(=O)Nc1nccs1,1.94,1.0713484661334274
lipo,baseline,scaffold,0,CC(C)C(NC(=O)Cn1c(-c2ccccc2)ccc(NC(=O)Cc2ccccc2C(=O)O)c1=O)C(=O)C(F)(F)F,1.14,0.8749547779280415
lipo,baseline,scaffold,0,CC(C)C(NC(=O)Cn1c(-c2ccccc2)ccc(NC(=O)Cc2cccc(C(=O)O)c2)c1=O)C(=O)C(F)(F)F,0.68,0.6783976783022416
lipo,baseline,scaffold,0,CC(C)C(NC(=O)Cn1c(-c2ccccc2)ccc(NC(=O)Cc2ccc(C(=O)O)cc2)c1=O)C(=O)C(F)(F)F,0.35,0.5107345888503392
lipo,baseline,scaffold,0,O=c1c2ccccc2nc2n1CCS2(=O)=O,0.8,0.07413502935757346
lipo,baseline,scaffold,0,C[C@@H]1CN(c2ncc(F)cn2)CCN1c1ncc(OCc2ccncc2C#N)cn1,3.4,2.930276036337518
lipo,baseline,scaffold,0,O=C1CCC(=O)N1c1cc(Cc2n[nH]c(=O)c3ccccc23)ccc1F,1.0,1.8653025076322534
lipo,baseline,scaffold,0,CC(C)NC(=O)c1cnc(N2CCC(N3C(=O)OCc4ccccc43)CC2)c(Cl)c1,3.57,3.0743665832887204
lipo,baseline,scaffold,0,CCCSc1nc(N2CCOCC2)ccc1C(=O)N[C@H]1C2CC3CC1C[C@](O)(C3)C2,3.2,2.771140751667501
lipo,baseline,scaffold,0,O=C(c1ccc(F)cc1)N1CCC[C@H](c2nc(-c3ccc(F)cc3)no2)C1,3.73,2.4182819275878003
lipo,baseline,scaffold,0,O=C(c1scc2c1CCCC2)N1CCCCC1,3.16,2.826584248050173
lipo,baseline,scaffold,0,COc1ccc([C@]2(O)CC[C@H](N3CC[C@@H](NC(=O)CNC(=O)c4cccc(C(F)(F)F)c4)C3)CC2)cn1,1.72,2.795335733623662
lipo,baseline,scaffold,0,O=C(CSc1ccncc1)Nc1ccc(C(=O)c2ccccc2)cc1,3.6,3.5686711570769125
lipo,baseline,scaffold,0,Cc1cn([C@H]2CCCN([C@H](CC3CCCCC3)c3ccc(C(=O)O)c(Oc4cccc(Cl)c4)c3)C2)c(=O)[nH]c1=O,1.83,1.6838469795159492
lipo,baseline,scaffold,0,O=C1O[C@@H](COc2ccon2)CN1c1ccc(C2=CCOCC2)c(F)c1,2.61,2.450678520920758
lipo,baseline,scaffold,0,O=c1[nH]n(C(c2ccccn2)C2CC2)c(=O)c2c(O)c3ccc(Cl)cc3nc12,1.0,0.9854316772671726
lipo,baseline,scaffold,0,Cc1ccc(C(=O)c2ccc(CC(=O)O)n2C)cc1,-1.02,0.2922456248428129
lipo,baseline,scaffold,0,CC(=O)Nc1cc(CN2C(=O)N(c3ccc(SC(F)(F)F)cc3)C(=O)C2(C)C)ccn1,2.93,2.9985250837847044
lipo,baseline,scaffold,0,N#Cc1cccc(-c2nc(-c3ccccn3)no2)c1,2.2,2.499088165502129
lipo,baseline,scaffold,0,C[C@H](CO)Nc1nc(SCc2ccccc2)nc2[nH]c(=O)[nH]c12,2.75,2.315460606304491
lipo,baseline,scaffold,0,Cc1nc2nc(-c3cccnc3)nn2c(O)c1Cc1ccccc1,1.52,1.8447188952438494
lipo,baseline,scaffold,0,O=S(=O)(Cc1cc(Cl)cc(Cl)c1)NCC(c1ccccc1)N1CCCCCC1,3.23,3.2077300018545785
lipo,baseline,scaffold,0,O=S(=O)(Cc1ccccc1)NCC(c1ccccc1)N1CCCCCC1,2.83,2.7072094574038945
lipo,baseline,scaffold,0,O=C(c1ccc(F)cc1)C1CCN(C(=O)NCc2ccccc2)CC1,3.15,2.9311151891375817
lipo,baseline,scaffold,0,O=c1oc2ccccc2c(O)c1Cc1c(O)c2ccccc2oc1=O,1.22,1.89510884217384
lipo,baseline,scaffold,0,Nc1cc(C(=O)Nc2cccc(-c3nnn[nH]3)c2)cc(C(F)(F)F)c1,0.2,1.7498889209580066
lipo,baseline,scaffold,0,O=C(Nc1cccc(-c2nnn[nH]2)c1)c1cc(O)cc(C(F)(F)F)c1,0.8,1.8543524755537444
lipo,baseline,scaffold,0,FC(F)(F)c1nnc2ccc(N3CCCC3)nn12,2.41,2.1320219423791134
lipo,baseline,scaffold,0,Cn1cc[nH]c1=S,-0.42,0.9427229369303423
lipo,baseline,scaffold,0,CCN(CC)c1ccc2cc(C(=O)O)c(=O)oc2c1,-0.2,-0.3557730890521539
lipo,baseline,scaffold,0,CCN(CC)c1ccc2cc(C(C)=O)c(=O)oc2c1,2.0,2.079868308979469
lipo,baseline,scaffold,0,Cc1c(CCC(=O)O)c(=O)oc2cc(O)ccc12,-0.7,-0.3764856194187605
lipo,baseline,scaffold,0,Cc1c(CCC(=O)O)c(=O)oc2c(C)c(O)ccc12,-0.3,-0.3009098746216697
lipo,baseline,scaffold,0,CCOC(=O)c1cc2ccc(O)cc2oc1=O,1.2,1.6231439753675247
lipo,baseline,scaffold,0,CCOc1ccc2ccc(=O)oc2c1,2.2,2.3541843528673447
lipo,baseline,scaffold,0,CC(=O)c1cc2ccc(O)cc2oc1=O,0.87,1.9010824602776657
lipo,baseline,scaffold,0,COc1ccccc1Oc1c(NS(=O)(=O)c2ccc(C(C)(C)C)cc2)nc(-c2ncccn2)nc1OCCO,1.03,1.6963158968598722
lipo,baseline,scaffold,0,O=c1[nH][nH]c(=O)c2c(O)c3c(Cl)cc(Cl)cc3nc12,0.89,1.6730597762798909
lipo,baseline,scaffold,0,OCCN(CCO)c1nc(N2CCCCC2)c2nc(N(CCO)CCO)nc(N3CCCCC3)c2n1,3.97,1.0157193304230372
lipo,baseline,scaffold,0,C[C@@H](Oc1cccc2ncnc(Nc3ccc4c(cnn4Cc4ccccn4)c3)c12)C(=O)N(C)C,2.89,3.539408540692872
lipo,baseline,scaffold,0,CNC(=O)c1snnc1-c1ccccc1,1.23,1.2036237584836988
lipo,baseline,scaffold,0,Cc1cnc(Nc2cc(N3CCN(C)CC3)nc(N[C@@H](C)c3ccc(F)cn3)n2)s1,2.9,3.2454477415868714
lipo,baseline,scaffold,0,CN1CCN(C(=O)c2cc3cc(Br)ccc3[nH]2)CC1,2.79,2.1455212709233367
lipo,baseline,scaffold,0,CN1CCN(C(=O)c2cc3ccccc3n2C)CC1,1.71,1.380206660387982
lipo,baseline,scaffold,0,CCN1CCN(C(=O)c2cc3cc(Cl)ccc3[nH]2)CC1,3.14,2.639136097124383
lipo,baseline,scaffold,0,CCN1CCN(C(=O)c2cc3cc(F)ccc3[nH]2)CC1,2.28,2.1921181234678215
lipo,baseline,scaffold,0,CN1CCN(C(=O)c2cc3cc(Cl)ccc3[nH]2)CC1,2.4,2.2065051674734346
lipo,baseline,scaffold,0,O=C(c1cc2ccccc2[nH]1)N1CCNCC1,0.6,1.0359961427973219
lipo,baseline,scaffold,0,CN1CCN(C(=O)c2cc3ccccc3[nH]2)CC1,1.7,1.7416118538912828
lipo,baseline,scaffold,0,Cc1ccc2[nH]c(C(=O)N3CCN(C)CC3)cc2c1,2.22,1.732172482977546
lipo,baseline,scaffold,0,CN1CCN(C(=O)c2cc3cc(F)ccc3[nH]2)CC1,1.97,1.926994830162877
lipo,baseline,scaffold,0,O=C(c1cc2cc(Cl)ccc2[nH]1)N1CCNCC1,1.65,1.4626092642816555
lipo,baseline,scaffold,0,COc1ccc2[nH]c(C(=O)N3CCN(C)CC3)cc2c1,1.62,1.4243658113886684
lipo,baseline,scaffold,0,CCN1CCN(C(=O)c2cc3ccccc3[nH]2)CC1,1.95,2.03068217095901
lipo,baseline,scaffold,0,CC1CN(C(=O)c2cc3ccccc3[nH]2)CCN1,0.94,1.490820547578342
lipo,baseline,scaffold,0,COC[C@H](C)Oc1cc(Oc2cc(F)cc(F)c2)cc(C(=O)Nc2ccc(C(=O)O)cn2)c1,1.36,1.0918219636720832
lipo,baseline,scaffold,0,COC[C@H](C)Oc1cc(Oc2ccccc2)cc(C(=O)Nc2ccc(C(=O)O)cn2)c1,0.95,1.293304247533603
lipo,baseline,scaffold,0,COC[C@H](C)Oc1cc(Oc2ccc(S(C)(=O)=O)cc2)cc(C(=O)Nc2ccc(C(=O)O)cn2)c1,-0.41,-0.11524129094033571
lipo,baseline,scaffold,0,COC[C@H](C)Oc1cc(Oc2ccc(Cl)cc2)cc(C(=O)Nc2ccc(C(=O)O)cn2)c1,1.69,1.400381581591326
lipo,baseline,scaffold,0,COc1cc(OC)c(S(=O)(=O)NCc2ccccc2N2CCCCC2)cc1NC(=O)CCC(=O)O,-0.72,0.22821619650011044
lipo,baseline,scaffold,0,COc1cc(OC)c(S(=O)(=O)NCc2ccccc2N2CCC(CO)CC2)cc1NC(C)=O,1.03,1.2226571491298326
lipo,baseline,scaffold,0,CC1(C(=O)NC2CCCCC2)CCC(=O)N1Cc1cccs1,2.15,2.5835003938336274
lipo,baseline,scaffold,0,COc1cc2ncnc(Nc3cc(NC(=O)c4ccnc(N5CCOCC5)c4)ccc3C)c2cc1OCCN1CCOCC1,3.19,2.8142805808001876
lipo,baseline,scaffold,0,Cc1c(-c2ccccc2F)c(=O)n(C[C@H](N)c2ccccc2)c(=O)n1Cc1c(F)cccc1F,2.76,2.656711803510269
lipo,baseline,scaffold,0,CNC(=O)c1c(F)cccc1Nc1nc(Nc2cc3c(cc2OC)CCN3C(=O)CN(C)C)nc2[nH]ccc12,2.61,2.1587082418833226
lipo,baseline,scaffold,0,COc1c(C)c2c(c(O)c1C/C=C(\C)CCC(=O)OCCN1CCOCC1)C(=O)OC2,2.26,1.7410891501525554
lipo,baseline,scaffold,0,CNC(=O)c1[nH]cnc1C(=O)Nc1ccc(OC)cc1,2.2,0.9027330973152236
lipo,baseline,scaffold,0,c1ccc(Sc2ccc3ccccc3n2)cc1,3.92,3.7348379022925493
lipo,baseline,scaffold,0,CN1CCN2c3ncccc3Cc3ccccc3C2C1,2.82,1.900260152603921
lipo,baseline,scaffold,0,CN[C@@H](C)C(=O)N[C@H](C(=O)N[C@H]1CCCN(C(=O)c2ccccc2)C1)C1CCCCC1,0.87,1.1415394148602893
lipo,baseline,scaffold,0,COc1cc2ncnc(Nc3ccc(F)c(Cl)c3)c2cc1OCCCN1CCCC1,3.13,3.310363079206248
lipo,baseline,scaffold,0,CCc1ccc(CCOc2ccc(CC3SC(=O)NC3=O)cc2)nc1,2.8,3.3520144438961377
lipo,baseline,scaffold,0,C=CCOc1cc(-c2cccc3c(=O)cc(N4CCOCC4)oc23)ccc1NC(=O)CN1CCOCC1,3.0,2.4439009503166784
lipo,baseline,scaffold,0,CC(C)Oc1cc(-c2cccc3c(=O)cc(N4CCOCC4)oc23)ccc1NC(=O)CN1CCOCC1,3.0,2.678502536144044
lipo,baseline,scaffold,0,CC(C)COc1cc(-c2cccc3c(=O)cc(N4CCOCC4)oc23)ccc1NC(=O)CN1CCOCC1,3.8,3.038759664193587
lipo,baseline,scaffold,0,COc1cc(-c2cccc3c(=O)cc(N4CCOCC4)oc23)ccc1NC(=O)CN1CCOCC1,2.3,2.2759739252474414
lipo,baseline,scaffold,0,CCOc1cc(-c2cccc3c(=O)cc(N4CCOCC4)oc23)ccc1NC(=O)CN1CCOCC1,2.8,2.5667444473134418
lipo,baseline,scaffold,0,O=C(CN1CCOCC1)Nc1ccc(-c2cccc3c(=O)cc(N4CCOCC4)oc23)cc1O,2.4,2.2340606430080587
lipo,baseline,scaffold,0,O=C(N[C@@H](Cc1ccc(CCCCNc2ccccn2)cc1)C(=O)O)c1c(Cl)cccc1Cl,0.51,0.6681592759254462
lipo,baseline,scaffold,0,COc1ccccc1-c1nnc(N)[nH]1,0.91,0.4952392305864625
lipo,baseline,scaffold,0,COc1cc(F)ccc1-c1cncc(CNC(=O)C2CC2)c1,2.9,2.8183666410813344
lipo,baseline,scaffold,0,Cn1sc(NC(=O)c2cccc(Cl)c2)nc1=O,0.87,2.205061490525153
lipo,baseline,scaffold,0,Cn1sc(NC(=O)c2ccccc2)nc1=O,1.13,1.4182688725824537
lipo,baseline,scaffold,0,COc1cccc(CNCc2cccc(CCNC[C@H](O)c3ccc(O)c4[nH]c(=O)sc34)c2)c1,0.91,0.4559980429946989
lipo,baseline,scaffold,0,COc1ccccc1CN(C)Cc1cccc(CCNC[C@H](O)c2ccc(O)c3[nH]c(=O)sc23)c1,1.52,1.6551363844664377
lipo,baseline,scaffold,0,COc1ccc(CNCc2cccc(CCNC[C@H](O)c3ccc(O)c4[nH]c(=O)sc34)c2)cc1,0.86,0.41416951044959194
lipo,baseline,scaffold,0,O=c1[nH]c2c(O)ccc([C@@H](O)CNCCc3cccc(CNCc4ccccc4Cl)c3)c2s1,1.85,1.531993067157555
lipo,baseline,scaffold,0,O=c1[nH]c2c(O)ccc([C@@H](O)CNCCc3cccc(CNCc4ccccc4F)c3)c2s1,0.69,1.123948870715544
lipo,baseline,scaffold,0,CCOc1ccccc1CNCc1cccc(CCNC[C@H](O)c2ccc(O)c3[nH]c(=O)sc23)c1,1.13,1.1557486462532247
lipo,baseline,scaffold,0,Oc1ccc2c3c1O[C@H]1c4[nH]c5ccccc5c4C[C@@]4(O)[C@@H](C2)N(CC2CC2)CC[C@]314,2.7,1.9517493455218904
lipo,baseline,scaffold,0,Cc1cc(C(=O)Cn2cc(C(F)(F)F)ccc2=O)c(C)n1Cc1ccccc1,3.46,3.4665427721608157
lipo,baseline,scaffold,0,COc1cccc(-c2c[nH]c(-c3ccccc3)n2)c1,3.8,3.409654812480032
lipo,baseline,scaffold,0,c1ccc(-c2c[nH]c(-c3ccccc3)n2)cc1,3.8,3.7451055043592425
lipo,baseline,scaffold,0,CNc1nc(C)c(-c2nc(Nc3cccc(N4CCCN(C(C)=O)CC4)c3)ncc2C#N)s1,3.2,2.422152875040839
lipo,baseline,scaffold,0,CNc1nc(C)c(-c2nc(Nc3cccc(N4CCCNCC4)c3)ncc2C#N)s1,1.64,1.799416516215965
lipo,baseline,scaffold,0,O=C(c1ccc(F)cc1)C1CCN(CCn2c(=O)[nH]c3ccccc3c2=O)CC1,2.9,2.019138764666728
lipo,baseline,scaffold,0,COc1cc2c(Nc3c(Cl)ccc4c3OCO4)ncnc2cc1OCC1CCN(C)CC1,1.83,2.1168954265649944
lipo,baseline,scaffold,0,C[C@H](CO)Nc1nc(SCc2cccc(F)c2F)nc2nc(N)cnc12,2.89,3.2397641736476475
lipo,baseline,scaffold,0,C[C@H](CO)Nc1nc(SCc2cccc(F)c2F)nc2nccnc12,3.15,3.3233576074928313
lipo,baseline,scaffold,0,Cc1cnc2c(N[C@H](C)CO)nc(SCc3cccc(F)c3F)nc2n1,3.55,3.677477173614502
lipo,baseline,scaffold,0,Cc1cnc2nc(SCc3cccc(F)c3F)nc(N[C@H](C)CO)c2n1,3.5,3.650286391929887
lipo,baseline,scaffold,0,Oc1ncnc2scc(-c3ccsc3)c12,2.25,2.358047951433118
lipo,baseline,scaffold,0,NC(=O)c1cccc([S+]([O-])[C@H]2C[C@H]3CC[C@@H](C2)N3Cc2ccccc2)c1,1.1,1.0417333746740256
lipo,baseline,scaffold,0,Cc1ccc(Oc2ccc(OCC(=O)Nc3ccncc3)cc2)cc1,4.3,3.777332727193027
lipo,baseline,scaffold,0,Cc1cc2cc(C)c3nnc(SCC(=O)N4CCN(C(=O)c5ccco5)CC4)n3c2cc1C,2.8,2.648823216037919
lipo,baseline,scaffold,0,Cc1ccc2cc(C)c3nnc(SCC(=O)N4CCN(C(=O)c5ccco5)CC4)n3c2c1,2.3,2.8905869818912184
lipo,baseline,scaffold,0,CC(C)Nc1nc(NCc2ccccc2)c2sccc2n1,3.9,3.1461454687231183
lipo,baseline,scaffold,0,COc1cccc(CNc2nc(NC(C)C)nc3ccsc23)c1OC,3.7,3.044494605515246
lipo,baseline,scaffold,0,COCCNc1nc(NCc2ccccc2F)c2sccc2n1,3.4,2.8498333447730806
lipo,baseline,scaffold,0,CSc1ccc(OCc2ccccc2)c(C(=O)Nc2ccc(C(=O)O)cn2)c1,1.6,1.8706064168027015
lipo,baseline,scaffold,0,CC(C)CNc1nc(C#N)nc(N2CCNCC2)c1N,0.7,1.7836557556255015
lipo,baseline,scaffold,0,CC(=O)N1CCN(c2nc(C#N)nc(NCC(C)C)c2N)CC1,2.4,2.2209890400638974
lipo,baseline,scaffold,0,COc1cc(C(=O)N2CC[C@](CCN3CCC(C(N)=O)(c4ccccc4)CC3)(c3ccc(Cl)c(Cl)c3)C2)cc(OC)c1OC,3.23,2.3558573557273004
lipo,baseline,scaffold,0,CCOC(=O)Nc1cccc([C@@H](c2ccc(C(=O)N3CCC3)cc2)N2CCN(Cc3cccnc3)CC2)c1,3.02,2.6186848426840816
lipo,baseline,scaffold,0,Nc1nc2cc3c(cc2s1)CCN(Cc1cnc[nH]1)CC3,-0.12,1.5155431164516018
lipo,baseline,scaffold,0,O=S(=O)(CCOCc1cccc2ccccc12)NCCCNCCc1ccc(O)c2nc(O)sc12,1.69,2.752750773665585
lipo,baseline,scaffold,0,CC(C)Cn1c(=O)n(C)c(=O)c2c(C(=O)N3CC[C@@H](O)C3)c(Cc3c[nH]c4ncccc34)sc21,1.71,1.6604975345571757
lipo,baseline,scaffold,0,Oc1ncc(NCc2ccccc2)c(O)n1,0.82,0.7063444470626622
lipo,baseline,scaffold,0,COc1cnc(-c2ccccn2)nc1N1CCOCC1,1.52,1.890175806666493
lipo,baseline,scaffold,0,CC(C(=O)N1CCc2ccccc2C1)N1C(=O)c2ccccc2C1=O,2.47,2.5469924099800956
lipo,baseline,scaffold,0,Cc1ncc(-c2ccnc(Nc3ccc(N4CCOCC4)cc3)n2)n1C(C)C,2.88,3.0429876488471606
lipo,baseline,scaffold,0,Cc1ncc(-c2nc(Nc3ccc(N4CCOCC4)cc3)ncc2F)n1C(C)C,3.01,3.207653781845996
lipo,baseline,scaffold,0,CCCCn1c(Cc2cc(OC)c(OC)c(OC)c2)nc2c(N)ncnc21,2.39,2.9936524351396847
lipo,baseline,scaffold,0,CCC[C@@H](CNC(=O)c1nc(Cl)c(N)nc1N)[N+](C)(C)CCCc1ccc(OC)cc1,0.4,2.004474979359529
lipo,baseline,scaffold,0,CCCCC(CC)CNC(=O)c1cc(-n2ncc(=O)[nH]c2=O)ccc1Cl,2.41,1.8957488290706792
lipo,baseline,scaffold,0,O=C(c1cccc(Cl)c1Cl)N1CCN(c2ccccn2)CC1,2.98,2.979751941562445
lipo,baseline,scaffold,0,Cc1ccccc1C(=O)N1CCN(c2ccccn2)CC1,2.18,2.0956158778293275
lipo,baseline,scaffold,0,C[C@@H](Oc1ccc(S(C)(=O)=O)cc1C(=O)N1CCN(c2ncc(C(F)(F)F)cc2F)CC1)C(F)(F)F,3.49,3.2698070338432244
lipo,baseline,scaffold,0,CC(C)[C@H]1C(=O)N[C@H](CO)Cc2ccccc2N1C,2.03,0.16270309527576268
lipo,baseline,scaffold,0,C[C@@](O)(C(=O)Nc1ccc(S(=O)(=O)NCCN2CCOCC2)cc1Cl)C(F)(F)F,2.14,1.9907665001236095
lipo,baseline,scaffold,0,C[C@H]1O[C@@H](n2cnc3c(N)nc(OCC4CCC(F)(F)CC4)nc32)[C@H](O)[C@@H]1O,1.72,1.6875939821139936
lipo,baseline,scaffold,0,O=C(c1cc(Cc2n[nH]c(=O)c3ccccc23)ccc1F)N1CCN(C(=O)C2CCCO2)CC1,0.9,1.909409107910046
lipo,baseline,scaffold,0,Cc1cc(Nc2ncc(F)c(N[C@H]3[C@@H](C(N)=O)[C@@H]4C=C[C@H]3C4)n2)ccc1N1CCN(C)CC1,2.9,2.2910559653654015
lipo,baseline,scaffold,0,C[C@@H]1CN(C(=O)[C@@](C)(O)C(F)(F)F)[C@@H](C)CN1C(=O)c1ccc(C#N)cc1,1.5,1.9147634326503555
lipo,baseline,scaffold,0,O=c1cc(N2CCOCC2)nc2c3ccccc3ccn12,2.78,1.569612985999034
lipo,baseline,scaffold,0,COc1cc2c(Nc3ccc(F)cc3F)c(C(N)=O)cnc2cc1N1CCN(C)CC1,1.75,2.327730711607235
lipo,baseline,scaffold,0,O=C(c1cc(Cc2n[nH]c(=O)c3ccccc23)ccc1F)N1CCN(C(=O)C2CCOC2)CC1,0.8,1.573709572558836
lipo,baseline,scaffold,0,CC(C)C(NC(=O)Cn1c(-c2cccc(C(=O)O)c2)ccc(NC(=O)OCc2ccccc2)c1=O)C(=O)C(F)(F)F,1.2,1.3843697741907668
lipo,baseline,scaffold,0,CC(C)C(NC(=O)Cn1c(-c2ccccc2)ccc(NC(=O)OCc2ccc(C(=O)O)cc2)c1=O)C(=O)C(F)(F)F,0.84,1.1196841184869166
lipo,baseline,scaffold,0,COc1cc(OC)cc(-c2ccc(NC(=O)OCc3ccccc3)c(=O)n2CC(=O)NC(C(=O)C(F)(F)F)C(C)C)c1,2.26,2.9366138374985202
lipo,baseline,scaffold,0,COc1cc(Nc2ncnc3cccc(O[C@H](C)C(=O)N4CCOCC4)c23)ccc1Oc1ccc(C)nc1,3.6,3.6100527444467048
lipo,baseline,scaffold,0,Cc1ccc(Oc2ccc(Nc3ncnc4cccc(O[C@H](C)C(=O)N5CCOCC5)c34)cc2C)cn1,4.14,3.839583545527382
lipo,baseline,scaffold,0,COC[C@@H](c1ccc(C(F)(F)F)cc1)N1CCN(C2(C)CCN(C(=O)c3c(C)ncnc3C)CC2)C[C@@H]1C,2.7,3.3567087925141927
lipo,baseline,scaffold,0,CCCc1c(OCCCOc2ccc3c(=O)cc(C(=O)O)oc3c2CCC)ccc(C(C)=O)c1O,3.0,2.0746354191141765
lipo,baseline,scaffold,0,CSCCC(NC(=O)c1sccc1Cl)c1nc2ccccc2[nH]1,3.69,3.431546396552618
lipo,baseline,scaffold,0,O=C(NS(=O)(=O)Cc1ccccc1)N1CCC(N2CCC(Oc3ccc(Cl)c(Cl)c3)CC2)CC1,2.13,1.8305600420571615
lipo,baseline,scaffold,0,COc1ncc2ccc(=O)n(CCN3CCC(NCc4cc5c(cn4)OCCO5)CC3)c2n1,0.2,0.3914833333189459
lipo,baseline,scaffold,0,NC(=O)c1cccnc1Oc1ccccc1,1.13,1.3886160542791295
lipo,baseline,scaffold,0,CN1CCN(CC(=O)Nc2c(C#N)cnn2-c2ccccc2)CC1,0.0,0.44970808352556946
lipo,baseline,scaffold,0,O=C(Nc1ccc(N2CCOCC2)cc1)c1nnc(NC(=O)C2(c3ccc(Cl)cc3)CCCC2)o1,3.72,3.0056540871538915
lipo,baseline,scaffold,0,COC1(c2cc(F)cc(OCc3ccc4c(ccc(=O)n4C)c3)c2)CCOCC1,3.52,2.737446579835727
lipo,baseline,scaffold,0,CCn1c(=O)ccc2cc(COc3cc(F)cc(C4(OC)CCOCC4)c3)ccc21,3.89,3.0520996158558784
lipo,baseline,scaffold,0,N#Cc1ccc(C(=O)N2CCC3(CC2)N=C(N)c2c(F)cccc2N3)cc1,0.66,1.077364475178399
lipo,baseline,scaffold,0,N#Cc1ccc(C(=O)N2CCC3(CC2)N=C(N)c2c(F)ccc(F)c2N3)cc1,0.86,1.368481596330488
lipo,baseline,scaffold,0,O=c1c2sccc2n(CC2COc3ccccc3O2)c(=O)n1O,1.44,1.112513205998865
lipo,baseline,scaffold,0,Cn1c(C#N)ccc1-c1cc(F)c2c(c1)C(C)(C)C(=O)N2,3.21,2.1978744789019515
lipo,baseline,scaffold,0,COc1ccc(-c2nc3c(NCCCNC(=O)C4CCCC4)c(C(N)=O)cnc3[nH]2)cc1,3.13,2.126891366398933
lipo,baseline,scaffold,0,N#Cc1c(-c2ccccc2)nc(SCc2ccccc2)[nH]c1=O,1.56,1.8883771260368003
lipo,baseline,scaffold,0,C[C@H](CO)Nc1nc(SCc2cccc(F)c2F)nc2[nH]c(=O)c(=O)[nH]c12,2.48,2.5816337373501104
lipo,baseline,scaffold,0,Cc1ccc(NC(=O)c2cccc(N(C)C)c2)cc1NC(=O)c1ccc(OC(C)C)cc1,3.1,3.3230658141100498
lipo,baseline,scaffold,0,COc1ccc(C(=O)Nc2cc(NC(=O)c3cccc(N(C)C)c3)ccc2Br)cc1OC,3.49,2.830184848244217
lipo,baseline,scaffold,0,COc1cc(C(=O)Nc2cc(NC(=O)c3cccc(N(C)C)c3)ccc2C)cc(OC)c1OC,2.54,3.0926427002055585
lipo,baseline,scaffold,0,COc1ccc(C(=O)Nc2cc(NC(=O)c3cccc(N(C)C)c3)ccc2C)cc1,3.17,3.236300554094265
lipo,baseline,scaffold,0,Cc1ccc(NC(=O)c2cccc(N(C)C)c2)cc1NC(=O)c1ccc(O)cc1,2.65,2.9443975878559194
lipo,baseline,scaffold,0,COc1ccc(C(=O)Nc2cc(NC(=O)c3cccc(N(C)C)c3)ccc2C)cc1OC,3.12,2.9873633001989504
lipo,baseline,scaffold,0,COCCOc1ccc(C(=O)Nc2cc(NC(=O)c3cccc(N(C)C)c3)ccc2C)cc1,2.74,2.8578457611101067
lipo,baseline,scaffold,0,COc1ccc(C(=O)Nc2cccc(NC(=O)c3cccc(N(C)C)c3)c2)cc1OC,3.67,3.0198190556255176
lipo,baseline,scaffold,0,Cc1ccccc1N1C(=O)c2cc(S(N)(=O)=O)c(Cl)cc2NC1C,1.64,1.7776685099758796
lipo,baseline,scaffold,0,COc1cc(-c2nnc(S)n2-c2cccc(C(F)(F)F)c2)cc(OC)c1OC,2.27,3.509718046467913
lipo,baseline,scaffold,0,O=C1CC2(CCCC2)CC(=O)N1CCCCN1CCN(c2ncccn2)CC1,2.19,2.3376294328562155
lipo,baseline,scaffold,0,CN[C@@H](C)C(=O)N[C@H](C(=O)N1CCC[C@H]1C(=O)N[C@H](C(=O)OC)C(c1ccccc1)c1ccccc1)C1CCCCC1,2.42,2.1531115198244826
lipo,baseline,scaffold,0,CCC(CC)NC(=O)c1cn(-c2ccccc2)nc1NS(=O)(=O)c1ccc(C)cc1,2.51,1.7099163848982362
lipo,baseline,scaffold,0,O=C(Cn1cnc2ccccc21)c1ccc(Br)cc1,3.22,3.549360070060915
lipo,baseline,scaffold,0,N#Cc1ccc(Nc2nccc(NC3CC3)n2)cc1,3.01,3.024697399953507
lipo,baseline,scaffold,0,CC(C)C[C@H](N)c1nnc(S(=O)(=O)Cc2ccc(F)cc2)o1,1.11,0.8085078057677398
lipo,baseline,scaffold,0,CC(c1ccccc1)C(Cc1nc2ccccc2[nH]1)c1nc2ccccc2[nH]1,4.48,3.810469878149192
lipo,baseline,scaffold,0,O=C(O)C[C@H]1CC[C@H](c2ccc(-c3ccc(Nc4ccc(C(F)(F)F)nc4)cn3)cc2)CC1,3.8,2.3730662963882967
lipo,baseline,scaffold,0,COc1ccc(-c2nc(N3CCOCC3)nc(O)c2C#N)cc1,0.2,1.0180373035927766
lipo,baseline,scaffold,0,C[C@]12CCC(=O)C=C1C=C[C@@H]1[C@@H]2CC[C@@]2(C)[C@H]1CC[C@@]21CCC(=O)O1,3.2,3.6467584891908444
lipo,baseline,scaffold,0,CCC(CC)NC(=O)c1cnn(-c2ccccn2)c1NS(=O)(=O)c1ccc(C)cc1,0.27,0.7934003991867126
lipo,baseline,scaffold,0,COc1ccc(/C=C2/CCc3ccccc3C2=O)cc1CN1CCOCC1,3.8,3.4169075060145735
lipo,baseline,scaffold,0,O=C(c1ccccc1)c1ccc2n1CCC2C(=O)O,-0.93,1.5672528230721465
lipo,baseline,scaffold,0,O=C(CSc1ccccc1)N1CCN(C(=O)c2ccco2)CC1,1.6,2.3251747411273533
lipo,baseline,scaffold,0,O=CN(O)C1(CS(=O)(=O)N2CCN(c3ccc(F)cc3)CC2)CCOCC1,0.85,1.1278885709841822
lipo,baseline,scaffold,0,COc1ccc(-c2nc3n(c2Br)CCC3)cc1,3.3,3.2269903388673513
lipo,baseline,scaffold,0,CCOC(=O)[C@H](CCc1ccccc1)N[C@@H](C)C(=O)N1[C@H](C(=O)O)C[C@@H]2CCC[C@@H]21,-0.41,1.1221865072230972
lipo,baseline,scaffold,0,CC(=O)Nc1ccc(-c2ccnc(Nc3ccc(N4CCOCC4)cc3)n2)cc1,2.91,3.0209179123245367
lipo,baseline,scaffold,0,N#CCNC(=O)c1ccc(-c2ccnc(Nc3ccc(N4CCOCC4)cc3)n2)cc1,2.37,2.295854917367481
lipo,baseline,scaffold,0,Fc1ccc(-c2ncn(C3CCNCC3)c2-c2ccncc2)cc1,0.3,1.2828338370360377
lipo,baseline,scaffold,0,Nc1cccc(NC(=O)c2ccc(CNC(=O)OCc3cccnc3)cc2)c1,1.6,2.358331800716831
lipo,baseline,scaffold,0,Nc1ccccc1NC(=O)c1ccc(CNC(=O)OCc2cccnc2)cc1,1.26,1.9803968262869551
lipo,baseline,scaffold,0,O=C(O)CCC[C@@H]1c2ccccc2C[C@H]1NC(=O)c1cc2cc(F)ccc2[nH]1,1.95,2.5707496657672455
lipo,baseline,scaffold,0,O=C(O)C[C@@H]1c2ccccc2C[C@H]1NC(=O)c1cc2cc(F)ccc2[nH]1,1.26,2.3043814929590867
lipo,baseline,scaffold,0,O=C(O)C[C@@H]1c2ccccc2C[C@H]1NC(=O)c1cc2cc(Cl)ccc2[nH]1,1.79,2.548105543592788
lipo,baseline,scaffold,0,OB1c2ccccc2N=C(S)N1c1cccnc1,-0.62,0.4536011555090129
lipo,baseline,scaffold,0,CC(C)C(NC(=O)Cn1c(-c2ccc(F)cc2)ncc(NC(=O)OCc2ccncc2)c1=O)C(=O)C(F)(F)F,2.22,2.141620528593083
lipo,baseline,scaffold,0,CCN(CC)CCOC(=O)C1(C2CCCCC2)CCCCC1,3.72,2.050781673970582
lipo,baseline,scaffold,0,Nc1cc(C(F)(F)F)c(-c2cc(N3CCOCC3)nc(N3CCOCC3)n2)cn1,2.7,2.6631585330686107
lipo,baseline,scaffold,0,O=C(Nc1ccncc1)c1cccc2ccccc12,3.1,3.1906599738561816
lipo,baseline,scaffold,0,Cc1sc(N2CCN(C)CC2)nc1CCOc1ccc(C[C@H](Nc2ccccc2C(=O)c2ccccc2)C(=O)O)cc1,2.58,2.5703549251022095
lipo,baseline,scaffold,0,CN1CCN(c2ccc(NC(=O)c3nnc(Nc4ccccc4F)o3)cn2)CC1,2.36,2.7826581310735077
lipo,baseline,scaffold,0,Cc1ccc(-n2c(C)cc(C(=O)NS(=O)(=O)c3ccc(C)cc3)c2C)cc1,2.5,2.1422121151564637
lipo,baseline,scaffold,0,COc1ccc(-c2ccc3c(N4CCOC[C@@H]4C)nc(-n4ccnc4)nc3n2)cc1CO,2.6,2.607963466223439
lipo,baseline,scaffold,0,Cc1ccc(COC(=O)N2CCC(CNc3ncccn3)CC2)cc1,3.6,2.6134277252801263
lipo,baseline,scaffold,0,Cc1ccc(COC(=O)N2CC[C@H](CNc3ncccn3)[C@H](F)C2)cc1,3.21,2.7462018768375773
lipo,baseline,scaffold,0,COc1ccc(COC(=O)N2CCC(CNc3ncccn3)CC2)cc1,3.14,2.27950880714256
lipo,baseline,scaffold,0,NC(=O)c1cc(F)cc(O[C@H]2C[C@H]3CC[C@@H](C2)N3Cc2ccccc2)c1,2.14,1.6872962835022531
lipo,baseline,scaffold,0,Cc1cc(O[C@H]2C[C@H]3CC[C@@H](C2)N3Cc2ccccc2)cc(C(N)=O)c1,2.08,2.0871137625138223
lipo,baseline,scaffold,0,NC(=O)c1cccc(O[C@H]2C[C@H]3CC[C@@H](C2)N3Cc2ccccc2)c1,1.61,1.5488644567007859
lipo,baseline,scaffold,0,CNC(=O)c1cccc(O[C@H]2C[C@H]3CC[C@@H](C2)N3Cc2ccccc2)c1,1.93,2.420861551832582
lipo,baseline,scaffold,0,NC(=O)c1ccc(O[C@H]2C[C@H]3CC[C@@H](C2)N3Cc2ccccc2)c(F)c1,2.1,1.690567496038387
lipo,baseline,scaffold,0,Cc1cc(C(N)=O)ccc1O[C@H]1C[C@H]2CC[C@@H](C1)N2Cc1ccccc1,2.23,1.5951760983790828
lipo,baseline,scaffold,0,Oc1cccc(O[C@H]2C[C@H]3CC[C@@H](C2)N3Cc2ccccc2)c1,2.3,2.2490870317011864
lipo,baseline,scaffold,0,Cc1c(O[C@H]2C[C@H]3CC[C@@H](C2)N3Cc2ccccc2)cccc1C(N)=O,1.6,1.993726096555586
lipo,baseline,scaffold,0,NC(=O)c1cccc(O[C@@H]2C[C@H]3CC[C@@H](C2)N3Cc2ccccc2)c1,1.76,1.5488644567007859
lipo,baseline,scaffold,0,C[C@@H](NC(=O)[C@H]1CCCNC1)c1ccc(Nc2ncc3cc(-c4ccncc4)ccc3n2)cc1,1.69,1.9359721933875442
lipo,baseline,scaffold,0,CC(C)[C@H](NC(=O)CCc1ccccc1)C(=O)N1CCCC1,2.49,1.4648670827426524
lipo,baseline,scaffold,0,CCC(c1nc2ncccc2c(=O)n1Cc1ccccc1)N(CCCN)C(=O)c1ccc(C)cc1,-0.04,1.1668077839594644
lipo,baseline,scaffold,0,COc1cc(OC)c(S(=O)(=O)N2c3ccccc3CCC2C)cc1NC(=O)CCc1nn[nH]n1,-0.34,0.5286861563888596
lipo,baseline,scaffold,0,O=C1COC2(CCN(S(=O)(=O)c3ccc(-c4ccc5cccnc5c4)cc3)CC2)CN1C1CC1,3.24,3.0412501176829174
lipo,baseline,scaffold,0,Cc1ccc(CO)cc1N(C)c1ccnc(Nc2cc(C(=O)N3CCOCC3)cc(N3CCOCC3)c2)n1,2.2,2.7743975487463493
lipo,baseline,scaffold,0,C1CCC(C(CC2CCCCN2)C2CCCCC2)CC1,3.02,1.9822161067907091
lipo,baseline,scaffold,0,Cc1ccc(NC(=O)c2cccc(C(F)(F)F)c2)cc1NC(=O)c1cccnc1,3.11,3.3871144367617285
lipo,baseline,scaffold,0,Nc1cc(N2CCCCC2)nc(N)[n+]1[O-],0.77,-0.24211414248003182
lipo,baseline,scaffold,0,CC#Cc1cncc(-c2cccc(C3(C4CC4)N=C(C)C(N)=N3)c2)c1,3.3,3.3761010275760723
lipo,baseline,scaffold,0,Cc1ccc(CN2[C@@H]3CC[C@H]2C[C@@H](Oc2cccc(C(N)=O)c2)C3)s1,2.39,1.7929200516745243
lipo,baseline,scaffold,0,Cc1ccc(CN2[C@@H]3CC[C@H]2C[C@H](Oc2cccc(C(N)=O)c2)C3)s1,2.44,1.7929200516745243
lipo,baseline,scaffold,0,COC(=O)c1nc2c(N[C@H](C)CO)nc(SCc3cccc(F)c3F)nc2[nH]c1=O,2.49,3.088868903844865
lipo,baseline,scaffold,0,C[C@H](CO)Nc1nc(SCc2cccc(F)c2F)nc2[nH]c(=O)cnc12,3.1,2.642261608331128
lipo,baseline,scaffold,0,CS(=O)(=O)c1ccc([C@@H](C[C@H]2CCC(=O)C2)C(=O)Nc2cnccn2)cc1Cl,1.39,2.1539931695031425
lipo,baseline,scaffold,0,CC(C)(C)OC(=O)N1CCN(c2ncc(OCc3ccc(S(C)(=O)=O)cc3)cn2)CC1,3.27,3.289522724816674
lipo,baseline,scaffold,0,C[C@H]1CN(C(=O)OC(C)(C)C)CCN1c1ncc(OCc2ccc(S(C)(=O)=O)cc2)cn1,3.5,3.2490533864066116
lipo,baseline,scaffold,0,C[C@@H]1CN(C(=O)OC(C)(C)C)CCN1c1ncc(OCc2ccc(C#N)cc2)cn1,2.89,3.42373624816976
lipo,baseline,scaffold,0,C[C@@H]1CN(C(=O)OC(C)(C)C)CCN1c1ncc(OCc2ccc(S(C)(=O)=O)cc2C#N)cn1,3.3,3.0653512472853772
lipo,baseline,scaffold,0,C[C@@H]1CN(C(=O)OC(C)(C)C)CCN1c1ncc(OCc2ccc(S(C)(=O)=O)cc2)cn1,3.6,3.2490533864066116
lipo,baseline,scaffold,0,C[C@@H]1CN(C(=O)OC(C)(C)C)CCN1c1ncc(OCc2ccc(S(C)(=O)=O)cc2F)cn1,3.7,3.3315961357682573
lipo,baseline,scaffold,0,Cc1cc(Nc2nc(O[C@H](C)c3ccc(F)cn3)c(C#N)nc2C)n[nH]1,2.72,2.503373985167138
lipo,baseline,scaffold,0,Cc1cc(Nc2nc(O[C@@H](C)c3ccc(F)cn3)c(C#N)nc2C)n[nH]1,2.86,2.503373985167138
lipo,baseline,scaffold,0,O=C(NCc1ccncn1)c1ccc(Oc2ccc(CCC3(O)CN4CCC3CC4)cc2)cc1,0.76,2.2811161199459984
lipo,baseline,scaffold,0,O=C(c1ccc(Cl)cc1)C1CCN(C(=O)C2CC2)CC1,2.72,2.6988240837633763
lipo,baseline,scaffold,0,Cc1cc(C)cc(-c2c(O)nc3cc(Cl)c(C(=O)Nc4ccncn4)cc3c2OCCC2CCCCN2)c1,1.7,2.9619428673378776
lipo,baseline,scaffold,0,O=C(NC1Cc2ccccc2N(C[C@@H](O)CO)C1=O)c1cc2cc(Cl)sc2[nH]1,3.37,2.9592661138588996
lipo,baseline,scaffold,0,O=C(NC1Cc2ccccc2N(CC(CO)CO)C1=O)c1cc2cc(Cl)sc2[nH]1,3.56,3.1535980531174466
lipo,baseline,scaffold,0,O=C(NC1Cc2ccccc2N(CCCO)C1=O)c1cc2cc(Cl)sc2[nH]1,3.49,3.0207712289408626
lipo,baseline,scaffold,0,CN(C)C(=O)CN1C(=O)C(NC(=O)c2cc3cc(Cl)sc3[nH]2)Cc2ccccc21,3.07,3.0888676080372237
lipo,baseline,scaffold,0,NC(=O)CN1C(=O)C(NC(=O)c2cc3cc(Cl)sc3[nH]2)Cc2ccccc21,3.22,2.7714715380107315
lipo,baseline,scaffold,0,O=C(CN1C(=O)C(NC(=O)c2cc3cc(Cl)sc3[nH]2)Cc2ccccc21)NC(CO)CO,2.61,2.673299481882075
lipo,baseline,scaffold,0,C[S+]([O-])CCN1C(=O)C(NC(=O)c2cc3cc(Cl)sc3[nH]2)Cc2ccccc21,3.17,2.574605028219101
lipo,baseline,scaffold,0,O=C(N[C@@H]1Cc2ccccc2N(C[C@@H](O)CO)C1=O)c1cc2cc(Cl)sc2[nH]1,3.27,2.9592661138588996
lipo,baseline,scaffold,0,O=C(N[C@H]1Cc2ccccc2N(C[C@H](O)CO)C1=O)c1cc2cc(Cl)sc2[nH]1,3.27,2.9592661138588996
lipo,baseline,scaffold,0,O=C(CN1C(=O)C(NC(=O)c2cc3cc(Cl)sc3[nH]2)Cc2ccccc21)NO,2.4,2.691129575179363
lipo,baseline,scaffold,0,O=C(N[C@H]1Cc2ccccc2N(C[C@@H](O)CO)C1=O)c1cc2cc(Cl)sc2[nH]1,3.3,2.9592661138588996
lipo,baseline,scaffold,0,O=C(NC1Cc2ccccc2N(CCO)C1=O)c1cc2cc(Cl)sc2[nH]1,3.05,3.134565175941113
lipo,baseline,scaffold,0,O=C(CN1C(=O)C(NC(=O)c2cc3cc(Cl)sc3[nH]2)Cc2ccccc21)NCCO,3.05,2.806755650164208
lipo,baseline,scaffold,0,O=C(CN1CCOCC1)Nc1ccc(-c2cccc3c(=O)cc(N4CCOCC4)oc23)cc1OCC1CC1,3.3,2.3186678351949666
lipo,baseline,scaffold,0,O=C(NCc1ccccc1Cl)c1ccccc1Oc1ccccc1,3.58,3.90841464582467
lipo,baseline,scaffold,0,CCN(CC)C(=O)c1ccc(C2=CC3(CCNCC3)Oc3ccccc32)c(O)c1,0.77,1.428085689037515
lipo,baseline,scaffold,0,CCN(CC)C(=O)c1ccc(C2=CC3(CCNCC3)Oc3cccc(O)c32)cc1,0.54,1.4598037439283262
lipo,baseline,scaffold,0,O=c1c2ccccc2[se]n1-c1ccccc1,3.31,1.8913040865491477
lipo,baseline,scaffold,0,Nc1nccc(-c2cccs2)n1,1.75,1.8045719173074053
lipo,baseline,scaffold,0,COc1ccccc1OCCNCC(O)COc1cccc2[nH]c3ccccc3c12,3.27,2.5289094067059774
lipo,baseline,scaffold,0,Cc1sc2ncnc(SCC(=O)N3CCCC3)c2c1C,2.89,2.320510426298534
lipo,baseline,scaffold,0,Cc1cccc(NS(=O)(=O)c2cccc3nonc23)c1,3.0,1.7545060767624452
lipo,baseline,scaffold,0,CCNC(=O)Nc1nc2cc(-c3cccnc3)ccc2[nH]1,2.34,2.0866989988381355
lipo,baseline,scaffold,0,C[C@@H](Oc1cccc2ncnc(Nc3ccc4c(cnn4Cc4ccccn4)c3)c12)C(=O)N1CCOCC1,2.82,3.225159068387779
lipo,baseline,scaffold,0,COc1ccc(NC(=O)c2nnc(Nc3ccccc3F)o2)cn1,3.2,2.76433678238966
lipo,baseline,scaffold,0,CC1=C2C[C@H]3[C@@H](CC=C4C[C@@H](O)CC[C@@]43C)[C@@H]2CC[C@]12O[C@@H]1C[C@H](C)CN[C@H]1[C@H]2C,2.63,3.156594316068446
lipo,baseline,scaffold,0,Nc1nc2ccccc2n1C(=O)c1ccccc1,1.56,2.2178838244304
lipo,baseline,scaffold,0,CC(C)Oc1cc(OCCc2ccsc2)cc(C(=O)Nc2ccc(C(=O)O)cn2)c1,1.74,1.4232869533722579
lipo,baseline,scaffold,0,O=C(c1c[nH]c(=O)c2ccccc12)N1CCC(N2CCC(Oc3ccc(Cl)c(Cl)c3)CC2)CC1,3.51,2.9872022630357282
lipo,baseline,scaffold,0,N[C@@H]1CCCN(c2c(/C=C3\SC(=O)NC3=O)cccc2-c2ccncc2)C1,1.56,1.6543704554097967
lipo,baseline,scaffold,0,COc1ccc(-c2cncc(CNC3CCCC3)n2)c(OC)c1,2.14,2.3104356010623297
lipo,baseline,scaffold,0,CC(=O)Nc1ccc(CNc2[nH]nc3cccc(Oc4ccc(F)cc4)c23)cc1,4.28,3.1435191249523546
lipo,baseline,scaffold,0,COc1ccc(OC)c(CNc2[nH]nc3cccc(Oc4ccc(S(C)(=O)=O)cc4)c23)c1,3.71,3.08204303496981
lipo,baseline,scaffold,0,CC(=O)Nc1ccc(CNc2[nH]nc3cccc(Oc4ccc(S(C)(=O)=O)cc4)c23)cc1,2.63,2.519656557901252
lipo,baseline,scaffold,0,CN1CCN(c2cc(F)cc3c(=O)cc(C(=O)Nc4ccc(N5CCOCC5)cc4)[nH]c23)CC1,2.7,1.3168715812947005
lipo,baseline,scaffold,0,COc1cc(N2CCN(C)CC2)c2[nH]c(C(=O)Nc3ccc(N4CCOCC4)cc3)cc(=O)c2c1,2.7,1.4298534981390747
lipo,baseline,scaffold,0,Cc1ccccc1-n1c(Cn2cnc3c(N)ncnc32)nc2cccc(C)c2c1=O,2.6,2.2261285142421787
lipo,baseline,scaffold,0,O=S1NC(Cc2ccc3ccccc3c2)=NO1,1.85,2.156907901751544
lipo,baseline,scaffold,0,COc1ccc(N(C(=O)c2ccccc2)C(C)C(=O)NC2CCCC2)c(OC)c1,3.02,2.3664400612302634
lipo,baseline,scaffold,0,O=C(NCC12CC3CC(CC(C3)C1)C2)c1ccnc(NCC2CCNCC2)c1Cl,0.6,1.4478325990293939
lipo,baseline,scaffold,0,O=c1[nH]n(Cc2ccsc2)c(=O)c2c(=O)c3ccc(Cl)cc3[nH]c12,1.11,1.1373680293768547
lipo,baseline,scaffold,0,CC(c1ccsc1)n1[nH]c(=O)c2[nH]c3cc(Cl)ccc3c(=O)c2c1=O,0.9,1.4932508781820644
lipo,baseline,scaffold,0,COc1ccc(-c2cc(Nc3ccn(C)n3)n3ncc(C#N)c3n2)cc1,2.97,2.8639809242905754
lipo,baseline,scaffold,0,Cc1ccc(/C(=C\CN2CCCC2)c2ccccn2)cc1,1.88,2.5635946745725935
lipo,baseline,scaffold,0,N#Cc1nc(N2CCOCC2)nc(N2CCOCC2)n1,1.51,1.4157741561121213
lipo,baseline,scaffold,0,CC(=O)Nc1ccc2cnn(-c3cc(NC4CC4)n4ncc(C#N)c4n3)c2c1,3.44,2.6246224382034504
lipo,baseline,scaffold,0,O=C1O[C@]2(CN3CCC2CC3)CN1c1ccc(Br)s1,2.0,2.0265709947724306
lipo,baseline,scaffold,0,O=C1O[C@]2(CN3CCC2CC3)CN1c1cccs1,0.9,0.9444684217646268
lipo,baseline,scaffold,0,CCCc1c(O)c(O)c(C(=O)O)c2cc(Cc3ccccc3)c(C)cc12,2.6,2.022091176632659
lipo,baseline,scaffold,0,Clc1cccc(Cl)c1-c1nnc2cccc(Cl)n12,2.66,3.2882501789913356
lipo,baseline,scaffold,0,Clc1ccc(-c2nnc3cccc(Cl)n23)c(Cl)c1,2.88,3.5276213875223705
lipo,baseline,scaffold,0,O=c1[nH]cnc2cc(F)c(F)cc12,1.5,0.8196312298345798
lipo,baseline,scaffold,0,CC1CC(CN)CC(CO)C1,-1.4,-0.7301468282941752
lipo,baseline,scaffold,0,NC(=O)C1CCCCC1,0.9,-0.849146947292002
lipo,baseline,scaffold,0,CC1(C)CCC(NC(=O)[C@@H](N)CCC(=O)O)CC1,-0.27,-0.916042810098823
lipo,baseline,scaffold,0,CC(COc1ccccc1)NC(C)C(O)c1ccc(O)cc1,0.56,1.531855192627574
lipo,baseline,scaffold,0,CN(CCOc1ccc(NS(C)(=O)=O)cc1)CCc1ccc(NS(C)(=O)=O)cc1,0.6,1.5430552917674072
lipo,baseline,scaffold,0,CN(C)C(=O)C(CCN1CCC(O)(c2ccc(Cl)cc2)CC1)(c1ccccc1)c1ccccc1,3.47,2.8184535021502946
lipo,baseline,scaffold,0,CCN(CC)CC(=O)Nc1c(C#N)cnn1-c1ccccc1,0.4,0.9439283642990254
lipo,baseline,scaffold,0,Cc1cc(N)n(-c2ccccc2)n1,1.25,1.7147152949625877
lipo,baseline,scaffold,0,Cc1cc(C)n(-c2cccc(Cl)c2C#N)n1,3.0,2.621877712119916
lipo,baseline,scaffold,0,NC(=O)Nc1sc(-c2ccccc2)cc1C(=O)N1CCOCC1,2.24,2.2783981831408573
lipo,baseline,scaffold,0,CC1(C)Cc2c(-c3ccccc3)c(-c3ccc(Cl)cc3)c(CC(=O)O)n2C1,3.07,2.347099385135885
lipo,baseline,scaffold,0,COc1cccc(Oc2cncnc2O)c1,0.59,1.1882349279977498
lipo,baseline,scaffold,0,CN(C(=O)C1CCC1)C1CCN(CCC(c2ccccc2)c2ccccc2)CC1,3.2,2.4945098909744976
lipo,baseline,scaffold,0,CC(=O)NC[C@H]1CN(c2ccc(N3CCN(c4cnccn4)CC3)c(F)c2)C(=O)O1,1.49,1.4718140613861423
lipo,baseline,scaffold,0,Cc1ccsc1C(=CCCN1CCC[C@@H](C(=O)O)C1)c1sccc1C,1.49,2.5646853752999634
lipo,baseline,scaffold,0,NC1(c2ccc(-c3c(-c4ccccc4)ccc4ccnn34)cc2)CCC1,2.9,2.860066925032992
lipo,baseline,scaffold,0,O=S(=O)(Nc1nc(-c2sccc2Cl)cs1)c1cc(Cl)ccc1Cl,2.11,2.787102113071541
lipo,baseline,scaffold,0,Cc1ccc(C(=O)C(C)CN2CCCCC2)cc1,1.65,2.7871443030982657
lipo,baseline,scaffold,0,CN1CCN(c2ccc3nc(-c4c(N)c5c(F)cccc5[nH]c4=O)[nH]c3c2)CC1,3.45,2.5199450802448227
lipo,baseline,scaffold,0,COc1cnc(-c2ccccn2)nc1Oc1ccc(F)cc1F,3.1,2.896580100074789
lipo,baseline,scaffold,0,Nc1c(-c2ccccc2)c(CN2CCOCC2)nn1-c1ccc(F)cc1,2.33,2.835190799668715
lipo,baseline,scaffold,0,NC1(c2ccc(-c3ncc4ncccc4c3-c3ccccc3)cc2)CCC1,2.0,1.9746608787836477
lipo,baseline,scaffold,0,O=c1[nH]c2c(O)ccc([C@@H](O)CNCCOCCCNCCc3cccc(Cl)c3)c2s1,0.83,0.0676681960708443
lipo,baseline,scaffold,0,CCOC(=O)C1(c2ccccc2)CCN(C)CC1,1.4,1.238432787294613
lipo,baseline,scaffold,0,c1ccc(C2CCNCC2)cc1,0.54,-0.16976879405722123
lipo,baseline,scaffold,0,Cc1cc(C)c(CNC(=O)c2cc(C3CC3)nc3c2cnn3C(C)C)c(O)n1,3.8,2.933247224460423
lipo,baseline,scaffold,0,COc1cc(Nc2cc(Nc3c(Cl)ccc4c3OCO4)ncn2)cc(OC)c1OC,3.07,3.200796046318533
lipo,baseline,scaffold,0,CNC1=Nc2ncccc2C(c2ncco2)=NC1c1cccs1,1.14,1.3955446524151451
lipo,baseline,scaffold,0,COc1cc(C(=O)NCc2ccc(OCCN(C)C)cc2)cc(OC)c1OC,0.74,1.878670594580817
lipo,baseline,scaffold,0,COc1ccc(C[C@@H](C)NC[C@H](O)c2ccc(O)c(NC=O)c2)cc1,0.42,0.5027243098230265
lipo,baseline,scaffold,0,CC(Cc1ccc(O)cc1)NCC(O)c1cc(O)cc(O)c1,-0.06,1.0481132145066552
lipo,baseline,scaffold,0,CC(=O)N1CCN(CCOc2ccc(C3CCN(c4ccc5nnc(C(F)(F)F)n5n4)CC3)cc2)CC1,3.2,3.300165801881296
lipo,baseline,scaffold,0,CC(=O)N1CCN(CCOc2ccc(C3(O)CCN(c4ccc5nnc(C(F)(F)F)n5n4)CC3)cc2)CC1,2.2,2.628069230058342
lipo,gnn,scaffold,0,Cc1cc2c(C)cc(=O)oc2c2c1NCCC2,2.9000000953674316,2.630167007446289
lipo,gnn,scaffold,0,Cc1ccc(NC(=O)c2ccnc(N3CCOCC3)c2)cc1Nc1ccnc(OCC2CCCN(C)C2)n1,1.899999976158142,2.003636121749878
lipo,gnn,scaffold,0,C[N+]1(C)[C@@H]2C[C@@H](OC(=O)C(O)(c3cccs3)c3cccs3)C[C@H]1[C@@H]1O[C@@H]12,-0.25,-0.5730898380279541
lipo,gnn,scaffold,0,C[C@H](NC(=O)c1cccc2c1N(Cc1ccc(Cl)cc1)CC2)c1ccc(C(=O)O)cc1,1.4700000286102295,1.9627145528793335
lipo,gnn,scaffold,0,N#CC1(NC(=O)[C@@H]2CCCC[C@H]2C(=O)N2CCN(c3nc4ccncc4s3)CC2)CC1,1.600000023841858,1.9748175144195557
lipo,gnn,scaffold,0,Cn1cc(C(=O)NC[C@@H](O)CN2CCC(Oc3ccc(Cl)c(Cl)c3)CC2)c(C(F)(F)F)cc1=O,2.759999990463257,2.783508539199829
lipo,gnn,scaffold,0,O=C(NC[C@@H](O)CN1CCC(Oc2ccc(Cl)c(Cl)c2)CC1)c1c[nH]c(=O)cc1C(F)(F)F,2.7100000381469727,2.984297275543213
lipo,gnn,scaffold,0,Cc1c(Cl)ccc(OC2CCN(C[C@H](O)CNC(=O)c3c[nH]c(=O)cc3C(F)(F)F)CC2)c1Cl,3.140000104904175,3.067420482635498
lipo,gnn,scaffold,0,Cc1cc(Cl)ccc1OC1CCN(C[C@H](O)CNC(=O)c2c[nH]c(=O)cc2C(F)(F)F)CC1,2.369999885559082,2.7946462631225586
lipo,gnn,scaffold,0,CCOC(=O)/C=C/[C@H](C[C@@H]1CCNC1=O)NC(=O)[C@@H](CC(=O)[C@@H](NC(=O)c1cc(C)on1)C(C)C)Cc1ccc(F)cc1,2.799999952316284,2.3769686222076416
lipo,gnn,scaffold,0,C[C@H](Cc1cccc(CC(=O)NC23CC4CC(CC(C4)C2)C3)c1)NC[C@H](O)c1ccc(O)c(CO)c1,2.4000000953674316,2.1729087829589844
lipo,gnn,scaffold,0,CC(C)Nc1nc(C#N)nc(N2CCOCC2)c1N,2.0399999618530273,2.005471706390381
lipo,gnn,scaffold,0,CCC(C)Nc1nc(C#N)nc(N2CCOCC2)c1N,2.799999952316284,1.9382014274597168
lipo,gnn,scaffold,0,CC(C)(C)CNc1nc(C#N)nc(N2CCOCC2)c1N,3.0799999237060547,2.921510696411133
lipo,gnn,scaffold,0,CC(C)CNc1nc(C#N)nc(N2CCOCC2)c1N,2.7899999618530273,2.7179441452026367
lipo,gnn,scaffold,0,O=C(CCc1ccccc1O)Nc1ccccc1,2.7100000381469727,3.15177321434021
lipo,gnn,scaffold,0,O=C(NC[C@@H](O)CN1CCC(Oc2ccc(Cl)c(Cl)c2)CC1)c1n[nH]c(=O)c2ccccc12,3.690000057220459,3.0354104042053223
lipo,gnn,scaffold,0,CC[C@H]1OC(=O)[C@H](C)[C@@H](O[C@H]2C[C@@](C)(OC)[C@@H](O)[C@H](C)O2)[C@H](C)[C@@H](O[C@@H]2O[C@H](C)C[C@H](N(C)C)[C@H]2O)[C@](C)(O)C[C@@H](C)/C(=N\OCOCCOC)[C@H](C)[C@@H](O)[C@]1(C)O,1.7999999523162842,0.13391780853271484
lipo,gnn,scaffold,0,CC(=O)NC[C@H]1CN(c2ccc(-n3cc(C#N)nn3)c(F)c2)C(=O)O1,0.800000011920929,1.0876717567443848
lipo,gnn,scaffold,0,CNC(=O)c1ccccc1Sc1ccc2c(/C=C/c3ccccn3)n[nH]c2c1,3.799999952316284,3.5089845657348633
lipo,gnn,scaffold,0,CC(C)(C)OC(=O)N1CCC(OCc2nc(-c3ccncc3)no2)CC1,3.0,2.5741984844207764
lipo,gnn,scaffold,0,COc1ccc(Cn2cc3c(=O)n(C)c(=O)n(CC(C)C)c3c2)cc1,3.5199999809265137,2.9426229000091553
lipo,gnn,scaffold,0,O=C1CCC(=O)N1C(CCc1ccncc1)COc1ccc(-c2cccc([N+](=O)[O-])c2)cc1,3.880000114440918,2.577754259109497
lipo,gnn,scaffold,0,O=C1/C(=N\O)c2ccccc2N1Cc1ccccc1[N+](=O)[O-],2.069999933242798,2.8738718032836914
lipo,gnn,scaffold,0,O=C1CCOc2nc(COc3ccccc3)ccc21,2.299999952316284,2.4328091144561768
lipo,gnn,scaffold,0,CC[C@@H]1C(=O)OC[C@@H]1Cc1cncn1C,-0.3700000047683716,1.034728765487671
lipo,gnn,scaffold,0,CN(C)CCCC1(c2ccc(F)cc2)OCc2cc(C#N)ccc21,1.559999942779541,1.4390984773635864
lipo,gnn,scaffold,0,CN(C)CCC[C@@]1(c2ccc(F)cc2)OCc2cc(C#N)ccc21,1.4800000190734863,1.0642658472061157
lipo,gnn,scaffold,0,COc1cc2ncnc(Nc3cc(NC(=O)c4ccnc(N5CCOCC5)c4)ccc3C)c2cc1OCCN(C(C)C)C(C)C,3.5,2.7197649478912354
lipo,gnn,scaffold,0,Fc1ccc(-n2cc(C3CCNCC3)c3cc(Cl)ccc32)cc1,2.4000000953674316,2.3391902446746826
lipo,gnn,scaffold,0,Oc1cc(-c2ccccc2)nc2ncnn12,-0.20999999344348907,0.5840954780578613
lipo,gnn,scaffold,0,Clc1ccc(C2=CSC3=NCCN23)cc1Cl,1.5399999618530273,2.7804431915283203
lipo,gnn,scaffold,0,CCC1(c2ccccc2)C(=O)NC(=O)NC1=O,0.05000000074505806,1.5861008167266846
lipo,gnn,scaffold,0,O=c1[nH]c2c(O)ccc([C@@H](O)CNCCc3cccc(CNCCc4ccccn4)c3)c2s1,-0.07000000029802322,0.053273677825927734
lipo,gnn,scaffold,0,O=C(O)c1[nH]c2cc(Cl)cc(Cl)c2c1/C=C1\CCN(c2ccccc2)C1=O,1.850000023841858,1.9011685848236084
lipo,gnn,scaffold,0,COc1ccc(NC(=O)c2ccc(-c3ccncc3)c(C)c2)cc1N1CCN(C)CC1,2.559999942779541,2.9829657077789307
lipo,gnn,scaffold,0,CSc1ccc(C(=O)C(C)(C)N2CCOCC2)cc1,3.490000009536743,2.4466145038604736
lipo,gnn,scaffold,0,COc1ccccc1CN[C@H]1CCCN[C@H]1c1ccccc1,1.5,1.367539644241333
lipo,gnn,scaffold,0,COc1ccc(OC(F)(F)F)cc1CN[C@H]1CCCN[C@H]1c1ccccc1,2.9000000953674316,2.5289130210876465
lipo,gnn,scaffold,0,CCC(c1nc2ccsc2c(=O)n1Cc1ccccc1)N(CCCN)C(=O)c1ccc(C)nc1,2.559999942779541,1.0315754413604736
lipo,gnn,scaffold,0,CC(C)Cn1c(=O)n(C)c(=O)c2cn(Cc3cccc4ccccc34)cc21,4.409999847412109,3.6203060150146484
lipo,gnn,scaffold,0,CC(C)Cn1c(=O)n(C)c(=O)c2c(SCCCO)n(Cc3cccc4ccccc34)cc21,4.360000133514404,3.6497340202331543
lipo,gnn,scaffold,0,CC(C)n1c(=O)n(C)c(=O)c2cn(Cc3cccc4ccccc34)cc21,3.9700000286102295,3.4578640460968018
lipo,gnn,scaffold,0,Cc1nc(-c2ccc(CN3CCC(N(C)C(=O)Cc4ccc(-n5cnnn5)cc4)CC3)cc2)no1,2.0999999046325684,2.0421433448791504
lipo,gnn,scaffold,0,CS(=O)(=O)c1ccc(CC(=O)N(C2CC2)C2CCN(CCC(c3ccccc3)c3ccccc3)CC2)cc1,2.890000104904175,2.9649276733398438
lipo,gnn,scaffold,0,CCC(CC)NC(=O)c1cnn(-c2ccccc2Cl)c1NS(=O)(=O)c1ccc(C)cc1,0.6499999761581421,1.6029589176177979
lipo,gnn,scaffold,0,CCC(C)NC(=O)c1c(C)nn(-c2ccccc2)c1NS(=O)(=O)c1ccc(C)cc1,0.6600000262260437,0.9273931980133057
lipo,gnn,scaffold,0,CCC(CC)NC(=O)c1cnn(-c2ccccc2)c1NS(=O)(=O)c1ccc(C)cc1,0.7900000214576721,1.228921890258789
lipo,gnn,scaffold,0,Cc1ccc(S(=O)(=O)Nc2c(C(=O)N[C@H](C)C(C)(C)C)c(C)nn2-c2ccccc2)cc1,1.2000000476837158,1.4826372861862183
lipo,gnn,scaffold,0,CNC(=O)c1cnn(-c2ccccc2)c1NS(=O)(=O)c1ccc(C)cc1,-0.5400000214576721,0.32293808460235596
lipo,gnn,scaffold,0,Cc1ccc(S(=O)(=O)Nc2c(C(=O)NC(C)C(C)(C)C)c(C)nn2-c2ccccc2)cc1,1.2100000381469727,1.4494377374649048
lipo,gnn,scaffold,0,Cc1nn(-c2ccc(F)cc2)c(NS(=O)(=O)c2ccc(C#N)cc2)c1C(=O)N[C@@H](C)C(C)(C)C,0.44999998807907104,1.309619665145874
lipo,gnn,scaffold,0,Cc1ccc(S(=O)(=O)Nc2c(C(=O)NCC(C)(C)C)c(C)nn2-c2ccccc2)cc1,1.4600000381469727,1.5989508628845215
lipo,gnn,scaffold,0,Cc1ccc(S(=O)(=O)Nc2c(C(=O)N[C@@H](C)C(C)(C)C)c(C(F)(F)F)nn2-c2ccccc2)cc1,2.3499999046325684,1.572951316833496
lipo,gnn,scaffold,0,Cc1ccc(S(=O)(=O)Nc2c(C(=O)NC(C)C)c(C)nn2-c2ccccc2)cc1,0.46000000834465027,0.6407603025436401
lipo,gnn,scaffold,0,Cc1ccc(S(=O)(=O)Nc2c(C(=O)N[C@@H](C)C(C)(C)C)c(C)nn2-c2ccccc2)cc1,1.440000057220459,1.4122405052185059
lipo,gnn,scaffold,0,Cc1nn(-c2ccc(F)cc2)c(NS(=O)(=O)c2ccc(C(F)(F)F)cc2)c1C(=O)N[C@@H](C)C(C)(C)C,2.3499999046325684,2.1245763301849365
lipo,gnn,scaffold,0,CCC(CC)NC(=O)c1c(C)nn(-c2ccccc2)c1NS(=O)(=O)c1ccc(C)cc1,1.350000023841858,1.297017216682434
lipo,gnn,scaffold,0,C[C@H](CO)Nc1nc(SCc2ccco2)nc2[nH]c(=O)sc12,2.2100000381469727,2.606868267059326
lipo,gnn,scaffold,0,CN(C)CCCOc1nn(Cc2ccccc2)c2ccccc12,2.4000000953674316,2.3274612426757812
lipo,gnn,scaffold,0,CC(C)(C)c1cc2nc3c(c(O)n2n1)CN(Cc1ccccc1)C3=O,1.899999976158142,1.585172414779663
lipo,gnn,scaffold,0,COc1cc([C@@H]2c3cc4c(cc3C(O[C@@H]3O[C@@H]5CO[C@@H](C)O[C@H]5[C@H](O)[C@H]3O)C3COC(=O)[C@@H]32)OCO4)cc(OC)c1O,0.9100000262260437,1.2930877208709717
lipo,gnn,scaffold,0,CC(=O)NCc1ccc(CN2CCN(c3ccccc3)CC2)cc1,1.7799999713897705,2.3793606758117676
lipo,gnn,scaffold,0,CC(=O)NCc1ccc(CN2CCN(c3ccc(F)cc3F)CC2)cc1,2.5,2.8142075538635254
lipo,gnn,scaffold,0,Cc1nc(-c2ccc(CN3CCC(n4c(=O)[nH]c5ccccc54)CC3)cc2)c(-c2ccccc2)[nH]c1=O,3.799999952316284,3.291109085083008
lipo,gnn,scaffold,0,O=C(CO)N1CCC[C@@H]1COc1cccc2ncnc(Nc3ccc(OCc4ccccn4)c(Cl)c3)c12,3.7100000381469727,2.8249664306640625
lipo,gnn,scaffold,0,O=C(CO)N1CCC[C@H]1COc1cccc2ncnc(Nc3ccc(OCc4ccccn4)c(Cl)c3)c12,3.619999885559082,2.866203784942627
lipo,gnn,scaffold,0,COc1ccc(COc2ccc(Cc3cnc(N)nc3N)cc2OC)cc1,2.2699999809265137,2.1728241443634033
lipo,gnn,scaffold,0,CC(C)C[C@H](CO)Nc1nc(SCc2ccccc2F)nc2nc(N)sc12,4.5,3.6699776649475098
lipo,gnn,scaffold,0,C[C@@H](O)[C@@H](CO)Nc1nc(SCc2cccc(F)c2F)nc2nc(N)sc12,2.8299999237060547,2.7726938724517822
lipo,gnn,scaffold,0,CC(C)C[C@H](CO)Nc1nc(SCc2ccccc2)nc2nc(N)sc12,4.199999809265137,3.625399351119995
lipo,gnn,scaffold,0,C[C@H](CO)Nc1nc(SCc2ccccc2F)nc2nc(N)sc12,3.119999885559082,3.128093719482422
lipo,gnn,scaffold,0,C[C@H](CO)Nc1nc(SCc2cccc(Cl)c2)nc2nc(N)sc12,3.309999942779541,3.369239091873169
lipo,gnn,scaffold,0,CC(C)(CO)Nc1nc(SCc2cccc(F)c2F)nc2nc(N)sc12,3.369999885559082,3.1363699436187744
lipo,gnn,scaffold,0,CC(CO)(CO)Nc1nc(SCc2cccc(F)c2F)nc2nc(N)sc12,2.869999885559082,2.649170160293579
lipo,gnn,scaffold,0,CCC[C@H](CO)Nc1nc(SCc2ccccc2)nc2nc(N)sc12,3.799999952316284,3.4307847023010254
lipo,gnn,scaffold,0,Nc1nc2nc(SCc3ccccc3)nc(N)c2s1,3.0999999046325684,2.8616437911987305
lipo,gnn,scaffold,0,CC[C@H](CO)Nc1nc(SCc2ccccc2)nc2nc(N)sc12,3.2699999809265137,3.2373263835906982
lipo,gnn,scaffold,0,Nc1nc2nc(SCc3cccc(F)c3F)nc(O)c2s1,2.5,2.501408100128174
lipo,gnn,scaffold,0,C[C@H](CO)Nc1nc(SCc2ccccc2)nc2nc(N)sc12,3.119999885559082,3.0738773345947266
lipo,gnn,scaffold,0,CC[C@@H](CO)Nc1nc(SCc2ccccc2)nc2nc(N)sc12,2.990000009536743,3.060136318206787
lipo,gnn,scaffold,0,CC(C)C[C@H](CO)Nc1nc(SCc2cccc(C#N)c2)nc2nc(N)sc12,3.9000000953674316,3.44115948677063
lipo,gnn,scaffold,0,CNc1nc2nc(SCc3cccc(F)c3F)nc(N[C@H](C)CO)c2s1,3.700000047683716,3.68113374710083
lipo,gnn,scaffold,0,C[C@H](CO)Nc1nc(SCc2cccc(F)c2F)nc2nc(N)sc12,3.2899999618530273,3.124739170074463
lipo,gnn,scaffold,0,C[C@H](CO)Nc1nc(SCc2cccc(F)c2F)nc2nc(NS(C)(=O)=O)sc12,0.9200000166893005,2.198704481124878
lipo,gnn,scaffold,0,CCN(C(=O)Cc1ccc(S(C)(=O)=O)cc1)C1CCN(CCC(c2ccccc2)N2CCC(C(C)=O)CC2)CC1,0.8999999761581421,0.9673160314559937
lipo,gnn,scaffold,0,Cn1c(N)nc(CCc2cccc(-c3ccccc3)c2)cc1=O,3.799999952316284,3.1164498329162598
lipo,gnn,scaffold,0,Cc1[nH]c(/C=C2\C(=O)Nc3ccc(F)cc32)c(C)c1C(=O)NC[C@H](O)CN1CCOCC1,2.2200000286102295,2.242211103439331
lipo,gnn,scaffold,0,Cc1nc(C)c(-c2ccc(C34CCC(C(=O)O)(CC3)CC4)cc2)nc1C(N)=O,1.2999999523162842,1.2923851013183594
lipo,gnn,scaffold,0,Cc1nc(C)c(-c2ccc(C34CCC(CC(=O)O)(CC3)CC4)cc2)nc1C(N)=O,1.600000023841858,1.2469842433929443
lipo,gnn,scaffold,0,C1CCc2c(c3c(N4CCCC4)nc(N4CCCC4)nc3n2CCN2CCOCC2)C1,3.5999999046325684,3.2416627407073975
lipo,gnn,scaffold,0,COc1ccc(-c2csc(N(CCCN3CCOCC3)C(=O)c3ccco3)n2)cc1,3.3399999141693115,2.6412971019744873
lipo,gnn,scaffold,0,Cc1onc(C(N)=O)c1C(=O)Nc1nccs1,1.6299999952316284,0.7722575664520264
lipo,gnn,scaffold,0,Cc1onc(CO)c1C(=O)Nc1nccs1,1.5299999713897705,0.7614271640777588
lipo,gnn,scaffold,0,CC(=O)c1noc(C)c1C(=O)Nc1nccs1,1.940000057220459,1.1347414255142212
lipo,gnn,scaffold,0,CC(C)C(NC(=O)Cn1c(-c2ccccc2)ccc(NC(=O)Cc2ccccc2C(=O)O)c1=O)C(=O)C(F)(F)F,1.1399999856948853,1.6295921802520752
lipo,gnn,scaffold,0,CC(C)C(NC(=O)Cn1c(-c2ccccc2)ccc(NC(=O)Cc2cccc(C(=O)O)c2)c1=O)C(=O)C(F)(F)F,0.6800000071525574,1.1633572578430176
lipo,gnn,scaffold,0,CC(C)C(NC(=O)Cn1c(-c2ccccc2)ccc(NC(=O)Cc2ccc(C(=O)O)cc2)c1=O)C(=O)C(F)(F)F,0.3499999940395355,1.2148380279541016
lipo,gnn,scaffold,0,O=c1c2ccccc2nc2n1CCS2(=O)=O,0.800000011920929,0.6638193130493164
lipo,gnn,scaffold,0,C[C@@H]1CN(c2ncc(F)cn2)CCN1c1ncc(OCc2ccncc2C#N)cn1,3.4000000953674316,2.6523213386535645
lipo,gnn,scaffold,0,O=C1CCC(=O)N1c1cc(Cc2n[nH]c(=O)c3ccccc23)ccc1F,1.0,1.7285761833190918
lipo,gnn,scaffold,0,CC(C)NC(=O)c1cnc(N2CCC(N3C(=O)OCc4ccccc43)CC2)c(Cl)c1,3.569999933242798,3.1407229900360107
lipo,gnn,scaffold,0,CCCSc1nc(N2CCOCC2)ccc1C(=O)N[C@H]1C2CC3CC1C[C@](O)(C3)C2,3.200000047683716,3.3057098388671875
lipo,gnn,scaffold,0,O=C(c1ccc(F)cc1)N1CCC[C@H](c2nc(-c3ccc(F)cc3)no2)C1,3.7300000190734863,3.1763477325439453
lipo,gnn,scaffold,0,O=C(c1scc2c1CCCC2)N1CCCCC1,3.1600000858306885,3.0106520652770996
lipo,gnn,scaffold,0,COc1ccc([C@]2(O)CC[C@H](N3CC[C@@H](NC(=O)CNC(=O)c4cccc(C(F)(F)F)c4)C3)CC2)cn1,1.7200000286102295,2.5530805587768555
lipo,gnn,scaffold,0,O=C(CSc1ccncc1)Nc1ccc(C(=O)c2ccccc2)cc1,3.5999999046325684,3.224719524383545
lipo,gnn,scaffold,0,Cc1cn([C@H]2CCCN([C@H](CC3CCCCC3)c3ccc(C(=O)O)c(Oc4cccc(Cl)c4)c3)C2)c(=O)[nH]c1=O,1.8300000429153442,1.444014072418213
lipo,gnn,scaffold,0,O=C1O[C@@H](COc2ccon2)CN1c1ccc(C2=CCOCC2)c(F)c1,2.609999895095825,2.307812452316284
lipo,gnn,scaffold,0,O=c1[nH]n(C(c2ccccn2)C2CC2)c(=O)c2c(O)c3ccc(Cl)cc3nc12,1.0,1.3992598056793213
lipo,gnn,scaffold,0,Cc1ccc(C(=O)c2ccc(CC(=O)O)n2C)cc1,-1.0199999809265137,-0.5579538345336914
lipo,gnn,scaffold,0,CC(=O)Nc1cc(CN2C(=O)N(c3ccc(SC(F)(F)F)cc3)C(=O)C2(C)C)ccn1,2.930000066757202,3.075040102005005
lipo,gnn,scaffold,0,N#Cc1cccc(-c2nc(-c3ccccn3)no2)c1,2.200000047683716,2.1480045318603516
lipo,gnn,scaffold,0,C[C@H](CO)Nc1nc(SCc2ccccc2)nc2[nH]c(=O)[nH]c12,2.75,3.052058219909668
lipo,gnn,scaffold,0,Cc1nc2nc(-c3cccnc3)nn2c(O)c1Cc1ccccc1,1.5199999809265137,1.1681084632873535
lipo,gnn,scaffold,0,O=S(=O)(Cc1cc(Cl)cc(Cl)c1)NCC(c1ccccc1)N1CCCCCC1,3.2300000190734863,3.5826973915100098
lipo,gnn,scaffold,0,O=S(=O)(Cc1ccccc1)NCC(c1ccccc1)N1CCCCCC1,2.8299999237060547,2.93316650390625
lipo,gnn,scaffold,0,O=C(c1ccc(F)cc1)C1CCN(C(=O)NCc2ccccc2)CC1,3.1500000953674316,3.204094648361206
lipo,gnn,scaffold,0,O=c1oc2ccccc2c(O)c1Cc1c(O)c2ccccc2oc1=O,1.2200000286102295,2.815044641494751
lipo,gnn,scaffold,0,Nc1cc(C(=O)Nc2cccc(-c3nnn[nH]3)c2)cc(C(F)(F)F)c1,0.20000000298023224,0.8938944339752197
lipo,gnn,scaffold,0,O=C(Nc1cccc(-c2nnn[nH]2)c1)c1cc(O)cc(C(F)(F)F)c1,0.800000011920929,1.1501657962799072
lipo,gnn,scaffold,0,FC(F)(F)c1nnc2ccc(N3CCCC3)nn12,2.4100000858306885,2.347759485244751
lipo,gnn,scaffold,0,Cn1cc[nH]c1=S,-0.41999998688697815,0.5175633430480957
lipo,gnn,scaffold,0,CCN(CC)c1ccc2cc(C(=O)O)c(=O)oc2c1,-0.20000000298023224,-0.03547501564025879
lipo,gnn,scaffold,0,CCN(CC)c1ccc2cc(C(C)=O)c(=O)oc2c1,2.0,2.7401413917541504
lipo,gnn,scaffold,0,Cc1c(CCC(=O)O)c(=O)oc2cc(O)ccc12,-0.699999988079071,-0.04948616027832031
lipo,gnn,scaffold,0,Cc1c(CCC(=O)O)c(=O)oc2c(C)c(O)ccc12,-0.30000001192092896,0.5901155471801758
lipo,gnn,scaffold,0,CCOC(=O)c1cc2ccc(O)cc2oc1=O,1.2000000476837158,1.731428623199463
lipo,gnn,scaffold,0,CCOc1ccc2ccc(=O)oc2c1,2.200000047683716,2.1827502250671387
lipo,gnn,scaffold,0,CC(=O)c1cc2ccc(O)cc2oc1=O,0.8700000047683716,1.2861976623535156
lipo,gnn,scaffold,0,COc1ccccc1Oc1c(NS(=O)(=O)c2ccc(C(C)(C)C)cc2)nc(-c2ncccn2)nc1OCCO,1.0299999713897705,1.4156683683395386
lipo,gnn,scaffold,0,O=c1[nH][nH]c(=O)c2c(O)c3c(Cl)cc(Cl)cc3nc12,0.8899999856948853,1.521753191947937
lipo,gnn,scaffold,0,OCCN(CCO)c1nc(N2CCCCC2)c2nc(N(CCO)CCO)nc(N3CCCCC3)c2n1,3.9700000286102295,2.5518882274627686
lipo,gnn,scaffold,0,C[C@@H](Oc1cccc2ncnc(Nc3ccc4c(cnn4Cc4ccccn4)c3)c12)C(=O)N(C)C,2.890000104904175,3.020756244659424
lipo,gnn,scaffold,0,CNC(=O)c1snnc1-c1ccccc1,1.2300000190734863,1.2137391567230225
lipo,gnn,scaffold,0,Cc1cnc(Nc2cc(N3CCN(C)CC3)nc(N[C@@H](C)c3ccc(F)cn3)n2)s1,2.9000000953674316,2.8436689376831055
lipo,gnn,scaffold,0,CN1CCN(C(=O)c2cc3cc(Br)ccc3[nH]2)CC1,2.7899999618530273,2.4796812534332275
lipo,gnn,scaffold,0,CN1CCN(C(=O)c2cc3ccccc3n2C)CC1,1.7100000381469727,0.9690152406692505
lipo,gnn,scaffold,0,CCN1CCN(C(=O)c2cc3cc(Cl)ccc3[nH]2)CC1,3.140000104904175,2.44438099861145
lipo,gnn,scaffold,0,CCN1CCN(C(=O)c2cc3cc(F)ccc3[nH]2)CC1,2.2799999713897705,1.677720546722412
lipo,gnn,scaffold,0,CN1CCN(C(=O)c2cc3cc(Cl)ccc3[nH]2)CC1,2.4000000953674316,2.3677477836608887
lipo,gnn,scaffold,0,O=C(c1cc2ccccc2[nH]1)N1CCNCC1,0.6000000238418579,-0.1825878620147705
lipo,gnn,scaffold,0,CN1CCN(C(=O)c2cc3ccccc3[nH]2)CC1,1.7000000476837158,1.007629156112671
lipo,gnn,scaffold,0,Cc1ccc2[nH]c(C(=O)N3CCN(C)CC3)cc2c1,2.2200000286102295,1.54443359375
lipo,gnn,scaffold,0,CN1CCN(C(=O)c2cc3cc(F)ccc3[nH]2)CC1,1.9700000286102295,1.5690875053405762
lipo,gnn,scaffold,0,O=C(c1cc2cc(Cl)ccc2[nH]1)N1CCNCC1,1.649999976158142,0.7646015882492065
lipo,gnn,scaffold,0,COc1ccc2[nH]c(C(=O)N3CCN(C)CC3)cc2c1,1.6200000047683716,1.1072756052017212
lipo,gnn,scaffold,0,CCN1CCN(C(=O)c2cc3ccccc3[nH]2)CC1,1.9500000476837158,1.118565320968628
lipo,gnn,scaffold,0,CC1CN(C(=O)c2cc3ccccc3[nH]2)CCN1,0.9399999976158142,0.02120494842529297
lipo,gnn,scaffold,0,COC[C@H](C)Oc1cc(Oc2cc(F)cc(F)c2)cc(C(=O)Nc2ccc(C(=O)O)cn2)c1,1.3600000143051147,1.3610689640045166
lipo,gnn,scaffold,0,COC[C@H](C)Oc1cc(Oc2ccccc2)cc(C(=O)Nc2ccc(C(=O)O)cn2)c1,0.949999988079071,0.9002571105957031
lipo,gnn,scaffold,0,COC[C@H](C)Oc1cc(Oc2ccc(S(C)(=O)=O)cc2)cc(C(=O)Nc2ccc(C(=O)O)cn2)c1,-0.4099999964237213,0.2636384963989258
lipo,gnn,scaffold,0,COC[C@H](C)Oc1cc(Oc2ccc(Cl)cc2)cc(C(=O)Nc2ccc(C(=O)O)cn2)c1,1.690000057220459,1.6691548824310303
lipo,gnn,scaffold,0,COc1cc(OC)c(S(=O)(=O)NCc2ccccc2N2CCCCC2)cc1NC(=O)CCC(=O)O,-0.7200000286102295,0.2657817602157593
lipo,gnn,scaffold,0,COc1cc(OC)c(S(=O)(=O)NCc2ccccc2N2CCC(CO)CC2)cc1NC(C)=O,1.0299999713897705,2.6162898540496826
lipo,gnn,scaffold,0,CC1(C(=O)NC2CCCCC2)CCC(=O)N1Cc1cccs1,2.1500000953674316,2.2738096714019775
lipo,gnn,scaffold,0,COc1cc2ncnc(Nc3cc(NC(=O)c4ccnc(N5CCOCC5)c4)ccc3C)c2cc1OCCN1CCOCC1,3.190000057220459,2.869243621826172
lipo,gnn,scaffold,0,Cc1c(-c2ccccc2F)c(=O)n(C[C@H](N)c2ccccc2)c(=O)n1Cc1c(F)cccc1F,2.759999990463257,2.9115347862243652
lipo,gnn,scaffold,0,CNC(=O)c1c(F)cccc1Nc1nc(Nc2cc3c(cc2OC)CCN3C(=O)CN(C)C)nc2[nH]ccc12,2.609999895095825,2.8572609424591064
lipo,gnn,scaffold,0,COc1c(C)c2c(c(O)c1C/C=C(\C)CCC(=O)OCCN1CCOCC1)C(=O)OC2,2.259999990463257,0.7381236553192139
lipo,gnn,scaffold,0,CNC(=O)c1[nH]cnc1C(=O)Nc1ccc(OC)cc1,2.200000047683716,1.837739109992981
lipo,gnn,scaffold,0,c1ccc(Sc2ccc3ccccc3n2)cc1,3.9200000762939453,3.7479171752929688
lipo,gnn,scaffold,0,CN1CCN2c3ncccc3Cc3ccccc3C2C1,2.819999933242798,2.2781450748443604
lipo,gnn,scaffold,0,CN[C@@H](C)C(=O)N[C@H](C(=O)N[C@H]1CCCN(C(=O)c2ccccc2)C1)C1CCCCC1,0.8700000047683716,1.3004059791564941
lipo,gnn,scaffold,0,COc1cc2ncnc(Nc3ccc(F)c(Cl)c3)c2cc1OCCCN1CCCC1,3.130000114440918,2.87261962890625
lipo,gnn,scaffold,0,CCc1ccc(CCOc2ccc(CC3SC(=O)NC3=O)cc2)nc1,2.799999952316284,2.697559118270874
lipo,gnn,scaffold,0,C=CCOc1cc(-c2cccc3c(=O)cc(N4CCOCC4)oc23)ccc1NC(=O)CN1CCOCC1,3.0,2.778337001800537
lipo,gnn,scaffold,0,CC(C)Oc1cc(-c2cccc3c(=O)cc(N4CCOCC4)oc23)ccc1NC(=O)CN1CCOCC1,3.0,3.0912649631500244
lipo,gnn,scaffold,0,CC(C)COc1cc(-c2cccc3c(=O)cc(N4CCOCC4)oc23)ccc1NC(=O)CN1CCOCC1,3.799999952316284,3.2001726627349854
lipo,gnn,scaffold,0,COc1cc(-c2cccc3c(=O)cc(N4CCOCC4)oc23)ccc1NC(=O)CN1CCOCC1,2.299999952316284,2.6926486492156982
lipo,gnn,scaffold,0,CCOc1cc(-c2cccc3c(=O)cc(N4CCOCC4)oc23)ccc1NC(=O)CN1CCOCC1,2.799999952316284,2.880873203277588
lipo,gnn,scaffold,0,O=C(CN1CCOCC1)Nc1ccc(-c2cccc3c(=O)cc(N4CCOCC4)oc23)cc1O,2.4000000953674316,2.3203885555267334
lipo,gnn,scaffold,0,O=C(N[C@@H](Cc1ccc(CCCCNc2ccccn2)cc1)C(=O)O)c1c(Cl)cccc1Cl,0.5099999904632568,0.6682513952255249
lipo,gnn,scaffold,0,COc1ccccc1-c1nnc(N)[nH]1,0.9100000262260437,0.848300576210022
lipo,gnn,scaffold,0,COc1cc(F)ccc1-c1cncc(CNC(=O)C2CC2)c1,2.9000000953674316,2.909883975982666
lipo,gnn,scaffold,0,Cn1sc(NC(=O)c2cccc(Cl)c2)nc1=O,0.8700000047683716,1.677258014678955
lipo,gnn,scaffold,0,Cn1sc(NC(=O)c2ccccc2)nc1=O,1.1299999952316284,0.8460112810134888
lipo,gnn,scaffold,0,COc1cccc(CNCc2cccc(CCNC[C@H](O)c3ccc(O)c4[nH]c(=O)sc34)c2)c1,0.9100000262260437,0.7243136167526245
lipo,gnn,scaffold,0,COc1ccccc1CN(C)Cc1cccc(CCNC[C@H](O)c2ccc(O)c3[nH]c(=O)sc23)c1,1.5199999809265137,1.229789137840271
lipo,gnn,scaffold,0,COc1ccc(CNCc2cccc(CCNC[C@H](O)c3ccc(O)c4[nH]c(=O)sc34)c2)cc1,0.8600000143051147,0.661786675453186
lipo,gnn,scaffold,0,O=c1[nH]c2c(O)ccc([C@@H](O)CNCCc3cccc(CNCc4ccccc4Cl)c3)c2s1,1.850000023841858,1.6130344867706299
lipo,gnn,scaffold,0,O=c1[nH]c2c(O)ccc([C@@H](O)CNCCc3cccc(CNCc4ccccc4F)c3)c2s1,0.6899999976158142,1.0499427318572998
lipo,gnn,scaffold,0,CCOc1ccccc1CNCc1cccc(CCNC[C@H](O)c2ccc(O)c3[nH]c(=O)sc23)c1,1.1299999952316284,1.0214115381240845
lipo,gnn,scaffold,0,Oc1ccc2c3c1O[C@H]1c4[nH]c5ccccc5c4C[C@@]4(O)[C@@H](C2)N(CC2CC2)CC[C@]314,2.700000047683716,2.1469836235046387
lipo,gnn,scaffold,0,Cc1cc(C(=O)Cn2cc(C(F)(F)F)ccc2=O)c(C)n1Cc1ccccc1,3.4600000381469727,2.735534906387329
lipo,gnn,scaffold,0,COc1cccc(-c2c[nH]c(-c3ccccc3)n2)c1,3.799999952316284,3.1775364875793457
lipo,gnn,scaffold,0,c1ccc(-c2c[nH]c(-c3ccccc3)n2)cc1,3.799999952316284,3.253782272338867
lipo,gnn,scaffold,0,CNc1nc(C)c(-c2nc(Nc3cccc(N4CCCN(C(C)=O)CC4)c3)ncc2C#N)s1,3.200000047683716,2.9610025882720947
lipo,gnn,scaffold,0,CNc1nc(C)c(-c2nc(Nc3cccc(N4CCCNCC4)c3)ncc2C#N)s1,1.6399999856948853,1.9322624206542969
lipo,gnn,scaffold,0,O=C(c1ccc(F)cc1)C1CCN(CCn2c(=O)[nH]c3ccccc3c2=O)CC1,2.9000000953674316,2.32586669921875
lipo,gnn,scaffold,0,COc1cc2c(Nc3c(Cl)ccc4c3OCO4)ncnc2cc1OCC1CCN(C)CC1,1.8300000429153442,2.314173698425293
lipo,gnn,scaffold,0,C[C@H](CO)Nc1nc(SCc2cccc(F)c2F)nc2nc(N)cnc12,2.890000104904175,2.6816961765289307
lipo,gnn,scaffold,0,C[C@H](CO)Nc1nc(SCc2cccc(F)c2F)nc2nccnc12,3.1500000953674316,2.8791608810424805
lipo,gnn,scaffold,0,Cc1cnc2c(N[C@H](C)CO)nc(SCc3cccc(F)c3F)nc2n1,3.549999952316284,2.929943561553955
lipo,gnn,scaffold,0,Cc1cnc2nc(SCc3cccc(F)c3F)nc(N[C@H](C)CO)c2n1,3.5,2.946220874786377
lipo,gnn,scaffold,0,Oc1ncnc2scc(-c3ccsc3)c12,2.25,2.1823549270629883
lipo,gnn,scaffold,0,NC(=O)c1cccc([S+]([O-])[C@H]2C[C@H]3CC[C@@H](C2)N3Cc2ccccc2)c1,1.100000023841858,0.32047128677368164
lipo,gnn,scaffold,0,Cc1ccc(Oc2ccc(OCC(=O)Nc3ccncc3)cc2)cc1,4.300000190734863,3.3969240188598633
lipo,gnn,scaffold,0,Cc1cc2cc(C)c3nnc(SCC(=O)N4CCN(C(=O)c5ccco5)CC4)n3c2cc1C,2.799999952316284,2.3458120822906494
lipo,gnn,scaffold,0,Cc1ccc2cc(C)c3nnc(SCC(=O)N4CCN(C(=O)c5ccco5)CC4)n3c2c1,2.299999952316284,2.000495195388794
lipo,gnn,scaffold,0,CC(C)Nc1nc(NCc2ccccc2)c2sccc2n1,3.9000000953674316,3.730447769165039
lipo,gnn,scaffold,0,COc1cccc(CNc2nc(NC(C)C)nc3ccsc23)c1OC,3.700000047683716,3.623997926712036
lipo,gnn,scaffold,0,COCCNc1nc(NCc2ccccc2F)c2sccc2n1,3.4000000953674316,3.4687843322753906
lipo,gnn,scaffold,0,CSc1ccc(OCc2ccccc2)c(C(=O)Nc2ccc(C(=O)O)cn2)c1,1.600000023841858,1.1526260375976562
lipo,gnn,scaffold,0,CC(C)CNc1nc(C#N)nc(N2CCNCC2)c1N,0.699999988079071,1.3980605602264404
lipo,gnn,scaffold,0,CC(=O)N1CCN(c2nc(C#N)nc(NCC(C)C)c2N)CC1,2.4000000953674316,2.333437919616699
lipo,gnn,scaffold,0,COc1cc(C(=O)N2CC[C@](CCN3CCC(C(N)=O)(c4ccccc4)CC3)(c3ccc(Cl)c(Cl)c3)C2)cc(OC)c1OC,3.2300000190734863,3.1109888553619385
lipo,gnn,scaffold,0,CCOC(=O)Nc1cccc([C@@H](c2ccc(C(=O)N3CCC3)cc2)N2CCN(Cc3cccnc3)CC2)c1,3.0199999809265137,2.3332810401916504
lipo,gnn,scaffold,0,Nc1nc2cc3c(cc2s1)CCN(Cc1cnc[nH]1)CC3,-0.11999999731779099,1.392007827758789
lipo,gnn,scaffold,0,O=S(=O)(CCOCc1cccc2ccccc12)NCCCNCCc1ccc(O)c2nc(O)sc12,1.690000057220459,2.2560698986053467
lipo,gnn,scaffold,0,CC(C)Cn1c(=O)n(C)c(=O)c2c(C(=O)N3CC[C@@H](O)C3)c(Cc3c[nH]c4ncccc34)sc21,1.7100000381469727,1.2103488445281982
lipo,gnn,scaffold,0,Oc1ncc(NCc2ccccc2)c(O)n1,0.8199999928474426,1.8316168785095215
lipo,gnn,scaffold,0,COc1cnc(-c2ccccn2)nc1N1CCOCC1,1.5199999809265137,1.5614676475524902
lipo,gnn,scaffold,0,CC(C(=O)N1CCc2ccccc2C1)N1C(=O)c2ccccc2C1=O,2.4700000286102295,2.259708881378174
lipo,gnn,scaffold,0,Cc1ncc(-c2ccnc(Nc3ccc(N4CCOCC4)cc3)n2)n1C(C)C,2.880000114440918,2.84674334526062
lipo,gnn,scaffold,0,Cc1ncc(-c2nc(Nc3ccc(N4CCOCC4)cc3)ncc2F)n1C(C)C,3.009999990463257,2.8720858097076416
lipo,gnn,scaffold,0,CCCCn1c(Cc2cc(OC)c(OC)c(OC)c2)nc2c(N)ncnc21,2.390000104904175,2.4677884578704834
lipo,gnn,scaffold,0,CCC[C@@H](CNC(=O)c1nc(Cl)c(N)nc1N)[N+](C)(C)CCCc1ccc(OC)cc1,0.4000000059604645,1.0737518072128296
lipo,gnn,scaffold,0,CCCCC(CC)CNC(=O)c1cc(-n2ncc(=O)[nH]c2=O)ccc1Cl,2.4100000858306885,2.27109432220459
lipo,gnn,scaffold,0,O=C(c1cccc(Cl)c1Cl)N1CCN(c2ccccn2)CC1,2.9800000190734863,3.0394489765167236
lipo,gnn,scaffold,0,Cc1ccccc1C(=O)N1CCN(c2ccccn2)CC1,2.180000066757202,2.4390370845794678
lipo,gnn,scaffold,0,C[C@@H](Oc1ccc(S(C)(=O)=O)cc1C(=O)N1CCN(c2ncc(C(F)(F)F)cc2F)CC1)C(F)(F)F,3.490000009536743,2.9869747161865234
lipo,gnn,scaffold,0,CC(C)[C@H]1C(=O)N[C@H](CO)Cc2ccccc2N1C,2.0299999713897705,2.512758731842041
lipo,gnn,scaffold,0,C[C@@](O)(C(=O)Nc1ccc(S(=O)(=O)NCCN2CCOCC2)cc1Cl)C(F)(F)F,2.140000104904175,2.8024656772613525
lipo,gnn,scaffold,0,C[C@H]1O[C@@H](n2cnc3c(N)nc(OCC4CCC(F)(F)CC4)nc32)[C@H](O)[C@@H]1O,1.7200000286102295,1.5859591960906982
lipo,gnn,scaffold,0,O=C(c1cc(Cc2n[nH]c(=O)c3ccccc23)ccc1F)N1CCN(C(=O)C2CCCO2)CC1,0.8999999761581421,1.426337718963623
lipo,gnn,scaffold,0,Cc1cc(Nc2ncc(F)c(N[C@H]3[C@@H](C(N)=O)[C@@H]4C=C[C@H]3C4)n2)ccc1N1CCN(C)CC1,2.9000000953674316,2.725645065307617
lipo,gnn,scaffold,0,C[C@@H]1CN(C(=O)[C@@](C)(O)C(F)(F)F)[C@@H](C)CN1C(=O)c1ccc(C#N)cc1,1.5,2.0098659992218018
lipo,gnn,scaffold,0,O=c1cc(N2CCOCC2)nc2c3ccccc3ccn12,2.7799999713897705,2.0951220989227295
lipo,gnn,scaffold,0,COc1cc2c(Nc3ccc(F)cc3F)c(C(N)=O)cnc2cc1N1CCN(C)CC1,1.75,2.6639931201934814
lipo,gnn,scaffold,0,O=C(c1cc(Cc2n[nH]c(=O)c3ccccc23)ccc1F)N1CCN(C(=O)C2CCOC2)CC1,0.800000011920929,1.2754631042480469
lipo,gnn,scaffold,0,CC(C)C(NC(=O)Cn1c(-c2cccc(C(=O)O)c2)ccc(NC(=O)OCc2ccccc2)c1=O)C(=O)C(F)(F)F,1.2000000476837158,1.7573025226593018
lipo,gnn,scaffold,0,CC(C)C(NC(=O)Cn1c(-c2ccccc2)ccc(NC(=O)OCc2ccc(C(=O)O)cc2)c1=O)C(=O)C(F)(F)F,0.8399999737739563,1.8453280925750732
lipo,gnn,scaffold,0,COc1cc(OC)cc(-c2ccc(NC(=O)OCc3ccccc3)c(=O)n2CC(=O)NC(C(=O)C(F)(F)F)C(C)C)c1,2.259999990463257,2.675304651260376
lipo,gnn,scaffold,0,COc1cc(Nc2ncnc3cccc(O[C@H](C)C(=O)N4CCOCC4)c23)ccc1Oc1ccc(C)nc1,3.5999999046325684,2.9658799171447754
lipo,gnn,scaffold,0,Cc1ccc(Oc2ccc(Nc3ncnc4cccc(O[C@H](C)C(=O)N5CCOCC5)c34)cc2C)cn1,4.139999866485596,3.3169593811035156
lipo,gnn,scaffold,0,COC[C@@H](c1ccc(C(F)(F)F)cc1)N1CCN(C2(C)CCN(C(=O)c3c(C)ncnc3C)CC2)C[C@@H]1C,2.700000047683716,2.3680927753448486
lipo,gnn,scaffold,0,CCCc1c(OCCCOc2ccc3c(=O)cc(C(=O)O)oc3c2CCC)ccc(C(C)=O)c1O,3.0,2.7632670402526855
lipo,gnn,scaffold,0,CSCCC(NC(=O)c1sccc1Cl)c1nc2ccccc2[nH]1,3.690000057220459,3.7399168014526367
lipo,gnn,scaffold,0,O=C(NS(=O)(=O)Cc1ccccc1)N1CCC(N2CCC(Oc3ccc(Cl)c(Cl)c3)CC2)CC1,2.130000114440918,1.7819764614105225
lipo,gnn,scaffold,0,COc1ncc2ccc(=O)n(CCN3CCC(NCc4cc5c(cn4)OCCO5)CC3)c2n1,0.20000000298023224,0.1744678020477295
lipo,gnn,scaffold,0,NC(=O)c1cccnc1Oc1ccccc1,1.1299999952316284,1.3203318119049072
lipo,gnn,scaffold,0,CN1CCN(CC(=O)Nc2c(C#N)cnn2-c2ccccc2)CC1,0.0,0.565281867980957
lipo,gnn,scaffold,0,O=C(Nc1ccc(N2CCOCC2)cc1)c1nnc(NC(=O)C2(c3ccc(Cl)cc3)CCCC2)o1,3.7200000286102295,3.1687817573547363
lipo,gnn,scaffold,0,COC1(c2cc(F)cc(OCc3ccc4c(ccc(=O)n4C)c3)c2)CCOCC1,3.5199999809265137,2.7125039100646973
lipo,gnn,scaffold,0,CCn1c(=O)ccc2cc(COc3cc(F)cc(C4(OC)CCOCC4)c3)ccc21,3.890000104904175,2.96710467338562
lipo,gnn,scaffold,0,N#Cc1ccc(C(=O)N2CCC3(CC2)N=C(N)c2c(F)cccc2N3)cc1,0.6600000262260437,0.7958358526229858
lipo,gnn,scaffold,0,N#Cc1ccc(C(=O)N2CCC3(CC2)N=C(N)c2c(F)ccc(F)c2N3)cc1,0.8600000143051147,1.1623635292053223
lipo,gnn,scaffold,0,O=c1c2sccc2n(CC2COc3ccccc3O2)c(=O)n1O,1.440000057220459,0.9402551651000977
lipo,gnn,scaffold,0,Cn1c(C#N)ccc1-c1cc(F)c2c(c1)C(C)(C)C(=O)N2,3.2100000381469727,2.6042871475219727
lipo,gnn,scaffold,0,COc1ccc(-c2nc3c(NCCCNC(=O)C4CCCC4)c(C(N)=O)cnc3[nH]2)cc1,3.130000114440918,2.2560698986053467
lipo,gnn,scaffold,0,N#Cc1c(-c2ccccc2)nc(SCc2ccccc2)[nH]c1=O,1.559999942779541,2.161944627761841
lipo,gnn,scaffold,0,C[C@H](CO)Nc1nc(SCc2cccc(F)c2F)nc2[nH]c(=O)c(=O)[nH]c12,2.4800000190734863,2.537266254425049
lipo,gnn,scaffold,0,Cc1ccc(NC(=O)c2cccc(N(C)C)c2)cc1NC(=O)c1ccc(OC(C)C)cc1,3.0999999046325684,3.805716037750244
lipo,gnn,scaffold,0,COc1ccc(C(=O)Nc2cc(NC(=O)c3cccc(N(C)C)c3)ccc2Br)cc1OC,3.490000009536743,3.7709712982177734
lipo,gnn,scaffold,0,COc1cc(C(=O)Nc2cc(NC(=O)c3cccc(N(C)C)c3)ccc2C)cc(OC)c1OC,2.5399999618530273,3.493429183959961
lipo,gnn,scaffold,0,COc1ccc(C(=O)Nc2cc(NC(=O)c3cccc(N(C)C)c3)ccc2C)cc1,3.1700000762939453,3.4082157611846924
lipo,gnn,scaffold,0,Cc1ccc(NC(=O)c2cccc(N(C)C)c2)cc1NC(=O)c1ccc(O)cc1,2.6500000953674316,3.297041416168213
lipo,gnn,scaffold,0,COc1ccc(C(=O)Nc2cc(NC(=O)c3cccc(N(C)C)c3)ccc2C)cc1OC,3.119999885559082,3.505608081817627
lipo,gnn,scaffold,0,COCCOc1ccc(C(=O)Nc2cc(NC(=O)c3cccc(N(C)C)c3)ccc2C)cc1,2.740000009536743,3.188101291656494
lipo,gnn,scaffold,0,COc1ccc(C(=O)Nc2cccc(NC(=O)c3cccc(N(C)C)c3)c2)cc1OC,3.6700000762939453,3.3998823165893555
lipo,gnn,scaffold,0,Cc1ccccc1N1C(=O)c2cc(S(N)(=O)=O)c(Cl)cc2NC1C,1.6399999856948853,2.0200884342193604
lipo,gnn,scaffold,0,COc1cc(-c2nnc(S)n2-c2cccc(C(F)(F)F)c2)cc(OC)c1OC,2.2699999809265137,2.822509765625
lipo,gnn,scaffold,0,O=C1CC2(CCCC2)CC(=O)N1CCCCN1CCN(c2ncccn2)CC1,2.190000057220459,1.1082416772842407
lipo,gnn,scaffold,0,CN[C@@H](C)C(=O)N[C@H](C(=O)N1CCC[C@H]1C(=O)N[C@H](C(=O)OC)C(c1ccccc1)c1ccccc1)C1CCCCC1,2.4200000762939453,2.725369453430176
lipo,gnn,scaffold,0,CCC(CC)NC(=O)c1cn(-c2ccccc2)nc1NS(=O)(=O)c1ccc(C)cc1,2.509999990463257,1.5909779071807861
lipo,gnn,scaffold,0,O=C(Cn1cnc2ccccc21)c1ccc(Br)cc1,3.2200000286102295,2.984995126724243
lipo,gnn,scaffold,0,N#Cc1ccc(Nc2nccc(NC3CC3)n2)cc1,3.009999990463257,2.9943158626556396
lipo,gnn,scaffold,0,CC(C)C[C@H](N)c1nnc(S(=O)(=O)Cc2ccc(F)cc2)o1,1.1100000143051147,1.3594515323638916
lipo,gnn,scaffold,0,CC(c1ccccc1)C(Cc1nc2ccccc2[nH]1)c1nc2ccccc2[nH]1,4.480000019073486,3.965005874633789
lipo,gnn,scaffold,0,O=C(O)C[C@H]1CC[C@H](c2ccc(-c3ccc(Nc4ccc(C(F)(F)F)nc4)cn3)cc2)CC1,3.799999952316284,2.2355310916900635
lipo,gnn,scaffold,0,COc1ccc(-c2nc(N3CCOCC3)nc(O)c2C#N)cc1,0.20000000298023224,1.0714281797409058
lipo,gnn,scaffold,0,C[C@]12CCC(=O)C=C1C=C[C@@H]1[C@@H]2CC[C@@]2(C)[C@H]1CC[C@@]21CCC(=O)O1,3.200000047683716,3.163846015930176
lipo,gnn,scaffold,0,CCC(CC)NC(=O)c1cnn(-c2ccccn2)c1NS(=O)(=O)c1ccc(C)cc1,0.27000001072883606,0.8793786764144897
lipo,gnn,scaffold,0,COc1ccc(/C=C2/CCc3ccccc3C2=O)cc1CN1CCOCC1,3.799999952316284,2.5862772464752197
lipo,gnn,scaffold,0,O=C(c1ccccc1)c1ccc2n1CCC2C(=O)O,-0.9300000071525574,-0.17467260360717773
lipo,gnn,scaffold,0,O=C(CSc1ccccc1)N1CCN(C(=O)c2ccco2)CC1,1.600000023841858,1.8431711196899414
lipo,gnn,scaffold,0,O=CN(O)C1(CS(=O)(=O)N2CCN(c3ccc(F)cc3)CC2)CCOCC1,0.8500000238418579,0.9168573617935181
lipo,gnn,scaffold,0,COc1ccc(-c2nc3n(c2Br)CCC3)cc1,3.299999952316284,2.634645938873291
lipo,gnn,scaffold,0,CCOC(=O)[C@H](CCc1ccccc1)N[C@@H](C)C(=O)N1[C@H](C(=O)O)C[C@@H]2CCC[C@@H]21,-0.4099999964237213,1.0290207862854004
lipo,gnn,scaffold,0,CC(=O)Nc1ccc(-c2ccnc(Nc3ccc(N4CCOCC4)cc3)n2)cc1,2.9100000858306885,2.695167303085327
lipo,gnn,scaffold,0,N#CCNC(=O)c1ccc(-c2ccnc(Nc3ccc(N4CCOCC4)cc3)n2)cc1,2.369999885559082,2.4426565170288086
lipo,gnn,scaffold,0,Fc1ccc(-c2ncn(C3CCNCC3)c2-c2ccncc2)cc1,0.30000001192092896,0.6858559846878052
lipo,gnn,scaffold,0,Nc1cccc(NC(=O)c2ccc(CNC(=O)OCc3cccnc3)cc2)c1,1.600000023841858,2.0849573612213135
lipo,gnn,scaffold,0,Nc1ccccc1NC(=O)c1ccc(CNC(=O)OCc2cccnc2)cc1,1.2599999904632568,1.8544453382492065
lipo,gnn,scaffold,0,O=C(O)CCC[C@@H]1c2ccccc2C[C@H]1NC(=O)c1cc2cc(F)ccc2[nH]1,1.9500000476837158,2.1147074699401855
lipo,gnn,scaffold,0,O=C(O)C[C@@H]1c2ccccc2C[C@H]1NC(=O)c1cc2cc(F)ccc2[nH]1,1.2599999904632568,1.2634944915771484
lipo,gnn,scaffold,0,O=C(O)C[C@@H]1c2ccccc2C[C@H]1NC(=O)c1cc2cc(Cl)ccc2[nH]1,1.7899999618530273,1.8046663999557495
lipo,gnn,scaffold,0,OB1c2ccccc2N=C(S)N1c1cccnc1,-0.6200000047683716,0.5015809535980225
lipo,gnn,scaffold,0,CC(C)C(NC(=O)Cn1c(-c2ccc(F)cc2)ncc(NC(=O)OCc2ccncc2)c1=O)C(=O)C(F)(F)F,2.2200000286102295,2.169583559036255
lipo,gnn,scaffold,0,CCN(CC)CCOC(=O)C1(C2CCCCC2)CCCCC1,3.7200000286102295,2.804448127746582
lipo,gnn,scaffold,0,Nc1cc(C(F)(F)F)c(-c2cc(N3CCOCC3)nc(N3CCOCC3)n2)cn1,2.700000047683716,2.628570318222046
lipo,gnn,scaffold,0,O=C(Nc1ccncc1)c1cccc2ccccc12,3.0999999046325684,3.058014392852783
lipo,gnn,scaffold,0,Cc1sc(N2CCN(C)CC2)nc1CCOc1ccc(C[C@H](Nc2ccccc2C(=O)c2ccccc2)C(=O)O)cc1,2.5799999237060547,2.2238504886627197
lipo,gnn,scaffold,0,CN1CCN(c2ccc(NC(=O)c3nnc(Nc4ccccc4F)o3)cn2)CC1,2.359999895095825,2.798818588256836
lipo,gnn,scaffold,0,Cc1ccc(-n2c(C)cc(C(=O)NS(=O)(=O)c3ccc(C)cc3)c2C)cc1,2.5,1.2493280172348022
lipo,gnn,scaffold,0,COc1ccc(-c2ccc3c(N4CCOC[C@@H]4C)nc(-n4ccnc4)nc3n2)cc1CO,2.5999999046325684,2.2932379245758057
lipo,gnn,scaffold,0,Cc1ccc(COC(=O)N2CCC(CNc3ncccn3)CC2)cc1,3.5999999046325684,3.175264596939087
lipo,gnn,scaffold,0,Cc1ccc(COC(=O)N2CC[C@H](CNc3ncccn3)[C@H](F)C2)cc1,3.2100000381469727,3.248842239379883
lipo,gnn,scaffold,0,COc1ccc(COC(=O)N2CCC(CNc3ncccn3)CC2)cc1,3.140000104904175,2.780790328979492
lipo,gnn,scaffold,0,NC(=O)c1cc(F)cc(O[C@H]2C[C@H]3CC[C@@H](C2)N3Cc2ccccc2)c1,2.140000104904175,2.150087594985962
lipo,gnn,scaffold,0,Cc1cc(O[C@H]2C[C@H]3CC[C@@H](C2)N3Cc2ccccc2)cc(C(N)=O)c1,2.0799999237060547,2.1293115615844727
lipo,gnn,scaffold,0,NC(=O)c1cccc(O[C@H]2C[C@H]3CC[C@@H](C2)N3Cc2ccccc2)c1,1.6100000143051147,1.669136881828308
lipo,gnn,scaffold,0,CNC(=O)c1cccc(O[C@H]2C[C@H]3CC[C@@H](C2)N3Cc2ccccc2)c1,1.9299999475479126,2.249239683151245
lipo,gnn,scaffold,0,NC(=O)c1ccc(O[C@H]2C[C@H]3CC[C@@H](C2)N3Cc2ccccc2)c(F)c1,2.0999999046325684,1.9860039949417114
lipo,gnn,scaffold,0,Cc1cc(C(N)=O)ccc1O[C@H]1C[C@H]2CC[C@@H](C1)N2Cc1ccccc1,2.2300000190734863,1.6942791938781738
lipo,gnn,scaffold,0,Oc1cccc(O[C@H]2C[C@H]3CC[C@@H](C2)N3Cc2ccccc2)c1,2.299999952316284,2.688755989074707
lipo,gnn,scaffold,0,Cc1c(O[C@H]2C[C@H]3CC[C@@H](C2)N3Cc2ccccc2)cccc1C(N)=O,1.600000023841858,2.0061280727386475
lipo,gnn,scaffold,0,NC(=O)c1cccc(O[C@@H]2C[C@H]3CC[C@@H](C2)N3Cc2ccccc2)c1,1.7599999904632568,1.666468620300293
lipo,gnn,scaffold,0,C[C@@H](NC(=O)[C@H]1CCCNC1)c1ccc(Nc2ncc3cc(-c4ccncc4)ccc3n2)cc1,1.690000057220459,1.948335886001587
lipo,gnn,scaffold,0,CC(C)[C@H](NC(=O)CCc1ccccc1)C(=O)N1CCCC1,2.490000009536743,2.810314655303955
lipo,gnn,scaffold,0,CCC(c1nc2ncccc2c(=O)n1Cc1ccccc1)N(CCCN)C(=O)c1ccc(C)cc1,-0.03999999910593033,1.1305395364761353
lipo,gnn,scaffold,0,COc1cc(OC)c(S(=O)(=O)N2c3ccccc3CCC2C)cc1NC(=O)CCc1nn[nH]n1,-0.3400000035762787,-0.13721656799316406
lipo,gnn,scaffold,0,O=C1COC2(CCN(S(=O)(=O)c3ccc(-c4ccc5cccnc5c4)cc3)CC2)CN1C1CC1,3.240000009536743,3.2124276161193848
lipo,gnn,scaffold,0,Cc1ccc(CO)cc1N(C)c1ccnc(Nc2cc(C(=O)N3CCOCC3)cc(N3CCOCC3)c2)n1,2.200000047683716,2.6604201793670654
lipo,gnn,scaffold,0,C1CCC(C(CC2CCCCN2)C2CCCCC2)CC1,3.0199999809265137,2.0926249027252197
lipo,gnn,scaffold,0,Cc1ccc(NC(=O)c2cccc(C(F)(F)F)c2)cc1NC(=O)c1cccnc1,3.109999895095825,3.4994139671325684
lipo,gnn,scaffold,0,Nc1cc(N2CCCCC2)nc(N)[n+]1[O-],0.7699999809265137,-0.1593618392944336
lipo,gnn,scaffold,0,CC#Cc1cncc(-c2cccc(C3(C4CC4)N=C(C)C(N)=N3)c2)c1,3.299999952316284,3.510183334350586
lipo,gnn,scaffold,0,Cc1ccc(CN2[C@@H]3CC[C@H]2C[C@@H](Oc2cccc(C(N)=O)c2)C3)s1,2.390000104904175,1.5164247751235962
lipo,gnn,scaffold,0,Cc1ccc(CN2[C@@H]3CC[C@H]2C[C@H](Oc2cccc(C(N)=O)c2)C3)s1,2.440000057220459,1.4846513271331787
lipo,gnn,scaffold,0,COC(=O)c1nc2c(N[C@H](C)CO)nc(SCc3cccc(F)c3F)nc2[nH]c1=O,2.490000009536743,2.837202787399292
lipo,gnn,scaffold,0,C[C@H](CO)Nc1nc(SCc2cccc(F)c2F)nc2[nH]c(=O)cnc12,3.0999999046325684,2.7883121967315674
lipo,gnn,scaffold,0,CS(=O)(=O)c1ccc([C@@H](C[C@H]2CCC(=O)C2)C(=O)Nc2cnccn2)cc1Cl,1.3899999856948853,1.6502726078033447
lipo,gnn,scaffold,0,CC(C)(C)OC(=O)N1CCN(c2ncc(OCc3ccc(S(C)(=O)=O)cc3)cn2)CC1,3.2699999809265137,2.8939437866210938
lipo,gnn,scaffold,0,C[C@H]1CN(C(=O)OC(C)(C)C)CCN1c1ncc(OCc2ccc(S(C)(=O)=O)cc2)cn1,3.5,2.9573283195495605
lipo,gnn,scaffold,0,C[C@@H]1CN(C(=O)OC(C)(C)C)CCN1c1ncc(OCc2ccc(C#N)cc2)cn1,2.890000104904175,3.5423150062561035
lipo,gnn,scaffold,0,C[C@@H]1CN(C(=O)OC(C)(C)C)CCN1c1ncc(OCc2ccc(S(C)(=O)=O)cc2C#N)cn1,3.299999952316284,2.9665286540985107
lipo,gnn,scaffold,0,C[C@@H]1CN(C(=O)OC(C)(C)C)CCN1c1ncc(OCc2ccc(S(C)(=O)=O)cc2)cn1,3.5999999046325684,3.034362316131592
lipo,gnn,scaffold,0,C[C@@H]1CN(C(=O)OC(C)(C)C)CCN1c1ncc(OCc2ccc(S(C)(=O)=O)cc2F)cn1,3.700000047683716,3.0438497066497803
lipo,gnn,scaffold,0,Cc1cc(Nc2nc(O[C@H](C)c3ccc(F)cn3)c(C#N)nc2C)n[nH]1,2.7200000286102295,2.4693257808685303
lipo,gnn,scaffold,0,Cc1cc(Nc2nc(O[C@@H](C)c3ccc(F)cn3)c(C#N)nc2C)n[nH]1,2.859999895095825,2.5256309509277344
lipo,gnn,scaffold,0,O=C(NCc1ccncn1)c1ccc(Oc2ccc(CCC3(O)CN4CCC3CC4)cc2)cc1,0.7599999904632568,1.2246044874191284
lipo,gnn,scaffold,0,O=C(c1ccc(Cl)cc1)C1CCN(C(=O)C2CC2)CC1,2.7200000286102295,2.9731078147888184
lipo,gnn,scaffold,0,Cc1cc(C)cc(-c2c(O)nc3cc(Cl)c(C(=O)Nc4ccncn4)cc3c2OCCC2CCCCN2)c1,1.7000000476837158,1.3402007818222046
lipo,gnn,scaffold,0,O=C(NC1Cc2ccccc2N(C[C@@H](O)CO)C1=O)c1cc2cc(Cl)sc2[nH]1,3.369999885559082,3.156681537628174
lipo,gnn,scaffold,0,O=C(NC1Cc2ccccc2N(CC(CO)CO)C1=O)c1cc2cc(Cl)sc2[nH]1,3.559999942779541,3.3457016944885254
lipo,gnn,scaffold,0,O=C(NC1Cc2ccccc2N(CCCO)C1=O)c1cc2cc(Cl)sc2[nH]1,3.490000009536743,3.5615110397338867
lipo,gnn,scaffold,0,CN(C)C(=O)CN1C(=O)C(NC(=O)c2cc3cc(Cl)sc3[nH]2)Cc2ccccc21,3.069999933242798,3.0216400623321533
lipo,gnn,scaffold,0,NC(=O)CN1C(=O)C(NC(=O)c2cc3cc(Cl)sc3[nH]2)Cc2ccccc21,3.2200000286102295,2.6820173263549805
lipo,gnn,scaffold,0,O=C(CN1C(=O)C(NC(=O)c2cc3cc(Cl)sc3[nH]2)Cc2ccccc21)NC(CO)CO,2.609999895095825,2.3651607036590576
lipo,gnn,scaffold,0,C[S+]([O-])CCN1C(=O)C(NC(=O)c2cc3cc(Cl)sc3[nH]2)Cc2ccccc21,3.1700000762939453,3.022484540939331
lipo,gnn,scaffold,0,O=C(N[C@@H]1Cc2ccccc2N(C[C@@H](O)CO)C1=O)c1cc2cc(Cl)sc2[nH]1,3.2699999809265137,3.1500673294067383
lipo,gnn,scaffold,0,O=C(N[C@H]1Cc2ccccc2N(C[C@H](O)CO)C1=O)c1cc2cc(Cl)sc2[nH]1,3.2699999809265137,3.1357240676879883
lipo,gnn,scaffold,0,O=C(CN1C(=O)C(NC(=O)c2cc3cc(Cl)sc3[nH]2)Cc2ccccc21)NO,2.4000000953674316,2.601418972015381
lipo,gnn,scaffold,0,O=C(N[C@H]1Cc2ccccc2N(C[C@@H](O)CO)C1=O)c1cc2cc(Cl)sc2[nH]1,3.299999952316284,3.1340689659118652
lipo,gnn,scaffold,0,O=C(NC1Cc2ccccc2N(CCO)C1=O)c1cc2cc(Cl)sc2[nH]1,3.049999952316284,3.3939175605773926
lipo,gnn,scaffold,0,O=C(CN1C(=O)C(NC(=O)c2cc3cc(Cl)sc3[nH]2)Cc2ccccc21)NCCO,3.049999952316284,2.7494049072265625
lipo,gnn,scaffold,0,O=C(CN1CCOCC1)Nc1ccc(-c2cccc3c(=O)cc(N4CCOCC4)oc23)cc1OCC1CC1,3.299999952316284,2.9861268997192383
lipo,gnn,scaffold,0,O=C(NCc1ccccc1Cl)c1ccccc1Oc1ccccc1,3.5799999237060547,4.002193450927734
lipo,gnn,scaffold,0,CCN(CC)C(=O)c1ccc(C2=CC3(CCNCC3)Oc3ccccc32)c(O)c1,0.7699999809265137,1.780979871749878
lipo,gnn,scaffold,0,CCN(CC)C(=O)c1ccc(C2=CC3(CCNCC3)Oc3cccc(O)c32)cc1,0.5400000214576721,1.642066478729248
lipo,gnn,scaffold,0,O=c1c2ccccc2[se]n1-c1ccccc1,3.309999942779541,2.699434518814087
lipo,gnn,scaffold,0,Nc1nccc(-c2cccs2)n1,1.75,1.5676765441894531
lipo,gnn,scaffold,0,COc1ccccc1OCCNCC(O)COc1cccc2[nH]c3ccccc3c12,3.2699999809265137,2.4630417823791504
lipo,gnn,scaffold,0,Cc1sc2ncnc(SCC(=O)N3CCCC3)c2c1C,2.890000104904175,2.866429328918457
lipo,gnn,scaffold,0,Cc1cccc(NS(=O)(=O)c2cccc3nonc23)c1,3.0,1.833591103553772
lipo,gnn,scaffold,0,CCNC(=O)Nc1nc2cc(-c3cccnc3)ccc2[nH]1,2.3399999141693115,2.6990854740142822
lipo,gnn,scaffold,0,C[C@@H](Oc1cccc2ncnc(Nc3ccc4c(cnn4Cc4ccccn4)c3)c12)C(=O)N1CCOCC1,2.819999933242798,2.779656171798706
lipo,gnn,scaffold,0,COc1ccc(NC(=O)c2nnc(Nc3ccccc3F)o2)cn1,3.200000047683716,3.0656332969665527
lipo,gnn,scaffold,0,CC1=C2C[C@H]3[C@@H](CC=C4C[C@@H](O)CC[C@@]43C)[C@@H]2CC[C@]12O[C@@H]1C[C@H](C)CN[C@H]1[C@H]2C,2.630000114440918,2.752950429916382
lipo,gnn,scaffold,0,Nc1nc2ccccc2n1C(=O)c1ccccc1,1.559999942779541,2.4517593383789062
lipo,gnn,scaffold,0,CC(C)Oc1cc(OCCc2ccsc2)cc(C(=O)Nc2ccc(C(=O)O)cn2)c1,1.7400000095367432,1.6779029369354248
lipo,gnn,scaffold,0,O=C(c1c[nH]c(=O)c2ccccc12)N1CCC(N2CCC(Oc3ccc(Cl)c(Cl)c3)CC2)CC1,3.509999990463257,3.5677578449249268
lipo,gnn,scaffold,0,N[C@@H]1CCCN(c2c(/C=C3\SC(=O)NC3=O)cccc2-c2ccncc2)C1,1.559999942779541,1.8343778848648071
lipo,gnn,scaffold,0,COc1ccc(-c2cncc(CNC3CCCC3)n2)c(OC)c1,2.140000104904175,1.7181487083435059
lipo,gnn,scaffold,0,CC(=O)Nc1ccc(CNc2[nH]nc3cccc(Oc4ccc(F)cc4)c23)cc1,4.28000020980835,3.591668128967285
lipo,gnn,scaffold,0,COc1ccc(OC)c(CNc2[nH]nc3cccc(Oc4ccc(S(C)(=O)=O)cc4)c23)c1,3.7100000381469727,3.2799177169799805
lipo,gnn,scaffold,0,CC(=O)Nc1ccc(CNc2[nH]nc3cccc(Oc4ccc(S(C)(=O)=O)cc4)c23)cc1,2.630000114440918,2.790693759918213
lipo,gnn,scaffold,0,CN1CCN(c2cc(F)cc3c(=O)cc(C(=O)Nc4ccc(N5CCOCC5)cc4)[nH]c23)CC1,2.700000047683716,2.535938262939453
lipo,gnn,scaffold,0,COc1cc(N2CCN(C)CC2)c2[nH]c(C(=O)Nc3ccc(N4CCOCC4)cc3)cc(=O)c2c1,2.700000047683716,2.4654037952423096
lipo,gnn,scaffold,0,Cc1ccccc1-n1c(Cn2cnc3c(N)ncnc32)nc2cccc(C)c2c1=O,2.5999999046325684,2.336543560028076
lipo,gnn,scaffold,0,O=S1NC(Cc2ccc3ccccc3c2)=NO1,1.850000023841858,2.1582136154174805
lipo,gnn,scaffold,0,COc1ccc(N(C(=O)c2ccccc2)C(C)C(=O)NC2CCCC2)c(OC)c1,3.0199999809265137,2.9779179096221924
lipo,gnn,scaffold,0,O=C(NCC12CC3CC(CC(C3)C1)C2)c1ccnc(NCC2CCNCC2)c1Cl,0.6000000238418579,1.3486210107803345
lipo,gnn,scaffold,0,O=c1[nH]n(Cc2ccsc2)c(=O)c2c(=O)c3ccc(Cl)cc3[nH]c12,1.1100000143051147,1.412380337715149
lipo,gnn,scaffold,0,CC(c1ccsc1)n1[nH]c(=O)c2[nH]c3cc(Cl)ccc3c(=O)c2c1=O,0.8999999761581421,1.455359935760498
lipo,gnn,scaffold,0,COc1ccc(-c2cc(Nc3ccn(C)n3)n3ncc(C#N)c3n2)cc1,2.9700000286102295,2.739039659500122
lipo,gnn,scaffold,0,Cc1ccc(/C(=C\CN2CCCC2)c2ccccn2)cc1,1.8799999952316284,2.7307260036468506
lipo,gnn,scaffold,0,N#Cc1nc(N2CCOCC2)nc(N2CCOCC2)n1,1.5099999904632568,1.0702755451202393
lipo,gnn,scaffold,0,CC(=O)Nc1ccc2cnn(-c3cc(NC4CC4)n4ncc(C#N)c4n3)c2c1,3.440000057220459,2.6820554733276367
lipo,gnn,scaffold,0,O=C1O[C@]2(CN3CCC2CC3)CN1c1ccc(Br)s1,2.0,1.5998296737670898
lipo,gnn,scaffold,0,O=C1O[C@]2(CN3CCC2CC3)CN1c1cccs1,0.8999999761581421,0.20965921878814697
lipo,gnn,scaffold,0,CCCc1c(O)c(O)c(C(=O)O)c2cc(Cc3ccccc3)c(C)cc12,2.5999999046325684,2.366058826446533
lipo,gnn,scaffold,0,Clc1cccc(Cl)c1-c1nnc2cccc(Cl)n12,2.6600000858306885,3.1269493103027344
lipo,gnn,scaffold,0,Clc1ccc(-c2nnc3cccc(Cl)n23)c(Cl)c1,2.880000114440918,3.3435909748077393
lipo,gnn,scaffold,0,O=c1[nH]cnc2cc(F)c(F)cc12,1.5,1.3028404712677002
lipo,gnn,scaffold,0,CC1CC(CN)CC(CO)C1,-1.399999976158142,-1.0312340259552002
lipo,gnn,scaffold,0,NC(=O)C1CCCCC1,0.8999999761581421,0.8193923234939575
lipo,gnn,scaffold,0,CC1(C)CCC(NC(=O)[C@@H](N)CCC(=O)O)CC1,-0.27000001072883606,-1.1788136959075928
lipo,gnn,scaffold,0,CC(COc1ccccc1)NC(C)C(O)c1ccc(O)cc1,0.5600000023841858,1.2527797222137451
lipo,gnn,scaffold,0,CN(CCOc1ccc(NS(C)(=O)=O)cc1)CCc1ccc(NS(C)(=O)=O)cc1,0.6000000238418579,0.45667898654937744
lipo,gnn,scaffold,0,CN(C)C(=O)C(CCN1CCC(O)(c2ccc(Cl)cc2)CC1)(c1ccccc1)c1ccccc1,3.4700000286102295,3.4769980907440186
lipo,gnn,scaffold,0,CCN(CC)CC(=O)Nc1c(C#N)cnn1-c1ccccc1,0.4000000059604645,0.7633521556854248
lipo,gnn,scaffold,0,Cc1cc(N)n(-c2ccccc2)n1,1.25,2.095489263534546
lipo,gnn,scaffold,0,Cc1cc(C)n(-c2cccc(Cl)c2C#N)n1,3.0,2.3652725219726562
lipo,gnn,scaffold,0,NC(=O)Nc1sc(-c2ccccc2)cc1C(=O)N1CCOCC1,2.240000009536743,2.7479681968688965
lipo,gnn,scaffold,0,CC1(C)Cc2c(-c3ccccc3)c(-c3ccc(Cl)cc3)c(CC(=O)O)n2C1,3.069999933242798,1.4970905780792236
lipo,gnn,scaffold,0,COc1cccc(Oc2cncnc2O)c1,0.5899999737739563,0.6590865850448608
lipo,gnn,scaffold,0,CN(C(=O)C1CCC1)C1CCN(CCC(c2ccccc2)c2ccccc2)CC1,3.200000047683716,3.2434134483337402
lipo,gnn,scaffold,0,CC(=O)NC[C@H]1CN(c2ccc(N3CCN(c4cnccn4)CC3)c(F)c2)C(=O)O1,1.4900000095367432,2.203639268875122
lipo,gnn,scaffold,0,Cc1ccsc1C(=CCCN1CCC[C@@H](C(=O)O)C1)c1sccc1C,1.4900000095367432,0.529868483543396
lipo,gnn,scaffold,0,NC1(c2ccc(-c3c(-c4ccccc4)ccc4ccnn34)cc2)CCC1,2.9000000953674316,2.8522000312805176
lipo,gnn,scaffold,0,O=S(=O)(Nc1nc(-c2sccc2Cl)cs1)c1cc(Cl)ccc1Cl,2.109999895095825,2.8302700519561768
lipo,gnn,scaffold,0,Cc1ccc(C(=O)C(C)CN2CCCCC2)cc1,1.649999976158142,1.9741874933242798
lipo,gnn,scaffold,0,CN1CCN(c2ccc3nc(-c4c(N)c5c(F)cccc5[nH]c4=O)[nH]c3c2)CC1,3.450000047683716,2.6255526542663574
lipo,gnn,scaffold,0,COc1cnc(-c2ccccn2)nc1Oc1ccc(F)cc1F,3.0999999046325684,2.498385190963745
lipo,gnn,scaffold,0,Nc1c(-c2ccccc2)c(CN2CCOCC2)nn1-c1ccc(F)cc1,2.3299999237060547,3.1933441162109375
lipo,gnn,scaffold,0,NC1(c2ccc(-c3ncc4ncccc4c3-c3ccccc3)cc2)CCC1,2.0,2.0400073528289795
lipo,gnn,scaffold,0,O=c1[nH]c2c(O)ccc([C@@H](O)CNCCOCCCNCCc3cccc(Cl)c3)c2s1,0.8299999833106995,0.8090097904205322
lipo,gnn,scaffold,0,CCOC(=O)C1(c2ccccc2)CCN(C)CC1,1.399999976158142,1.380655288696289
lipo,gnn,scaffold,0,c1ccc(C2CCNCC2)cc1,0.5400000214576721,-0.0704805850982666
lipo,gnn,scaffold,0,Cc1cc(C)c(CNC(=O)c2cc(C3CC3)nc3c2cnn3C(C)C)c(O)n1,3.799999952316284,2.626401662826538
lipo,gnn,scaffold,0,COc1cc(Nc2cc(Nc3c(Cl)ccc4c3OCO4)ncn2)cc(OC)c1OC,3.069999933242798,3.1399269104003906
lipo,gnn,scaffold,0,CNC1=Nc2ncccc2C(c2ncco2)=NC1c1cccs1,1.1399999856948853,1.3085973262786865
lipo,gnn,scaffold,0,COc1cc(C(=O)NCc2ccc(OCCN(C)C)cc2)cc(OC)c1OC,0.7400000095367432,1.4338099956512451
lipo,gnn,scaffold,0,COc1ccc(C[C@@H](C)NC[C@H](O)c2ccc(O)c(NC=O)c2)cc1,0.41999998688697815,0.28267884254455566
lipo,gnn,scaffold,0,CC(Cc1ccc(O)cc1)NCC(O)c1cc(O)cc(O)c1,-0.05999999865889549,0.3990987539291382
lipo,gnn,scaffold,0,CC(=O)N1CCN(CCOc2ccc(C3CCN(c4ccc5nnc(C(F)(F)F)n5n4)CC3)cc2)CC1,3.200000047683716,2.852910041809082
lipo,gnn,scaffold,0,CC(=O)N1CCN(CCOc2ccc(C3(O)CCN(c4ccc5nnc(C(F)(F)F)n5n4)CC3)cc2)CC1,2.200000047683716,2.1771481037139893
lipo,baseline,scaffold,1,CN1CCCC(n2nc(Cc3ccc(Cl)cc3)c3ccccc3c2=O)CC1,2.46,2.9455482291320303
lipo,baseline,scaffold,1,Clc1ccc2c(c1)CCc1cccnc1C2=C1CCNCC1,1.48,1.8700254094691582
lipo,baseline,scaffold,1,Nc1ccccc1NC(=O)c1ccc(C2CCN(Cc3ccc(C(=O)NC4CC4)cc3)CC2)cc1,2.31,2.219591150455722
lipo,baseline,scaffold,1,COc1cc2ncn(-c3cc(OCc4ccccc4C(F)(F)F)c(C(=O)O)s3)c2cc1OC,0.84,2.5400073924803808
lipo,baseline,scaffold,1,Nc1nnc(Cc2ccc(Cl)cc2)s1,2.34,2.0027169719980797
lipo,baseline,scaffold,1,O=C1CCCc2nc(C#Cc3ccccc3)ccc21,3.53,3.559470236276855
lipo,baseline,scaffold,1,CCNc1nc(C#N)nc(Nc2ccccc2)n1,3.11,1.9038881913765378
lipo,baseline,scaffold,1,Nc1ncnc(Nc2ccccc2)n1,1.4,1.5608705889277619
lipo,baseline,scaffold,1,COc1cc(Nc2ncc(C)s2)nc(N[C@@H](C)c2ncc(F)cn2)n1,2.99,2.8174460508418706
lipo,baseline,scaffold,1,COc1ccc2[nH]c3c(c2c1)CN(C(=O)[C@@H]1CCCC[C@H]1C(=O)NC1(C#N)CC1)CC3,2.4,3.0250585347684
lipo,baseline,scaffold,1,N#CC1(NC(=O)[C@@H]2CCCC[C@H]2C(=O)N2CCc3[nH]c4ccc(C(F)(F)F)cc4c3C2)CC1,4.2,3.6625070896350387
lipo,baseline,scaffold,1,N#CC1(NC(=O)[C@@H]2CCCC[C@H]2C(=O)N2CCc3[nH]c4ccc(Cl)cc4c3C2)CC1,3.65,3.64483531697835
lipo,baseline,scaffold,1,CS(=O)(=O)c1ccc2c3c([nH]c2c1)CCN(C(=O)[C@@H]1CCCC[C@H]1C(=O)NC1(C#N)CC1)C3,1.5,2.1048742978836406
lipo,baseline,scaffold,1,N#CC1(NC(=O)[C@@H]2CCCC[C@H]2C(=O)N2CCc3[nH]c4cccc(F)c4c3C2)CC1,3.2,3.2740615188118674
lipo,baseline,scaffold,1,N#CC1(NC(=O)[C@@H]2CCCC[C@H]2C(=O)N2CCc3[nH]c4ccc(F)cc4c3C2)CC1,3.0,3.167437552437935
lipo,baseline,scaffold,1,Cc1cccc2c3c([nH]c12)CCN(C(=O)[C@@H]1CCCC[C@H]1C(=O)NC1(C#N)CC1)C3,2.99,3.324331315468958
lipo,baseline,scaffold,1,N#CC1(NC(=O)[C@@H]2CCCC[C@H]2C(=O)N2CCc3[nH]c4ccccc4c3C2)CC1,2.66,3.165082573201586
lipo,baseline,scaffold,1,N#CC1(NC(=O)[C@@H]2CCCC[C@H]2C(=O)N2CCc3[nH]c4c(C(F)(F)F)cccc4c3C2)CC1,3.75,3.650650144670069
lipo,baseline,scaffold,1,N#CC1(NC(=O)[C@@H]2CCCC[C@H]2C(=O)N2CCc3[nH]c4c(Cl)cccc4c3C2)CC1,3.59,3.6334150412365793
lipo,baseline,scaffold,1,CS(=O)(=O)c1cccc2c3c([nH]c12)CCN(C(=O)[C@@H]1CCCC[C@H]1C(=O)NC1(C#N)CC1)C3,1.7,2.0784478454928292
lipo,baseline,scaffold,1,N#CC1(NC(=O)[C@@H]2CCCC[C@H]2C(=O)N2CCc3[nH]c4c(Br)cccc4c3C2)CC1,3.12,3.7495838668467645
lipo,baseline,scaffold,1,CC(C)c1ccc2[nH]c3c(c2c1)CN(C(=O)[C@@H]1CCCC[C@H]1C(=O)NC1(C#N)CC1)CC3,4.1,3.499516704469744
lipo,baseline,scaffold,1,N#CC1(NC(=O)[C@@H]2CCCC[C@H]2C(=O)N2CCc3[nH]c4c(F)cccc4c3C2)CC1,3.03,3.200959595608123
lipo,baseline,scaffold,1,CS(=O)(=O)c1ccc2[nH]c3c(c2c1)CN(C(=O)[C@@H]1CCCC[C@H]1C(=O)NC1(C#N)CC1)CC3,1.5,2.0560376531993487
lipo,baseline,scaffold,1,N#CC1(NC(=O)[C@@H]2CCCC[C@H]2C(=O)N2CCc3[nH]c4cc(F)ccc4c3C2)CC1,2.99,3.2821846654204445
lipo,baseline,scaffold,1,CCOc1cccc2c3c([nH]c12)CCN(C(=O)[C@@H]1CCCC[C@H]1C(=O)NC1(C#N)CC1)C3,3.1,3.5023918966391183
lipo,baseline,scaffold,1,N#CC1(NC(=O)[C@@H]2CCCC[C@H]2C(=O)N2CCc3[nH]c4c(OC(F)(F)F)cccc4c3C2)CC1,4.01,3.7654374950734084
lipo,baseline,scaffold,1,COc1ccc2nc(C)cc(-n3cc(CN4CCN(C(C)=O)CC4)nn3)c2c1,1.3,2.2134642481287696
lipo,baseline,scaffold,1,COc1cc(F)ccc1-c1cncc(CNC2CCCCC2)c1,2.6,2.633284679254313
lipo,baseline,scaffold,1,Clc1cc(Nc2ncnc3[nH]nc(OCCN4CCCC4)c23)ccc1OCc1ccccn1,2.87,2.671894815233002
lipo,baseline,scaffold,1,CC(=O)N1CCN(c2ccc(OCC3COC(Cn4ccnc4)(c4ccc(Cl)cc4Cl)O3)cc2)CC1,3.7,3.2735423359535667
lipo,baseline,scaffold,1,O=C(NCC12CC3CC(CC(C3)C1)C2)c1cc(O[C@H]2CCCNC2)ccc1Cl,2.18,1.8848240409047017
lipo,baseline,scaffold,1,O=S(=O)(CCCOCCSc1ccccc1)CCNCCc1ccc(O)c2nc(O)sc12,2.68,2.4491233193606705
lipo,baseline,scaffold,1,O=C(NS(=O)(=O)Cc1ccccc1)N1CCC(N2CCC(Oc3ccc(Cl)c(Cl)c3)CC2)CC1,2.13,1.6650913157285387
lipo,baseline,scaffold,1,CC(=O)NC[C@H]1CN(c2ccc(N3CCOCC3)c(F)c2)C(=O)O1,0.67,0.9677642077806409
lipo,baseline,scaffold,1,CCC(CC)NC(=O)c1cnn(-c2ccccn2)c1NS(=O)(=O)c1ccc(C)cc1,0.27,0.39690597205474637
lipo,baseline,scaffold,1,CCCC(=O)N1CCN(c2nnc(-c3ccccc3)c3ccccc23)CC1,3.2,3.711366935784983
lipo,baseline,scaffold,1,CCn1cnc2cnc(-c3ccc(C4(N)CCC4)cc3)c(-c3ccccc3)c21,2.0,2.4006490739931694
lipo,baseline,scaffold,1,COc1ccc(-c2ccccc2)cc1N1CC(=O)NS1(=O)=O,-1.01,1.3045551243911377
lipo,baseline,scaffold,1,CNC(=O)c1ccc(CCC(COc2ccc(-c3cccc([N+](=O)[O-])c3)cc2)N2C(=O)CSC2=O)cc1,3.5,2.556084520338733
lipo,baseline,scaffold,1,CC(C)C(NC(=O)Cn1c(-c2ccccc2)ccc(NC(=O)NCc2ccc[n+]([O-])c2)c1=O)C(=O)C(F)(F)F,1.48,2.3088391906833703
lipo,baseline,scaffold,1,CCCc1c(O)c(O)c(C(=O)O)c2cc(Cc3ccccc3)c(C)cc12,2.6,2.1018721436507803
lipo,baseline,scaffold,1,Cc1sc(CN2CCNCC2)cc1C(=O)NCC12CC3CC(CC(C3)C1)C2,2.55,1.163056264066927
lipo,baseline,scaffold,1,Cc1cnc(NC(=O)Cc2ccccc2)s1,2.9,2.9788633524593653
lipo,baseline,scaffold,1,O=C(Cc1ccccc1)Nc1nccs1,2.5,2.4994735592877766
lipo,baseline,scaffold,1,c1ccc(-c2cc(NCCCCCCCCNc3cc(-c4ccccc4)nc4ccccc34)c3ccccc3n2)cc1,2.27,3.6336740114151778
lipo,baseline,scaffold,1,C=CCOc1cc(-c2cccc3c(=O)cc(N4CCOCC4)oc23)ccc1NC(=O)CN1CCOCC1,3.0,2.6964781943971015
lipo,baseline,scaffold,1,CC(C)Oc1cc(-c2cccc3c(=O)cc(N4CCOCC4)oc23)ccc1NC(=O)CN1CCOCC1,3.0,2.7108870934528553
lipo,baseline,scaffold,1,CC(C)COc1cc(-c2cccc3c(=O)cc(N4CCOCC4)oc23)ccc1NC(=O)CN1CCOCC1,3.8,2.9429343451634224
lipo,baseline,scaffold,1,COc1cc(-c2cccc3c(=O)cc(N4CCOCC4)oc23)ccc1NC(=O)CN1CCOCC1,2.3,2.3946210473801846
lipo,baseline,scaffold,1,CCOc1cc(-c2cccc3c(=O)cc(N4CCOCC4)oc23)ccc1NC(=O)CN1CCOCC1,2.8,2.6164004805698045
lipo,baseline,scaffold,1,O=C(CN1CCOCC1)Nc1ccc(-c2cccc3c(=O)cc(N4CCOCC4)oc23)cc1O,2.4,2.314142488176333
lipo,baseline,scaffold,1,O=c1[nH]ccc2nc(-c3ccc(CN4CCC(c5n[nH]c(-c6ccccn6)n5)CC4)cc3)c(-c3ccccc3)cc12,3.9,2.188872708010419
lipo,baseline,scaffold,1,O=C(O)CCCCn1nnc(-c2ccc(C(=O)N3CCC(N4CCC(Oc5ccc(Cl)c(Cl)c5)CC4)CC3)cc2)n1,1.6,1.8842965387184307
lipo,baseline,scaffold,1,O=C(c1ccc(-c2nn[nH]n2)cc1)N1CCC(N2CCC(Oc3ccc(Cl)c(Cl)c3)CC2)CC1,1.53,1.9446041226928987
lipo,baseline,scaffold,1,CC(C)C[C@H](CO)Nc1nc(SCc2ccncc2)nc2nc(N)sc12,2.9,3.4595968033912547
lipo,baseline,scaffold,1,NC(=O)c1ccc(Oc2cccc3cccnc23)c([N+](=O)[O-])c1,1.7,2.1155244038404404
lipo,baseline,scaffold,1,O=C(N[C@@H](Cc1ccc(OCCNc2nc3ccccc3[nH]2)cc1)C(=O)O)c1c(Cl)cccc1Cl,0.6,0.4486855231294866
lipo,baseline,scaffold,1,CC(C)[C@@H](CN1CCCCC1)N(C)C(=O)Cc1ccc(Cl)c(Cl)c1,2.87,2.837977977365887
lipo,baseline,scaffold,1,O=c1oc(-c2ccccc2)cc2ccccc12,3.84,3.4791394870045678
lipo,baseline,scaffold,1,CSc1ncccc1C(=O)NCCc1ccc(Cl)cc1,3.31,2.9535875215990455
lipo,baseline,scaffold,1,COc1ccc(-c2nc3c(NCC4CCNCC4)c(Br)cnc3[nH]2)cc1,1.36,1.483194950014053
lipo,baseline,scaffold,1,Cc1ccccc1-c1c(C(=O)O)n(CCCOc2cccc3ccccc23)c2ccccc12,3.89,2.756357819221389
lipo,baseline,scaffold,1,CN1CCN(c2ccc3nc(-c4c(N)c5c(F)cccc5[nH]c4=O)[nH]c3c2)CC1,3.45,2.272225880118432
lipo,baseline,scaffold,1,c1ccc2c(c1)nnn2-c1ccncc1,1.69,1.4251187795556792
lipo,baseline,scaffold,1,O=C(c1ccccc1)C(O)(CN1CCCCC1)c1ccccc1,3.41,2.185003721392719
lipo,baseline,scaffold,1,CCCCC1=NC2(CCCC2)C(=O)N1Cc1ccc(-c2ccccc2-c2nn[nH]n2)cc1,1.29,2.165142726540156
lipo,baseline,scaffold,1,CCc1nc2c(N)nc3ccccc3c2n1CCCCNS(C)(=O)=O,1.24,1.7193822442401603
lipo,baseline,scaffold,1,CCOCc1nc2c(N)nc3ccccc3c2n1CC(C)(C)O,1.69,2.116864646519932
lipo,baseline,scaffold,1,CCc1nc2c(N)nc3ccccc3c2n1CC(C)(C)O,1.38,2.514700476980011
lipo,baseline,scaffold,1,CC(C)Cn1cnc2c(N)nc3ccccc3c21,2.52,3.029222413230719
lipo,baseline,scaffold,1,CCc1nc2c(N)nc3ccccc3c2n1CC(C)C,2.55,3.2581776544969716
lipo,baseline,scaffold,1,CCCCc1nc2c(N)nc3ccccc3c2n1CC(C)C,3.82,3.649955058270825
lipo,baseline,scaffold,1,CCCCc1nc2c(N)nc3ccccc3c2n1CC(C)(C)O,2.37,2.739860817624862
lipo,baseline,scaffold,1,COc1ccc(-c2nc(N)s[n+]2-c2ccccc2)cc1,2.19,2.783207390501334
lipo,baseline,scaffold,1,CC(C)N1CCN[C@@H](C(=O)N2CCN(C(=O)Nc3ccc(Cl)c(Cl)c3)CC2)C1,2.21,0.7692167611432557
lipo,baseline,scaffold,1,NC1(c2ccc(-c3ncc4nccn4c3-c3ccccc3)cc2)CCC1,1.3,1.867393377775162
lipo,baseline,scaffold,1,COc1ccc(-c2cc(C(F)F)nn2-c2ccc(S(N)(=O)=O)cc2)cc1F,2.8,2.552009102157823
lipo,baseline,scaffold,1,Cc1ccc(-c2cc(C(F)(F)F)nn2-c2ccc(S(N)(=O)=O)cc2)cc1,3.42,3.0991995257239076
lipo,baseline,scaffold,1,COCCNCc1ccc(CCNC[C@H](O)c2ccc(O)c3[nH]c(=O)sc23)cc1,-0.54,0.3529330646637215
lipo,baseline,scaffold,1,COCCNCc1cccc(CCNC[C@H](O)c2ccc(O)c3[nH]c(=O)sc23)c1,0.01,0.5608765274152518
lipo,baseline,scaffold,1,O=C1Nc2ccc(S(=O)(=O)N3CCC[C@H]3CNc3ccccc3)cc2C1=O,2.4,2.515438923732848
lipo,baseline,scaffold,1,COC[C@H](C)Oc1cc(O[C@@H](C)Cc2ccccc2)cc(C(=O)Nc2ccc(C(=O)O)cn2)c1,1.5,1.370896539957277
lipo,baseline,scaffold,1,CNC(=O)c1ccccc1Sc1ccc2c(/C=C/c3ccccn3)n[nH]c2c1,3.8,3.2426820819900226
lipo,baseline,scaffold,1,CS(=O)(=O)c1ccc([C@@H](CC2CCCC2)C(=O)Nc2cnc([C@H](O)CO)cn2)cc1Cl,2.58,1.9801560107088898
lipo,baseline,scaffold,1,O=C(Cc1c(C(=O)O)[nH]c2ccccc12)Nc1cccc(C(F)(F)F)c1,1.33,1.727841161581425
lipo,baseline,scaffold,1,COc1cc(OC)c(S(=O)(=O)N2c3ccccc3Oc3ccccc32)cc1NC(=O)Cc1ccnc(F)c1,3.37,2.524105059673175
lipo,baseline,scaffold,1,CCCCCCCN(CCc1ccc(OC(C)(C)C(=O)O)cc1)C(=O)Nc1ccc(F)cc1F,1.93,2.49720860541089
lipo,baseline,scaffold,1,CS(=O)(=O)c1ccc([C@@H](C[C@H]2CCC(=O)C2)C(=O)Nc2cnccn2)cc1Cl,1.39,1.5856754746160833
lipo,baseline,scaffold,1,O=C(Nc1cccc(CCO)c1)c1cc2cc(Cl)ccc2[nH]1,3.83,3.3774836284003418
lipo,baseline,scaffold,1,O=C(Nc1ccc(CCO)cc1)c1cc2cc(Cl)ccc2[nH]1,3.85,3.3786292983841575
lipo,baseline,scaffold,1,CN[C@@H](C)C(=O)N[C@H](C(=O)N[C@H]1CCCN(S(=O)(=O)Cc2ccccc2)C1)C(C)(C)C,0.78,0.8141330313814125
lipo,baseline,scaffold,1,CC/C(=C(\c1ccccc1)c1ccc(/C=C/C(=O)O)cc1)c1ccccc1,3.89,3.0730921254779524
lipo,baseline,scaffold,1,CCN(CC)CCOc1ccc(/C(=C(/Cl)c2ccccc2)c2ccccc2)cc1,4.09,3.5567731217467635
lipo,baseline,scaffold,1,Cc1cc(O)nc(-n2nc(C)c(Oc3ccccc3O)c2C)n1,1.4,2.4082763967192666
lipo,baseline,scaffold,1,CC(C)N=c1cc2n(-c3ccc(Cl)cc3)c3ccccc3nc-2cc1Nc1ccc(Cl)cc1,3.17,3.3752427906141103
lipo,baseline,scaffold,1,Cc1nc(C(=O)[C@H](C)Oc2ccc(SCCCCCc3ccccc3)cc2)sc1CCCC(=O)O,2.03,3.020651692823188
lipo,baseline,scaffold,1,Cc1nc(C(=O)[C@@H](C)Oc2ccc(SCCCCCc3ccccc3)cc2)sc1CCCC(=O)O,3.58,3.020651692823188
lipo,baseline,scaffold,1,CC1(C)[C@@H]2CC[C@@]1(CS(=O)(=O)NC1CCN(c3ccc(C(F)(F)F)cn3)CC1)C(=O)C2,3.84,3.0252720083960845
lipo,baseline,scaffold,1,CN(C)S(=O)(=O)c1ccc2c(C(=O)NC[C@@H](O)CN3CCC(Oc4ccc(Cl)c(Cl)c4)CC3)c[nH]c(=O)c2c1,3.13,3.0177971654591453
lipo,baseline,scaffold,1,Cc1cc(Cl)ccc1OC1CCN(C[C@H](O)CNC(=O)c2c[nH]c(=O)c3c(F)cccc23)CC1,3.0,3.020741898737028
lipo,baseline,scaffold,1,Cc1c(Cl)ccc(OC2CCN(C[C@H](O)CNC(=O)c3c[nH]c(=O)c4cc(S(C)(=O)=O)ccc34)CC2)c1Cl,2.83,3.109799588909772
lipo,baseline,scaffold,1,O=C(NC[C@@H](O)CN1CCC(Oc2ccc(Cl)c(Cl)c2)CC1)c1c[nH]c(=O)c2c(F)cccc12,3.15,3.329800893391084
lipo,baseline,scaffold,1,CS(=O)(=O)c1ccc2c(C(=O)NC[C@@H](O)CN3CCC(Oc4ccc(Cl)c(Cl)c4)CC3)c[nH]c(=O)c2c1,2.63,2.9383663857552995
lipo,baseline,scaffold,1,CS(=O)(=O)c1ccc2c(C(=O)NC[C@@H](O)CN3CCC(Oc4ccc(C#N)c(Cl)c4)CC3)c[nH]c(=O)c2c1,1.41,2.131146657187587
lipo,baseline,scaffold,1,N#Cc1ccc(OC2CCN(C[C@H](O)CNC(=O)c3c[nH]c(=O)c4ccccc34)CC2)cc1Cl,2.56,3.037928096941058
lipo,baseline,scaffold,1,CNS(=O)(=O)c1ccc2c(C(=O)NC[C@@H](O)CN3CCC(Oc4ccc(Cl)c(Cl)c4)CC3)c[nH]c(=O)c2c1,2.77,2.6428240169780612
lipo,baseline,scaffold,1,O=C(NC[C@@H](O)CN1CCC(Oc2ccc(Cl)c(Cl)c2)CC1)c1c[nH]c(=O)c2ccccc12,3.42,3.5241343160289804
lipo,baseline,scaffold,1,O=C(NC[C@@H](O)CN1CCC(Oc2ccc(Cl)c(Cl)c2)CC1)c1c[nH]c(=O)c2cc(S(=O)(=O)NCCO)ccc12,2.06,2.445755095389789
lipo,baseline,scaffold,1,O=C(NC[C@@H](O)CN1CCC(Oc2ccc(Cl)c(Cl)c2)CC1)c1c[nH]c(=O)c2ccc(F)cc12,3.93,3.377022996369192
lipo,baseline,scaffold,1,Cc1cc(Cl)ccc1OC1CCN(C[C@H](O)CNC(=O)c2c[nH]c(=O)c3cc(S(C)(=O)=O)ccc23)CC1,2.42,2.4174100821150013
lipo,baseline,scaffold,1,NS(=O)(=O)c1ccc2c(C(=O)NC[C@@H](O)CN3CCC(Oc4ccc(Cl)c(Cl)c4)CC3)c[nH]c(=O)c2c1,2.17,2.4133669649114298
lipo,baseline,scaffold,1,C[C@@H]1CN(c2c(F)c(N)c3c(=O)c(C(=O)O)cn(C4CC4)c3c2F)C[C@H](C)N1,-0.15,0.1411784163299284
lipo,baseline,scaffold,1,COc1c(N2CCNC(C)C2)c(F)cc2c(=O)c(C(=O)O)cn(C3CC3)c12,-0.82,-0.6283277120460837
lipo,baseline,scaffold,1,O=C(O)c1cn(C2CC2)c2cc(N3CCN(C(=O)CC[N+](=O)[O-])CC3)c(F)cc2c1=O,0.22,-0.17577936745708828
lipo,baseline,scaffold,1,O=C(O)c1cn(C2CC2)c2cc(N3CCNCC3)c(F)cc2c1=O,-0.96,-0.7123888216958056
lipo,baseline,scaffold,1,COc1cnc(-c2ccccn2)nc1N(C)C,1.9,1.551490963366324
lipo,baseline,scaffold,1,COc1cnc(-c2ccccn2)nc1NC(C)C,2.01,1.3838079112855566
lipo,baseline,scaffold,1,O=C1CCOc2nc(/C=C/c3ccccc3)ccc21,3.2,3.2023165107648115
lipo,baseline,scaffold,1,COc1ccc(OC)c(-c2cccc3c(N)c(C(=O)NC4(C)CCC4)nnc23)c1,4.48,3.5887091603336057
lipo,baseline,scaffold,1,OCCn1cc(-c2cnc3nnn(Cc4ccc5ncccc5c4)c3n2)cn1,1.7,2.634623065880311
lipo,baseline,scaffold,1,CCN1C(=O)NC(c2ccccc2)C1=O,1.0,0.6981200063165043
lipo,baseline,scaffold,1,CCC1(c2ccccc2)NC(=O)N(C)C1=O,1.59,0.4101336918340558
lipo,baseline,scaffold,1,O=c1[nH]n(C(c2ccccc2)c2ccncc2)c(=O)c2c(O)c3ccc(Cl)cc3nc12,1.1,1.4571937850047574
lipo,baseline,scaffold,1,COc1ccccc1CN1C(=O)c2ccccc2C1C(=O)NC1CCC(C)CC1,3.74,3.2486473444500947
lipo,baseline,scaffold,1,Cc1ncc(-c2ccnc(Nc3ccc(C(=O)NC4CC4)cc3)n2)n1C(C)C,3.06,2.9144191756077986
lipo,baseline,scaffold,1,NC(=O)c1cccc(O[C@@H]2C[C@H]3CC[C@@H](C2)N3CCc2ccccc2)c1,2.0,1.3199894205359013
lipo,baseline,scaffold,1,O=c1nc(NCc2ccccc2)sn1Cc1ccccc1,3.01,3.143022964614905
lipo,baseline,scaffold,1,C[C@H](CO)Nc1nc(SCc2cccc(F)c2F)nc2nc(NC3CC3)sc12,4.37,3.72098792615003
lipo,baseline,scaffold,1,OCC(CO)Nc1nc(SCc2cccc(F)c2F)nc2nc(NC3CC3)sc12,3.11,3.2370916191893
lipo,baseline,scaffold,1,Nc1nc(OCc2nccs2)nc2c1ncn2[C@@H]1O[C@H](CF)[C@@H](O)[C@H]1O,0.47,1.4694283886451198
lipo,baseline,scaffold,1,CC(=O)Nc1ccc(CNc2[nH]nc3ccnc(Oc4ccccc4)c23)cc1,3.03,2.8245722344728197
lipo,baseline,scaffold,1,CS(=O)(=O)c1ccccc1C(=O)NCC(O)CNC1CCN(Cc2ccc(Cl)c(Cl)c2)CC1,1.21,1.799122947540464
lipo,baseline,scaffold,1,CN[C@@H](C)C(=O)N[C@H](C(=O)N[C@H]1CCCN(CCc2ccc(F)cc2)C1)C(C)(C)C,3.12,1.2196072973588827
lipo,baseline,scaffold,1,CN[C@@H](C)C(=O)N[C@H](C(=O)N[C@H]1CCCN(CCc2ccccc2)C1)C(C)(C)C,1.46,0.8879200247196576
lipo,baseline,scaffold,1,CN[C@@H](C)C(=O)N[C@H](C(=O)N[C@H]1CCCN(CCc2ccc(C(F)(F)F)cc2)C1)C(C)(C)C,2.85,2.035488370947782
lipo,baseline,scaffold,1,CN[C@@H](C)C(=O)N[C@H](C(=O)N[C@H]1CCCN(CCc2ccc(OC)cc2)C1)C(C)(C)C,1.45,0.889161442276537
lipo,baseline,scaffold,1,CN[C@@H](C)C(=O)N[C@H](C(=O)N[C@H]1CCCN(CCc2ccc(O)cc2)C1)C(C)(C)C,0.77,0.8013621824343994
lipo,baseline,scaffold,1,CN[C@@H](C)C(=O)N[C@H](C(=O)N[C@H]1CCCN(CCc2ccc(Br)cc2)C1)C(C)(C)C,2.92,1.8216394677533645
lipo,baseline,scaffold,1,CN[C@@H](C)C(=O)N[C@H](C(=O)N[C@H]1CCCN(CCc2ccc(C)cc2)C1)C(C)(C)C,2.05,1.1463075176964366
lipo,baseline,scaffold,1,CN[C@@H](C)C(=O)N[C@H](C(=O)N[C@H]1CCCN(CCc2ccc([N+](=O)[O-])cc2)C1)C(C)(C)C,1.54,1.3010469015674229
lipo,baseline,scaffold,1,CN[C@@H](C)C(=O)N[C@H](C(=O)N[C@H]1CCCN(CCc2cccc(OC)c2)C1)C(C)(C)C,1.47,0.9154473054474364
lipo,baseline,scaffold,1,CN[C@@H](C)C(=O)N[C@H](C(=O)N[C@H]1CCCN(CCc2ccccc2OC)C1)C(C)(C)C,1.61,0.7759959554895897
lipo,baseline,scaffold,1,NC1(c2ccc(-c3ncc4cccn4c3-c3ccccc3)cc2)CCC1,2.5,2.98112482899787
lipo,baseline,scaffold,1,Cc1ncc(-c2ccnc(Nc3ccc(S(=O)(=O)CC4CCCO4)cc3)n2)n1C(C)C,2.82,2.90795357009768
lipo,baseline,scaffold,1,COc1cc(N2CC[C@@H](N(C)C)C2)c2[nH]c(C(=O)Nc3ccc(N4CCOCC4)cc3)cc(=O)c2c1,2.7,1.9803945759503707
lipo,baseline,scaffold,1,COc1ccc(C(=O)NCCN2CCN(Cc3ccc(Cl)c(Cl)c3)CC2)cc1Cl,3.74,3.265958779281039
lipo,baseline,scaffold,1,Cc1nc2nc(NC(=O)c3ccc(F)cc3)nn2c(O)c1Cc1ccccc1,2.2,2.252246809258883
lipo,baseline,scaffold,1,COC(=O)CCCC(=O)Nc1ccc2c(c1)-c1ccccc1C(=O)C2=O,2.96,2.4983241475664357
lipo,baseline,scaffold,1,Nc1ccc2c(c1)C(=O)C(=O)c1ccccc1-2,2.23,1.895286351295856
lipo,baseline,scaffold,1,COC(=O)CCC(=O)Nc1ccc2c(c1)-c1ccccc1C(=O)C2=O,2.72,2.1306405312199663
lipo,baseline,scaffold,1,O=C1C(=O)c2ccccc2-c2ccccc21,2.6,2.7345523290440825
lipo,baseline,scaffold,1,Nc1cccc2c1-c1ccccc1C(=O)C2=O,2.31,1.6721968527512663
lipo,baseline,scaffold,1,COC(=O)CCCCCCC(=O)Nc1ccc2c(c1)-c1ccccc1C(=O)C2=O,2.6,3.10305416450834
lipo,baseline,scaffold,1,Nc1ccc2c(c1)-c1ccccc1C(=O)C2=O,2.39,1.895286351295856
lipo,baseline,scaffold,1,Nc1ccc2c(c1)C(=O)C(=O)c1cc(N)ccc1-2,1.72,1.5768767626681592
lipo,baseline,scaffold,1,CC(C)(C)C(=O)Nc1ccc2c(c1)C(=O)C(=O)c1ccccc1-2,2.83,2.69363617371948
lipo,baseline,scaffold,1,CCCC(=O)Nc1ccc2c(c1)C(=O)C(=O)c1ccccc1-2,2.81,2.5978155324264702
lipo,baseline,scaffold,1,O=C1C(=O)c2ccc([N+](=O)[O-])cc2-c2ccccc21,2.56,3.019238611004497
lipo,baseline,scaffold,1,COC(=O)CCC(=O)Nc1ccc2c(c1)C(=O)C(=O)c1cc(NC(=O)CCC(=O)OC)ccc1-2,2.67,1.7363337873748144
lipo,baseline,scaffold,1,COC(=O)CCCCCCC(=O)Nc1ccc2c(c1)C(=O)C(=O)c1ccccc1-2,2.9,3.1050063925827356
lipo,baseline,scaffold,1,O=C1C(=O)c2cc([N+](=O)[O-])ccc2-c2ccccc21,2.42,3.011539775007048
lipo,baseline,scaffold,1,Nc1cccc2c1C(=O)C(=O)c1ccccc1-2,2.95,1.6923643390205738
lipo,baseline,scaffold,1,O=C1C(=O)c2cccc([N+](=O)[O-])c2-c2ccccc21,2.6,2.475092948686602
lipo,baseline,scaffold,1,Nc1nc(Nc2cccc(Br)c2)c2nc[nH]c2n1,3.04,2.437231085301412
lipo,baseline,scaffold,1,Nc1nc(Nc2ccc(F)c(Cl)c2)c2nc[nH]c2n1,2.75,2.390361778657633
lipo,baseline,scaffold,1,COc1ccc2c(c1)C(c1ccccc1)=NC(NC(=O)c1ccccc1OC)C(=O)N2,3.8,2.6667698565285
lipo,baseline,scaffold,1,COC(=O)c1c(O)cccc1OC/C=C/c1ccc(F)c(-c2cc(C(=O)O)no2)c1,0.66,1.5828966194184324
lipo,baseline,scaffold,1,N#Cc1nc(NC2CC3CCC2C3)c(N)c(N2CCOCC2)n1,3.53,2.715207441959874
lipo,baseline,scaffold,1,NC(=O)c1cccc(S[C@H]2C[C@H]3CC[C@@H](C2)N3Cc2ccccc2)c1,2.22,1.8246783075727238
lipo,baseline,scaffold,1,CCN(CC)c1ccc2cc(C(=O)O)c(=O)oc2c1,-0.2,-0.17527657096243873
lipo,baseline,scaffold,1,CCN(CC)c1ccc2cc(C(C)=O)c(=O)oc2c1,2.0,1.9476522636906828
lipo,baseline,scaffold,1,Cc1c(CCC(=O)O)c(=O)oc2cc(O)ccc12,-0.7,-0.3779917934363264
lipo,baseline,scaffold,1,Cc1c(CCC(=O)O)c(=O)oc2c(C)c(O)ccc12,-0.3,-0.24531796138984968
lipo,baseline,scaffold,1,CCOC(=O)c1cc2ccc(O)cc2oc1=O,1.2,1.320027410783362
lipo,baseline,scaffold,1,CCOc1ccc2ccc(=O)oc2c1,2.2,2.4915612516556482
lipo,baseline,scaffold,1,CC(=O)c1cc2ccc(O)cc2oc1=O,0.87,1.6102668585647677
lipo,baseline,scaffold,1,Cc1nc(CSc2nc(N[C@H](C)CO)c3sc(N)nc3n2)cs1,1.73,2.3056661458153704
lipo,baseline,scaffold,1,CC(C)(C)OC(=O)N1CCN(c2ccc(OCc3ccc(S(C)(=O)=O)cc3)nc2)CC1,3.1,3.3941434040776555
lipo,baseline,scaffold,1,O=c1[nH]c2c(O)ccc([C@@H](O)CNCCSCCCNCCc3ccccc3)c2s1,0.12,0.6436053767730334
lipo,baseline,scaffold,1,O=c1[nH]c2c(O)ccc([C@@H](O)CNCCSCCCNCCc3cccc(C(F)(F)F)c3)c2s1,1.21,1.4933223033894463
lipo,baseline,scaffold,1,O=c1[nH]c2c(O)ccc([C@@H](O)CNCCSCCCNCCc3cccc(Cl)c3Cl)c2s1,2.2,1.7594559945151642
lipo,baseline,scaffold,1,O=c1[nH]c2c(O)ccc([C@@H](O)CNCCSCCCNCCc3cccc(Cl)c3)c2s1,0.98,0.9505857625625022
lipo,baseline,scaffold,1,CCc1ccc(CCNCCCSCCNC[C@H](O)c2ccc(O)c3[nH]c(=O)sc23)cc1,0.86,1.0405417134045398
lipo,baseline,scaffold,1,CCOc1ccc(CCNCCCSCCNC[C@H](O)c2ccc(O)c3[nH]c(=O)sc23)cc1,0.41,0.8620983305495687
lipo,baseline,scaffold,1,COc1cc(C)c(S(=O)(=O)N(C)CCOCC(=O)N2CCN(C3CCN(C)CC3)CC2)c(C)c1,-0.4,0.036804529873347334
lipo,baseline,scaffold,1,COc1cc2ncnc(Nc3cc4ccccc4cn3)c2cc1OC,3.9,3.4246511633814993
lipo,baseline,scaffold,1,O=c1[nH]c2c(O)ccc([C@@H](O)CNCCc3cccc(-c4cccc(CNCc5ccccc5)c4)c3)c2s1,2.32,2.5116933684668767
lipo,baseline,scaffold,1,Cn1cnc(-c2ccccc2)c1-c1cc2c(N)ncnc2s1,2.94,2.8446784775425673
lipo,baseline,scaffold,1,CNC(=O)c1ccc(C)c(-n2c(C)cc(OCc3ccc(F)cc3F)c(Br)c2=O)c1,2.8,3.1653452569872282
lipo,baseline,scaffold,1,CC(C)C(NC(=O)Cn1c(-c2ccccc2)ccc(NC(=O)OCc2ccccn2)c1=O)C(=O)C(F)(F)F,1.91,1.9531530433283217
lipo,baseline,scaffold,1,COc1c(C)cnc(Cn2cnc3c(Cl)nc(N)nc32)c1C,1.67,1.7464050799265909
lipo,baseline,scaffold,1,CCOC(=O)c1ccc(OCCC2CN(c3ccc(C)nn3)CCO2)cc1,2.7,3.4242376032159654
lipo,baseline,scaffold,1,Oc1nc(-c2ccccc2)nc2ccccc12,2.46,2.413387283633076
lipo,baseline,scaffold,1,CC1(c2nc(N3CCOCC3)ncc2C(=O)N[C@H]2C3CC4CC2C[C@](O)(C4)C3)CC1,2.0,1.6781577171457576
lipo,baseline,scaffold,1,N=C(N)Nc1ccc(C(=O)Oc2ccccc2)cc1,-0.21,1.400966750355241
lipo,baseline,scaffold,1,N=C(N)Nc1ccc(C(=O)Oc2ccc([N+](=O)[O-])cc2)cc1,0.5,1.7426661935212369
lipo,baseline,scaffold,1,N=C(N)Nc1ccc(C(=O)Oc2ccc(Cl)cc2)cc1,0.7,2.3079850486462115
lipo,baseline,scaffold,1,Cc1ccc(NC(=O)c2ccnc(N3CCOCC3)c2)cc1Nc1ccnc(OCC2CCCN(C)C2)n1,1.9,2.1811703214584046
lipo,baseline,scaffold,1,Cn1c(=O)c2c(ncn2CC(O)CO)n(C)c1=O,-1.25,-0.5626904622911945
lipo,baseline,scaffold,1,CC(=O)CCCCn1c(=O)c2c(ncn2C)n(C)c1=O,0.22,0.8848065962297761
lipo,baseline,scaffold,1,Cn1c(=O)c2[nH]cnc2n(C)c1=O,-0.09,0.5574262923111992
lipo,baseline,scaffold,1,Cn1c(=O)c2c(ncn2C)n(C)c1=O,-0.03,0.5097491000715783
lipo,baseline,scaffold,1,N#Cc1ccc(CN2CCN(c3ccc4nnc(C(F)(F)F)n4n3)CC2)cc1,2.9,2.7831390111390433
lipo,baseline,scaffold,1,Fc1ccc(CN2CCN(c3ccc4nnc(C(F)(F)F)n4n3)CC2)cc1,3.46,3.6288476175175917
lipo,baseline,scaffold,1,Fc1cccc(CN2CCN(c3ccc4nnc(C(F)(F)F)n4n3)CC2)c1F,3.6,3.625238031832307
lipo,baseline,scaffold,1,c1ccc2nc(C3=NCCN3)ccc2c1,0.6,0.5692226738772709
lipo,baseline,scaffold,1,Cc1cn([C@H]2CCCN([C@H](CC3CCCCC3)c3ccc(C(=O)O)c(Oc4cccc(Cl)c4)c3)C2)c(=O)[nH]c1=O,1.83,1.2062175828221107
lipo,baseline,scaffold,1,COC[C@@H](O)Cn1c(=O)cnn(-c2ccc(Cl)c(C(=O)NCC3(O)CCCCCC3)c2)c1=O,1.44,0.6411512859315538
lipo,baseline,scaffold,1,O=C(NCC1(O)CCCCCC1)c1cc(-n2ncc(=O)[nH]c2=O)ccc1Cl,0.26,0.6650035952257058
lipo,baseline,scaffold,1,COC[C@H](O)Cn1c(=O)cnn(-c2ccc(Cl)c(C(=O)NCC3(O)CCCCCC3)c2)c1=O,1.46,0.6411512859315538
lipo,baseline,scaffold,1,COc1cc(Nc2cc(Nc3c(Cl)ccc4c3OCO4)ncn2)cc(OC)c1OC,3.07,2.984299132394586
lipo,baseline,scaffold,1,Cc1ccc(F)cc1S(=O)(=O)N[C@@H]1CCN(Cc2ccc(-c3ccccc3)cc2)C1,4.0,2.9310211854548567
lipo,baseline,scaffold,1,COc1ccc(-c2nc3n(c2Br)CCC3)cc1,3.3,3.2789100154143034
lipo,baseline,scaffold,1,O=C(NO)[C@@H](Cc1ccc2ccccc2c1)NS(=O)(=O)c1ccc2ccccc2c1,3.23,2.895275073454582
lipo,baseline,scaffold,1,O=C(Nc1ccc(Cl)c(Cl)c1)N1CCN(C[C@@H]2CCCN(Cc3ccccc3)C2)CC1,4.26,2.752410647558514
lipo,baseline,scaffold,1,NC(=O)c1cccc(O[C@@H]2C[C@H]3CC[C@@H](C2)N3CC2CC2)c1,0.07,0.5542437768273479
lipo,baseline,scaffold,1,CCCSc1nc(N2CCOCC2)ccc1C(=O)N[C@H]1C2CC3CC1C[C@](O)(C3)C2,3.2,2.7134736073824
lipo,baseline,scaffold,1,O=C(NC1CCCCC1)N1CCN(c2ccccc2Cl)CC1,3.78,2.9437402040870326
lipo,baseline,scaffold,1,COc1ccc2ncc(C#N)c(CCN3CCC(NCc4cc5c(cn4)OCS5)CC3)c2c1,2.55,2.242582647382593
lipo,baseline,scaffold,1,CSc1ncccc1C(=O)Nc1nccs1,1.43,2.7551673909777294
lipo,baseline,scaffold,1,O=C(Nc1nccs1)c1cccnc1,2.25,1.309923805718078
lipo,baseline,scaffold,1,CCCCC1C(=O)N(c2ccccc2)N(c2ccccc2)C1=O,0.45,3.6838721351636163
lipo,baseline,scaffold,1,CN(C)C(=O)[C@H](Cc1ccccc1)NC(=O)c1cc2cc(F)ccc2[nH]1,3.5,3.0006568201820176
lipo,baseline,scaffold,1,CN(C)C(=O)[C@H](O)[C@H](Cc1ccccc1)NC(=O)c1cc2cc(Cl)ccc2[nH]1,3.6,3.403571156226196
lipo,baseline,scaffold,1,CN(C)C(=O)[C@H](Cc1ccccc1)NC(=O)c1cc2ccccc2[nH]1,3.4,3.0045408192137875
lipo,baseline,scaffold,1,CCC(c1nc2ccoc2c(=O)n1Cc1ccccc1)N(CCCN)C(=O)c1ccc(C)cc1,1.37,1.3344340271435664
lipo,baseline,scaffold,1,Oc1cc(-c2ccccc2)nc2ncnn12,-0.21,1.3363853362224924
lipo,baseline,scaffold,1,Cn1c(=O)c2c(-c3oc(S(C)(=O)=O)cc3Cl)n(Cc3ccnc4ccc(Cl)cc34)nc2n(CC2CC2)c1=O,3.97,3.5499790968257727
lipo,baseline,scaffold,1,Cn1c(=O)c2c(-c3ccc(S(C)(=O)=O)o3)n(Cc3ccnc4ccc(Cl)cc34)nc2n(CC2CC2)c1=O,2.71,3.2223565489264105
lipo,baseline,scaffold,1,Cc1cc(C#N)oc1-c1c2c(=O)n(C)c(=O)n(CC3CC3)c2nn1Cc1ccnc2ccc(Cl)cc12,4.34,3.897248233748634
lipo,baseline,scaffold,1,O=c1[nH]cnc2[nH]ncc12,-0.42,0.5183947227479744
lipo,baseline,scaffold,1,COc1ccc(C(=O)N2CCCC2=O)cc1,0.93,1.0564787929496011
lipo,baseline,scaffold,1,C[C@H]1O[C@@H](n2cnc3c(N)nc(OC4CC5CC5C4)nc32)[C@H](O)[C@@H]1O,1.66,1.530852164541976
lipo,baseline,scaffold,1,C[C@H]1O[C@@H](n2cnc3c(N)nc(OCC4CC(F)(F)C4(F)F)nc32)[C@H](O)[C@@H]1O,1.42,1.6973007042761934
lipo,baseline,scaffold,1,CC#Cc1ccnc(-c2cc(C3(C4CC4)N=C(C)C(N)=N3)ccc2O)c1,3.6,2.600407245542347
lipo,baseline,scaffold,1,S=C(NC1CCCCC1)N1CCC(c2cnc[nH]2)CC1,2.3,2.1497691234543606
lipo,baseline,scaffold,1,Fc1cc(F)cc(-c2cc(N(CCCN3CCCCCC3)Cc3ccc4c(c3)OCO4)on2)c1,3.84,3.4000132580308913
lipo,baseline,scaffold,1,Cn1c(-c2ccccc2)cc2onc(-c3ccncc3)c2c1=O,3.17,2.6050270784303344
lipo,baseline,scaffold,1,CO[C@H]1CN(CCn2c(=O)ccc3ccc(C#N)cc32)CC[C@H]1NCc1cc2c(cn1)OCCO2,0.63,0.8260704860810689
lipo,baseline,scaffold,1,COc1ccc2ccc(=O)n(CCN3CCC(NCc4cc5c(cn4)OCCO5)CC3)c2c1,1.31,0.7498662057983164
lipo,baseline,scaffold,1,N#Cc1ccc2ccc(=O)n(CCN3CC[C@@H](NCc4cc5c(cn4)OCCO5)[C@@H](O)C3)c2c1,0.45,0.43961074398411676
lipo,baseline,scaffold,1,COc1ccc2c(C)cc(=O)n(CCN3CCC(NCc4cc5c(cn4)OCCO5)CC3)c2c1,1.72,0.8455368700356568
lipo,baseline,scaffold,1,CO[C@H]1CN(CCn2c(=O)ccc3ccc(C#N)cc32)CC[C@@H]1NCc1cc2c(cn1)OCCO2,1.05,0.8260704860810689
lipo,baseline,scaffold,1,N#Cc1ccc2ccc(=O)n(CCN3CC[C@H](NCc4cc5c(cn4)OCCO5)[C@H](O)C3)c2c1,0.46,0.43961074398411676
lipo,baseline,scaffold,1,CCCC(C)(COC(N)=O)COC(=O)NC(C)C,2.01,0.47081772209571643
lipo,baseline,scaffold,1,CCC(CO)NCCNC(CC)CO,-1.42,0.024934919367321243
lipo,baseline,scaffold,1,CCCC[C@@H](C=O)NC(=O)[C@H](CC(C)C)NC(=O)[C@H](CC(C)C)NC(C)=O,2.6,2.0634839828817912
lipo,baseline,scaffold,1,CC(N)(COP(=O)(O)O)C(=O)O,2.5,-0.5406966547014402
lipo,baseline,scaffold,1,CCCCC(CC)COC(=O)CC(C(=O)OCC(CC)CCCC)S(=O)(=O)O,2.93,2.9009928988453084
lipo,baseline,scaffold,1,N[C@@H]1CCCN(c2c(Cl)cccc2/C=C2\SC(=O)NC2=O)C1,1.97,2.2471460845201943
lipo,baseline,scaffold,1,CCOc1cccc(/C=C2\SC(=O)NC2=O)c1N1CCC[C@@H](N)C1,1.86,1.680044565803926
lipo,baseline,scaffold,1,COc1cccc(/C=C2\SC(=O)NC2=O)c1N1CCC[C@@H](N)C1,1.27,1.3080059659655705
lipo,baseline,scaffold,1,Nc1nc(O)c2ncn(COCCO)c2n1,-1.42,-0.4918229083096645
lipo,baseline,scaffold,1,N#Cc1c(-c2ccccc2)nc(SCCc2ccccc2)[nH]c1=O,1.71,2.533487345329819
lipo,baseline,scaffold,1,CNc1ccc2ncc(-c3cccc(O)c3)n2n1,2.99,1.8723312054942975
lipo,baseline,scaffold,1,Cc1ccc(N2CC(COc3ccc(-c4noc(C)n4)cc3)C2)nn1,2.62,2.877863890921722
lipo,baseline,scaffold,1,CS(=O)(=O)c1cccc(Nc2nccc(Nc3cccc4c3OCC4)n2)c1,3.0,2.9272969275636678
lipo,baseline,scaffold,1,NC1(c2ccc(-c3nc4ccn5c(=O)[nH]nc5c4cc3-c3ccccc3)cc2)CCC1,2.5,2.364521995229731
lipo,baseline,scaffold,1,Cn1cnc2cc(C#Cc3ccccc3)cnc21,3.5,3.028482717265584
lipo,baseline,scaffold,1,CCNC(=O)Nc1nc2cc(-c3cccnc3)ccc2[nH]1,2.34,1.881078203324825
lipo,baseline,scaffold,1,NC(=O)NC(=O)C(Nc1ccc2c(c1)CCC2)c1ccccc1,3.3,1.5589382937615544
lipo,baseline,scaffold,1,Cc1c(F)cc(C(=O)NC2CC2)cc1-c1ccc(C(=O)NCC(C)(C)C)cn1,3.5,2.9062768667421532
lipo,baseline,scaffold,1,Cc1ccc2c(n1)c(Sc1ccc(Cl)cc1)c(C)n2CC(=O)O,0.35,1.2517177128471457
lipo,baseline,scaffold,1,O=S(=O)(NCC(c1ccccc1)N1CCCCCC1)c1ccc(Br)s1,3.52,3.164432213214291
lipo,baseline,scaffold,1,Cc1ccc(S(=O)(=O)Nc2c(C(=O)N[C@@H](C)C(C)(C)C)c(C)nn2C2CCOCC2)cc1,0.5,0.8536956444113015
lipo,baseline,scaffold,1,FC(F)c1nc2ccccc2n1-c1nc(N2CCOCC2)nc(N2CCOCC2)n1,3.04,2.6572708971078947
lipo,baseline,scaffold,1,Cc1nccc(-c2ccc(-c3nc4ccncc4c(O)c3C#N)cc2)c1Cl,2.0,2.8194301553704757
lipo,baseline,scaffold,1,Cc1cc(-c2ccc(-c3nc4ccncc4c(O)c3C#N)cc2)ccn1,1.6,2.8153614482931872
lipo,baseline,scaffold,1,C[C@@H]1C2CCCC1(c1cccc(O)c1)CCN2C,0.52,1.9345698955640682
lipo,baseline,scaffold,1,NC(=O)Nc1cc(-c2cccc(O)c2)sc1C(N)=O,2.21,1.711536358236971
lipo,baseline,scaffold,1,NC(=O)c1sc(-c2ccccc2)cc1N,2.33,2.2354267275294237
lipo,baseline,scaffold,1,CN(CCO)Cc1ccc(-c2cc(C(N)=O)c(NC(N)=O)s2)cc1,0.97,1.1871953707134186
lipo,baseline,scaffold,1,CNC(=O)c1cc(-c2ccccc2)sc1NC(N)=O,3.19,2.087621932036866
lipo,baseline,scaffold,1,NC(=O)c1sc(-c2ccc(Cl)cc2)cc1N,3.3,3.1576217678605976
lipo,baseline,scaffold,1,NC(=O)Nc1sc(-c2ccccc2)cc1C(N)=O,2.42,2.3859699011630444
lipo,baseline,scaffold,1,COCCOCCOc1ccc(-c2cc(C(N)=O)c(NC(N)=O)s2)cc1,2.21,1.9301377440850276
lipo,baseline,scaffold,1,CNC(=O)Nc1cc(-c2ccccc2)sc1C(N)=O,2.71,1.410087607719589
lipo,baseline,scaffold,1,NC(=O)c1cc(-c2ccccc2)sc1N,2.7,2.2743838368202907
lipo,baseline,scaffold,1,CN(C)CCOc1ccc(-c2cc(C(N)=O)c(NC(N)=O)s2)cc1,1.16,1.2943054593897598
lipo,baseline,scaffold,1,CN(C)CCCOc1ccc(-c2cc(C(N)=O)c(NC(N)=O)s2)cc1,0.64,0.9534018995685866
lipo,baseline,scaffold,1,NC(=O)Nc1cc(-c2ccccc2)sc1C(N)=O,2.43,1.9493262013905113
lipo,baseline,scaffold,1,COCCOc1ccc(-c2cc(C(N)=O)c(NC(N)=O)s2)cc1,2.34,1.9613125910935563
lipo,baseline,scaffold,1,COCCNCc1ccc(-c2cc(C(N)=O)c(NC(N)=O)s2)cc1,0.87,1.5618620162414891
lipo,baseline,scaffold,1,OCCOCCN1CCN(C(c2ccccc2)c2ccc(Cl)cc2)CC1,3.08,1.9630253441064802
lipo,baseline,scaffold,1,Clc1ccc(C(c2ccccc2)N2CCNCC2)cc1,1.94,1.042222393757251
lipo,baseline,scaffold,1,O=C(O)COCCN1CCN(C(c2ccccc2)c2ccc(Cl)cc2)CC1,1.27,0.901193430498324
lipo,baseline,scaffold,1,Cc1c(S(=O)(=O)c2ccc(Cl)cc2)c2c(NS(C)(=O)=O)cccc2n1CC(=O)O,-0.83,-0.6743994890538604
lipo,baseline,scaffold,1,Cc1c(S(=O)(=O)c2ccc(Cl)cc2)c2cc(F)ccc2n1CC(=O)O,-0.16,0.20873935918492634
lipo,baseline,scaffold,1,Cc1ccc2c(c1)c(S(=O)(=O)c1ccc(Cl)cc1)c(C)n2CC(=O)O,0.06,0.453979062068691
lipo,baseline,scaffold,1,COc1cccc(S(=O)(=O)c2c(C)n(CC(=O)O)c3ccc(C)cc23)c1,-0.42,0.04508091712381702
lipo,baseline,scaffold,1,CC(=O)Nc1cccc2c1c(S(=O)(=O)c1ccc(Cl)cc1)c(C)n2CC(=O)O,0.4,-0.6848033761706765
lipo,baseline,scaffold,1,CC(=O)c1ccc(S(=O)(=O)NC(=O)NC2CCCCC2)cc1,-0.49,0.10069481920387044
lipo,baseline,scaffold,1,O=C(O)c1ccc2c(c1)nc(Nc1cccc(Cl)c1)c1ccncc12,1.29,1.873413270179705
lipo,baseline,scaffold,1,Cc1nn(C)c2cc(N3CCN(C(=O)[C@@H]4CCCC[C@H]4C(=O)NC4(C#N)CC4)[C@H](C)C3)ccc12,2.7,2.7645891277268997
lipo,baseline,scaffold,1,Cc1ccc2nc(CCNCCCO)ccc2c1NC(=O)CC12CC3CC(CC(C3)C1)C2,1.18,2.7723140770100105
lipo,baseline,scaffold,1,O=C(CC12CC3CC(CC(C3)C1)C2)Nc1cccc2ncccc12,3.83,3.3546783960310362
lipo,baseline,scaffold,1,O=C(CC12CC3CC(CC(C3)C1)C2)Nc1cccc2nc(NCCNCCO)ccc12,1.79,2.0797728607994808
lipo,baseline,scaffold,1,Cc1csc(NC(=O)c2cc(Sc3nncn3C)ccc2N)n1,2.3,2.3152623901120015
lipo,baseline,scaffold,1,Cc1c(Sc2ccc(Cl)cc2)c2c(Cl)nccc2n1CC(=O)O,0.92,1.2574666372759455
lipo,baseline,scaffold,1,COc1cc(-c2nn[nH]n2)ccc1Cn1ccc2ccc(NC(=O)OC3CCCC3)cc21,2.7,2.246836874195187
lipo,baseline,scaffold,1,Cc1nc(C)c(-c2ccc3c(c2)CC[C@]32CC[C@@H](c3nnn[nH]3)CC2)nc1C(N)=O,1.4,1.795469340462718
lipo,baseline,scaffold,1,COc1cc2c(Nc3ccc(Cl)cc3F)ncnc2cc1OCCn1cncn1,3.2,3.4765791836859923
lipo,baseline,scaffold,1,NC(=O)c1cnc2[nH]c(-c3ccc(OCCN4CCCCC4)cc3)nc2c1NCCCNC(=O)C1CCC1,2.48,1.8700995159812654
lipo,baseline,scaffold,1,CC(=O)Nc1ccc(CNc2[nH]nc3cccc(Oc4ccc(F)cc4)c23)cc1,4.28,3.3075739939765922
lipo,baseline,scaffold,1,COc1ccc(OC)c(CNc2[nH]nc3cccc(Oc4ccc(S(C)(=O)=O)cc4)c23)c1,3.71,2.7279096073594142
lipo,baseline,scaffold,1,CC(=O)Nc1ccc(CNc2[nH]nc3cccc(Oc4ccc(S(C)(=O)=O)cc4)c23)cc1,2.63,2.472912434793773
lipo,baseline,scaffold,1,Cc1nc(-c2ccccc2)c(-c2ccc(CN3CCC(n4c(=O)[nH]c5ccccc54)CC3)cc2)[nH]c1=O,3.9,3.767287666757809
lipo,baseline,scaffold,1,O=C(NCC12CC3CC(CC(C3)C1)C2)c1cc(CN2CCNCC2)ccc1Cl,1.84,1.3860786362973585
lipo,baseline,scaffold,1,NC(=O)c1c(OCc2c(F)cc(Br)cc2F)nsc1NC(=O)NCCCCN1CCCC1,2.5,1.7588944895986822
lipo,baseline,scaffold,1,NS(=O)(=O)c1cc(C(=O)O)cc(N2CCCC2)c1Oc1ccccc1,-0.94,0.4911614260469304
lipo,baseline,scaffold,1,CC(C)(C)Cn1c(CN2C(=O)CC3(CCNCC3)C2=O)cc2cnc(C#N)nc21,0.75,0.647870200384548
lipo,baseline,scaffold,1,CCc1cccc(CC)c1NC(=O)N1Cc2[nH]nc(NC(=O)c3ccc(N4CCN(C)CC4)cc3)c2C1,3.31,2.9495706878528845
lipo,baseline,scaffold,1,COc1cc(OC)c(S(=O)(=O)N2c3ccccc3CCC2C)cc1NC(=O)CSc1ccncc1,2.82,2.740931757905406
lipo,baseline,scaffold,1,O=C1Nc2ccccc2C1(O)c1ccccc1,1.71,2.3322345879756936
lipo,baseline,scaffold,1,CCN(CC)CCN1C(=O)[C@@](O)(c2ccccc2Cl)c2c1cc(C(N)=O)cc2C(F)(F)F,2.4,2.104093024127192
lipo,baseline,scaffold,1,CC(C)(F)C[C@H](N[C@@H](c1ccc(-c2ccc(S(C)(=O)=O)cc2)cc1)C(F)(F)F)C(=O)NC1(C#N)CC1,2.9,2.6962263894410374
lipo,baseline,scaffold,1,C[C@H](NC(=O)c1cccc2c1N(Cc1ccc(Cl)cc1)CC2)c1ccc(C(=O)O)cc1,1.47,2.24479742644136
lipo,baseline,scaffold,1,C[C@H](CO)Nc1nc(SCc2ccco2)nc2[nH]c(=O)sc12,2.21,2.102599353391162
lipo,baseline,scaffold,1,C1CCC(NC2CCCCC2)CC1,-0.38,2.589021764092007
lipo,baseline,scaffold,1,CCN(CC)C(=O)c1ccc(C(=C2CCNCC2)c2ccc(Cl)c(Cl)c2)cc1,2.4,2.3867493524128425
lipo,baseline,scaffold,1,CCN(CC)C(=O)c1ccc(C(=C2CCNCC2)c2ccccc2)cc1,1.2,1.7373172629673737
lipo,baseline,scaffold,1,CCN(CC)C(=O)c1ccc(C(=C2CCNCC2)c2ccccc2OC)cc1,1.0,1.7599616751277372
lipo,baseline,scaffold,1,CCN(CC)C(=O)c1ccc(C(=C2CCNCC2)c2cccc(C(F)(F)F)c2)cc1,1.9,2.590443406296867
lipo,baseline,scaffold,1,COc1cc(N2CC3CN(CCO)CC(C2)O3)ccc1Nc1ncc(Cl)c(-c2cnc3ccccn23)n1,2.5,3.1254473122567776
lipo,baseline,scaffold,1,COc1cc(N2CC3CNCC(C2)O3)ccc1Nc1ncc(Cl)c(-c2cnc3ccccn23)n1,2.3,2.164248848247568
lipo,baseline,scaffold,1,N=C(N)NCCC[C@H](NC(=O)COCC(c1ccccc1)c1ccccc1)C(=O)O,0.18,0.587867285501597
lipo,baseline,scaffold,1,Cc1ccccc1C(OCCN(C)C)c1ccccc1,1.47,1.5339363455544919
lipo,baseline,scaffold,1,NC(=O)C[S+]([O-])C(c1ccccc1)c1ccccc1,1.12,0.1755142307298553
lipo,baseline,scaffold,1,Oc1ccc(C(c2ccc(O)cc2)C(Cl)(Cl)Cl)cc1,3.86,3.248081906721037
lipo,baseline,scaffold,1,CN(C)CCOc1ccccc1Cc1ccccc1,2.53,1.4250457090486512
lipo,baseline,scaffold,1,NCC(O)(c1ccccc1)c1ccccc1,0.9,1.1715105259054372
lipo,baseline,scaffold,1,NCC(O)(c1ccc(Cl)cc1)c1ccc(Cl)cc1,2.69,2.077534412466352
lipo,baseline,scaffold,1,N#Cc1cccc(NCC(=O)Nc2c(Cl)ccc3nc(N4CC[C@@H](O)C4)ccc23)c1,2.39,2.972533074748126
lipo,baseline,scaffold,1,COc1cccc(-c2c[nH]c(-c3ccccc3)n2)c1,3.8,3.3571477505962393
lipo,baseline,scaffold,1,c1ccc(-c2c[nH]c(-c3ccccc3)n2)cc1,3.8,3.63417054760607
lipo,baseline,scaffold,1,C[C@@H]1CN(c2ncc(F)cn2)CCN1c1ncc(OCc2ccncc2C#N)cn1,3.4,2.6915837240173177
lipo,baseline,scaffold,1,Cc1ccc(S(=O)(=O)c2ccccc2)cc1,2.74,2.6867558896909722
lipo,baseline,scaffold,1,CC(O)(C(=O)Nc1ccc(S(=O)(=O)c2ccc(F)cc2)cc1)C(F)(F)F,3.12,3.1437380930418994
lipo,baseline,scaffold,1,CC(O)(C(=O)Nc1ccc(S(=O)(=O)c2ccc(O)cc2)cc1)C(F)(F)F,2.78,2.3664604418428103
lipo,baseline,scaffold,1,Nc1ccc(S(=O)(=O)c2ccc(N)cc2)cc1,0.88,1.4839357979673586
lipo,baseline,scaffold,1,CC(O)(C(=O)Nc1ccc(S(=O)(=O)c2ccccc2)cc1)C(F)(F)F,2.98,2.774012747818055
lipo,baseline,scaffold,1,Nc1ncnc2c1nc(Sc1nc3cccc(Cl)c3s1)n2CCO,2.37,2.9107224928211433
lipo,baseline,scaffold,1,CC(=O)OCCn1c(Sc2nc3cccc(Cl)c3s2)nc2c(N)ncnc21,3.16,2.7553644787871283
lipo,baseline,scaffold,1,Cc1ccc(NC(=O)c2cccc(N3CCOCC3)c2)cc1-n1cnc2ccc(N3CCN(C)CC3)cc2c1=O,2.69,2.544857206626309
lipo,baseline,scaffold,1,COc1cccc([C@H](O)C2CCN(CCc3ccc(F)cc3)CC2)c1OC,1.7,2.910572336488922
lipo,baseline,scaffold,1,CCOC(=O)c1ccc(OCCC2CN(c3ccc(C)nn3)C2)cc1,3.22,3.5696723116673894
lipo,baseline,scaffold,1,Cc1ccc(S(=O)(=O)Nc2c(C(=O)N[C@@H](C)C(C)(C)C)c(C)nn2C2CCCCC2)cc1,1.97,2.0349980607277343
lipo,baseline,scaffold,1,COc1cc2ncnc(N3CC[C@@H](Oc4cnc5ccccc5n4)C3)c2cc1OC,4.04,3.193029499517575
lipo,baseline,scaffold,1,CN(C)C(=O)C(CCN1CCC(O)(c2ccc(Cl)cc2)CC1)(c1ccccc1)c1ccccc1,3.47,2.5950740206724983
lipo,baseline,scaffold,1,c1ccc2[nH]c(-c3cscn3)nc2c1,2.35,2.617447338142535
lipo,baseline,scaffold,1,COC(=O)[C@H](c1ccccc1Cl)N1CCc2sccc2C1,3.69,3.2668307842683846
lipo,baseline,scaffold,1,Clc1ccccc1CN1CCc2sccc2C1,3.46,3.5468004797380774
lipo,baseline,scaffold,1,O=S(=O)(Cc1cc(Cl)cc(Cl)c1)NCC(c1ccccc1)N1CCCCCC1,3.23,2.841913312273927
lipo,baseline,scaffold,1,O=S(=O)(Cc1ccccc1)NCC(c1ccccc1)N1CCCCCC1,2.83,2.075348217877744
lipo,baseline,scaffold,1,NC(=O)c1cccnc1Oc1ccccc1,1.13,1.7408388887749604
lipo,baseline,scaffold,1,CC(C)N1CCN[C@@H](CN2CCN(C(=O)Nc3ccc(Cl)c(Cl)c3)CC2)C1,1.92,1.6791010121434333
lipo,baseline,scaffold,1,CC(=O)NCc1ccc(CN2CCN(c3ccccc3)CC2)cc1,1.78,2.4397228212239264
lipo,baseline,scaffold,1,CC(=O)NCc1ccc(CN2CCN(c3ccc(F)cc3F)CC2)cc1,2.5,2.76507801593281
lipo,baseline,scaffold,1,Fc1ccc(CN2CCN(C3=Nn4c(nnc4C(F)(F)F)CC3)CC2)cc1,2.8,1.877246868313706
lipo,baseline,scaffold,1,O=c1[nH]n(Cc2ccncc2)c(=O)c2c(=O)c3ccc(Cl)cc3[nH]c12,-0.16,0.8913084623695737
lipo,baseline,scaffold,1,CCC(c1ccncc1)n1[nH]c(=O)c2[nH]c3cc(Cl)ccc3c(=O)c2c1=O,0.6,0.8534944436172508
lipo,baseline,scaffold,1,CN[C@@H](C)C(=O)N[C@H](C(=O)N1CC[C@H]2CCN(CCc3ccccc3)C[C@H]21)C1CCCCC1,2.47,2.110020957975592
lipo,baseline,scaffold,1,COc1cc2ncc(C(N)=O)c(Nc3ccc(F)cc3F)c2cc1NCCN1CCOCC1,2.68,2.4492266961582625
lipo,baseline,scaffold,1,c1ccc(-c2n[nH]c(-c3ccncc3)n2)nc1,1.48,1.8316757779232047
lipo,baseline,scaffold,1,CCCc1c(OCc2ccc(-c3nn[nH]n3)cc2OC)ccc(C(C)=O)c1O,2.8,2.179898287311237
lipo,baseline,scaffold,1,CCCc1c(OCc2ccc(-c3nn[nH]n3)cc2)ccc(C(C)=O)c1O,3.1,2.0819620336768456
lipo,baseline,scaffold,1,C(#Cc1n[nH]c2ccccc12)c1ccccc1,4.31,3.2186885027309238
lipo,baseline,scaffold,1,Cc1ccc(/C(=C\CN2CCCC2)c2ccccn2)cc1,1.88,2.577531488887962
lipo,baseline,scaffold,1,COc1cc(C(=O)O)ccc1Cn1ccc2ccc(NC(=O)OC3CCCC3)cc21,2.1,1.5613382295820635
lipo,baseline,scaffold,1,O=C1CC2(CCCC2)CC(=O)N1CCCCN1CCN(c2ncccn2)CC1,2.19,2.2146438878802988
lipo,baseline,scaffold,1,CN1CCC[C@H]1CCN1CCCc2cc(NC(=N)c3cccs3)ccc21,0.37,1.8296336267508657
lipo,baseline,scaffold,1,CCN(C)C(=O)c1ccc([C@H](c2cccc(NC(=O)C3CCC3)c2)N2CCN(Cc3cccnc3)CC2)cc1,3.27,2.8855605794334345
lipo,baseline,scaffold,1,CC(C)Oc1cc(OCCN2CCOCC2)cc2ncnc(Nc3c(Cl)ccc4c3OCO4)c12,3.68,3.0949079006583484
lipo,baseline,scaffold,1,CC(C)Oc1cc(Oc2ccc(S(C)(=O)=O)cc2)cc(C(=O)Nc2nccs2)c1,3.61,2.6367412728333397
lipo,baseline,scaffold,1,C[C@@H](CO)Oc1cc(Oc2ccc(S(C)(=O)=O)cc2)cc(C(=O)Nc2nccs2)c1,2.63,2.0080612855346924
lipo,baseline,scaffold,1,O=C1CCCCCN1,-0.08,0.07833323563504645
lipo,baseline,scaffold,1,CC(C)(C)C(=O)N[C@H]1CCCCNC1=O,0.58,0.46165884628878573
lipo,baseline,scaffold,1,O=C(CN1CCOCC1)Nc1ccc(-c2cccc3c(=O)cc(N4CCOCC4)oc23)cc1OCC1CC1,3.3,2.5945398982136663
lipo,baseline,scaffold,1,COc1cc2c(ccc(=O)n2CCN2CCC(NCc3cc4c(cn3)OCCO4)CC2)cn1,0.68,0.7865981724750828
lipo,baseline,scaffold,1,CC(C)C(NC(=O)Cn1c(-c2ccccc2)ccc(NC(=O)NCc2ccncc2)c1=O)C(=O)C(F)(F)F,2.16,2.773510919518775
lipo,baseline,scaffold,1,N#C[C@@H]1CCCN1C(=O)CNC12CC3CC(CC(O)(C3)C1)C2,-0.48,0.8211123387034319
lipo,baseline,scaffold,1,COc1cc2ncnc(Nc3cc(NC(=O)c4ccnc(N5CCOCC5)c4)ccc3C)c2cc1OCCN1CCOCC1,3.19,3.016567640979536
lipo,baseline,scaffold,1,Cc1nc2nc(-c3cccnc3)nn2c(O)c1Cc1ccccc1,1.52,1.7027178473813689
lipo,baseline,scaffold,1,NC(=O)c1cnc(N[C@H]2CCCNC2)c2cc(-c3ccncc3)sc12,0.77,1.1959453093468853
lipo,baseline,scaffold,1,COc1ccc(N(C(=O)c2ccccc2)C(C(=O)NC2CCCC2)c2ccccc2F)c(OC)c1,3.86,3.44502702403074
lipo,baseline,scaffold,1,O=c1[nH]n(Cc2ccsc2)c(=O)c2c(=O)c3ccc(Cl)cc3[nH]c12,1.11,1.3002457220279793
lipo,baseline,scaffold,1,CC(c1ccsc1)n1[nH]c(=O)c2[nH]c3cc(Cl)ccc3c(=O)c2c1=O,0.9,1.365751590240724
lipo,baseline,scaffold,1,C[C@H](NC(=O)c1cccnc1Oc1ccccc1)c1ccccc1,2.91,3.3806278456661762
lipo,baseline,scaffold,1,COc1ccc(OC)c(CNC(=O)c2cccnc2Oc2ccccc2)c1,3.52,3.146574403056664
lipo,baseline,scaffold,1,C[C@@H](NC(=O)c1cccnc1Oc1ccccc1)c1ccccc1,3.14,3.3806278456661762
lipo,baseline,scaffold,1,COc1ccc(Oc2ncccc2C(=O)NCc2ccccc2Cl)cc1,3.59,3.366245475205434
lipo,baseline,scaffold,1,O=C(NCc1ccccc1Cl)c1cccnc1Oc1ccccc1,3.68,3.398441114874138
lipo,baseline,scaffold,1,O=C(NCc1ccccc1)c1cccnc1Oc1ccccc1,3.0,3.1121603035790866
lipo,baseline,scaffold,1,CCOC(=O)c1c(-c2ccccc2)nc2cc(C)ccn12,3.8,3.24426528209556
lipo,baseline,scaffold,1,Fc1ccc(-c2cn3ccccc3n2)cc1,3.1,3.179515706328172
lipo,baseline,scaffold,1,Clc1ccc(-c2cn3ccccc3n2)cc1,4.0,3.6517482251666302
lipo,baseline,scaffold,1,c1ccc(-c2cn3ccccc3n2)cc1,2.9,3.187610399741776
lipo,baseline,scaffold,1,CC[C@H](NC(=O)c1c(S(C)(=O)=O)c(-c2ccccc2)nc2ccccc12)c1ccccc1,3.17,3.5734931574749487
lipo,baseline,scaffold,1,CC[C@H](NC(=O)c1c([S+](C)[O-])c(-c2ccc(F)cc2)nc2ccccc12)c1ccccc1,3.72,3.2503798792256955
lipo,baseline,scaffold,1,CC[C@H](NC(=O)c1c([S+]([O-])C(C)C)c(-c2ccccc2)nc2ccccc12)c1ccccc1,3.81,3.4620251217464526
lipo,baseline,scaffold,1,CC[C@H](NC(=O)c1c(CN(C)C)c(-c2ccccc2)nc2ccccc12)c1ccccc1,4.18,3.9565117319293734
lipo,baseline,scaffold,1,CC[C@H](NC(=O)c1c([S+](C)[O-])c(-c2ccccc2)nc2cc(Br)ccc12)c1ccccc1,3.18,3.5480039469075138
lipo,baseline,scaffold,1,CC[C@H](NC(=O)c1c([S+](C)[O-])c(-c2ccccc2)nc2cc(F)ccc12)c1ccccc1,3.62,3.3076164054547004
lipo,baseline,scaffold,1,CC[C@H](NC(=O)c1c(N)c(-c2cccc(F)c2)nc2ccccc12)c1ccccc1,4.05,3.7560662841143904
lipo,baseline,scaffold,1,CC[C@H](NC(=O)c1c(N)c(-c2ccccc2)nc2ccccc12)c1ccccc1,3.89,3.710891739880434
lipo,baseline,scaffold,1,CC[C@H](NC(=O)c1c([S+](C)[O-])c(-c2ccccc2)nc2cc(CN(C)C)ccc12)c1ccccc1,2.75,3.3694820535731953
lipo,baseline,scaffold,1,CC[C@H](NC(=O)c1c([S+]([O-])CC)c(-c2ccccc2)nc2ccccc12)c1ccccc1,3.45,3.5263193101976924
lipo,baseline,scaffold,1,CC[C@H](NC(=O)c1c(O)c(-c2ccccc2)nc2ccccc12)c1ccccc1,3.91,3.4058954174029723
lipo,baseline,scaffold,1,CC[C@H](NC(=O)c1c(CC[S+](C)[O-])c(-c2ccccc2)nc2ccccc12)c1ccccc1,3.15,3.6807022339376787
lipo,baseline,scaffold,1,CC[C@H](NC(=O)c1c([S+](C)[O-])c(-c2ccccc2)nc2cc(Cl)ccc12)c1ccccc1,3.07,3.3274268566041854
lipo,baseline,scaffold,1,CC[C@H](NC(=O)c1c(CS(C)(=O)=O)c(-c2ccccc2)nc2ccccc12)c1ccccc1,3.25,3.582259506436505
lipo,baseline,scaffold,1,CC[C@H](NC(=O)c1c([S+](C)[O-])c(-c2cccc(F)c2)nc2ccccc12)c1ccccc1,3.14,3.3506665115175895
lipo,baseline,scaffold,1,CC[C@H](NC(=O)c1c([S+](C)[O-])c(-c2ccccc2)nc2c(F)cccc12)c1ccccc1,2.84,3.4091264021874426
lipo,baseline,scaffold,1,CC[C@H](NC(=O)c1c([S+](C)[O-])c(-c2ccccc2)nc2ccccc12)c1ccccc1,3.17,3.2435462767223604
lipo,baseline,scaffold,1,Cc1cc(Nc2cc(N3CCN(C)CC3)nc(Sc3ccc(NC(=O)C4CC4)cc3)n2)n[nH]1,3.47,3.104339622074407
lipo,baseline,scaffold,1,CC(C)Nc1ccc2cnn(-c3cncc(-n4ccc(CC(=O)O)c4)n3)c2c1,1.24,0.15073606562190636
lipo,baseline,scaffold,1,Clc1ccc([C@]23CNC[C@H]2C3)cc1Cl,1.96,1.4617845886864842
lipo,baseline,scaffold,1,Cc1cnc(Nc2cc(N3CCN(C)CC3)nc(N[C@@H](C)c3ccc(F)cn3)n2)s1,2.9,3.1049333531013366
lipo,baseline,scaffold,1,O=C(COc1ccc(SCCCCCc2ccccc2)cc1)COc1ccc(C(=O)O)cc1,3.63,2.7112511954972676
lipo,gnn,scaffold,1,CN1CCCC(n2nc(Cc3ccc(Cl)cc3)c3ccccc3c2=O)CC1,2.4600000381469727,2.8519277572631836
lipo,gnn,scaffold,1,Clc1ccc2c(c1)CCc1cccnc1C2=C1CCNCC1,1.4800000190734863,1.6523113250732422
lipo,gnn,scaffold,1,Nc1ccccc1NC(=O)c1ccc(C2CCN(Cc3ccc(C(=O)NC4CC4)cc3)CC2)cc1,2.309999942779541,2.5641567707061768
lipo,gnn,scaffold,1,COc1cc2ncn(-c3cc(OCc4ccccc4C(F)(F)F)c(C(=O)O)s3)c2cc1OC,0.8399999737739563,1.7463445663452148
lipo,gnn,scaffold,1,Nc1nnc(Cc2ccc(Cl)cc2)s1,2.3399999141693115,2.233060598373413
lipo,gnn,scaffold,1,O=C1CCCc2nc(C#Cc3ccccc3)ccc21,3.5299999713897705,3.1031551361083984
lipo,gnn,scaffold,1,CCNc1nc(C#N)nc(Nc2ccccc2)n1,3.109999895095825,3.364657402038574
lipo,gnn,scaffold,1,Nc1ncnc(Nc2ccccc2)n1,1.399999976158142,2.1279239654541016
lipo,gnn,scaffold,1,COc1cc(Nc2ncc(C)s2)nc(N[C@@H](C)c2ncc(F)cn2)n1,2.990000009536743,2.8100504875183105
lipo,gnn,scaffold,1,COc1ccc2[nH]c3c(c2c1)CN(C(=O)[C@@H]1CCCC[C@H]1C(=O)NC1(C#N)CC1)CC3,2.4000000953674316,2.813774585723877
lipo,gnn,scaffold,1,N#CC1(NC(=O)[C@@H]2CCCC[C@H]2C(=O)N2CCc3[nH]c4ccc(C(F)(F)F)cc4c3C2)CC1,4.199999809265137,3.2772140502929688
lipo,gnn,scaffold,1,N#CC1(NC(=O)[C@@H]2CCCC[C@H]2C(=O)N2CCc3[nH]c4ccc(Cl)cc4c3C2)CC1,3.6500000953674316,3.177344560623169
lipo,gnn,scaffold,1,CS(=O)(=O)c1ccc2c3c([nH]c2c1)CCN(C(=O)[C@@H]1CCCC[C@H]1C(=O)NC1(C#N)CC1)C3,1.5,1.801377534866333
lipo,gnn,scaffold,1,N#CC1(NC(=O)[C@@H]2CCCC[C@H]2C(=O)N2CCc3[nH]c4cccc(F)c4c3C2)CC1,3.200000047683716,2.9124584197998047
lipo,gnn,scaffold,1,N#CC1(NC(=O)[C@@H]2CCCC[C@H]2C(=O)N2CCc3[nH]c4ccc(F)cc4c3C2)CC1,3.0,2.899660348892212
lipo,gnn,scaffold,1,Cc1cccc2c3c([nH]c12)CCN(C(=O)[C@@H]1CCCC[C@H]1C(=O)NC1(C#N)CC1)C3,2.990000009536743,3.0203380584716797
lipo,gnn,scaffold,1,N#CC1(NC(=O)[C@@H]2CCCC[C@H]2C(=O)N2CCc3[nH]c4ccccc4c3C2)CC1,2.6600000858306885,2.8771255016326904
lipo,gnn,scaffold,1,N#CC1(NC(=O)[C@@H]2CCCC[C@H]2C(=O)N2CCc3[nH]c4c(C(F)(F)F)cccc4c3C2)CC1,3.75,3.328151226043701
lipo,gnn,scaffold,1,N#CC1(NC(=O)[C@@H]2CCCC[C@H]2C(=O)N2CCc3[nH]c4c(Cl)cccc4c3C2)CC1,3.5899999141693115,3.183075428009033
lipo,gnn,scaffold,1,CS(=O)(=O)c1cccc2c3c([nH]c12)CCN(C(=O)[C@@H]1CCCC[C@H]1C(=O)NC1(C#N)CC1)C3,1.7000000476837158,1.9177732467651367
lipo,gnn,scaffold,1,N#CC1(NC(=O)[C@@H]2CCCC[C@H]2C(=O)N2CCc3[nH]c4c(Br)cccc4c3C2)CC1,3.119999885559082,3.195993185043335
lipo,gnn,scaffold,1,CC(C)c1ccc2[nH]c3c(c2c1)CN(C(=O)[C@@H]1CCCC[C@H]1C(=O)NC1(C#N)CC1)CC3,4.099999904632568,3.494940757751465
lipo,gnn,scaffold,1,N#CC1(NC(=O)[C@@H]2CCCC[C@H]2C(=O)N2CCc3[nH]c4c(F)cccc4c3C2)CC1,3.0299999713897705,2.9466896057128906
lipo,gnn,scaffold,1,CS(=O)(=O)c1ccc2[nH]c3c(c2c1)CN(C(=O)[C@@H]1CCCC[C@H]1C(=O)NC1(C#N)CC1)CC3,1.5,1.8453550338745117
lipo,gnn,scaffold,1,N#CC1(NC(=O)[C@@H]2CCCC[C@H]2C(=O)N2CCc3[nH]c4cc(F)ccc4c3C2)CC1,2.990000009536743,2.8865110874176025
lipo,gnn,scaffold,1,CCOc1cccc2c3c([nH]c12)CCN(C(=O)[C@@H]1CCCC[C@H]1C(=O)NC1(C#N)CC1)C3,3.0999999046325684,3.0145087242126465
lipo,gnn,scaffold,1,N#CC1(NC(=O)[C@@H]2CCCC[C@H]2C(=O)N2CCc3[nH]c4c(OC(F)(F)F)cccc4c3C2)CC1,4.010000228881836,3.685802459716797
lipo,gnn,scaffold,1,COc1ccc2nc(C)cc(-n3cc(CN4CCN(C(C)=O)CC4)nn3)c2c1,1.2999999523162842,1.9118491411209106
lipo,gnn,scaffold,1,COc1cc(F)ccc1-c1cncc(CNC2CCCCC2)c1,2.5999999046325684,2.510441780090332
lipo,gnn,scaffold,1,Clc1cc(Nc2ncnc3[nH]nc(OCCN4CCCC4)c23)ccc1OCc1ccccn1,2.869999885559082,2.802126169204712
lipo,gnn,scaffold,1,CC(=O)N1CCN(c2ccc(OCC3COC(Cn4ccnc4)(c4ccc(Cl)cc4Cl)O3)cc2)CC1,3.700000047683716,2.9063034057617188
lipo,gnn,scaffold,1,O=C(NCC12CC3CC(CC(C3)C1)C2)c1cc(O[C@H]2CCCNC2)ccc1Cl,2.180000066757202,1.9999873638153076
lipo,gnn,scaffold,1,O=S(=O)(CCCOCCSc1ccccc1)CCNCCc1ccc(O)c2nc(O)sc12,2.680000066757202,2.427733898162842
lipo,gnn,scaffold,1,O=C(NS(=O)(=O)Cc1ccccc1)N1CCC(N2CCC(Oc3ccc(Cl)c(Cl)c3)CC2)CC1,2.130000114440918,1.5616270303726196
lipo,gnn,scaffold,1,CC(=O)NC[C@H]1CN(c2ccc(N3CCOCC3)c(F)c2)C(=O)O1,0.6700000166893005,1.4865307807922363
lipo,gnn,scaffold,1,CCC(CC)NC(=O)c1cnn(-c2ccccn2)c1NS(=O)(=O)c1ccc(C)cc1,0.27000001072883606,0.6153708696365356
lipo,gnn,scaffold,1,CCCC(=O)N1CCN(c2nnc(-c3ccccc3)c3ccccc23)CC1,3.200000047683716,3.6706604957580566
lipo,gnn,scaffold,1,CCn1cnc2cnc(-c3ccc(C4(N)CCC4)cc3)c(-c3ccccc3)c21,2.0,2.6344106197357178
lipo,gnn,scaffold,1,COc1ccc(-c2ccccc2)cc1N1CC(=O)NS1(=O)=O,-1.0099999904632568,1.0756804943084717
lipo,gnn,scaffold,1,CNC(=O)c1ccc(CCC(COc2ccc(-c3cccc([N+](=O)[O-])c3)cc2)N2C(=O)CSC2=O)cc1,3.5,3.3143386840820312
lipo,gnn,scaffold,1,CC(C)C(NC(=O)Cn1c(-c2ccccc2)ccc(NC(=O)NCc2ccc[n+]([O-])c2)c1=O)C(=O)C(F)(F)F,1.4800000190734863,2.2977519035339355
lipo,gnn,scaffold,1,CCCc1c(O)c(O)c(C(=O)O)c2cc(Cc3ccccc3)c(C)cc12,2.5999999046325684,2.4324288368225098
lipo,gnn,scaffold,1,Cc1sc(CN2CCNCC2)cc1C(=O)NCC12CC3CC(CC(C3)C1)C2,2.549999952316284,2.4452013969421387
lipo,gnn,scaffold,1,Cc1cnc(NC(=O)Cc2ccccc2)s1,2.9000000953674316,2.8417510986328125
lipo,gnn,scaffold,1,O=C(Cc1ccccc1)Nc1nccs1,2.5,2.566800355911255
lipo,gnn,scaffold,1,c1ccc(-c2cc(NCCCCCCCCNc3cc(-c4ccccc4)nc4ccccc34)c3ccccc3n2)cc1,2.2699999809265137,4.23832368850708
lipo,gnn,scaffold,1,C=CCOc1cc(-c2cccc3c(=O)cc(N4CCOCC4)oc23)ccc1NC(=O)CN1CCOCC1,3.0,2.7746589183807373
lipo,gnn,scaffold,1,CC(C)Oc1cc(-c2cccc3c(=O)cc(N4CCOCC4)oc23)ccc1NC(=O)CN1CCOCC1,3.0,3.028127670288086
lipo,gnn,scaffold,1,CC(C)COc1cc(-c2cccc3c(=O)cc(N4CCOCC4)oc23)ccc1NC(=O)CN1CCOCC1,3.799999952316284,3.131316900253296
lipo,gnn,scaffold,1,COc1cc(-c2cccc3c(=O)cc(N4CCOCC4)oc23)ccc1NC(=O)CN1CCOCC1,2.299999952316284,2.6345019340515137
lipo,gnn,scaffold,1,CCOc1cc(-c2cccc3c(=O)cc(N4CCOCC4)oc23)ccc1NC(=O)CN1CCOCC1,2.799999952316284,2.7626521587371826
lipo,gnn,scaffold,1,O=C(CN1CCOCC1)Nc1ccc(-c2cccc3c(=O)cc(N4CCOCC4)oc23)cc1O,2.4000000953674316,2.4231772422790527
lipo,gnn,scaffold,1,O=c1[nH]ccc2nc(-c3ccc(CN4CCC(c5n[nH]c(-c6ccccn6)n5)CC4)cc3)c(-c3ccccc3)cc12,3.9000000953674316,3.1734230518341064
lipo,gnn,scaffold,1,O=C(O)CCCCn1nnc(-c2ccc(C(=O)N3CCC(N4CCC(Oc5ccc(Cl)c(Cl)c5)CC4)CC3)cc2)n1,1.600000023841858,1.4327154159545898
lipo,gnn,scaffold,1,O=C(c1ccc(-c2nn[nH]n2)cc1)N1CCC(N2CCC(Oc3ccc(Cl)c(Cl)c3)CC2)CC1,1.5299999713897705,1.8139303922653198
lipo,gnn,scaffold,1,CC(C)C[C@H](CO)Nc1nc(SCc2ccncc2)nc2nc(N)sc12,2.9000000953674316,3.379249095916748
lipo,gnn,scaffold,1,NC(=O)c1ccc(Oc2cccc3cccnc23)c([N+](=O)[O-])c1,1.7000000476837158,1.4147777557373047
lipo,gnn,scaffold,1,O=C(N[C@@H](Cc1ccc(OCCNc2nc3ccccc3[nH]2)cc1)C(=O)O)c1c(Cl)cccc1Cl,0.6000000238418579,0.5204620361328125
lipo,gnn,scaffold,1,CC(C)[C@@H](CN1CCCCC1)N(C)C(=O)Cc1ccc(Cl)c(Cl)c1,2.869999885559082,2.9536232948303223
lipo,gnn,scaffold,1,O=c1oc(-c2ccccc2)cc2ccccc12,3.8399999141693115,3.354416847229004
lipo,gnn,scaffold,1,CSc1ncccc1C(=O)NCCc1ccc(Cl)cc1,3.309999942779541,3.1326041221618652
lipo,gnn,scaffold,1,COc1ccc(-c2nc3c(NCC4CCNCC4)c(Br)cnc3[nH]2)cc1,1.3600000143051147,1.8200699090957642
lipo,gnn,scaffold,1,Cc1ccccc1-c1c(C(=O)O)n(CCCOc2cccc3ccccc23)c2ccccc12,3.890000104904175,3.167196035385132
lipo,gnn,scaffold,1,CN1CCN(c2ccc3nc(-c4c(N)c5c(F)cccc5[nH]c4=O)[nH]c3c2)CC1,3.450000047683716,2.4315998554229736
lipo,gnn,scaffold,1,c1ccc2c(c1)nnn2-c1ccncc1,1.690000057220459,1.8490159511566162
lipo,gnn,scaffold,1,O=C(c1ccccc1)C(O)(CN1CCCCC1)c1ccccc1,3.4100000858306885,2.8849503993988037
lipo,gnn,scaffold,1,CCCCC1=NC2(CCCC2)C(=O)N1Cc1ccc(-c2ccccc2-c2nn[nH]n2)cc1,1.2899999618530273,2.0951426029205322
lipo,gnn,scaffold,1,CCc1nc2c(N)nc3ccccc3c2n1CCCCNS(C)(=O)=O,1.2400000095367432,1.7359997034072876
lipo,gnn,scaffold,1,CCOCc1nc2c(N)nc3ccccc3c2n1CC(C)(C)O,1.690000057220459,2.4092166423797607
lipo,gnn,scaffold,1,CCc1nc2c(N)nc3ccccc3c2n1CC(C)(C)O,1.3799999952316284,2.580291509628296
lipo,gnn,scaffold,1,CC(C)Cn1cnc2c(N)nc3ccccc3c21,2.5199999809265137,3.2682502269744873
lipo,gnn,scaffold,1,CCc1nc2c(N)nc3ccccc3c2n1CC(C)C,2.549999952316284,3.5554537773132324
lipo,gnn,scaffold,1,CCCCc1nc2c(N)nc3ccccc3c2n1CC(C)C,3.819999933242798,3.986504077911377
lipo,gnn,scaffold,1,CCCCc1nc2c(N)nc3ccccc3c2n1CC(C)(C)O,2.369999885559082,3.1173672676086426
lipo,gnn,scaffold,1,COc1ccc(-c2nc(N)s[n+]2-c2ccccc2)cc1,2.190000057220459,1.6024218797683716
lipo,gnn,scaffold,1,CC(C)N1CCN[C@@H](C(=O)N2CCN(C(=O)Nc3ccc(Cl)c(Cl)c3)CC2)C1,2.2100000381469727,1.9078342914581299
lipo,gnn,scaffold,1,NC1(c2ccc(-c3ncc4nccn4c3-c3ccccc3)cc2)CCC1,1.2999999523162842,1.9248383045196533
lipo,gnn,scaffold,1,COc1ccc(-c2cc(C(F)F)nn2-c2ccc(S(N)(=O)=O)cc2)cc1F,2.799999952316284,2.7331204414367676
lipo,gnn,scaffold,1,Cc1ccc(-c2cc(C(F)(F)F)nn2-c2ccc(S(N)(=O)=O)cc2)cc1,3.4200000762939453,3.120734691619873
lipo,gnn,scaffold,1,COCCNCc1ccc(CCNC[C@H](O)c2ccc(O)c3[nH]c(=O)sc23)cc1,-0.5400000214576721,-0.3658010959625244
lipo,gnn,scaffold,1,COCCNCc1cccc(CCNC[C@H](O)c2ccc(O)c3[nH]c(=O)sc23)c1,0.009999999776482582,-0.30770397186279297
lipo,gnn,scaffold,1,O=C1Nc2ccc(S(=O)(=O)N3CCC[C@H]3CNc3ccccc3)cc2C1=O,2.4000000953674316,2.7372679710388184
lipo,gnn,scaffold,1,COC[C@H](C)Oc1cc(O[C@@H](C)Cc2ccccc2)cc(C(=O)Nc2ccc(C(=O)O)cn2)c1,1.5,1.8548438549041748
lipo,gnn,scaffold,1,CNC(=O)c1ccccc1Sc1ccc2c(/C=C/c3ccccn3)n[nH]c2c1,3.799999952316284,3.341662883758545
lipo,gnn,scaffold,1,CS(=O)(=O)c1ccc([C@@H](CC2CCCC2)C(=O)Nc2cnc([C@H](O)CO)cn2)cc1Cl,2.5799999237060547,2.683385133743286
lipo,gnn,scaffold,1,O=C(Cc1c(C(=O)O)[nH]c2ccccc12)Nc1cccc(C(F)(F)F)c1,1.3300000429153442,1.059073805809021
lipo,gnn,scaffold,1,COc1cc(OC)c(S(=O)(=O)N2c3ccccc3Oc3ccccc32)cc1NC(=O)Cc1ccnc(F)c1,3.369999885559082,2.9101829528808594
lipo,gnn,scaffold,1,CCCCCCCN(CCc1ccc(OC(C)(C)C(=O)O)cc1)C(=O)Nc1ccc(F)cc1F,1.9299999475479126,2.674675464630127
lipo,gnn,scaffold,1,CS(=O)(=O)c1ccc([C@@H](C[C@H]2CCC(=O)C2)C(=O)Nc2cnccn2)cc1Cl,1.3899999856948853,1.6347095966339111
lipo,gnn,scaffold,1,O=C(Nc1cccc(CCO)c1)c1cc2cc(Cl)ccc2[nH]1,3.8299999237060547,3.8546996116638184
lipo,gnn,scaffold,1,O=C(Nc1ccc(CCO)cc1)c1cc2cc(Cl)ccc2[nH]1,3.8499999046325684,3.8556160926818848
lipo,gnn,scaffold,1,CN[C@@H](C)C(=O)N[C@H](C(=O)N[C@H]1CCCN(S(=O)(=O)Cc2ccccc2)C1)C(C)(C)C,0.7799999713897705,1.2214571237564087
lipo,gnn,scaffold,1,CC/C(=C(\c1ccccc1)c1ccc(/C=C/C(=O)O)cc1)c1ccccc1,3.890000104904175,3.467921257019043
lipo,gnn,scaffold,1,CCN(CC)CCOc1ccc(/C(=C(/Cl)c2ccccc2)c2ccccc2)cc1,4.090000152587891,4.075773239135742
lipo,gnn,scaffold,1,Cc1cc(O)nc(-n2nc(C)c(Oc3ccccc3O)c2C)n1,1.399999976158142,2.4376983642578125
lipo,gnn,scaffold,1,CC(C)N=c1cc2n(-c3ccc(Cl)cc3)c3ccccc3nc-2cc1Nc1ccc(Cl)cc1,3.1700000762939453,4.851700782775879
lipo,gnn,scaffold,1,Cc1nc(C(=O)[C@H](C)Oc2ccc(SCCCCCc3ccccc3)cc2)sc1CCCC(=O)O,2.0299999713897705,3.9134254455566406
lipo,gnn,scaffold,1,Cc1nc(C(=O)[C@@H](C)Oc2ccc(SCCCCCc3ccccc3)cc2)sc1CCCC(=O)O,3.5799999237060547,3.954085350036621
lipo,gnn,scaffold,1,CC1(C)[C@@H]2CC[C@@]1(CS(=O)(=O)NC1CCN(c3ccc(C(F)(F)F)cn3)CC1)C(=O)C2,3.8399999141693115,2.817584991455078
lipo,gnn,scaffold,1,CN(C)S(=O)(=O)c1ccc2c(C(=O)NC[C@@H](O)CN3CCC(Oc4ccc(Cl)c(Cl)c4)CC3)c[nH]c(=O)c2c1,3.130000114440918,3.1506752967834473
lipo,gnn,scaffold,1,Cc1cc(Cl)ccc1OC1CCN(C[C@H](O)CNC(=O)c2c[nH]c(=O)c3c(F)cccc23)CC1,3.0,2.9446702003479004
lipo,gnn,scaffold,1,Cc1c(Cl)ccc(OC2CCN(C[C@H](O)CNC(=O)c3c[nH]c(=O)c4cc(S(C)(=O)=O)ccc34)CC2)c1Cl,2.8299999237060547,2.7720096111297607
lipo,gnn,scaffold,1,O=C(NC[C@@H](O)CN1CCC(Oc2ccc(Cl)c(Cl)c2)CC1)c1c[nH]c(=O)c2c(F)cccc12,3.1500000953674316,3.096649646759033
lipo,gnn,scaffold,1,CS(=O)(=O)c1ccc2c(C(=O)NC[C@@H](O)CN3CCC(Oc4ccc(Cl)c(Cl)c4)CC3)c[nH]c(=O)c2c1,2.630000114440918,2.631880521774292
lipo,gnn,scaffold,1,CS(=O)(=O)c1ccc2c(C(=O)NC[C@@H](O)CN3CCC(Oc4ccc(C#N)c(Cl)c4)CC3)c[nH]c(=O)c2c1,1.409999966621399,1.5370721817016602
lipo,gnn,scaffold,1,N#Cc1ccc(OC2CCN(C[C@H](O)CNC(=O)c3c[nH]c(=O)c4ccccc34)CC2)cc1Cl,2.559999942779541,2.595454692840576
lipo,gnn,scaffold,1,CNS(=O)(=O)c1ccc2c(C(=O)NC[C@@H](O)CN3CCC(Oc4ccc(Cl)c(Cl)c4)CC3)c[nH]c(=O)c2c1,2.7699999809265137,2.7085139751434326
lipo,gnn,scaffold,1,O=C(NC[C@@H](O)CN1CCC(Oc2ccc(Cl)c(Cl)c2)CC1)c1c[nH]c(=O)c2ccccc12,3.4200000762939453,3.162320852279663
lipo,gnn,scaffold,1,O=C(NC[C@@H](O)CN1CCC(Oc2ccc(Cl)c(Cl)c2)CC1)c1c[nH]c(=O)c2cc(S(=O)(=O)NCCO)ccc12,2.059999942779541,2.8713366985321045
lipo,gnn,scaffold,1,O=C(NC[C@@H](O)CN1CCC(Oc2ccc(Cl)c(Cl)c2)CC1)c1c[nH]c(=O)c2ccc(F)cc12,3.930000066757202,3.2112812995910645
lipo,gnn,scaffold,1,Cc1cc(Cl)ccc1OC1CCN(C[C@H](O)CNC(=O)c2c[nH]c(=O)c3cc(S(C)(=O)=O)ccc23)CC1,2.4200000762939453,2.274416446685791
lipo,gnn,scaffold,1,NS(=O)(=O)c1ccc2c(C(=O)NC[C@@H](O)CN3CCC(Oc4ccc(Cl)c(Cl)c4)CC3)c[nH]c(=O)c2c1,2.1700000762939453,2.5154967308044434
lipo,gnn,scaffold,1,C[C@@H]1CN(c2c(F)c(N)c3c(=O)c(C(=O)O)cn(C4CC4)c3c2F)C[C@H](C)N1,-0.15000000596046448,0.24609756469726562
lipo,gnn,scaffold,1,COc1c(N2CCNC(C)C2)c(F)cc2c(=O)c(C(=O)O)cn(C3CC3)c12,-0.8199999928474426,-0.4961578845977783
lipo,gnn,scaffold,1,O=C(O)c1cn(C2CC2)c2cc(N3CCN(C(=O)CC[N+](=O)[O-])CC3)c(F)cc2c1=O,0.2199999988079071,-0.029146432876586914
lipo,gnn,scaffold,1,O=C(O)c1cn(C2CC2)c2cc(N3CCNCC3)c(F)cc2c1=O,-0.9599999785423279,-0.20460867881774902
lipo,gnn,scaffold,1,COc1cnc(-c2ccccn2)nc1N(C)C,1.899999976158142,1.83872652053833
lipo,gnn,scaffold,1,COc1cnc(-c2ccccn2)nc1NC(C)C,2.009999990463257,2.400289297103882
lipo,gnn,scaffold,1,O=C1CCOc2nc(/C=C/c3ccccc3)ccc21,3.200000047683716,2.7604870796203613
lipo,gnn,scaffold,1,COc1ccc(OC)c(-c2cccc3c(N)c(C(=O)NC4(C)CCC4)nnc23)c1,4.480000019073486,3.928985357284546
lipo,gnn,scaffold,1,OCCn1cc(-c2cnc3nnn(Cc4ccc5ncccc5c4)c3n2)cn1,1.7000000476837158,1.0292980670928955
lipo,gnn,scaffold,1,CCN1C(=O)NC(c2ccccc2)C1=O,1.0,2.1095054149627686
lipo,gnn,scaffold,1,CCC1(c2ccccc2)NC(=O)N(C)C1=O,1.590000033378601,1.2924559116363525
lipo,gnn,scaffold,1,O=c1[nH]n(C(c2ccccc2)c2ccncc2)c(=O)c2c(O)c3ccc(Cl)cc3nc12,1.100000023841858,1.217811107635498
lipo,gnn,scaffold,1,COc1ccccc1CN1C(=O)c2ccccc2C1C(=O)NC1CCC(C)CC1,3.740000009536743,3.843132495880127
lipo,gnn,scaffold,1,Cc1ncc(-c2ccnc(Nc3ccc(C(=O)NC4CC4)cc3)n2)n1C(C)C,3.059999942779541,3.049966812133789
lipo,gnn,scaffold,1,NC(=O)c1cccc(O[C@@H]2C[C@H]3CC[C@@H](C2)N3CCc2ccccc2)c1,2.0,1.7861491441726685
lipo,gnn,scaffold,1,O=c1nc(NCc2ccccc2)sn1Cc1ccccc1,3.009999990463257,3.321782112121582
lipo,gnn,scaffold,1,C[C@H](CO)Nc1nc(SCc2cccc(F)c2F)nc2nc(NC3CC3)sc12,4.369999885559082,3.815063714981079
lipo,gnn,scaffold,1,OCC(CO)Nc1nc(SCc2cccc(F)c2F)nc2nc(NC3CC3)sc12,3.109999895095825,3.469296932220459
lipo,gnn,scaffold,1,Nc1nc(OCc2nccs2)nc2c1ncn2[C@@H]1O[C@H](CF)[C@@H](O)[C@H]1O,0.4699999988079071,0.5116914510726929
lipo,gnn,scaffold,1,CC(=O)Nc1ccc(CNc2[nH]nc3ccnc(Oc4ccccc4)c23)cc1,3.0299999713897705,3.201045036315918
lipo,gnn,scaffold,1,CS(=O)(=O)c1ccccc1C(=O)NCC(O)CNC1CCN(Cc2ccc(Cl)c(Cl)c2)CC1,1.2100000381469727,1.7609789371490479
lipo,gnn,scaffold,1,CN[C@@H](C)C(=O)N[C@H](C(=O)N[C@H]1CCCN(CCc2ccc(F)cc2)C1)C(C)(C)C,3.119999885559082,1.5874648094177246
lipo,gnn,scaffold,1,CN[C@@H](C)C(=O)N[C@H](C(=O)N[C@H]1CCCN(CCc2ccccc2)C1)C(C)(C)C,1.4600000381469727,1.1920146942138672
lipo,gnn,scaffold,1,CN[C@@H](C)C(=O)N[C@H](C(=O)N[C@H]1CCCN(CCc2ccc(C(F)(F)F)cc2)C1)C(C)(C)C,2.8499999046325684,2.2870376110076904
lipo,gnn,scaffold,1,CN[C@@H](C)C(=O)N[C@H](C(=O)N[C@H]1CCCN(CCc2ccc(OC)cc2)C1)C(C)(C)C,1.4500000476837158,1.1067490577697754
lipo,gnn,scaffold,1,CN[C@@H](C)C(=O)N[C@H](C(=O)N[C@H]1CCCN(CCc2ccc(O)cc2)C1)C(C)(C)C,0.7699999809265137,0.5372154712677002
lipo,gnn,scaffold,1,CN[C@@H](C)C(=O)N[C@H](C(=O)N[C@H]1CCCN(CCc2ccc(Br)cc2)C1)C(C)(C)C,2.9200000762939453,2.1061949729919434
lipo,gnn,scaffold,1,CN[C@@H](C)C(=O)N[C@H](C(=O)N[C@H]1CCCN(CCc2ccc(C)cc2)C1)C(C)(C)C,2.049999952316284,1.6833409070968628
lipo,gnn,scaffold,1,CN[C@@H](C)C(=O)N[C@H](C(=O)N[C@H]1CCCN(CCc2ccc([N+](=O)[O-])cc2)C1)C(C)(C)C,1.5399999618530273,1.2651896476745605
lipo,gnn,scaffold,1,CN[C@@H](C)C(=O)N[C@H](C(=O)N[C@H]1CCCN(CCc2cccc(OC)c2)C1)C(C)(C)C,1.4700000286102295,1.0813316106796265
lipo,gnn,scaffold,1,CN[C@@H](C)C(=O)N[C@H](C(=O)N[C@H]1CCCN(CCc2ccccc2OC)C1)C(C)(C)C,1.6100000143051147,0.9496748447418213
lipo,gnn,scaffold,1,NC1(c2ccc(-c3ncc4cccn4c3-c3ccccc3)cc2)CCC1,2.5,2.6943490505218506
lipo,gnn,scaffold,1,Cc1ncc(-c2ccnc(Nc3ccc(S(=O)(=O)CC4CCCO4)cc3)n2)n1C(C)C,2.819999933242798,2.954862594604492
lipo,gnn,scaffold,1,COc1cc(N2CC[C@@H](N(C)C)C2)c2[nH]c(C(=O)Nc3ccc(N4CCOCC4)cc3)cc(=O)c2c1,2.700000047683716,2.3956151008605957
lipo,gnn,scaffold,1,COc1ccc(C(=O)NCCN2CCN(Cc3ccc(Cl)c(Cl)c3)CC2)cc1Cl,3.740000009536743,3.4666926860809326
lipo,gnn,scaffold,1,Cc1nc2nc(NC(=O)c3ccc(F)cc3)nn2c(O)c1Cc1ccccc1,2.200000047683716,1.872694969177246
lipo,gnn,scaffold,1,COC(=O)CCCC(=O)Nc1ccc2c(c1)-c1ccccc1C(=O)C2=O,2.9600000381469727,2.3648459911346436
lipo,gnn,scaffold,1,Nc1ccc2c(c1)C(=O)C(=O)c1ccccc1-2,2.2300000190734863,2.242715358734131
lipo,gnn,scaffold,1,COC(=O)CCC(=O)Nc1ccc2c(c1)-c1ccccc1C(=O)C2=O,2.7200000286102295,2.2371466159820557
lipo,gnn,scaffold,1,O=C1C(=O)c2ccccc2-c2ccccc21,2.5999999046325684,2.4019241333007812
lipo,gnn,scaffold,1,Nc1cccc2c1-c1ccccc1C(=O)C2=O,2.309999942779541,2.288991689682007
lipo,gnn,scaffold,1,COC(=O)CCCCCCC(=O)Nc1ccc2c(c1)-c1ccccc1C(=O)C2=O,2.5999999046325684,2.5667009353637695
lipo,gnn,scaffold,1,Nc1ccc2c(c1)-c1ccccc1C(=O)C2=O,2.390000104904175,2.2399590015411377
lipo,gnn,scaffold,1,Nc1ccc2c(c1)C(=O)C(=O)c1cc(N)ccc1-2,1.7200000286102295,2.1256518363952637
lipo,gnn,scaffold,1,CC(C)(C)C(=O)Nc1ccc2c(c1)C(=O)C(=O)c1ccccc1-2,2.8299999237060547,2.61641788482666
lipo,gnn,scaffold,1,CCCC(=O)Nc1ccc2c(c1)C(=O)C(=O)c1ccccc1-2,2.809999942779541,2.482847213745117
lipo,gnn,scaffold,1,O=C1C(=O)c2ccc([N+](=O)[O-])cc2-c2ccccc21,2.559999942779541,2.4889302253723145
lipo,gnn,scaffold,1,COC(=O)CCC(=O)Nc1ccc2c(c1)C(=O)C(=O)c1cc(NC(=O)CCC(=O)OC)ccc1-2,2.6700000762939453,2.059731960296631
lipo,gnn,scaffold,1,COC(=O)CCCCCCC(=O)Nc1ccc2c(c1)C(=O)C(=O)c1ccccc1-2,2.9000000953674316,2.5627551078796387
lipo,gnn,scaffold,1,O=C1C(=O)c2cc([N+](=O)[O-])ccc2-c2ccccc21,2.4200000762939453,2.4534783363342285
lipo,gnn,scaffold,1,Nc1cccc2c1C(=O)C(=O)c1ccccc1-2,2.950000047683716,2.301931381225586
lipo,gnn,scaffold,1,O=C1C(=O)c2cccc([N+](=O)[O-])c2-c2ccccc21,2.5999999046325684,2.012845516204834
lipo,gnn,scaffold,1,Nc1nc(Nc2cccc(Br)c2)c2nc[nH]c2n1,3.0399999618530273,2.48270583152771
lipo,gnn,scaffold,1,Nc1nc(Nc2ccc(F)c(Cl)c2)c2nc[nH]c2n1,2.75,2.507392168045044
lipo,gnn,scaffold,1,COc1ccc2c(c1)C(c1ccccc1)=NC(NC(=O)c1ccccc1OC)C(=O)N2,3.799999952316284,3.5519533157348633
lipo,gnn,scaffold,1,COC(=O)c1c(O)cccc1OC/C=C/c1ccc(F)c(-c2cc(C(=O)O)no2)c1,0.6600000262260437,1.6822105646133423
lipo,gnn,scaffold,1,N#Cc1nc(NC2CC3CCC2C3)c(N)c(N2CCOCC2)n1,3.5299999713897705,2.9710474014282227
lipo,gnn,scaffold,1,NC(=O)c1cccc(S[C@H]2C[C@H]3CC[C@@H](C2)N3Cc2ccccc2)c1,2.2200000286102295,2.078260660171509
lipo,gnn,scaffold,1,CCN(CC)c1ccc2cc(C(=O)O)c(=O)oc2c1,-0.20000000298023224,-0.23264145851135254
lipo,gnn,scaffold,1,CCN(CC)c1ccc2cc(C(C)=O)c(=O)oc2c1,2.0,2.560443878173828
lipo,gnn,scaffold,1,Cc1c(CCC(=O)O)c(=O)oc2cc(O)ccc12,-0.699999988079071,-0.09803581237792969
lipo,gnn,scaffold,1,Cc1c(CCC(=O)O)c(=O)oc2c(C)c(O)ccc12,-0.30000001192092896,0.6019243001937866
lipo,gnn,scaffold,1,CCOC(=O)c1cc2ccc(O)cc2oc1=O,1.2000000476837158,1.5429770946502686
lipo,gnn,scaffold,1,CCOc1ccc2ccc(=O)oc2c1,2.200000047683716,2.165163278579712
lipo,gnn,scaffold,1,CC(=O)c1cc2ccc(O)cc2oc1=O,0.8700000047683716,1.319185733795166
lipo,gnn,scaffold,1,Cc1nc(CSc2nc(N[C@H](C)CO)c3sc(N)nc3n2)cs1,1.7300000190734863,1.6692930459976196
lipo,gnn,scaffold,1,CC(C)(C)OC(=O)N1CCN(c2ccc(OCc3ccc(S(C)(=O)=O)cc3)nc2)CC1,3.0999999046325684,3.242208957672119
lipo,gnn,scaffold,1,O=c1[nH]c2c(O)ccc([C@@H](O)CNCCSCCCNCCc3ccccc3)c2s1,0.11999999731779099,0.6153548955917358
lipo,gnn,scaffold,1,O=c1[nH]c2c(O)ccc([C@@H](O)CNCCSCCCNCCc3cccc(C(F)(F)F)c3)c2s1,1.2100000381469727,1.5218605995178223
lipo,gnn,scaffold,1,O=c1[nH]c2c(O)ccc([C@@H](O)CNCCSCCCNCCc3cccc(Cl)c3Cl)c2s1,2.200000047683716,1.9003037214279175
lipo,gnn,scaffold,1,O=c1[nH]c2c(O)ccc([C@@H](O)CNCCSCCCNCCc3cccc(Cl)c3)c2s1,0.9800000190734863,1.393487572669983
lipo,gnn,scaffold,1,CCc1ccc(CCNCCCSCCNC[C@H](O)c2ccc(O)c3[nH]c(=O)sc23)cc1,0.8600000143051147,1.399360179901123
lipo,gnn,scaffold,1,CCOc1ccc(CCNCCCSCCNC[C@H](O)c2ccc(O)c3[nH]c(=O)sc23)cc1,0.4099999964237213,0.8375577926635742
lipo,gnn,scaffold,1,COc1cc(C)c(S(=O)(=O)N(C)CCOCC(=O)N2CCN(C3CCN(C)CC3)CC2)c(C)c1,-0.4000000059604645,-0.030863523483276367
lipo,gnn,scaffold,1,COc1cc2ncnc(Nc3cc4ccccc4cn3)c2cc1OC,3.9000000953674316,3.29136061668396
lipo,gnn,scaffold,1,O=c1[nH]c2c(O)ccc([C@@H](O)CNCCc3cccc(-c4cccc(CNCc5ccccc5)c4)c3)c2s1,2.319999933242798,2.2996392250061035
lipo,gnn,scaffold,1,Cn1cnc(-c2ccccc2)c1-c1cc2c(N)ncnc2s1,2.940000057220459,2.8734934329986572
lipo,gnn,scaffold,1,CNC(=O)c1ccc(C)c(-n2c(C)cc(OCc3ccc(F)cc3F)c(Br)c2=O)c1,2.799999952316284,2.8687188625335693
lipo,gnn,scaffold,1,CC(C)C(NC(=O)Cn1c(-c2ccccc2)ccc(NC(=O)OCc2ccccn2)c1=O)C(=O)C(F)(F)F,1.909999966621399,2.335071563720703
lipo,gnn,scaffold,1,COc1c(C)cnc(Cn2cnc3c(Cl)nc(N)nc32)c1C,1.6699999570846558,1.8133553266525269
lipo,gnn,scaffold,1,CCOC(=O)c1ccc(OCCC2CN(c3ccc(C)nn3)CCO2)cc1,2.700000047683716,2.9689502716064453
lipo,gnn,scaffold,1,Oc1nc(-c2ccccc2)nc2ccccc12,2.4600000381469727,3.051011562347412
lipo,gnn,scaffold,1,CC1(c2nc(N3CCOCC3)ncc2C(=O)N[C@H]2C3CC4CC2C[C@](O)(C4)C3)CC1,2.0,2.9986090660095215
lipo,gnn,scaffold,1,N=C(N)Nc1ccc(C(=O)Oc2ccccc2)cc1,-0.20999999344348907,0.7116619348526001
lipo,gnn,scaffold,1,N=C(N)Nc1ccc(C(=O)Oc2ccc([N+](=O)[O-])cc2)cc1,0.5,0.8781857490539551
lipo,gnn,scaffold,1,N=C(N)Nc1ccc(C(=O)Oc2ccc(Cl)cc2)cc1,0.699999988079071,1.4075331687927246
lipo,gnn,scaffold,1,Cc1ccc(NC(=O)c2ccnc(N3CCOCC3)c2)cc1Nc1ccnc(OCC2CCCN(C)C2)n1,1.899999976158142,2.073981285095215
lipo,gnn,scaffold,1,Cn1c(=O)c2c(ncn2CC(O)CO)n(C)c1=O,-1.25,-1.0759336948394775
lipo,gnn,scaffold,1,CC(=O)CCCCn1c(=O)c2c(ncn2C)n(C)c1=O,0.2199999988079071,0.2530304193496704
lipo,gnn,scaffold,1,Cn1c(=O)c2[nH]cnc2n(C)c1=O,-0.09000000357627869,0.008187532424926758
lipo,gnn,scaffold,1,Cn1c(=O)c2c(ncn2C)n(C)c1=O,-0.029999999329447746,0.07972359657287598
lipo,gnn,scaffold,1,N#Cc1ccc(CN2CCN(c3ccc4nnc(C(F)(F)F)n4n3)CC2)cc1,2.9000000953674316,2.844491958618164
lipo,gnn,scaffold,1,Fc1ccc(CN2CCN(c3ccc4nnc(C(F)(F)F)n4n3)CC2)cc1,3.4600000381469727,3.269362449645996
lipo,gnn,scaffold,1,Fc1cccc(CN2CCN(c3ccc4nnc(C(F)(F)F)n4n3)CC2)c1F,3.5999999046325684,3.308201313018799
lipo,gnn,scaffold,1,c1ccc2nc(C3=NCCN3)ccc2c1,0.6000000238418579,0.8156601190567017
lipo,gnn,scaffold,1,Cc1cn([C@H]2CCCN([C@H](CC3CCCCC3)c3ccc(C(=O)O)c(Oc4cccc(Cl)c4)c3)C2)c(=O)[nH]c1=O,1.8300000429153442,1.311392068862915
lipo,gnn,scaffold,1,COC[C@@H](O)Cn1c(=O)cnn(-c2ccc(Cl)c(C(=O)NCC3(O)CCCCCC3)c2)c1=O,1.440000057220459,0.584091067314148
lipo,gnn,scaffold,1,O=C(NCC1(O)CCCCCC1)c1cc(-n2ncc(=O)[nH]c2=O)ccc1Cl,0.25999999046325684,0.5101029872894287
lipo,gnn,scaffold,1,COC[C@H](O)Cn1c(=O)cnn(-c2ccc(Cl)c(C(=O)NCC3(O)CCCCCC3)c2)c1=O,1.4600000381469727,0.4120131731033325
lipo,gnn,scaffold,1,COc1cc(Nc2cc(Nc3c(Cl)ccc4c3OCO4)ncn2)cc(OC)c1OC,3.069999933242798,2.919684648513794
lipo,gnn,scaffold,1,Cc1ccc(F)cc1S(=O)(=O)N[C@@H]1CCN(Cc2ccc(-c3ccccc3)cc2)C1,4.0,3.275541305541992
lipo,gnn,scaffold,1,COc1ccc(-c2nc3n(c2Br)CCC3)cc1,3.299999952316284,2.6354966163635254
lipo,gnn,scaffold,1,O=C(NO)[C@@H](Cc1ccc2ccccc2c1)NS(=O)(=O)c1ccc2ccccc2c1,3.2300000190734863,3.4465527534484863
lipo,gnn,scaffold,1,O=C(Nc1ccc(Cl)c(Cl)c1)N1CCN(C[C@@H]2CCCN(Cc3ccccc3)C2)CC1,4.260000228881836,3.510629892349243
lipo,gnn,scaffold,1,NC(=O)c1cccc(O[C@@H]2C[C@H]3CC[C@@H](C2)N3CC2CC2)c1,0.07000000029802322,0.890155553817749
lipo,gnn,scaffold,1,CCCSc1nc(N2CCOCC2)ccc1C(=O)N[C@H]1C2CC3CC1C[C@](O)(C3)C2,3.200000047683716,3.310417652130127
lipo,gnn,scaffold,1,O=C(NC1CCCCC1)N1CCN(c2ccccc2Cl)CC1,3.7799999713897705,3.5747365951538086
lipo,gnn,scaffold,1,COc1ccc2ncc(C#N)c(CCN3CCC(NCc4cc5c(cn4)OCS5)CC3)c2c1,2.549999952316284,2.4094653129577637
lipo,gnn,scaffold,1,CSc1ncccc1C(=O)Nc1nccs1,1.4299999475479126,2.1267833709716797
lipo,gnn,scaffold,1,O=C(Nc1nccs1)c1cccnc1,2.25,1.6828489303588867
lipo,gnn,scaffold,1,CCCCC1C(=O)N(c2ccccc2)N(c2ccccc2)C1=O,0.44999998807907104,3.3650922775268555
lipo,gnn,scaffold,1,CN(C)C(=O)[C@H](Cc1ccccc1)NC(=O)c1cc2cc(F)ccc2[nH]1,3.5,3.24975323677063
lipo,gnn,scaffold,1,CN(C)C(=O)[C@H](O)[C@H](Cc1ccccc1)NC(=O)c1cc2cc(Cl)ccc2[nH]1,3.5999999046325684,3.360731601715088
lipo,gnn,scaffold,1,CN(C)C(=O)[C@H](Cc1ccccc1)NC(=O)c1cc2ccccc2[nH]1,3.4000000953674316,3.259399175643921
lipo,gnn,scaffold,1,CCC(c1nc2ccoc2c(=O)n1Cc1ccccc1)N(CCCN)C(=O)c1ccc(C)cc1,1.3700000047683716,1.5766561031341553
lipo,gnn,scaffold,1,Oc1cc(-c2ccccc2)nc2ncnn12,-0.20999999344348907,0.887029767036438
lipo,gnn,scaffold,1,Cn1c(=O)c2c(-c3oc(S(C)(=O)=O)cc3Cl)n(Cc3ccnc4ccc(Cl)cc34)nc2n(CC2CC2)c1=O,3.9700000286102295,3.4144349098205566
lipo,gnn,scaffold,1,Cn1c(=O)c2c(-c3ccc(S(C)(=O)=O)o3)n(Cc3ccnc4ccc(Cl)cc34)nc2n(CC2CC2)c1=O,2.7100000381469727,3.3541417121887207
lipo,gnn,scaffold,1,Cc1cc(C#N)oc1-c1c2c(=O)n(C)c(=O)n(CC3CC3)c2nn1Cc1ccnc2ccc(Cl)cc12,4.340000152587891,3.9066579341888428
lipo,gnn,scaffold,1,O=c1[nH]cnc2[nH]ncc12,-0.41999998688697815,0.4585568904876709
lipo,gnn,scaffold,1,COc1ccc(C(=O)N2CCCC2=O)cc1,0.9300000071525574,1.0255378484725952
lipo,gnn,scaffold,1,C[C@H]1O[C@@H](n2cnc3c(N)nc(OC4CC5CC5C4)nc32)[C@H](O)[C@@H]1O,1.659999966621399,1.7740085124969482
lipo,gnn,scaffold,1,C[C@H]1O[C@@H](n2cnc3c(N)nc(OCC4CC(F)(F)C4(F)F)nc32)[C@H](O)[C@@H]1O,1.4199999570846558,1.9615731239318848
lipo,gnn,scaffold,1,CC#Cc1ccnc(-c2cc(C3(C4CC4)N=C(C)C(N)=N3)ccc2O)c1,3.5999999046325684,2.9895670413970947
lipo,gnn,scaffold,1,S=C(NC1CCCCC1)N1CCC(c2cnc[nH]2)CC1,2.299999952316284,2.066999912261963
lipo,gnn,scaffold,1,Fc1cc(F)cc(-c2cc(N(CCCN3CCCCCC3)Cc3ccc4c(c3)OCO4)on2)c1,3.8399999141693115,3.4394376277923584
lipo,gnn,scaffold,1,Cn1c(-c2ccccc2)cc2onc(-c3ccncc3)c2c1=O,3.1700000762939453,2.8909945487976074
lipo,gnn,scaffold,1,CO[C@H]1CN(CCn2c(=O)ccc3ccc(C#N)cc32)CC[C@H]1NCc1cc2c(cn1)OCCO2,0.6299999952316284,1.3319296836853027
lipo,gnn,scaffold,1,COc1ccc2ccc(=O)n(CCN3CCC(NCc4cc5c(cn4)OCCO5)CC3)c2c1,1.309999942779541,1.3748538494110107
lipo,gnn,scaffold,1,N#Cc1ccc2ccc(=O)n(CCN3CC[C@@H](NCc4cc5c(cn4)OCCO5)[C@@H](O)C3)c2c1,0.44999998807907104,0.9915952682495117
lipo,gnn,scaffold,1,COc1ccc2c(C)cc(=O)n(CCN3CCC(NCc4cc5c(cn4)OCCO5)CC3)c2c1,1.7200000286102295,1.6223053932189941
lipo,gnn,scaffold,1,CO[C@H]1CN(CCn2c(=O)ccc3ccc(C#N)cc32)CC[C@@H]1NCc1cc2c(cn1)OCCO2,1.0499999523162842,1.3730332851409912
lipo,gnn,scaffold,1,N#Cc1ccc2ccc(=O)n(CCN3CC[C@H](NCc4cc5c(cn4)OCCO5)[C@H](O)C3)c2c1,0.46000000834465027,0.9436578750610352
lipo,gnn,scaffold,1,CCCC(C)(COC(N)=O)COC(=O)NC(C)C,2.009999990463257,1.810815691947937
lipo,gnn,scaffold,1,CCC(CO)NCCNC(CC)CO,-1.4199999570846558,-1.109715223312378
lipo,gnn,scaffold,1,CCCC[C@@H](C=O)NC(=O)[C@H](CC(C)C)NC(=O)[C@H](CC(C)C)NC(C)=O,2.5999999046325684,2.63490629196167
lipo,gnn,scaffold,1,CC(N)(COP(=O)(O)O)C(=O)O,2.5,-5.36419677734375
lipo,gnn,scaffold,1,CCCCC(CC)COC(=O)CC(C(=O)OCC(CC)CCCC)S(=O)(=O)O,2.930000066757202,2.52774715423584
lipo,gnn,scaffold,1,N[C@@H]1CCCN(c2c(Cl)cccc2/C=C2\SC(=O)NC2=O)C1,1.9700000286102295,1.698425054550171
lipo,gnn,scaffold,1,CCOc1cccc(/C=C2\SC(=O)NC2=O)c1N1CCC[C@@H](N)C1,1.8600000143051147,1.514033317565918
lipo,gnn,scaffold,1,COc1cccc(/C=C2\SC(=O)NC2=O)c1N1CCC[C@@H](N)C1,1.2699999809265137,1.2950265407562256
lipo,gnn,scaffold,1,Nc1nc(O)c2ncn(COCCO)c2n1,-1.4199999570846558,-0.5590498447418213
lipo,gnn,scaffold,1,N#Cc1c(-c2ccccc2)nc(SCCc2ccccc2)[nH]c1=O,1.7100000381469727,2.2546586990356445
lipo,gnn,scaffold,1,CNc1ccc2ncc(-c3cccc(O)c3)n2n1,2.990000009536743,3.013841152191162
lipo,gnn,scaffold,1,Cc1ccc(N2CC(COc3ccc(-c4noc(C)n4)cc3)C2)nn1,2.619999885559082,2.984158515930176
lipo,gnn,scaffold,1,CS(=O)(=O)c1cccc(Nc2nccc(Nc3cccc4c3OCC4)n2)c1,3.0,3.360325336456299
lipo,gnn,scaffold,1,NC1(c2ccc(-c3nc4ccn5c(=O)[nH]nc5c4cc3-c3ccccc3)cc2)CCC1,2.5,2.568047523498535
lipo,gnn,scaffold,1,Cn1cnc2cc(C#Cc3ccccc3)cnc21,3.5,3.1776351928710938
lipo,gnn,scaffold,1,CCNC(=O)Nc1nc2cc(-c3cccnc3)ccc2[nH]1,2.3399999141693115,2.8012351989746094
lipo,gnn,scaffold,1,NC(=O)NC(=O)C(Nc1ccc2c(c1)CCC2)c1ccccc1,3.299999952316284,3.1070947647094727
lipo,gnn,scaffold,1,Cc1c(F)cc(C(=O)NC2CC2)cc1-c1ccc(C(=O)NCC(C)(C)C)cn1,3.5,3.0837554931640625
lipo,gnn,scaffold,1,Cc1ccc2c(n1)c(Sc1ccc(Cl)cc1)c(C)n2CC(=O)O,0.3499999940395355,1.0390082597732544
lipo,gnn,scaffold,1,O=S(=O)(NCC(c1ccccc1)N1CCCCCC1)c1ccc(Br)s1,3.5199999809265137,3.348160743713379
lipo,gnn,scaffold,1,Cc1ccc(S(=O)(=O)Nc2c(C(=O)N[C@@H](C)C(C)(C)C)c(C)nn2C2CCOCC2)cc1,0.5,0.845470666885376
lipo,gnn,scaffold,1,FC(F)c1nc2ccccc2n1-c1nc(N2CCOCC2)nc(N2CCOCC2)n1,3.0399999618530273,2.724895477294922
lipo,gnn,scaffold,1,Cc1nccc(-c2ccc(-c3nc4ccncc4c(O)c3C#N)cc2)c1Cl,2.0,2.6443634033203125
lipo,gnn,scaffold,1,Cc1cc(-c2ccc(-c3nc4ccncc4c(O)c3C#N)cc2)ccn1,1.600000023841858,2.3813793659210205
lipo,gnn,scaffold,1,C[C@@H]1C2CCCC1(c1cccc(O)c1)CCN2C,0.5199999809265137,1.8338470458984375
lipo,gnn,scaffold,1,NC(=O)Nc1cc(-c2cccc(O)c2)sc1C(N)=O,2.2100000381469727,2.083310604095459
lipo,gnn,scaffold,1,NC(=O)c1sc(-c2ccccc2)cc1N,2.3299999237060547,2.8356001377105713
lipo,gnn,scaffold,1,CN(CCO)Cc1ccc(-c2cc(C(N)=O)c(NC(N)=O)s2)cc1,0.9700000286102295,1.5806471109390259
lipo,gnn,scaffold,1,CNC(=O)c1cc(-c2ccccc2)sc1NC(N)=O,3.190000057220459,2.7553579807281494
lipo,gnn,scaffold,1,NC(=O)c1sc(-c2ccc(Cl)cc2)cc1N,3.299999952316284,3.054654836654663
lipo,gnn,scaffold,1,NC(=O)Nc1sc(-c2ccccc2)cc1C(N)=O,2.4200000762939453,2.5727102756500244
lipo,gnn,scaffold,1,COCCOCCOc1ccc(-c2cc(C(N)=O)c(NC(N)=O)s2)cc1,2.2100000381469727,2.208118200302124
lipo,gnn,scaffold,1,CNC(=O)Nc1cc(-c2ccccc2)sc1C(N)=O,2.7100000381469727,2.6800155639648438
lipo,gnn,scaffold,1,NC(=O)c1cc(-c2ccccc2)sc1N,2.700000047683716,2.74531888961792
lipo,gnn,scaffold,1,CN(C)CCOc1ccc(-c2cc(C(N)=O)c(NC(N)=O)s2)cc1,1.159999966621399,1.8225822448730469
lipo,gnn,scaffold,1,CN(C)CCCOc1ccc(-c2cc(C(N)=O)c(NC(N)=O)s2)cc1,0.6399999856948853,1.597379446029663
lipo,gnn,scaffold,1,NC(=O)Nc1cc(-c2ccccc2)sc1C(N)=O,2.430000066757202,2.558804512023926
lipo,gnn,scaffold,1,COCCOc1ccc(-c2cc(C(N)=O)c(NC(N)=O)s2)cc1,2.3399999141693115,2.2919013500213623
lipo,gnn,scaffold,1,COCCNCc1ccc(-c2cc(C(N)=O)c(NC(N)=O)s2)cc1,0.8700000047683716,1.3038829565048218
lipo,gnn,scaffold,1,OCCOCCN1CCN(C(c2ccccc2)c2ccc(Cl)cc2)CC1,3.0799999237060547,2.8393077850341797
lipo,gnn,scaffold,1,Clc1ccc(C(c2ccccc2)N2CCNCC2)cc1,1.940000057220459,2.1986207962036133
lipo,gnn,scaffold,1,O=C(O)COCCN1CCN(C(c2ccccc2)c2ccc(Cl)cc2)CC1,1.2699999809265137,-0.054686546325683594
lipo,gnn,scaffold,1,Cc1c(S(=O)(=O)c2ccc(Cl)cc2)c2c(NS(C)(=O)=O)cccc2n1CC(=O)O,-0.8299999833106995,-1.0036976337432861
lipo,gnn,scaffold,1,Cc1c(S(=O)(=O)c2ccc(Cl)cc2)c2cc(F)ccc2n1CC(=O)O,-0.1599999964237213,0.28214848041534424
lipo,gnn,scaffold,1,Cc1ccc2c(c1)c(S(=O)(=O)c1ccc(Cl)cc1)c(C)n2CC(=O)O,0.05999999865889549,0.31419217586517334
lipo,gnn,scaffold,1,COc1cccc(S(=O)(=O)c2c(C)n(CC(=O)O)c3ccc(C)cc23)c1,-0.41999998688697815,-0.1829845905303955
lipo,gnn,scaffold,1,CC(=O)Nc1cccc2c1c(S(=O)(=O)c1ccc(Cl)cc1)c(C)n2CC(=O)O,0.4000000059604645,-0.7888815402984619
lipo,gnn,scaffold,1,CC(=O)c1ccc(S(=O)(=O)NC(=O)NC2CCCCC2)cc1,-0.49000000953674316,0.21958601474761963
lipo,gnn,scaffold,1,O=C(O)c1ccc2c(c1)nc(Nc1cccc(Cl)c1)c1ccncc12,1.2899999618530273,1.5195214748382568
lipo,gnn,scaffold,1,Cc1nn(C)c2cc(N3CCN(C(=O)[C@@H]4CCCC[C@H]4C(=O)NC4(C#N)CC4)[C@H](C)C3)ccc12,2.700000047683716,2.5997564792633057
lipo,gnn,scaffold,1,Cc1ccc2nc(CCNCCCO)ccc2c1NC(=O)CC12CC3CC(CC(C3)C1)C2,1.1799999475479126,1.8379262685775757
lipo,gnn,scaffold,1,O=C(CC12CC3CC(CC(C3)C1)C2)Nc1cccc2ncccc12,3.8299999237060547,3.7361621856689453
lipo,gnn,scaffold,1,O=C(CC12CC3CC(CC(C3)C1)C2)Nc1cccc2nc(NCCNCCO)ccc12,1.7899999618530273,2.578932046890259
lipo,gnn,scaffold,1,Cc1csc(NC(=O)c2cc(Sc3nncn3C)ccc2N)n1,2.299999952316284,2.476759672164917
lipo,gnn,scaffold,1,Cc1c(Sc2ccc(Cl)cc2)c2c(Cl)nccc2n1CC(=O)O,0.9200000166893005,0.8318191766738892
lipo,gnn,scaffold,1,COc1cc(-c2nn[nH]n2)ccc1Cn1ccc2ccc(NC(=O)OC3CCCC3)cc21,2.700000047683716,2.3192152976989746
lipo,gnn,scaffold,1,Cc1nc(C)c(-c2ccc3c(c2)CC[C@]32CC[C@@H](c3nnn[nH]3)CC2)nc1C(N)=O,1.399999976158142,2.0588221549987793
lipo,gnn,scaffold,1,COc1cc2c(Nc3ccc(Cl)cc3F)ncnc2cc1OCCn1cncn1,3.200000047683716,2.9336838722229004
lipo,gnn,scaffold,1,NC(=O)c1cnc2[nH]c(-c3ccc(OCCN4CCCCC4)cc3)nc2c1NCCCNC(=O)C1CCC1,2.4800000190734863,2.2260098457336426
lipo,gnn,scaffold,1,CC(=O)Nc1ccc(CNc2[nH]nc3cccc(Oc4ccc(F)cc4)c23)cc1,4.28000020980835,3.568298816680908
lipo,gnn,scaffold,1,COc1ccc(OC)c(CNc2[nH]nc3cccc(Oc4ccc(S(C)(=O)=O)cc4)c23)c1,3.7100000381469727,3.4183058738708496
lipo,gnn,scaffold,1,CC(=O)Nc1ccc(CNc2[nH]nc3cccc(Oc4ccc(S(C)(=O)=O)cc4)c23)cc1,2.630000114440918,2.8121161460876465
lipo,gnn,scaffold,1,Cc1nc(-c2ccccc2)c(-c2ccc(CN3CCC(n4c(=O)[nH]c5ccccc54)CC3)cc2)[nH]c1=O,3.9000000953674316,3.372931480407715
lipo,gnn,scaffold,1,O=C(NCC12CC3CC(CC(C3)C1)C2)c1cc(CN2CCNCC2)ccc1Cl,1.840000033378601,2.2453343868255615
lipo,gnn,scaffold,1,NC(=O)c1c(OCc2c(F)cc(Br)cc2F)nsc1NC(=O)NCCCCN1CCCC1,2.5,2.2408859729766846
lipo,gnn,scaffold,1,NS(=O)(=O)c1cc(C(=O)O)cc(N2CCCC2)c1Oc1ccccc1,-0.9399999976158142,-0.22881388664245605
lipo,gnn,scaffold,1,CC(C)(C)Cn1c(CN2C(=O)CC3(CCNCC3)C2=O)cc2cnc(C#N)nc21,0.75,0.10587859153747559
lipo,gnn,scaffold,1,CCc1cccc(CC)c1NC(=O)N1Cc2[nH]nc(NC(=O)c3ccc(N4CCN(C)CC4)cc3)c2C1,3.309999942779541,2.9660215377807617
lipo,gnn,scaffold,1,COc1cc(OC)c(S(=O)(=O)N2c3ccccc3CCC2C)cc1NC(=O)CSc1ccncc1,2.819999933242798,3.06740665435791
lipo,gnn,scaffold,1,O=C1Nc2ccccc2C1(O)c1ccccc1,1.7100000381469727,2.4061574935913086
lipo,gnn,scaffold,1,CCN(CC)CCN1C(=O)[C@@](O)(c2ccccc2Cl)c2c1cc(C(N)=O)cc2C(F)(F)F,2.4000000953674316,1.7883738279342651
lipo,gnn,scaffold,1,CC(C)(F)C[C@H](N[C@@H](c1ccc(-c2ccc(S(C)(=O)=O)cc2)cc1)C(F)(F)F)C(=O)NC1(C#N)CC1,2.9000000953674316,3.083038806915283
lipo,gnn,scaffold,1,C[C@H](NC(=O)c1cccc2c1N(Cc1ccc(Cl)cc1)CC2)c1ccc(C(=O)O)cc1,1.4700000286102295,2.350281000137329
lipo,gnn,scaffold,1,C[C@H](CO)Nc1nc(SCc2ccco2)nc2[nH]c(=O)sc12,2.2100000381469727,2.2014527320861816
lipo,gnn,scaffold,1,C1CCC(NC2CCCCC2)CC1,-0.3799999952316284,2.446488618850708
lipo,gnn,scaffold,1,CCN(CC)C(=O)c1ccc(C(=C2CCNCC2)c2ccc(Cl)c(Cl)c2)cc1,2.4000000953674316,2.2539095878601074
lipo,gnn,scaffold,1,CCN(CC)C(=O)c1ccc(C(=C2CCNCC2)c2ccccc2)cc1,1.2000000476837158,1.232522964477539
lipo,gnn,scaffold,1,CCN(CC)C(=O)c1ccc(C(=C2CCNCC2)c2ccccc2OC)cc1,1.0,1.0417426824569702
lipo,gnn,scaffold,1,CCN(CC)C(=O)c1ccc(C(=C2CCNCC2)c2cccc(C(F)(F)F)c2)cc1,1.899999976158142,1.949593186378479
lipo,gnn,scaffold,1,COc1cc(N2CC3CN(CCO)CC(C2)O3)ccc1Nc1ncc(Cl)c(-c2cnc3ccccn23)n1,2.5,3.2065529823303223
lipo,gnn,scaffold,1,COc1cc(N2CC3CNCC(C2)O3)ccc1Nc1ncc(Cl)c(-c2cnc3ccccn23)n1,2.299999952316284,2.3235597610473633
lipo,gnn,scaffold,1,N=C(N)NCCC[C@H](NC(=O)COCC(c1ccccc1)c1ccccc1)C(=O)O,0.18000000715255737,-1.5041797161102295
lipo,gnn,scaffold,1,Cc1ccccc1C(OCCN(C)C)c1ccccc1,1.4700000286102295,1.9663275480270386
lipo,gnn,scaffold,1,NC(=O)C[S+]([O-])C(c1ccccc1)c1ccccc1,1.1200000047683716,1.4289424419403076
lipo,gnn,scaffold,1,Oc1ccc(C(c2ccc(O)cc2)C(Cl)(Cl)Cl)cc1,3.859999895095825,4.103906154632568
lipo,gnn,scaffold,1,CN(C)CCOc1ccccc1Cc1ccccc1,2.5299999713897705,2.909379005432129
lipo,gnn,scaffold,1,NCC(O)(c1ccccc1)c1ccccc1,0.8999999761581421,1.1400792598724365
lipo,gnn,scaffold,1,NCC(O)(c1ccc(Cl)cc1)c1ccc(Cl)cc1,2.690000057220459,2.702132225036621
lipo,gnn,scaffold,1,N#Cc1cccc(NCC(=O)Nc2c(Cl)ccc3nc(N4CC[C@@H](O)C4)ccc23)c1,2.390000104904175,2.7506906986236572
lipo,gnn,scaffold,1,COc1cccc(-c2c[nH]c(-c3ccccc3)n2)c1,3.799999952316284,3.2583513259887695
lipo,gnn,scaffold,1,c1ccc(-c2c[nH]c(-c3ccccc3)n2)cc1,3.799999952316284,3.401684284210205
lipo,gnn,scaffold,1,C[C@@H]1CN(c2ncc(F)cn2)CCN1c1ncc(OCc2ccncc2C#N)cn1,3.4000000953674316,2.9239859580993652
lipo,gnn,scaffold,1,Cc1ccc(S(=O)(=O)c2ccccc2)cc1,2.740000009536743,3.212500810623169
lipo,gnn,scaffold,1,CC(O)(C(=O)Nc1ccc(S(=O)(=O)c2ccc(F)cc2)cc1)C(F)(F)F,3.119999885559082,3.3245785236358643
lipo,gnn,scaffold,1,CC(O)(C(=O)Nc1ccc(S(=O)(=O)c2ccc(O)cc2)cc1)C(F)(F)F,2.7799999713897705,2.9936580657958984
lipo,gnn,scaffold,1,Nc1ccc(S(=O)(=O)c2ccc(N)cc2)cc1,0.8799999952316284,1.0014288425445557
lipo,gnn,scaffold,1,CC(O)(C(=O)Nc1ccc(S(=O)(=O)c2ccccc2)cc1)C(F)(F)F,2.9800000190734863,3.2715282440185547
lipo,gnn,scaffold,1,Nc1ncnc2c1nc(Sc1nc3cccc(Cl)c3s1)n2CCO,2.369999885559082,3.2744174003601074
lipo,gnn,scaffold,1,CC(=O)OCCn1c(Sc2nc3cccc(Cl)c3s2)nc2c(N)ncnc21,3.1600000858306885,3.267507553100586
lipo,gnn,scaffold,1,Cc1ccc(NC(=O)c2cccc(N3CCOCC3)c2)cc1-n1cnc2ccc(N3CCN(C)CC3)cc2c1=O,2.690000057220459,2.4558823108673096
lipo,gnn,scaffold,1,COc1cccc([C@H](O)C2CCN(CCc3ccc(F)cc3)CC2)c1OC,1.7000000476837158,2.2756333351135254
lipo,gnn,scaffold,1,CCOC(=O)c1ccc(OCCC2CN(c3ccc(C)nn3)C2)cc1,3.2200000286102295,3.4465508460998535
lipo,gnn,scaffold,1,Cc1ccc(S(=O)(=O)Nc2c(C(=O)N[C@@H](C)C(C)(C)C)c(C)nn2C2CCCCC2)cc1,1.9700000286102295,2.0619359016418457
lipo,gnn,scaffold,1,COc1cc2ncnc(N3CC[C@@H](Oc4cnc5ccccc5n4)C3)c2cc1OC,4.039999961853027,3.4889488220214844
lipo,gnn,scaffold,1,CN(C)C(=O)C(CCN1CCC(O)(c2ccc(Cl)cc2)CC1)(c1ccccc1)c1ccccc1,3.4700000286102295,3.2970242500305176
lipo,gnn,scaffold,1,c1ccc2[nH]c(-c3cscn3)nc2c1,2.3499999046325684,2.772758960723877
lipo,gnn,scaffold,1,COC(=O)[C@H](c1ccccc1Cl)N1CCc2sccc2C1,3.690000057220459,3.3397884368896484
lipo,gnn,scaffold,1,Clc1ccccc1CN1CCc2sccc2C1,3.4600000381469727,3.4885611534118652
lipo,gnn,scaffold,1,O=S(=O)(Cc1cc(Cl)cc(Cl)c1)NCC(c1ccccc1)N1CCCCCC1,3.2300000190734863,3.1503007411956787
lipo,gnn,scaffold,1,O=S(=O)(Cc1ccccc1)NCC(c1ccccc1)N1CCCCCC1,2.8299999237060547,2.5772690773010254
lipo,gnn,scaffold,1,NC(=O)c1cccnc1Oc1ccccc1,1.1299999952316284,1.5985164642333984
lipo,gnn,scaffold,1,CC(C)N1CCN[C@@H](CN2CCN(C(=O)Nc3ccc(Cl)c(Cl)c3)CC2)C1,1.9199999570846558,2.0377137660980225
lipo,gnn,scaffold,1,CC(=O)NCc1ccc(CN2CCN(c3ccccc3)CC2)cc1,1.7799999713897705,2.6403589248657227
lipo,gnn,scaffold,1,CC(=O)NCc1ccc(CN2CCN(c3ccc(F)cc3F)CC2)cc1,2.5,2.864471197128296
lipo,gnn,scaffold,1,Fc1ccc(CN2CCN(C3=Nn4c(nnc4C(F)(F)F)CC3)CC2)cc1,2.799999952316284,1.7993381023406982
lipo,gnn,scaffold,1,O=c1[nH]n(Cc2ccncc2)c(=O)c2c(=O)c3ccc(Cl)cc3[nH]c12,-0.1599999964237213,0.7075372934341431
lipo,gnn,scaffold,1,CCC(c1ccncc1)n1[nH]c(=O)c2[nH]c3cc(Cl)ccc3c(=O)c2c1=O,0.6000000238418579,0.876453161239624
lipo,gnn,scaffold,1,CN[C@@H](C)C(=O)N[C@H](C(=O)N1CC[C@H]2CCN(CCc3ccccc3)C[C@H]21)C1CCCCC1,2.4700000286102295,2.118687391281128
lipo,gnn,scaffold,1,COc1cc2ncc(C(N)=O)c(Nc3ccc(F)cc3F)c2cc1NCCN1CCOCC1,2.680000066757202,2.6139919757843018
lipo,gnn,scaffold,1,c1ccc(-c2n[nH]c(-c3ccncc3)n2)nc1,1.4800000190734863,0.9773156642913818
lipo,gnn,scaffold,1,CCCc1c(OCc2ccc(-c3nn[nH]n3)cc2OC)ccc(C(C)=O)c1O,2.799999952316284,2.186946392059326
lipo,gnn,scaffold,1,CCCc1c(OCc2ccc(-c3nn[nH]n3)cc2)ccc(C(C)=O)c1O,3.0999999046325684,2.152428388595581
lipo,gnn,scaffold,1,C(#Cc1n[nH]c2ccccc12)c1ccccc1,4.309999942779541,3.6993932723999023
lipo,gnn,scaffold,1,Cc1ccc(/C(=C\CN2CCCC2)c2ccccn2)cc1,1.8799999952316284,2.4991676807403564
lipo,gnn,scaffold,1,COc1cc(C(=O)O)ccc1Cn1ccc2ccc(NC(=O)OC3CCCC3)cc21,2.0999999046325684,1.7812778949737549
lipo,gnn,scaffold,1,O=C1CC2(CCCC2)CC(=O)N1CCCCN1CCN(c2ncccn2)CC1,2.190000057220459,0.9751558303833008
lipo,gnn,scaffold,1,CN1CCC[C@H]1CCN1CCCc2cc(NC(=N)c3cccs3)ccc21,0.3700000047683716,0.24559736251831055
lipo,gnn,scaffold,1,CCN(C)C(=O)c1ccc([C@H](c2cccc(NC(=O)C3CCC3)c2)N2CCN(Cc3cccnc3)CC2)cc1,3.2699999809265137,3.0139336585998535
lipo,gnn,scaffold,1,CC(C)Oc1cc(OCCN2CCOCC2)cc2ncnc(Nc3c(Cl)ccc4c3OCO4)c12,3.680000066757202,3.3416953086853027
lipo,gnn,scaffold,1,CC(C)Oc1cc(Oc2ccc(S(C)(=O)=O)cc2)cc(C(=O)Nc2nccs2)c1,3.609999895095825,3.515383720397949
lipo,gnn,scaffold,1,C[C@@H](CO)Oc1cc(Oc2ccc(S(C)(=O)=O)cc2)cc(C(=O)Nc2nccs2)c1,2.630000114440918,3.0525505542755127
lipo,gnn,scaffold,1,O=C1CCCCCN1,-0.07999999821186066,0.2946394681930542
lipo,gnn,scaffold,1,CC(C)(C)C(=O)N[C@H]1CCCCNC1=O,0.5799999833106995,1.0111026763916016
lipo,gnn,scaffold,1,O=C(CN1CCOCC1)Nc1ccc(-c2cccc3c(=O)cc(N4CCOCC4)oc23)cc1OCC1CC1,3.299999952316284,3.0323896408081055
lipo,gnn,scaffold,1,COc1cc2c(ccc(=O)n2CCN2CCC(NCc3cc4c(cn3)OCCO4)CC2)cn1,0.6800000071525574,0.9401493072509766
lipo,gnn,scaffold,1,CC(C)C(NC(=O)Cn1c(-c2ccccc2)ccc(NC(=O)NCc2ccncc2)c1=O)C(=O)C(F)(F)F,2.1600000858306885,2.430063247680664
lipo,gnn,scaffold,1,N#C[C@@H]1CCCN1C(=O)CNC12CC3CC(CC(O)(C3)C1)C2,-0.47999998927116394,0.5051026344299316
lipo,gnn,scaffold,1,COc1cc2ncnc(Nc3cc(NC(=O)c4ccnc(N5CCOCC5)c4)ccc3C)c2cc1OCCN1CCOCC1,3.190000057220459,2.9773738384246826
lipo,gnn,scaffold,1,Cc1nc2nc(-c3cccnc3)nn2c(O)c1Cc1ccccc1,1.5199999809265137,1.1083300113677979
lipo,gnn,scaffold,1,NC(=O)c1cnc(N[C@H]2CCCNC2)c2cc(-c3ccncc3)sc12,0.7699999809265137,0.9859572649002075
lipo,gnn,scaffold,1,COc1ccc(N(C(=O)c2ccccc2)C(C(=O)NC2CCCC2)c2ccccc2F)c(OC)c1,3.859999895095825,3.448646068572998
lipo,gnn,scaffold,1,O=c1[nH]n(Cc2ccsc2)c(=O)c2c(=O)c3ccc(Cl)cc3[nH]c12,1.1100000143051147,1.2222458124160767
lipo,gnn,scaffold,1,CC(c1ccsc1)n1[nH]c(=O)c2[nH]c3cc(Cl)ccc3c(=O)c2c1=O,0.8999999761581421,1.367020845413208
lipo,gnn,scaffold,1,C[C@H](NC(=O)c1cccnc1Oc1ccccc1)c1ccccc1,2.9100000858306885,3.4744832515716553
lipo,gnn,scaffold,1,COc1ccc(OC)c(CNC(=O)c2cccnc2Oc2ccccc2)c1,3.5199999809265137,3.390854835510254
lipo,gnn,scaffold,1,C[C@@H](NC(=O)c1cccnc1Oc1ccccc1)c1ccccc1,3.140000104904175,3.396087646484375
lipo,gnn,scaffold,1,COc1ccc(Oc2ncccc2C(=O)NCc2ccccc2Cl)cc1,3.5899999141693115,3.586918830871582
lipo,gnn,scaffold,1,O=C(NCc1ccccc1Cl)c1cccnc1Oc1ccccc1,3.680000066757202,3.6348650455474854
lipo,gnn,scaffold,1,O=C(NCc1ccccc1)c1cccnc1Oc1ccccc1,3.0,3.331989288330078
lipo,gnn,scaffold,1,CCOC(=O)c1c(-c2ccccc2)nc2cc(C)ccn12,3.799999952316284,3.354309558868408
lipo,gnn,scaffold,1,Fc1ccc(-c2cn3ccccc3n2)cc1,3.0999999046325684,3.204531669616699
lipo,gnn,scaffold,1,Clc1ccc(-c2cn3ccccc3n2)cc1,4.0,3.4534287452697754
lipo,gnn,scaffold,1,c1ccc(-c2cn3ccccc3n2)cc1,2.9000000953674316,3.22882080078125
lipo,gnn,scaffold,1,CC[C@H](NC(=O)c1c(S(C)(=O)=O)c(-c2ccccc2)nc2ccccc12)c1ccccc1,3.1700000762939453,3.1243743896484375
lipo,gnn,scaffold,1,CC[C@H](NC(=O)c1c([S+](C)[O-])c(-c2ccc(F)cc2)nc2ccccc12)c1ccccc1,3.7200000286102295,3.454094171524048
lipo,gnn,scaffold,1,CC[C@H](NC(=O)c1c([S+]([O-])C(C)C)c(-c2ccccc2)nc2ccccc12)c1ccccc1,3.809999942779541,3.687106132507324
lipo,gnn,scaffold,1,CC[C@H](NC(=O)c1c(CN(C)C)c(-c2ccccc2)nc2ccccc12)c1ccccc1,4.179999828338623,3.458242177963257
lipo,gnn,scaffold,1,CC[C@H](NC(=O)c1c([S+](C)[O-])c(-c2ccccc2)nc2cc(Br)ccc12)c1ccccc1,3.180000066757202,3.8766908645629883
lipo,gnn,scaffold,1,CC[C@H](NC(=O)c1c([S+](C)[O-])c(-c2ccccc2)nc2cc(F)ccc12)c1ccccc1,3.619999885559082,3.451226234436035
lipo,gnn,scaffold,1,CC[C@H](NC(=O)c1c(N)c(-c2cccc(F)c2)nc2ccccc12)c1ccccc1,4.050000190734863,4.126241683959961
lipo,gnn,scaffold,1,CC[C@H](NC(=O)c1c(N)c(-c2ccccc2)nc2ccccc12)c1ccccc1,3.890000104904175,4.1663713455200195
lipo,gnn,scaffold,1,CC[C@H](NC(=O)c1c([S+](C)[O-])c(-c2ccccc2)nc2cc(CN(C)C)ccc12)c1ccccc1,2.75,2.798060655593872
lipo,gnn,scaffold,1,CC[C@H](NC(=O)c1c([S+]([O-])CC)c(-c2ccccc2)nc2ccccc12)c1ccccc1,3.450000047683716,3.5525879859924316
lipo,gnn,scaffold,1,CC[C@H](NC(=O)c1c(O)c(-c2ccccc2)nc2ccccc12)c1ccccc1,3.9100000858306885,3.0290627479553223
lipo,gnn,scaffold,1,CC[C@H](NC(=O)c1c(CC[S+](C)[O-])c(-c2ccccc2)nc2ccccc12)c1ccccc1,3.1500000953674316,3.448107957839966
lipo,gnn,scaffold,1,CC[C@H](NC(=O)c1c([S+](C)[O-])c(-c2ccccc2)nc2cc(Cl)ccc12)c1ccccc1,3.069999933242798,3.816011667251587
lipo,gnn,scaffold,1,CC[C@H](NC(=O)c1c(CS(C)(=O)=O)c(-c2ccccc2)nc2ccccc12)c1ccccc1,3.25,3.2269959449768066
lipo,gnn,scaffold,1,CC[C@H](NC(=O)c1c([S+](C)[O-])c(-c2cccc(F)c2)nc2ccccc12)c1ccccc1,3.140000104904175,3.4428231716156006
lipo,gnn,scaffold,1,CC[C@H](NC(=O)c1c([S+](C)[O-])c(-c2ccccc2)nc2c(F)cccc12)c1ccccc1,2.8399999141693115,3.5356945991516113
lipo,gnn,scaffold,1,CC[C@H](NC(=O)c1c([S+](C)[O-])c(-c2ccccc2)nc2ccccc12)c1ccccc1,3.1700000762939453,3.4680991172790527
lipo,gnn,scaffold,1,Cc1cc(Nc2cc(N3CCN(C)CC3)nc(Sc3ccc(NC(=O)C4CC4)cc3)n2)n[nH]1,3.4700000286102295,3.075387477874756
lipo,gnn,scaffold,1,CC(C)Nc1ccc2cnn(-c3cncc(-n4ccc(CC(=O)O)c4)n3)c2c1,1.2400000095367432,0.8746603727340698
lipo,gnn,scaffold,1,Clc1ccc([C@]23CNC[C@H]2C3)cc1Cl,1.9600000381469727,1.6333595514297485
lipo,gnn,scaffold,1,Cc1cnc(Nc2cc(N3CCN(C)CC3)nc(N[C@@H](C)c3ccc(F)cn3)n2)s1,2.9000000953674316,2.730769157409668
lipo,gnn,scaffold,1,O=C(COc1ccc(SCCCCCc2ccccc2)cc1)COc1ccc(C(=O)O)cc1,3.630000114440918,2.67562198638916
lipo,baseline,scaffold,2,Cc1cc(C)nc(SCC(N)=O)n1,0.23,0.5749285920253497
lipo,baseline,scaffold,2,COCCNc1nc(C#N)nc(NCC(C)C)c1N,2.8,1.9909478330172001
lipo,baseline,scaffold,2,O=C(Nc1cc(C(F)(F)F)cc(C(F)(F)F)c1)c1cnc(Cl)nc1C(F)(F)F,1.8,4.318583775049356
lipo,baseline,scaffold,2,Cc1ccccc1NC(=O)CCS(=O)(=O)c1ccc(Br)s1,2.7,2.39236144820321
lipo,baseline,scaffold,2,CNC(=O)c1cccc(NC(=O)Nc2cccc(C#N)c2)c1CN1CCC(Cc2ccc(F)cc2)CC1,3.97,3.543696462586908
lipo,baseline,scaffold,2,COc1ccc(-n2cnc3cc(NS(=O)(=O)c4ccccc4)ccc32)cc1,3.7,2.479581703354507
lipo,baseline,scaffold,2,Cc1nc(C)c(-c2ccc3c(c2)CC[C@]32CC[C@@H](Cc3nnn[nH]3)CC2)nc1C(N)=O,2.0,1.897306796461455
lipo,baseline,scaffold,2,COc1cc(NC(=O)Nc2cccc(CNC(=O)O[C@H]3CCOC3)c2)ccc1-c1cnco1,3.6,2.668255605019408
lipo,baseline,scaffold,2,Nc1ccccc1NC(=O)c1ccc(C2CCN(CCC(=O)Nc3ccccc3F)CC2)cc1,2.76,2.4850960551922436
lipo,baseline,scaffold,2,Cc1c(Sc2ccc(Cl)cc2)c2cc(Cl)ccc2n1Cc1nnn[nH]1,3.25,3.6641263972114952
lipo,baseline,scaffold,2,CCCCn1c(Cc2cc(OC)c(OC)c(OC)c2)nc2c(N)ncnc21,2.39,3.266224490274422
lipo,baseline,scaffold,2,Cc1cc(COc2ccc(NC(=O)[C@@H]3[C@@H](C(=O)NO)CCCN3C)cc2)c2ccccc2n1,2.41,2.298447262205243
lipo,baseline,scaffold,2,CC(C)Cn1c(=O)n(C)c(=O)c2c(S(=O)(=O)N3CC[C@@H](O)C3)c(Cc3ccccc3C(F)(F)F)sc21,3.32,2.4746284890361885
lipo,baseline,scaffold,2,COc1ccc(OC)c(-c2c(F)ccc3c(N)c(C(=O)NC4CC4)nnc23)c1,3.47,3.2521043564960026
lipo,baseline,scaffold,2,CN1CCCC1c1cccnc1,0.5,-0.029620985484458528
lipo,baseline,scaffold,2,O=C(Nc1ccc(N2CCOCC2)cc1)c1nnc(NC(=O)C2(c3ccc(Cl)cc3)CCC2)o1,3.2,3.3787838403288735
lipo,baseline,scaffold,2,CCCSc1c(C(=O)NC2CCCCC2)cnn1C,2.99,2.379300067909502
lipo,baseline,scaffold,2,Cc1ccc(NC(=O)c2cccc(OCC(C)C)c2)cc1C(=O)Nc1cccnc1,2.81,3.4817244885161087
lipo,baseline,scaffold,2,Cc1ccc(NC(=O)c2ccc(Cl)c(C(F)(F)F)c2)cc1C(=O)Nc1cccnc1,2.83,3.418869786755151
lipo,baseline,scaffold,2,Nc1ncc(NC(=O)c2cc(NC(=O)c3cccc(C(F)(F)F)c3)ccc2Cl)cc1Cl,3.26,3.3375089213762745
lipo,baseline,scaffold,2,Cc1ccc(NC(=O)c2cccc(N(C)C)c2)cc1C(=O)Nc1cccnc1,3.01,2.729440638656614
lipo,baseline,scaffold,2,COc1cncc(NC(=O)c2cc(NC(=O)c3cccc(C(C)(C)C#N)c3)ccc2C)c1,3.04,3.227854057423272
lipo,baseline,scaffold,2,O=C(c1cc(Cc2n[nH]c(=O)c3ccccc23)ccc1F)N1CCCNCC1,0.1,0.49335590048319206
lipo,baseline,scaffold,2,OCCOCCN1CCN(C(c2ccccc2)c2ccc(Cl)cc2)CC1,3.08,1.6718847533259538
lipo,baseline,scaffold,2,Clc1ccc(C(c2ccccc2)N2CCNCC2)cc1,1.94,1.2439840924788943
lipo,baseline,scaffold,2,O=C(O)COCCN1CCN(C(c2ccccc2)c2ccc(Cl)cc2)CC1,1.27,1.045736518733112
lipo,baseline,scaffold,2,O=C(O)CCC[C@@H]1c2ccccc2C[C@H]1NC(=O)c1cc2cc(F)ccc2[nH]1,1.95,2.1185637551401983
lipo,baseline,scaffold,2,O=C(O)C[C@@H]1c2ccccc2C[C@H]1NC(=O)c1cc2cc(F)ccc2[nH]1,1.26,2.067072675442795
lipo,baseline,scaffold,2,O=C(O)C[C@@H]1c2ccccc2C[C@H]1NC(=O)c1cc2cc(Cl)ccc2[nH]1,1.79,2.2379747573833657
lipo,baseline,scaffold,2,CN1CCN(c2nc(NCCNc3ccc([N+](=O)[O-])cc3)c3ccccc3n2)CC1,2.91,3.1905227349752376
lipo,baseline,scaffold,2,Cc1cc(N)c2cc(NC(=O)CCCCC(=O)Nc3ccc4nc(C)cc(N)c4c3)ccc2n1,0.53,1.8489590670244251
lipo,baseline,scaffold,2,CC[C@@H](Nc1c(Nc2cccc(C(=O)N(C)C)c2O)c(=O)c1=O)c1ccccc1,2.14,2.105501419631738
lipo,baseline,scaffold,2,O=C(O)c1cccc(-c2ccc3c(C(=O)NCC45CC6CC(CC(C6)C4)C5)c(Cl)ccc3n2)c1,2.84,2.1694070592982304
lipo,baseline,scaffold,2,CCCN[C@H]1CCc2nc(N)sc2C1,3.15,1.155731187644297
lipo,baseline,scaffold,2,Cc1ccc(C(=O)NC(C)C)cc1-n1cnc2ccc(N3CCN(C)CC3)cc2c1=O,1.56,2.1701474997785914
lipo,baseline,scaffold,2,CCNC(=O)c1ccc(C)c(-n2cnc3ccc(N4CCN(C)CC4)cc3c2=O)c1,1.47,1.9599420981563351
lipo,baseline,scaffold,2,CC(=O)N1CCN(c2ccc(OCC3COC(Cn4ccnc4)(c4ccc(Cl)cc4Cl)O3)cc2)CC1,3.7,3.5473676442848614
lipo,baseline,scaffold,2,Cc1nc(C(=O)N2CCOC3(CCN(Cc4ccc(Cl)cc4)CC3)C2)cs1,2.17,1.4158650305286802
lipo,baseline,scaffold,2,COc1cc2c(Nc3c(Cl)ccc4c3OCO4)ncnc2cc1OCCCN1CCCCC1,2.05,2.5737801518043697
lipo,baseline,scaffold,2,CS(=O)(=O)c1cccc(Nc2nccc(Nc3cccc4ccoc34)n2)c1,3.52,3.2864013038754742
lipo,baseline,scaffold,2,CS(=O)(=O)c1cccc(Nc2nccc(Nc3c(Cl)ccc4ccoc34)n2)c1,3.7,3.204113591831582
lipo,baseline,scaffold,2,CCCC(C)(COC(N)=O)COC(=O)NC(C)C,2.01,1.0930974159154307
lipo,baseline,scaffold,2,CCC(CO)NCCNC(CC)CO,-1.42,-0.5005761991958556
lipo,baseline,scaffold,2,CCCC[C@@H](C=O)NC(=O)[C@H](CC(C)C)NC(=O)[C@H](CC(C)C)NC(C)=O,2.6,2.1581925838233973
lipo,baseline,scaffold,2,CC(N)(COP(=O)(O)O)C(=O)O,2.5,-0.4481043107167384
lipo,baseline,scaffold,2,CCCCC(CC)COC(=O)CC(C(=O)OCC(CC)CCCC)S(=O)(=O)O,2.93,3.022838056388888
lipo,baseline,scaffold,2,COc1cc(C(=O)N2CCOCC2)ccc1Nc1ncc(Cl)c(-c2cnc3ccccn23)n1,3.4,3.361178622569477
lipo,baseline,scaffold,2,O=C(Cc1ccc2c(n1)NCCC2)Nc1ccc(C[C@H](NC(=O)c2c(Cl)cccc2Cl)C(=O)O)cc1,-0.63,0.23700074328568121
lipo,baseline,scaffold,2,CN1CCN(c2ccc3nc(-c4c(N)c5c(F)cccc5[nH]c4=O)[nH]c3c2)CC1,3.45,2.3735996984446732
lipo,baseline,scaffold,2,NC(=O)c1nnn(-c2ccccc2)c1N,0.74,-0.2818113796624421
lipo,baseline,scaffold,2,O=C(Nc1ccc(Cl)c(Cl)c1)N1CCN(C[C@@H]2CCCN(CC3CC3)C2)CC1,2.54,2.8951693473437894
lipo,baseline,scaffold,2,Fc1cc(F)cc(-c2cc(N(CCCN3CCCCCC3)Cc3ccc4c(c3)OCO4)on2)c1,3.84,3.60178945191839
lipo,baseline,scaffold,2,c1ccc(C2Cc3ccccc3CN2)cc1,1.9,1.9761820589503976
lipo,baseline,scaffold,2,CS(=O)(=O)C1(c2cc(N3CC4CCC(C3)O4)nc(-c3cccc4[nH]ccc34)n2)CC1,2.6,2.729543423194867
lipo,baseline,scaffold,2,c1ccc(-c2cc(NCCCCNc3cc(-c4ccccc4)nc4ccccc34)c3ccccc3n2)cc1,3.65,2.814676825660621
lipo,baseline,scaffold,2,CN1CCN(c2ccc(Nc3ccnc4ccccc34)cc2)CC1,1.3,2.8475309114267477
lipo,baseline,scaffold,2,Cc1cc(NCc2ccccc2)nc2ccccc12,3.69,3.7878089370050576
lipo,baseline,scaffold,2,O=c1ccoc2ccccc12,1.4,1.4468978753005655
lipo,baseline,scaffold,2,CCOC(=O)c1coc2ccccc2c1=O,1.81,1.5415985500296379
lipo,baseline,scaffold,2,COc1cc2ncnc(Nc3ccc(F)c(Cl)c3)c2cc1OCCN1CCCC1,3.28,2.930342430253114
lipo,baseline,scaffold,2,CC(C)N(CCC(C(N)=O)(c1ccccc1)c1ccccn1)C(C)C,-0.54,1.9564742723301727
lipo,baseline,scaffold,2,CN(C)CCOC(C)(c1ccccc1)c1ccccn1,-0.2,2.362674687020883
lipo,baseline,scaffold,2,COc1ccc2nc(C)cc(OCC(=O)NCc3ccccc3)c2c1,3.2,3.1282403610033875
lipo,baseline,scaffold,2,CCC(CC)NC(=O)c1cnn(Cc2ccccc2)c1NS(=O)(=O)c1ccc(C)cc1,1.52,1.3517696051906969
lipo,baseline,scaffold,2,FC(F)(F)c1nnc2ccc(NCn3nnc4ccccc43)nn12,2.34,2.3823125718343543
lipo,baseline,scaffold,2,CC(C)NCC(O)COc1ccc(CCOCC2CC2)cc1,0.63,0.2966084950522538
lipo,baseline,scaffold,2,c1ccc(-c2ccc(COc3ccc4c(c3)CCC(CCN3CCCCC3)C4)cc2)cc1,3.3,3.3332445282908987
lipo,baseline,scaffold,2,CNC(=O)c1c(F)cccc1Nc1nc(Nc2cc3c(cc2OC)CCN3C(=O)CN(C)C)nc2[nH]ccc12,2.61,1.9872717348086133
lipo,baseline,scaffold,2,O=S(=O)(C1CCNCC1)C1(c2cc(N3CCOCC3)nc(-c3cccc4[nH]ccc34)n2)CC1,1.1,1.669982331272051
lipo,baseline,scaffold,2,C[C@H](NC1=NC(=O)C(C)(C(F)(F)F)S1)c1ccccc1F,3.1,2.791182628374321
lipo,baseline,scaffold,2,C[C@H](NC1=NC(=O)[C@](C)(C(F)(F)F)S1)c1ccccc1F,3.1,2.791182628374321
lipo,baseline,scaffold,2,C[C@H](NC1=NC(=O)[C@@](C)(C(F)(F)F)S1)c1ccccc1F,3.1,2.791182628374321
lipo,baseline,scaffold,2,Cn1c(CN2CCC(c3ccccc3)CC2)nc2ccccc21,3.6,2.957481490001454
lipo,baseline,scaffold,2,OC(c1ccccc1)c1cccnc1,1.72,0.6462169563571631
lipo,baseline,scaffold,2,Nc1nccc(-n2ccc3ccccc32)n1,2.71,1.9496758095379079
lipo,baseline,scaffold,2,COc1cc(O)c(C(CC(=O)N2CC(C)CC(C)C2)c2ccc3c(c2)OCO3)c(OC)c1,4.3,1.654158940119623
lipo,baseline,scaffold,2,C[C@@H]1c2c([nH]c3ccc(C(F)(F)F)cc23)C[C@@H]2CCN(CCN3CCOCC3)C[C@H]21,2.87,3.2205419088043157
lipo,baseline,scaffold,2,Cc1sc2ncnc(N3CCN(c4ncccn4)CC3)c2c1C,3.66,2.7137620130085636
lipo,baseline,scaffold,2,O=C1C(=O)N(Cc2ccc(Cl)cc2)c2ccccc21,3.1,2.6660658487237336
lipo,baseline,scaffold,2,O=C(OC1CN2CCC1CC2)C(O)(c1ccccc1)c1ccccc1,1.19,1.31349341819099
lipo,baseline,scaffold,2,CS(=O)(=O)c1ccc(-c2nnc(/C=C/c3nnc(-c4ccc(C#N)cc4)o3)n2-c2ccccc2Cl)nc1,2.66,2.2645521226046705
lipo,baseline,scaffold,2,CC(C)C(NC(=O)Cn1c(-c2ccccc2)ccc(NS(C)(=O)=O)c1=O)C(=O)C(F)(F)F,1.77,1.2170709415272607
lipo,baseline,scaffold,2,CC(C)C(NC(=O)Cn1c(-c2ccccc2)ccc(NS(N)(=O)=O)c1=O)C(=O)C(F)(F)F,1.17,1.0411852008810358
lipo,baseline,scaffold,2,CC(C)C(NC(=O)Cn1c(-c2ccccc2)ccc(NC=O)c1=O)C(=O)C(F)(F)F,1.84,1.762404037596857
lipo,baseline,scaffold,2,CCNc1ccc(-c2ccccc2)n(CC(=O)NC(C(=O)C(F)(F)F)C(C)C)c1=O,2.37,2.8457330502606926
lipo,baseline,scaffold,2,CC(C)C(NC(=O)Cn1c(-c2ccccc2)ccc(NS(=O)(=O)C(F)(F)F)c1=O)C(=O)C(F)(F)F,1.01,2.094877842535702
lipo,baseline,scaffold,2,CC(C)C(NC(=O)Cn1c(-c2ccccc2)ccc(N)c1=O)C(=O)C(F)(F)F,1.74,1.8211694301744925
lipo,baseline,scaffold,2,CC(=O)Nc1ccc(-c2ccccc2)n(CC(=O)NC(C(=O)C(F)(F)F)C(C)C)c1=O,1.78,2.208563928828933
lipo,baseline,scaffold,2,CNS(=O)(=O)Nc1ccc(-c2ccccc2)n(CC(=O)NC(C(=O)C(F)(F)F)C(C)C)c1=O,1.79,1.3609276326573958
lipo,baseline,scaffold,2,CN(C)CC1CCn2c(c(C3=C(c4cn(C)c5ccccc45)C(=O)NC3=O)c3ccccc32)C1,2.88,2.6345247617766248
lipo,baseline,scaffold,2,Nc1cc2n[nH]c(=O)n2c2cc(-c3cccs3)ccc12,3.26,2.964750577123895
lipo,baseline,scaffold,2,N#Cc1cccc(C(=O)Nc2cc(-c3ccccc3)nn2-c2ccccc2)c1,3.82,3.427302959627397
lipo,baseline,scaffold,2,Cn1ncnc1-c1c2c(=O)n(C)c(=O)n(CC3CC3)c2nn1Cc1ccnc2ccc(Cl)cc12,3.8,2.6379262399405525
lipo,baseline,scaffold,2,CCC(c1nc2ccn(C)c2c(=O)n1Cc1ccccc1)N(CCCN)C(=O)c1ccc(C)cc1,1.8,1.2327845956798256
lipo,baseline,scaffold,2,COc1cc2c(NC(=O)Nc3c(Cl)cccc3Cl)ncnc2cc1OCC1CCN(C)CC1,2.7,2.73563665060779
lipo,baseline,scaffold,2,CC(=O)Nc1ccc2ccn(-c3cc(Nc4ccn(C)n4)n4ncc(C#N)c4n3)c2c1,3.57,2.4450649736152035
lipo,baseline,scaffold,2,O=C(O)CN1C(=O)C(NC(=O)c2cc3sc(Cl)c(Cl)c3[nH]2)Cc2ccccc21,0.67,1.6351453376397358
lipo,baseline,scaffold,2,NC(=O)N1c2ccccc2CC(=O)c2ccccc21,1.28,1.4051616700578222
lipo,baseline,scaffold,2,COC[C@H](C)Oc1cc(O[C@@H](C)Cc2ccccc2)cc(C(=O)Nc2ccc(C(=O)O)cn2)c1,1.5,1.4800886728717992
lipo,baseline,scaffold,2,CC(C)Cn1c(=O)n(C)c(=O)c2c(C(=O)N3CC(C)(O)C3)c(Cc3ccccc3C(F)(F)F)sc21,3.18,2.599454094155294
lipo,baseline,scaffold,2,CC(C)Cn1c(=O)n(C)c(=O)c2c(C(=O)N3CCC3)c(Cc3ccccc3C(F)(F)F)sc21,3.46,3.7280034314160257
lipo,baseline,scaffold,2,CC(C)Cn1c(=O)[nH]c(=O)c2c(C(=O)N3CCC3)c(Cc3ccccc3C(F)(F)F)sc21,3.0,3.5223992047430874
lipo,baseline,scaffold,2,C[C@@H](C#N)NC(=O)[C@@H]1CCCC[C@H]1C(=O)N1CCc2[nH]c3ccc(F)cc3c2C1,3.5,2.5372046174217595
lipo,baseline,scaffold,2,N#CCNC(=O)[C@@H]1CCCC[C@H]1C(=O)N1CCc2[nH]c3ccc(F)cc3c2C1,2.77,2.229279952817961
lipo,baseline,scaffold,2,C[C@H](C#N)NC(=O)[C@@H]1CCCC[C@H]1C(=O)N1CCc2[nH]c3ccc(F)cc3c2C1,3.1,2.5372046174217595
lipo,baseline,scaffold,2,O=c1[nH]c2c(O)ccc([C@@H](O)CNCCc3cccc(CNCCc4ccccn4)c3)c2s1,-0.07,-0.043125180125265464
lipo,baseline,scaffold,2,CN[C@@H](C)C(=O)N[C@H](C(=O)N1CC[C@H]2CC[C@H](NC(=O)c3cccc4ccccc34)[C@H]21)C(C)(C)C,1.94,2.5934458495744073
lipo,baseline,scaffold,2,c1ccc2c(c1)CCN(c1ccncc1)C2,1.4,2.3493706658147264
lipo,baseline,scaffold,2,NC1(c2ccc(-c3c(-c4ccccc4)ccn4ccnc34)cc2)CCC1,2.0,2.926197417374096
lipo,baseline,scaffold,2,C[C@H](Nc1ccc2ncn(-c3cc(C4CC4)[nH]n3)c2n1)c1ncc(F)cn1,2.74,2.756294101974877
lipo,baseline,scaffold,2,CC(C)C(NC(=O)Cn1c(-c2ccc(F)cc2)ncc(NC(=O)OCc2ccccc2)c1=O)C(=O)C(F)(F)F,2.47,2.4387510817623665
lipo,baseline,scaffold,2,CC(C)C(NC(=O)Cn1c(-c2ccccc2)ncc(NC(=O)OCc2ccccc2)c1=O)C(=O)C(F)(F)F,2.12,2.587708402799365
lipo,baseline,scaffold,2,Cn1c(C#N)ccc1-c1cc(F)c2c(c1)C(C)(C)C(=O)N2,3.21,2.4426551131162575
lipo,baseline,scaffold,2,COc1cccc(C(=O)NCCCOc2cccc3ccc(N)nc23)c1,2.46,3.3576624192821507
lipo,baseline,scaffold,2,COc1cc2ncnc(Nc3cc(Cl)ccc3F)c2cc1OCCCN1CCOCC1,3.4,3.4465332950164935
lipo,baseline,scaffold,2,CCN(c1ccccc1)c1cc(NC)[n+](C)c(C)n1,-0.91,0.8995039174060172
lipo,baseline,scaffold,2,CC(=O)O[C@H]1CC[C@]2(C=O)[C@H]3CC[C@]4(C)[C@@H](C5=CC(=O)OC5)CC[C@]4(O)[C@@H]3CC[C@]2(O)C1,0.64,1.6608341592183078
lipo,baseline,scaffold,2,O=C(O)c1cccnc1N1CCC(CN2CCC(Oc3ccc(Cl)c(Cl)c3)CC2)CC1,1.71,1.9521781913674823
lipo,baseline,scaffold,2,Nc1ncc(-c2ccc(F)cc2)[nH]1,1.39,1.4752460942545707
lipo,baseline,scaffold,2,CC(C)(C)NC(=O)Nc1ccc(-c2c(N)nc(N)nc2COCc2ccccc2)cc1,3.09,1.652718050606294
lipo,baseline,scaffold,2,Cc1ccc(CO)cc1N(C)c1ccnc(Nc2cc(N3CCOCC3)nc(N3CCOCC3)c2)n1,3.44,2.741736307210678
lipo,baseline,scaffold,2,O=C1CC2(CCCC2)CC(=O)N1CCCCN1CCN(c2ncccn2)CC1,2.19,2.1311220387834933
lipo,baseline,scaffold,2,NS(=O)(=O)c1ccc(Nc2nccc(-c3ccccc3)n2)cc1,2.86,2.6069596389896845
lipo,baseline,scaffold,2,COc1cc(Nc2nc(N[C@@H](C)c3ncc(F)cn3)ncc2Br)n[nH]1,2.6,2.4019111498267125
lipo,baseline,scaffold,2,Cc1cc(Nc2nc(N[C@@H](C)c3ncc(F)cn3)ncc2C)n[nH]1,1.75,2.0418310604696654
lipo,baseline,scaffold,2,COc1cc(Nc2nc(N[C@@H](C)c3ncc(F)cn3)ncc2Cl)n[nH]1,2.53,2.208153701755402
lipo,baseline,scaffold,2,C[C@H](Nc1ncc(F)c(Nc2cc(N(C)C)[nH]n2)n1)c1ncc(F)cn1,1.98,1.8206784249459764
lipo,baseline,scaffold,2,C[C@H](Nc1ncc(Cl)c(Nc2cc(N(C)C)[nH]n2)n1)c1ncc(F)cn1,2.33,2.1341243313228526
lipo,baseline,scaffold,2,Cc1cc(Nc2nc(N[C@@H](C)c3ncc(F)cn3)ncc2Br)n[nH]1,2.39,2.619484579002581
lipo,baseline,scaffold,2,Cc1cc(Nc2nc(N[C@@H](C)c3ncc(F)cn3)ncc2F)n[nH]1,1.79,2.0883837093652904
lipo,baseline,scaffold,2,CCC(=O)NCC[C@@H]1CCc2ccc3c(c21)CCO3,2.57,2.4111389679092476
lipo,baseline,scaffold,2,CCc1cc(OCc2ccc(-c3ccccc3-c3nn[nH]n3)cc2)c2c(n1)CCCC2,1.7,2.6394857409314243
lipo,baseline,scaffold,2,CCN(C(=O)c1cnn(-c2ccccc2)c1NS(=O)(=O)c1ccc(-c2cnco2)cc1)C1CCCCC1,1.46,1.945432513883601
lipo,baseline,scaffold,2,COc1cc(OC)c2nc(C)c3c(c2c1)N(c1ccc(O)cc1)CC3,1.5,3.0709068324284257
lipo,baseline,scaffold,2,O=C(NCc1ccnc2ccccc12)c1ccc(Oc2ccc(C#C[C@]3(O)CN4CCC3CC4)cc2)cc1,3.88,2.978614394912875
lipo,baseline,scaffold,2,COC1=CC(c2cc3ccccc3[nH]2)=N/C1=C\c1[nH]c(C)cc1C,2.55,3.2248973317865626
lipo,baseline,scaffold,2,Cc1ccc(OC(=O)N2CCN3CCC2CC3)cc1,1.02,1.7237872899734565
lipo,baseline,scaffold,2,O=C(Oc1ccc(Br)cc1)N1CCN2CCC1CC2,1.58,2.509173155212027
lipo,baseline,scaffold,2,CCOc1ccccc1N1CCN(Cc2c[nH]nc2-c2ccc(F)cc2)CC1,3.38,3.5981422942472636
lipo,baseline,scaffold,2,O=C(CC1CCN(Cc2ccn(-c3ccc(C(F)(F)F)cc3)c2)CC1)NC(c1ccc(F)cc1)c1c[nH]c(=O)c(Cl)c1,3.12,3.698181390141713
lipo,baseline,scaffold,2,O=C(CC1CCN(Cc2ccn(-c3ccc(C(F)(F)F)cc3)c2)CC1)NC(c1ccc(F)cc1)c1ccc(=O)[nH]c1,3.04,3.227476168885646
lipo,baseline,scaffold,2,CN(C)CCCC1(c2ccc(F)cc2)OCc2cc(C#N)ccc21,1.56,2.525826342362079
lipo,baseline,scaffold,2,CN(C)CCC[C@@]1(c2ccc(F)cc2)OCc2cc(C#N)ccc21,1.48,2.525826342362079
lipo,baseline,scaffold,2,Cc1occc(=O)c1OCc1ccccc1,1.87,2.3593512949277815
lipo,baseline,scaffold,2,Cc1occc(=O)c1OCc1ccc(F)cc1,1.91,2.6415861607557845
lipo,baseline,scaffold,2,CN[C@@H](C)C(=O)N[C@H](C(=O)N[C@H]1CCCCN(Cc2ccccc2)C1)C1CCCCC1,2.12,2.2157585967519933
lipo,baseline,scaffold,2,CCOC(=O)c1ccc(OCC2CCN(c3ccc(C)nn3)C2)cc1,3.44,3.0591060308359537
lipo,baseline,scaffold,2,C[C@H](CO)Nc1nc(SCc2ccco2)nc2[nH]c(=O)sc12,2.21,1.8187398870694367
lipo,baseline,scaffold,2,Cc1cc2c(C(C)C)c(O)c(O)c(C=O)c2c(O)c1-c1c(C)cc2c(C(C)C)c(O)c(O)c(C=O)c2c1O,2.75,2.1348415513429773
lipo,baseline,scaffold,2,O=S(=O)(CCOCCCc1ccccc1)NCCNCCc1ccc(O)c2nc(O)sc12,2.22,1.7373753074023535
lipo,baseline,scaffold,2,COc1cc2cc(-c3ccc(O)cc3O)nc(C)c2cc1OC,3.9,3.092183613968857
lipo,baseline,scaffold,2,O=c1oc2ccccc2c(O)c1Cc1c(O)c2ccccc2oc1=O,1.22,1.996880803062595
lipo,baseline,scaffold,2,CNC(=O)c1ccc(Nc2nccc(-c3cnc(C4CC4)n3C(C)C)n2)cc1,2.77,2.937904986267682
lipo,baseline,scaffold,2,Cc1ncc(-c2nc(Nc3ccc(C(=O)N4CCCN(C)CC4)cc3)ncc2F)n1C(C)C,2.02,2.3774245256491215
lipo,baseline,scaffold,2,CC(C)CC(c1ccncc1)n1[nH]c(=O)c2nc3cc(Cl)ccc3c(O)c2c1=O,1.64,1.513303378181952
lipo,baseline,scaffold,2,CCCCC(c1ccncc1)n1[nH]c(=O)c2nc3cc(Cl)ccc3c(O)c2c1=O,1.4,1.483697281396319
lipo,baseline,scaffold,2,CN1CCN(CC(=O)Nc2ccc(-c3cccn4c(=O)cc(N5CCOCC5)nc34)c3sc4ccccc4c23)CC1,2.6,2.5948780957886455
lipo,baseline,scaffold,2,COCCN1CCN(CC(=O)Nc2ccc(-c3cccn4c(=O)cc(N5CCOCC5)nc34)c3sc4ccccc4c23)CC1,3.2,2.72702739604927
lipo,baseline,scaffold,2,Cc1sc(N2CCN(C)CC2)nc1CCOc1ccc(C[C@H](Nc2ccccc2C(=O)c2ccccc2)C(=O)O)cc1,2.58,2.4175464671047684
lipo,baseline,scaffold,2,CCOC(=O)[C@H](Cc1ccc([N+](=O)[O-])cc1)NC(=O)c1ccccc1,2.79,2.6607047251305587
lipo,baseline,scaffold,2,CC(C)C(=O)Nc1nc(-c2ccccn2)cc2ccccc12,2.7,3.64496700237842
lipo,baseline,scaffold,2,COCCOC(=O)C1=C(C)NC(C)=C(C(=O)OC(C)C)C1c1cccc([N+](=O)[O-])c1,3.8,2.7542598795769213
lipo,baseline,scaffold,2,COC(=O)C1=C(C)NC(C)=C(C(=O)OC)C1c1ccccc1[N+](=O)[O-],3.29,1.4070593929105388
lipo,baseline,scaffold,2,COC(=O)C1=C(C)NC(C)=C(C(=O)OCC(C)C)C1c1ccccc1[N+](=O)[O-],3.59,2.5425194949341208
lipo,baseline,scaffold,2,Fc1cc(-c2cccc3ncc(-c4cnn(C5CCNCC5)c4)nc23)cc(F)c1CN1CCOCC1,1.86,2.3092698292932865
lipo,baseline,scaffold,2,CCN(CC)CC(=O)Nc1c(C#N)cnn1-c1ccccc1,0.4,1.2282107304074368
lipo,baseline,scaffold,2,Cc1cc(N)n(-c2ccccc2)n1,1.25,1.4493009766417884
lipo,baseline,scaffold,2,Cc1cc(C)n(-c2cccc(Cl)c2C#N)n1,3.0,2.7164401174668136
lipo,baseline,scaffold,2,O=C(CC1CCCCCC1)Nc1cccc2c(=O)n([C@H]3CCNC3)ccc12,1.15,1.8035248243359228
lipo,baseline,scaffold,2,O=c1[nH]c2c(O)ccc([C@@H](O)CNCCc3ccc(CNCCc4ccccc4F)cc3)c2s1,1.3,0.9832566571044735
lipo,baseline,scaffold,2,O=c1[nH]c2c(O)ccc([C@@H](O)CNCCc3ccc(CNCCc4ccccc4)cc3)c2s1,1.11,1.0361501037975562
lipo,baseline,scaffold,2,O=c1[nH]c2c(O)ccc([C@@H](O)CNCCc3ccc(CNCCc4c(Cl)cccc4Cl)cc3)c2s1,2.3,2.0900803763187596
lipo,baseline,scaffold,2,COc1ccccc1CCNCc1ccc(CCNC[C@H](O)c2ccc(O)c3[nH]c(=O)sc23)cc1,0.8,0.6402633827997232
lipo,baseline,scaffold,2,NC1(c2ccc(-c3ncc4ccncc4c3-c3ccccc3)cc2)CCC1,2.2,2.0229091737547287
lipo,baseline,scaffold,2,COc1ccc(C(=O)NCc2cn(-c3cc(C)nc4ccc(OC)cc34)nn2)cc1,3.5,2.3682670063329923
lipo,baseline,scaffold,2,CCOc1ccccc1-c1ccc(-c2nc3ccc(F)cc3c(N[C@H](C)C(=O)O)c2C#N)cc1,2.5,2.588569900080039
lipo,baseline,scaffold,2,CCOc1ccccc1-c1ccc(-c2nc3ccc(F)cc3c(C(=O)O)c2C)cc1,1.18,2.6364031829258456
lipo,baseline,scaffold,2,CCOc1ccccc1-c1ccc(-c2nc3ccc(F)cc3c(C(=O)NCCOCCN)c2C)cc1,2.46,2.7856582146161895
lipo,baseline,scaffold,2,c1ccc(-c2nnc(-c3ccccc3)s2)cc1,4.2,3.7397015996042358
lipo,baseline,scaffold,2,Nc1ccccc1NC(=O)c1ccc(-c2ncc(CN3CCCCC3)s2)cc1,2.82,1.7707380082462232
lipo,baseline,scaffold,2,COc1cc(N2CC3CN(CCO)CC(C2)O3)ccc1Nc1ncc(Cl)c(-c2cnc3ccccn23)n1,2.5,3.1676287101855665
lipo,baseline,scaffold,2,COc1cc(N2CC3CNCC(C2)O3)ccc1Nc1ncc(Cl)c(-c2cnc3ccccn23)n1,2.3,2.4776670446523683
lipo,baseline,scaffold,2,NS(=O)(=O)c1cc(C(=O)O)cc(N2CCCC2)c1Oc1ccccc1,-0.94,-0.05140142347985474
lipo,baseline,scaffold,2,C[C@H](NC(=O)/C=C/c1ccccc1)c1cccc(N2CCOCC2)c1,3.24,2.0290134392357757
lipo,baseline,scaffold,2,COc1ccc(N2CCN(C(=O)[C@@H]3CCCC[C@H]3C(=O)NCC#N)CC2)cc1,1.6,1.467002334527819
lipo,baseline,scaffold,2,CS(=O)(=O)c1ccc(N2CCN(C(=O)[C@@H]3CCCC[C@H]3C(=O)NCC#N)CC2)cc1,0.67,0.90564985920876
lipo,baseline,scaffold,2,N#CCNC(=O)[C@@H]1CCCC[C@H]1C(=O)N1CCN(c2ccc(F)cc2)CC1,1.92,1.740439942008917
lipo,baseline,scaffold,2,N#CCNC(=O)[C@@H]1CCCC[C@H]1C(=O)N1CCN(c2ccc(C#N)cc2)CC1,1.79,1.2254282780362693
lipo,baseline,scaffold,2,N#CCNC(=O)[C@@H]1CCCC[C@H]1C(=O)N1CCN(c2ccccc2)CC1,1.75,1.2832650126594929
lipo,baseline,scaffold,2,N#Cc1cccc(OC[C@@H](O)CNC2CCN(Cc3ccc(Cl)c(Cl)c3)CC2)c1,3.09,2.6686856550616183
lipo,baseline,scaffold,2,COCCNC(=O)c1ccc(Nc2ncc3cc(-c4cccnc4)ccc3n2)cc1,3.11,2.97796711137519
lipo,baseline,scaffold,2,CC(C)C(NC(=O)Cn1c(-c2ccccc2)ccc(NC(=O)NCc2ccc[n+]([O-])c2)c1=O)C(=O)C(F)(F)F,1.48,2.230759168665882
lipo,baseline,scaffold,2,CN(C(=O)C1CCC1)C1CCN(CCC(c2ccccc2)c2ccccc2)CC1,3.2,2.5924434648800156
lipo,baseline,scaffold,2,Nc1nc(Nc2ccc3nc(-c4ccc(F)cc4)cc(N)c3c2)cc(-c2cccc(Cl)c2)n1,2.5,3.5415787176102045
lipo,baseline,scaffold,2,Nc1nc(Nc2ccc3nc(-c4ccc(F)cc4)cc(N)c3c2)cc(-c2ccc(C(F)(F)F)cc2)n1,1.54,3.404002841287238
lipo,baseline,scaffold,2,O=C(Nc1ccc(N2CCOCC2)nc1)c1nnc(Nc2cccc(OCc3cccnc3)c2)o1,3.3,3.0609132423402317
lipo,baseline,scaffold,2,O=C1Nc2ccccc2C1(O)c1ccccc1,1.71,2.229021489000277
lipo,baseline,scaffold,2,CCN(CC)CCN1C(=O)[C@@](O)(c2ccccc2Cl)c2c1cc(C(N)=O)cc2C(F)(F)F,2.4,1.857968737533576
lipo,baseline,scaffold,2,Cc1c(CC(=O)O)c2cc(F)ccc2n1S(=O)(=O)c1ccc(S(C)(=O)=O)cc1,-0.44,0.6385338001471476
lipo,baseline,scaffold,2,Cc1cc(Cl)ccc1OC1CCN(C[C@H](O)CNC(=O)c2c[nH]nc2C(F)(F)F)CC1,3.02,3.0589823927355773
lipo,baseline,scaffold,2,Cc1c(Cl)ccc(OC2CCN(C[C@H](O)CNC(=O)c3c[nH]nc3C(F)(F)F)CC2)c1Cl,3.66,3.360266646236351
lipo,baseline,scaffold,2,O=C(NC[C@@H](O)CN1CCC(Oc2ccc(Cl)c(Cl)c2)CC1)c1c[nH]nc1C(F)(F)F,3.34,3.2000165472314697
lipo,baseline,scaffold,2,CCCN(CCO)CCCOc1ccc2c(Nc3cc(CC(=O)Nc4cccc(F)c4F)[nH]n3)ncnc2c1,2.19,2.665820684570862
lipo,baseline,scaffold,2,CCN(CCO)CCCOc1cc2ncnc(Nc3cc(CC(=O)Nc4cccc(F)c4)[nH]n3)c2cc1OC,2.12,2.3173149161337823
lipo,baseline,scaffold,2,CCCN(CCO)CCCOc1cc2ncnc(Nc3cc(CC(=O)Nc4cccc(F)c4F)[nH]n3)c2cc1OC,1.28,2.4688356513398713
lipo,baseline,scaffold,2,CCN(CCO)CCCOc1cc2ncnc(Nc3cc(CC(=O)Nc4cccc(F)c4F)[nH]n3)c2cc1OC,1.94,2.197486090886617
lipo,baseline,scaffold,2,COc1cc2c(Nc3cc(CC(=O)Nc4cccc(F)c4F)[nH]n3)ncnc2cc1OCCCN(CCO)CC(C)C,3.61,2.6355408189361285
lipo,baseline,scaffold,2,CN(CCO)C(=O)c1ccc([C@H](c2cccc(NC(=O)C3CC3)c2)N2CCN(Cc3ccc(F)cc3)CC2)cc1,3.38,2.5785829978513757
lipo,baseline,scaffold,2,CCN(CC)C(=O)c1ccc([C@H](c2cccc(NC(=O)C3CC3)c2)N2CCN(Cc3ccc(F)cc3)CC2)cc1,3.99,3.276869094674912
lipo,baseline,scaffold,2,NC(=O)c1c(OCc2c(F)cc(Br)cc2F)nsc1NC(=O)NCCCCN1CCCC1,2.5,1.9099194912956516
lipo,baseline,scaffold,2,COc1cc2ncnc(Oc3cnn(CC(=O)Nc4ccc(N(C)C)cn4)c3)c2cc1OC,2.36,2.524833476814857
lipo,baseline,scaffold,2,CC(C)C[C@H](CO)Nc1nc(SCc2ccncc2)nc2nc(N)sc12,2.9,3.0522473678523334
lipo,baseline,scaffold,2,Cc1ccc(-c2ccc3c(ccc4sc5c(c43)NC[C@@H](C)NC5=O)n2)cn1,3.6,2.040543345440205
lipo,baseline,scaffold,2,CSc1ccc(C(=O)C(C)(C)N2CCOCC2)cc1,3.49,2.1243955702243835
lipo,baseline,scaffold,2,Cc1ccc(-c2ccc(S(=O)(=O)N3CCC[C@H]3C(=O)N3CC[C@@H](N)C3)cc2F)o1,1.2,1.6445613418629152
lipo,baseline,scaffold,2,Cn1c(=O)c(Oc2ccc(F)cc2F)cc2cnc(NC3CCOCC3)nc21,2.76,2.450992502293805
lipo,baseline,scaffold,2,Cc1cc(NS(=O)(=O)c2ccc(N)cc2)no1,-0.56,0.08999800715215955
lipo,baseline,scaffold,2,COc1cccc(Nc2nnc(C(=O)Nc3ccc(N4CCOCC4)nc3)o2)c1,2.8,2.6614734074795345
lipo,baseline,scaffold,2,CCOc1cccc(Nc2nnc(C(=O)Nc3ccc(N4CCOCC4)nc3)o2)c1,3.6,3.167116698246328
lipo,baseline,scaffold,2,O=C(Nc1ccc(N2CCOCC2)nc1)c1nnc(Nc2ccc(F)c(F)c2)o1,2.9,2.9243593880458616
lipo,baseline,scaffold,2,O=C(Nc1ccc(N2CCOCC2)nc1)c1nnc(Nc2ccc(F)cc2)o1,3.0,2.657920271662796
lipo,baseline,scaffold,2,O=C(Nc1ccc(N2CCOCC2)nc1)c1nnc(Nc2ccccc2)o1,2.9,2.5056324105392402
lipo,baseline,scaffold,2,O=C(Nc1ccc(N2CCOCC2)nc1)c1nnc(Nc2cccc(F)c2)o1,3.2,2.7484936103631936
lipo,baseline,scaffold,2,Cc1cccc(Nc2nnc(C(=O)Nc3ccc(N4CCOCC4)nc3)o2)c1,3.42,3.0258990472714675
lipo,baseline,scaffold,2,O=c1[nH]nc(Cc2ccccc2)c2ccccc12,2.8,2.4351499628950317
lipo,baseline,scaffold,2,CC(C)(C(=O)O)c1ccc(C(O)CCCN2CCC(C(O)(c3ccccc3)c3ccccc3)CC2)cc1,0.42,3.115898836096778
lipo,baseline,scaffold,2,CC(C)(C)c1ccc(C(O)CCCN2CCC(C(O)(c3ccccc3)c3ccccc3)CC2)cc1,3.99,3.664771842312243
lipo,baseline,scaffold,2,COc1ccc(CNC(=O)Nc2ncc([N+](=O)[O-])s2)cc1,2.9,1.5171212931576272
lipo,baseline,scaffold,2,C(=C\c1c(-c2ccccc2)nc2sccn12)/c1ccncn1,3.4,2.969428600108013
lipo,baseline,scaffold,2,COc1ccc(CC(=O)NC(N/C(=N/C#N)Nc2ccccc2C)C(C)(C)C)cc1OC,2.48,2.0591771570138837
lipo,baseline,scaffold,2,COc1ccc(COc2nc(Br)cnc2NS(=O)(=O)c2ccc(C)cc2)cc1OCCN(C)C,1.68,1.5863563270695051
lipo,baseline,scaffold,2,Cc1ccc(S(=O)(=O)Nc2c(C(=O)N[C@@H](C)C(C)(C)C)c(C)nn2C2CCOC2)cc1,0.78,0.5757292454243045
lipo,baseline,scaffold,2,O=C(O)C[C@H]1CC[C@H](c2ccc(-c3ccc(Nc4ccc(C(F)(F)F)nc4)cn3)cc2)CC1,3.8,2.1512689967912086
lipo,baseline,scaffold,2,COCC[C@H](Oc1ncnc2c1cnn2-c1ccccc1Cl)C(=O)Nc1ccc(C)cn1,3.6,2.9715724698890744
lipo,baseline,scaffold,2,COCCC(Oc1ncnc2c1cnn2-c1ccccc1C(F)(F)F)C(=O)Nc1ccc(C)cn1,3.5,3.104526111725719
lipo,baseline,scaffold,2,CC1=C(C2=C(C)C(=O)c3c(cc(O)c(O)c3Cc3ccccc3)C2=O)C(=O)c2cc(O)c(O)c(Cc3ccccc3)c2C1=O,2.73,3.022881550350101
lipo,baseline,scaffold,2,O=C(NCC12CC3CC(CC(C3)C1)C2)c1cc(O[C@H]2CCCNC2)ccc1Cl,2.18,1.8609298488873869
lipo,baseline,scaffold,2,O=C(c1ccccc1)C(O)(CN1CCCCC1)c1ccccc1,3.41,2.316973261520233
lipo,baseline,scaffold,2,O=C(CC12CC3CC(CC(C3)C1)C2)Nc1ccc2[nH]ncc2c1,4.03,3.58314258564723
lipo,baseline,scaffold,2,Cc1cccc(Br)c1C(=O)N[C@@H](Cc1ccc(NC(=O)c2c(Cl)cccc2Cl)cc1)C(=O)O,-0.13,0.7456783205882201
lipo,baseline,scaffold,2,Cc1cc(COC(=O)Nc2ccc(-c3ccccc3)n(CC(=O)NC(C(=O)C(F)(F)F)C(C)C)c2=O)cc(C)n1,2.38,2.72443319738207
lipo,baseline,scaffold,2,CC(C)C(NC(=O)Cn1c(-c2ccccc2)ccc(NC(=O)OCc2ccncc2)c1=O)C(=O)C(F)(F)F,2.41,2.433345730489075
lipo,baseline,scaffold,2,Cc1nn(-c2ccc(F)cc2)c(NS(=O)(=O)c2cccnc2)c1C(=O)N[C@@H](C)C(C)(C)C,0.4,0.9217844356659667
lipo,baseline,scaffold,2,CC(C)(C(=O)Nc1nnc(C(=O)Nc2ccc(N3CCOCC3)cc2)o1)c1ccc(Cl)cc1,2.96,2.78859558002992
lipo,baseline,scaffold,2,Cc1c(N)cccc1Cn1ccc(OCCc2cccs2)cc1=O,2.78,3.4700264452925125
lipo,baseline,scaffold,2,Nc1nc(N)c2cc(NCc3ccc(Cl)c(Cl)c3)ccc2n1,2.22,2.9977918372546126
lipo,baseline,scaffold,2,Cc1ccc(C(=O)NC2CCC2)cc1-n1cnc2ccc(N3CCN(C)CC3)cc2c1=O,2.25,2.23849026728367
lipo,baseline,scaffold,2,NC(=O)c1ccc(=O)n(Cc2ccc(F)c(F)c2)c1,1.37,0.9037822469659674
lipo,baseline,scaffold,2,NC(=O)c1ccc(=O)n(Cc2ccc(Cl)cc2Cl)c1,2.36,1.8014932216855217
lipo,baseline,scaffold,2,Cc1ccc(Oc2ccnc(Nc3ccc(S(N)(=O)=O)cc3)c2)c(C)n1,2.47,2.5258983578230008
lipo,baseline,scaffold,2,COc1cc(Nc2cc(Oc3cccnc3C)ccn2)cc(OC)c1OC,3.19,3.122205531489204
lipo,baseline,scaffold,2,COc1cc(Nc2cc(Oc3cccnc3)ccn2)cc(OC)c1OC,2.66,2.90179492026954
lipo,baseline,scaffold,2,COc1cc(Nc2cc(Oc3ccc(C)nc3)ccn2)cc(OC)c1OC,3.21,3.2697984108841056
lipo,baseline,scaffold,2,O=C(CC12CC3CC(CC(C3)C1)C2)Nc1c(Cl)ccc2nc(CN3CCN(CCO)CC3)ccc12,2.93,2.3262253371396215
lipo,baseline,scaffold,2,Cc1cccc([C@H](C)c2c[nH]c(=S)[nH]2)c1C,2.9,2.9317551352863336
lipo,baseline,scaffold,2,Cc1c[nH]c(-c2cnc(NCCNc3ccc(C#N)cn3)nc2-c2ccc(Cl)cc2Cl)n1,3.86,3.373404406185371
lipo,baseline,scaffold,2,C(=C\c1nn[nH]n1)/c1ccccc1,-0.4,0.6268988160721637
lipo,baseline,scaffold,2,Cc1ccc(NC(=O)c2cccc(N3CCOCC3)c2)cc1NC(=O)c1ccc(OCc2ccncc2)cc1,3.2,3.3960924262145302
lipo,baseline,scaffold,2,COc1cc(F)ccc1-c1cc(CNC2CCCC2)ccn1,1.71,2.6956079783210187
lipo,baseline,scaffold,2,N[C@@H]1CCCN(c2c(/C=C3\SC(=O)NC3=O)cccc2-c2ccncc2)C1,1.56,1.6692502828799998
lipo,baseline,scaffold,2,CC(C)(C(=O)c1cccnc1)c1cccnc1,1.45,2.205270998711231
lipo,baseline,scaffold,2,CC(C)(C)NS(=O)(=O)c1cncc(-c2ccc3nc(NC(=O)NCC(=O)N4CCOCC4)nn3c2)c1,0.96,1.1096903106440268
lipo,baseline,scaffold,2,CC(C)N=c1cc2n(-c3ccc(Cl)cc3)c3ccccc3nc-2cc1Nc1ccc(Cl)cc1,3.17,2.914326332686795
lipo,baseline,scaffold,2,COc1ccc(-c2ccc3c(N4CCOC[C@@H]4C)nc(N4CCOC[C@@H]4C)nc3n2)cc1C(N)=O,2.82,2.1366376747092364
lipo,baseline,scaffold,2,C[C@@H]1CN(c2nc(N3CCOC[C@@H]3C)c3ccc(-c4ccccc4)nc3n2)C[C@H](C)O1,3.75,3.2333777922373206
lipo,baseline,scaffold,2,COc1ccc(-c2ccc3c(N4CCOCC4)nc(N4C[C@@H](C)O[C@@H](C)C4)nc3n2)cc1CNCCO,1.31,2.261493305005907
lipo,baseline,scaffold,2,CNCc1cccc(-c2ccc3c(N4CCOCC4)nc(N4C[C@@H](C)O[C@@H](C)C4)nc3n2)c1,1.26,2.920693717662957
lipo,baseline,scaffold,2,C[C@H]1COCCN1c1nc(N2CCOC[C@@H]2C)c2ccc(-c3cccc(C(=O)NCCO)c3)nc2n1,2.49,2.5876971878533257
lipo,baseline,scaffold,2,COc1ccc(-c2ccc3c(N4CCOCC4)nc(N4C[C@@H](C)O[C@@H](C)C4)nc3n2)cc1CO,3.25,2.4922008738077306
lipo,baseline,scaffold,2,COc1ncc2ncc(=O)n(CCN3CCC(NCc4cc5c(cn4)OCCO5)CC3)c2n1,-0.14,0.24392029809282958
lipo,baseline,scaffold,2,COc1cccc(-c2c[nH]c(-c3ccccc3)n2)c1,3.8,3.4287105250134418
lipo,baseline,scaffold,2,c1ccc(-c2c[nH]c(-c3ccccc3)n2)cc1,3.8,3.6520911481621328
lipo,baseline,scaffold,2,C[C@H](Nc1nc(Nc2cc(C3CC3)[nH]n2)cnc1C#N)c1ccc(F)cn1,3.18,2.9232743198934146
lipo,baseline,scaffold,2,CC(C)Cn1c(=O)n(C)c(=O)c2c(C(=O)N3CC[C@@H](O)C3)c(Oc3cccc4ccccc34)sc21,2.87,2.8866499032761546
lipo,baseline,scaffold,2,COc1ccc(Cl)cc1NC(=O)Nc1cnccn1,3.63,1.3007597055201368
lipo,baseline,scaffold,2,O=S(=O)(NCCNc1ncccn1)c1cccc2cnccc12,0.61,1.2490957962837697
lipo,baseline,scaffold,2,NC12CC3CC(CC(C3)C1)C2,-0.98,0.47430616474682696
lipo,baseline,scaffold,2,CC12CC3CC(C)(C1)CC(N)(C3)C2,0.06,0.6705842253537233
lipo,baseline,scaffold,2,Cc1ccnc2nc(C(=O)Nc3nccs3)nn12,0.31,0.6803507316207994
lipo,baseline,scaffold,2,CN1CCN(C(=O)c2ccc(C(=C3CCN(Cc4cscn4)CC3)c3cccc4cccnc34)cc2)CC1,1.98,2.1061902298439725
lipo,baseline,scaffold,2,O=c1[nH]c(-c2ccc([N+](=O)[O-])cc2)nc2ccccc12,2.5,2.5655475859624013
lipo,baseline,scaffold,2,O=c1[nH]c(-c2ccccc2)nc2cc(Cl)ccc12,3.31,2.7428060452833507
lipo,baseline,scaffold,2,Cc1ncc(-c2nc(Nc3ccc(C(=O)NC4CCN(C)CC4)cc3)ncc2F)n1C(C)C,2.13,2.4666317499286934
lipo,baseline,scaffold,2,Cc1ncc(-c2nc(Nc3ccc(C(=O)NC4CCN(C)CC4)c(F)c3)ncc2F)n1C(C)C,2.41,2.772225273447764
lipo,baseline,scaffold,2,Cc1ncc(-c2ccnc(Nc3ccc(C(=O)NC4CCN(C)CC4)cc3)n2)n1C(C)C,1.87,2.3588833301535646
lipo,baseline,scaffold,2,C[C@]12CCC(=O)C=C1CC[C@@H]1[C@@H]2C(=O)C[C@@]2(C)[C@H]1CC[C@]2(O)C(=O)CO,1.4,1.9182113164357362
lipo,baseline,scaffold,2,CC1=C(C)C(=O)C(C(CCCCCC(=O)O)c2ccccc2)=C(C)C1=O,2.48,0.68671894498389
lipo,baseline,scaffold,2,C[C@@H]1CN(c2ccc3c(n2)NC(=O)CO3)[C@H](c2ccccc2)CO1,2.75,1.7059226185478897
lipo,baseline,scaffold,2,O=C1CCOc2nc(C#CC3CCCCC3)ccc21,3.3,2.86794289999815
lipo,baseline,scaffold,2,O=c1cc(OCc2ccccc2)ccn1-c1ccc2c(cnn2CCN2CCCC2)c1,2.0,2.172518467483119
lipo,baseline,scaffold,2,CCc1[nH]c2nc(Sc3cnc4ccc[n+]([O-])c4c3)nc(N3CC[C@@H](N)C3)c2c1Cl,2.0,2.604268983042419
lipo,baseline,scaffold,2,Cc1cnc(Nc2cc(N3CCN(C)CC3)nc(N[C@@H](C)c3ccc(F)cn3)n2)s1,2.9,3.1453229247561456
lipo,baseline,scaffold,2,CC(=O)Nc1cc(CN2C(=O)N(c3ccc(SC(F)(F)F)cc3)C(=O)C2(C)C)ccn1,2.93,2.8970982954939437
lipo,baseline,scaffold,2,O=C(O)CCC(=O)N1CCC(c2nc(-c3cccs3)no2)CC1,-1.27,0.5729105459088663
lipo,baseline,scaffold,2,Cc1cn([C@H]2CCCN([C@H](CC3CCCCC3)c3ccc(C(=O)O)c(Oc4cccc(Cl)c4)c3)C2)c(=O)[nH]c1=O,1.83,1.2685575352924778
lipo,baseline,scaffold,2,CN1CCCC1CCNC(=O)c1ccc(Nc2ncc3cc(-c4ccncc4)ccc3n2)cc1,2.01,2.2967234895213924
lipo,baseline,scaffold,2,COc1cc2ncnc(Nc3cccc(Cl)c3F)c2cc1OC1CCN(CC(N)=O)CC1,3.1,3.13406214501035
lipo,baseline,scaffold,2,COc1cc2ncnc(Nc3cccc(Cl)c3F)c2cc1OC1CCN(S(C)(=O)=O)CC1,2.82,3.253962256131812
lipo,baseline,scaffold,2,COc1cc2ncnc(Nc3cccc(Cl)c3F)c2cc1OC1CCN(C)CC1,2.72,3.0443388621411094
lipo,baseline,scaffold,2,CCCc1nn(C)c2c(=O)[nH]c(-c3cc(S(=O)(=O)N4CCN(C)CC4)ccc3OCC)nc12,2.8,1.59725717441734
lipo,baseline,scaffold,2,COc1ccc(COc2ccc(Cc3cnc(N)nc3N)cc2OC)cc1,2.27,2.481109481766446
lipo,baseline,scaffold,2,CC(C)N1CCN(Cc2cnc(-c3ccc(C(=O)Nc4ccccc4N)cc3)c(Cl)c2)CC1,1.68,1.9288786426072746
lipo,baseline,scaffold,2,CC(C)N1CCN(Cc2cnc(-c3ccc(C(=O)Nc4ccccc4N)cc3)c(F)c2)CC1,1.6,1.7892179155128047
lipo,baseline,scaffold,2,CC(C)N1CCN(Cc2cnc(-c3ccc(C(=O)Nc4ccccc4N)cc3)c(C#N)c2)CC1,1.28,1.7943848996740754
lipo,baseline,scaffold,2,CCN1CCN(Cc2cnc(-c3ccc(C(=O)Nc4ccccc4N)cc3)c(Cl)c2)CC1,1.81,2.0383395273680844
lipo,baseline,scaffold,2,CCN1CCN(Cc2cnc(-c3ccc(C(=O)Nc4ccccc4N)cc3)c(C#N)c2)CC1,1.14,1.886326048046815
lipo,baseline,scaffold,2,Cc1cc(CN2CCN(C(C)C)CC2)cnc1-c1ccc(C(=O)Nc2ccccc2N)cc1,1.44,1.7305613027210986
lipo,baseline,scaffold,2,CCN1CCN(Cc2cnc(-c3ccc(C(=O)Nc4ccccc4N)cc3)c(C)c2)CC1,1.2,1.8059561350225513
lipo,baseline,scaffold,2,O=C1CN(C(=O)c2ccccc2)C(c2ccccc2)c2cc(Cl)ccc2N1,3.31,3.0871840973801548
lipo,baseline,scaffold,2,CC(c1ccccc1)N1Cc2ccccc2C1=O,3.0,2.702377256376586
lipo,baseline,scaffold,2,C#CC(C)(C)NC(=O)c1sccc1Oc1ccc(F)cc1[N+](=O)[O-],3.0,2.3077646467356323
lipo,baseline,scaffold,2,O=C(c1csc2c1CCCC2)N1CCCCC1,3.2,2.69679875595446
lipo,baseline,scaffold,2,CC[C@H](NC(=O)c1c([S+](C)[O-])c(-c2cccs2)nc2ccccc12)c1ccccc1,3.56,3.1199960657445747
lipo,baseline,scaffold,2,C[C@@H]1CN(Cc2nnc(-c3cc(-c4cccc5[nH]ccc45)cc4[nH]ncc34)o2)C[C@H](C)O1,4.01,3.086523804258581
lipo,baseline,scaffold,2,CCS(=O)(=O)c1ccc(-c2cc(C(F)(F)F)ccc2O[C@H](C)C(=O)O)c(C)c1,-0.4,1.5561288189187839
lipo,baseline,scaffold,2,N#Cc1ccc(F)c(-c2cc(C(F)(F)F)ccc2OCC(=O)O)c1,-0.16,0.1570969050002963
lipo,baseline,scaffold,2,CS(=O)(=O)c1ccc(-c2cc(Cl)ccc2OCC(=O)O)c(Cl)c1,-0.75,0.13678929666263326
lipo,baseline,scaffold,2,O=C(O)c1cc(-c2ccc(F)cc2F)ccc1O,0.59,0.504208502549817
lipo,baseline,scaffold,2,CCS(=O)(=O)c1ccc(-c2cc(C(F)(F)F)ccc2OCC(N)=O)c(C)c1,2.77,2.338094335166807
lipo,baseline,scaffold,2,Cc1cc(N(C)S(C)(=O)=O)ccc1-c1cc(C(F)(F)F)ccc1OCC(=O)O,-0.59,0.5192685672965216
lipo,baseline,scaffold,2,CN(c1ccc(-c2cc(C(F)(F)F)ccc2OCC(=O)O)cc1)S(C)(=O)=O,-0.81,0.38092345295950025
lipo,baseline,scaffold,2,CCN(CC)S(=O)(=O)c1ccc(-c2cc(C(F)(F)F)ccc2OCC(=O)O)cc1,0.67,1.2367757054708126
lipo,baseline,scaffold,2,CC(C(=O)O)c1ccc(-c2ccccc2)c(F)c1,0.85,1.1131102858545752
lipo,baseline,scaffold,2,CCS(=O)(=O)c1ccc(-c2cc(Cl)ccc2OCC(=O)O)c(C(F)(F)F)c1,0.62,0.9146621811814388
lipo,baseline,scaffold,2,CCS(=O)(=O)c1cccc(-c2cc(C(F)(F)F)ccc2OCC(=O)O)c1,-0.66,0.6028195506230934
lipo,baseline,scaffold,2,O=C(O)COc1ccc(C(F)(F)F)cc1-c1ccc(Cl)cc1,0.9,0.7516090669774669
lipo,baseline,scaffold,2,O=C(O)CCC(=O)c1ccc(-c2ccccc2)cc1,0.58,0.463707178421915
lipo,baseline,scaffold,2,CCS(=O)(=O)c1ccc(-c2cc(Cl)ccc2OCC(=O)O)c(C)c1,-0.65,0.3784496571997837
lipo,baseline,scaffold,2,N#Cc1cccc(-c2cccc(C(=O)O)c2)c1,0.3,0.48396434923291354
lipo,baseline,scaffold,2,N#Cc1cccc(-c2cc(C(F)(F)F)ccc2OCC(=O)O)c1,0.05,0.042635848605138076
lipo,baseline,scaffold,2,CCS(=O)(=O)c1ccc(-c2cc(Cl)ccc2OCC(=O)O)c(F)c1,-0.92,0.14710763716375105
lipo,baseline,scaffold,2,CCS(=O)(=O)c1ccc(-c2cc(C(F)(F)F)ccc2OCC(=O)O)c(C)c1,-0.45,0.6049090139790381
lipo,baseline,scaffold,2,Cc1ccc(C#N)cc1-c1cc(C(F)(F)F)ccc1OCC(=O)O,0.15,0.515074614020768
lipo,baseline,scaffold,2,CCC(Oc1ccc(C(F)(F)F)cc1-c1ccc(S(=O)(=O)CC)cc1C)C(=O)O,0.31,1.5414639191233181
lipo,baseline,scaffold,2,CCSc1ccc(-c2cc(C(F)(F)F)ccc2OCC(=O)O)cc1,1.54,2.119761124875834
lipo,baseline,scaffold,2,O=C(O)COc1ccc([N+](=O)[O-])cc1-c1ccccc1,-0.69,-0.11058570401096374
lipo,baseline,scaffold,2,COc1ccc(-c2cc(C(F)(F)F)ccc2OCC(=O)O)cc1,0.29,0.5248551601481409
lipo,baseline,scaffold,2,N#Cc1cccc(-c2cc(Cl)ccc2OCC(=O)O)c1,-0.25,0.10228656122848444
lipo,baseline,scaffold,2,CCS(=O)(=O)c1ccc(-c2cc(Cl)ccc2OCC(=O)O)c(Cl)c1,-0.43,0.4662354543242291
lipo,baseline,scaffold,2,CS(=O)(=O)c1ccc(-c2cc(C(F)(F)F)ccc2OCC(=O)O)c(Cl)c1,-0.52,0.5934526437091058
lipo,baseline,scaffold,2,C[C@@](CCc1ccc(-c2ccc(Cl)cc2)cc1)(C(=O)NO)S(C)(=O)=O,2.4,2.421228156392269
lipo,baseline,scaffold,2,CC(C)C[C@H](N[C@@H](c1ccc(-c2ccc(S(C)(=O)=O)cc2)cc1)C(F)(F)F)C(=O)NCC#N,3.24,2.6715091953627534
lipo,baseline,scaffold,2,CS(=O)(=O)c1ccc(-c2cc(C(F)(F)F)ccc2OCC(=O)O)cc1,-0.87,0.1572165309051372
lipo,baseline,scaffold,2,N#Cc1ccc(OCC(=O)O)c(-c2ccccc2)c1,-1.08,-0.2953960319287379
lipo,baseline,scaffold,2,CC[C@H](N)C(=O)N[C@H](C#N)Cc1ccc(-c2ccccc2)cc1,2.6,2.2435155518380596
lipo,baseline,scaffold,2,CN(c1ccc(-c2cc(F)ccc2OCC(=O)O)c(Cl)c1)S(C)(=O)=O,-1.17,0.003817971024357966
lipo,baseline,scaffold,2,O=C(O)COc1ccc(Br)cc1-c1ccccc1,0.15,0.5327255077918727
lipo,baseline,scaffold,2,CCS(=O)(=O)c1ccc(-c2cc(C(F)(F)F)ccc2CCC(=O)O)c(C)c1,0.76,1.649904654765394
lipo,baseline,scaffold,2,CCS(=O)(=O)c1ccc(-c2cc(Cl)ccc2OCC(=O)O)cc1,-0.78,-0.05854928453181174
lipo,baseline,scaffold,2,CC(CNS(=O)(=O)C(C)C)c1ccc(-c2ccc(C#N)cc2)cc1,3.5,2.5156068864467724
lipo,baseline,scaffold,2,Cc1nnc(NS(=O)(=O)c2ccc(N)cc2)s1,-1.33,-0.770303103900605
lipo,baseline,scaffold,2,CCC(c1cccnc1)n1[nH]c(=O)c2nc3cc(Cl)ccc3c(O)c2c1=O,0.7,0.42310493053470716
lipo,baseline,scaffold,2,CCCc1nc2c(N)nc3ccccc3c2s1,4.09,3.156420955665813
lipo,baseline,scaffold,2,Cc1nn(-c2ccccc2)c(NS(=O)(=O)c2cccc(CN3CCOCC3)c2)c1C(=O)N[C@@H](C)C(C)(C)C,0.29,1.43143366379043
lipo,baseline,scaffold,2,Cn1cc(-c2ccc(O)cc2)c(=O)c2c(O)cc(O)cc21,2.2,2.564153450535406
lipo,baseline,scaffold,2,O=C(Nc1ccccc1Cl)c1cc[nH]n1,2.58,1.9477514150444828
lipo,baseline,scaffold,2,CCC1=C(C)CN(C(=O)NCCc2ccc(S(=O)(=O)NC(=O)N[C@H]3CC[C@H](C)CC3)cc2)C1=O,1.73,2.017531924282017
lipo,baseline,scaffold,2,CCCNC[C@@H](O)COc1ccccc1C(=O)CCc1ccccc1,1.56,1.865104882875683
lipo,baseline,scaffold,2,O=C(CCc1ccccc1)c1ccccc1,3.77,2.98830288057589
lipo,baseline,scaffold,2,CCCNCC(O)COc1ccccc1C(=O)CCc1ccccc1,1.72,1.865104882875683
lipo,baseline,scaffold,2,CCCNC[C@H](O)COc1ccccc1C(=O)CCc1ccccc1,1.69,1.865104882875683
lipo,baseline,scaffold,2,COc1cc2ncc(C(N)=O)c(Nc3ccc(F)cc3F)c2cc1NCCN(C)C,1.91,1.985234626290361
lipo,baseline,scaffold,2,COc1cc2ncc(C(N)=O)c(Nc3cccc(Cl)c3F)c2cc1OC,3.6,2.758370526983997
lipo,baseline,scaffold,2,COc1cc2ncc(C(N)=O)c(Nc3ccc(F)cc3)c2cc1OC,2.82,2.6241168949290476
lipo,baseline,scaffold,2,COc1cc2ncc(C(N)=O)c(Nc3ccc(F)cc3F)c2cc1OC,2.95,2.449258768293123
lipo,baseline,scaffold,2,c1ccc(Nc2ccnc3ccccc23)cc1,2.78,3.2059083139731452
lipo,baseline,scaffold,2,COc1cc2ncc(C(N)=O)c(Nc3cccc(Cl)c3)c2cc1OC,3.5,2.787163088779507
lipo,baseline,scaffold,2,COc1cc2ncc(C(N)=O)c(Nc3ccccc3F)c2cc1OC,2.81,2.608413966925489
lipo,baseline,scaffold,2,COc1cc2ncc(C(N)=O)c(Nc3ccc(F)c(Cl)c3)c2cc1OC,3.22,2.760280028776907
lipo,baseline,scaffold,2,COCCOc1cc2nccc(Nc3cc(O)c(Cl)cc3F)c2cc1OC,2.64,3.1514036173165536
lipo,baseline,scaffold,2,COc1cc2c(Nc3cccc(Cl)c3Cl)c(C(N)=O)cnc2cc1NCCN(C)C,3.41,2.521772601319244
lipo,baseline,scaffold,2,COc1cc2ncc(C(N)=O)c(Nc3cc(C)ccc3F)c2cc1OC,3.16,2.691468606344099
lipo,baseline,scaffold,2,COc1cc2ncc(C(N)=O)c(Nc3ccccc3Cl)c2cc1OC,2.89,2.827766004539651
lipo,baseline,scaffold,2,COc1cc2ncc(C(N)=O)c(Nc3cccc(F)c3F)c2cc1OC,2.82,2.4934169561877098
lipo,baseline,scaffold,2,COc1cc2c(Nc3ccc(F)c(Cl)c3)c(C(N)=O)cnc2cc1OCCN(C)CCO,3.2,1.9947571301006468
lipo,baseline,scaffold,2,COc1cc2ncc(C(N)=O)c(Nc3cccc(Cl)c3Cl)c2cc1OC,3.4,2.794902437899049
lipo,baseline,scaffold,2,CCN(CC)Cc1cc(Nc2ccnc3cc(Cl)ccc23)ccc1O,2.9,2.886591402779624
lipo,baseline,scaffold,2,COc1cc2c(Nc3ccc(F)cc3F)c(C(N)=O)cnc2cc1NCCN(C)C,1.71,1.9543000079136135
lipo,baseline,scaffold,2,COc1cc2ncc(C(N)=O)c(Nc3cc(F)ccc3F)c2cc1OC,2.9,2.684059734711958
lipo,baseline,scaffold,2,COc1cc(Nc2c(C#N)cnc3cc(OC)c(OC)cc23)cc(OC)c1,3.5,3.4469467570543193
lipo,baseline,scaffold,2,COc1cc2ncc(C(N)=O)c(Nc3ccccc3C)c2cc1OC,3.4,2.5672629324602165
lipo,baseline,scaffold,2,COc1cc2ncc(C(N)=O)c(Nc3ccc(C)cc3F)c2cc1OC,3.34,2.7262215891985933
lipo,baseline,scaffold,2,O=C(OCC(O)CO)c1ccccc1Nc1ccnc2cc(Cl)ccc12,3.5,2.6583635013186293
lipo,baseline,scaffold,2,COc1cc2ncnc(Nc3cccc(Cl)c3F)c2cc1CN(C)C1(C(N)=O)CCN(C)CC1,2.16,2.7977350591188532
lipo,baseline,scaffold,2,O=C(CC1CCN(Cc2ccn(-c3ccc(C(F)(F)F)cc3)c2)CC1)N(CCCO)Cc1ccc(F)cc1,3.04,2.872355659854181
lipo,baseline,scaffold,2,COc1cc(N2CC3COCC(C2)N3)ccc1Nc1ncc(Cl)c(-c2cnc3ccccn23)n1,3.0,3.034960651264738
lipo,baseline,scaffold,2,OCCN(CCO)c1nc(N2CCCCC2)c2nc(N(CCO)CCO)nc(N3CCCCC3)c2n1,3.97,0.6687718775974243
lipo,baseline,scaffold,2,N=C(N)Nc1cc(Cl)nc(-c2ccccc2)n1,2.16,0.7935463732464407
lipo,baseline,scaffold,2,Cc1cc2n[nH]c(=O)n2c2cc(-c3ccc(C(=O)N4CCOCC4)cc3)ccc12,2.77,2.2053332426452434
lipo,baseline,scaffold,2,CC(C(=O)Nc1ccc(Cl)cc1)c1ncc(C(F)(F)F)cc1Cl,4.19,3.8441864647756985
lipo,baseline,scaffold,2,CN[C@@H](C)C(=O)N[C@H](C(=O)N[C@H]1CCN(CCc2ccccc2)C1)C1CCCCC1,1.65,1.6399112991250369
lipo,baseline,scaffold,2,Cn1c(SCc2c(Cl)cccc2Cl)nnc1-c1ccc2nonc2c1,3.35,3.2914196061804084
lipo,baseline,scaffold,2,NC(=O)c1cccc(S[C@H]2C[C@H]3CC[C@@H](C2)N3Cc2ccccc2)c1,2.22,2.1357905560837196
lipo,baseline,scaffold,2,CNC(=O)c1nc(-c2ccc(Cl)c(S(=O)(=O)Nc3cccc(F)c3F)c2)cnc1N,2.8,2.024586614280389
lipo,baseline,scaffold,2,Nc1n[nH]c(N)c1Cc1ccc2c(c1)OCO2,0.47,1.1010880987620193
lipo,baseline,scaffold,2,Cc1c(-c2ccccc2)oc2c(C(=O)OCCN3CCCCC3)cccc2c1=O,3.42,3.4462289200613228
lipo,baseline,scaffold,2,CCCCSc1nc(N)c2ncn(Cc3c(F)ccc(C)c3F)c2n1,3.0,3.521814583439754
lipo,baseline,scaffold,2,Cc1nc(N)c2nc(O)n(Cc3ccccc3)c2n1,2.04,1.7130886996111718
lipo,baseline,scaffold,2,CCN(CC)c1ncnc2c1ncn2Cc1c(Cl)cccc1Cl,1.25,3.243214661609871
lipo,baseline,scaffold,2,Nc1ncnc2c1ncn2Cc1ccccc1,1.53,1.472920763625846
lipo,baseline,scaffold,2,COCCNc1nc(N)c2nc(O)n(Cc3ccccc3)c2n1,2.18,2.065540673697911
lipo,baseline,scaffold,2,O=c1[nH]ccc2nc(-c3ccc(CN4CCC(c5n[nH]c(-c6ccccn6)n5)CC4)cc3)c(-c3ccccc3)cc12,3.9,2.48561356395056
lipo,baseline,scaffold,2,Cc1cc(C)cc(-c2[nH]c3ccc(C(C)(C)C(=O)N4C5CCC4CC5)cc3c2[C@H](C)CNCCc2ccncc2)c1,4.35,3.7601075785605635
lipo,baseline,scaffold,2,O=C(Nc1ccncc1)c1cccc2ccccc12,3.1,3.300374936753509
lipo,baseline,scaffold,2,Cc1cnc(C(=O)NCCc2ccc(S(=O)(=O)NC(=O)NC3CCCCC3)cc2)cn1,0.31,1.2347061595887978
lipo,baseline,scaffold,2,Cn1cncc1-c1c2c(=O)n(CC3CC3)c(=O)n(CC3CC3)c2nn1Cc1ccnc2ccc(Cl)cc12,4.33,3.62206823378855
lipo,baseline,scaffold,2,CCn1cc(C(=O)O)c(=O)c2cc(F)c(N3CCNCC3)nc21,-0.83,-0.30864265454019096
lipo,baseline,scaffold,2,CN(C)CCCOc1nn(Cc2ccccc2)c2ccccc12,2.4,2.472191792086937
lipo,baseline,scaffold,2,Cc1ccc(Cl)c(Nc2ccccc2C(=O)O)c1Cl,2.33,1.8955156625259875
lipo,baseline,scaffold,2,Cc1cccc(Nc2ccccc2C(=O)O)c1C,1.89,1.1686258927558777
lipo,baseline,scaffold,2,Cc1ccc(Nc2c(F)cccc2Cl)c(CC(=O)O)c1,1.02,1.1123099110580592
lipo,baseline,scaffold,2,c1ccc(Nc2ccccc2)cc1,3.2,1.3633790283070768
lipo,baseline,scaffold,2,O=C(O)c1ccccc1Nc1cccc(C(F)(F)F)c1,2.01,1.4945474292458452
lipo,baseline,scaffold,2,O=C(O)Cc1ccccc1Nc1c(Cl)cccc1Cl,1.08,1.379484673350183
lipo,baseline,scaffold,2,COc1ccc(Nc2ccccc2C(=O)O)cc1,1.2,0.7064096048817232
lipo,baseline,scaffold,2,O=C(Nc1cccc(-c2nnn[nH]2)c1)c1cc(F)cc2[nH]cnc12,0.29,1.6115562711100662
lipo,baseline,scaffold,2,O=C(Nc1cccc(-c2nnn[nH]2)c1)c1cccc2[nH]cnc12,-0.05,1.3723600017355049
lipo,baseline,scaffold,2,O=C(Nc1cccc(-c2nnn[nH]2)c1)c1cc(C(F)(F)F)cc2[nH]cnc12,1.1,1.9019142797489932
lipo,baseline,scaffold,2,CC(NCC(O)c1ccc([N+](=O)[O-])cc1)C12CC3CC(CC(C3)C1)C2,3.53,3.0603550922153335
lipo,baseline,scaffold,2,Cc1ccc(-c2cc(C(F)(F)F)n[nH]2)cc1NC(=O)c1ccc(OCc2ccccn2)cc1,2.44,3.4477537189511787
lipo,gnn,scaffold,2,Cc1cc(C)nc(SCC(N)=O)n1,0.23000000417232513,0.7180074453353882
lipo,gnn,scaffold,2,COCCNc1nc(C#N)nc(NCC(C)C)c1N,2.799999952316284,2.6103198528289795
lipo,gnn,scaffold,2,O=C(Nc1cc(C(F)(F)F)cc(C(F)(F)F)c1)c1cnc(Cl)nc1C(F)(F)F,1.7999999523162842,4.1053385734558105
lipo,gnn,scaffold,2,Cc1ccccc1NC(=O)CCS(=O)(=O)c1ccc(Br)s1,2.700000047683716,2.7839395999908447
lipo,gnn,scaffold,2,CNC(=O)c1cccc(NC(=O)Nc2cccc(C#N)c2)c1CN1CCC(Cc2ccc(F)cc2)CC1,3.9700000286102295,3.390028715133667
lipo,gnn,scaffold,2,COc1ccc(-n2cnc3cc(NS(=O)(=O)c4ccccc4)ccc32)cc1,3.700000047683716,3.2576851844787598
lipo,gnn,scaffold,2,Cc1nc(C)c(-c2ccc3c(c2)CC[C@]32CC[C@@H](Cc3nnn[nH]3)CC2)nc1C(N)=O,2.0,1.860933542251587
lipo,gnn,scaffold,2,COc1cc(NC(=O)Nc2cccc(CNC(=O)O[C@H]3CCOC3)c2)ccc1-c1cnco1,3.5999999046325684,3.0667834281921387
lipo,gnn,scaffold,2,Nc1ccccc1NC(=O)c1ccc(C2CCN(CCC(=O)Nc3ccccc3F)CC2)cc1,2.759999990463257,2.386565685272217
lipo,gnn,scaffold,2,Cc1c(Sc2ccc(Cl)cc2)c2cc(Cl)ccc2n1Cc1nnn[nH]1,3.25,2.798555612564087
lipo,gnn,scaffold,2,CCCCn1c(Cc2cc(OC)c(OC)c(OC)c2)nc2c(N)ncnc21,2.390000104904175,3.095590591430664
lipo,gnn,scaffold,2,Cc1cc(COc2ccc(NC(=O)[C@@H]3[C@@H](C(=O)NO)CCCN3C)cc2)c2ccccc2n1,2.4100000858306885,2.4081385135650635
lipo,gnn,scaffold,2,CC(C)Cn1c(=O)n(C)c(=O)c2c(S(=O)(=O)N3CC[C@@H](O)C3)c(Cc3ccccc3C(F)(F)F)sc21,3.319999933242798,3.125041961669922
lipo,gnn,scaffold,2,COc1ccc(OC)c(-c2c(F)ccc3c(N)c(C(=O)NC4CC4)nnc23)c1,3.4700000286102295,3.5464866161346436
lipo,gnn,scaffold,2,CN1CCCC1c1cccnc1,0.5,0.37838029861450195
lipo,gnn,scaffold,2,O=C(Nc1ccc(N2CCOCC2)cc1)c1nnc(NC(=O)C2(c3ccc(Cl)cc3)CCC2)o1,3.200000047683716,2.825477123260498
lipo,gnn,scaffold,2,CCCSc1c(C(=O)NC2CCCCC2)cnn1C,2.990000009536743,3.1012444496154785
lipo,gnn,scaffold,2,Cc1ccc(NC(=O)c2cccc(OCC(C)C)c2)cc1C(=O)Nc1cccnc1,2.809999942779541,3.5999855995178223
lipo,gnn,scaffold,2,Cc1ccc(NC(=O)c2ccc(Cl)c(C(F)(F)F)c2)cc1C(=O)Nc1cccnc1,2.8299999237060547,3.6735787391662598
lipo,gnn,scaffold,2,Nc1ncc(NC(=O)c2cc(NC(=O)c3cccc(C(F)(F)F)c3)ccc2Cl)cc1Cl,3.259999990463257,3.7758607864379883
lipo,gnn,scaffold,2,Cc1ccc(NC(=O)c2cccc(N(C)C)c2)cc1C(=O)Nc1cccnc1,3.009999990463257,2.712817907333374
lipo,gnn,scaffold,2,COc1cncc(NC(=O)c2cc(NC(=O)c3cccc(C(C)(C)C#N)c3)ccc2C)c1,3.0399999618530273,3.160637140274048
lipo,gnn,scaffold,2,O=C(c1cc(Cc2n[nH]c(=O)c3ccccc23)ccc1F)N1CCCNCC1,0.10000000149011612,0.00652623176574707
lipo,gnn,scaffold,2,OCCOCCN1CCN(C(c2ccccc2)c2ccc(Cl)cc2)CC1,3.0799999237060547,2.648634672164917
lipo,gnn,scaffold,2,Clc1ccc(C(c2ccccc2)N2CCNCC2)cc1,1.940000057220459,1.7873239517211914
lipo,gnn,scaffold,2,O=C(O)COCCN1CCN(C(c2ccccc2)c2ccc(Cl)cc2)CC1,1.2699999809265137,0.5895980596542358
lipo,gnn,scaffold,2,O=C(O)CCC[C@@H]1c2ccccc2C[C@H]1NC(=O)c1cc2cc(F)ccc2[nH]1,1.9500000476837158,1.9085725545883179
lipo,gnn,scaffold,2,O=C(O)C[C@@H]1c2ccccc2C[C@H]1NC(=O)c1cc2cc(F)ccc2[nH]1,1.2599999904632568,1.23356294631958
lipo,gnn,scaffold,2,O=C(O)C[C@@H]1c2ccccc2C[C@H]1NC(=O)c1cc2cc(Cl)ccc2[nH]1,1.7899999618530273,1.524100422859192
lipo,gnn,scaffold,2,CN1CCN(c2nc(NCCNc3ccc([N+](=O)[O-])cc3)c3ccccc3n2)CC1,2.9100000858306885,3.2642934322357178
lipo,gnn,scaffold,2,Cc1cc(N)c2cc(NC(=O)CCCCC(=O)Nc3ccc4nc(C)cc(N)c4c3)ccc2n1,0.5299999713897705,1.9006479978561401
lipo,gnn,scaffold,2,CC[C@@H](Nc1c(Nc2cccc(C(=O)N(C)C)c2O)c(=O)c1=O)c1ccccc1,2.140000104904175,2.034294843673706
lipo,gnn,scaffold,2,O=C(O)c1cccc(-c2ccc3c(C(=O)NCC45CC6CC(CC(C6)C4)C5)c(Cl)ccc3n2)c1,2.8399999141693115,1.7659275531768799
lipo,gnn,scaffold,2,CCCN[C@H]1CCc2nc(N)sc2C1,3.1500000953674316,-0.05465579032897949
lipo,gnn,scaffold,2,Cc1ccc(C(=O)NC(C)C)cc1-n1cnc2ccc(N3CCN(C)CC3)cc2c1=O,1.559999942779541,1.6175044775009155
lipo,gnn,scaffold,2,CCNC(=O)c1ccc(C)c(-n2cnc3ccc(N4CCN(C)CC4)cc3c2=O)c1,1.4700000286102295,1.6148134469985962
lipo,gnn,scaffold,2,CC(=O)N1CCN(c2ccc(OCC3COC(Cn4ccnc4)(c4ccc(Cl)cc4Cl)O3)cc2)CC1,3.700000047683716,2.3938605785369873
lipo,gnn,scaffold,2,Cc1nc(C(=O)N2CCOC3(CCN(Cc4ccc(Cl)cc4)CC3)C2)cs1,2.1700000762939453,2.1473782062530518
lipo,gnn,scaffold,2,COc1cc2c(Nc3c(Cl)ccc4c3OCO4)ncnc2cc1OCCCN1CCCCC1,2.049999952316284,2.975942373275757
lipo,gnn,scaffold,2,CS(=O)(=O)c1cccc(Nc2nccc(Nc3cccc4ccoc34)n2)c1,3.5199999809265137,3.1360745429992676
lipo,gnn,scaffold,2,CS(=O)(=O)c1cccc(Nc2nccc(Nc3c(Cl)ccc4ccoc34)n2)c1,3.700000047683716,3.296696424484253
lipo,gnn,scaffold,2,CCCC(C)(COC(N)=O)COC(=O)NC(C)C,2.009999990463257,1.8045525550842285
lipo,gnn,scaffold,2,CCC(CO)NCCNC(CC)CO,-1.4199999570846558,-1.6818835735321045
lipo,gnn,scaffold,2,CCCC[C@@H](C=O)NC(=O)[C@H](CC(C)C)NC(=O)[C@H](CC(C)C)NC(C)=O,2.5999999046325684,2.296776533126831
lipo,gnn,scaffold,2,CC(N)(COP(=O)(O)O)C(=O)O,2.5,-5.402569770812988
lipo,gnn,scaffold,2,CCCCC(CC)COC(=O)CC(C(=O)OCC(CC)CCCC)S(=O)(=O)O,2.930000066757202,2.609998941421509
lipo,gnn,scaffold,2,COc1cc(C(=O)N2CCOCC2)ccc1Nc1ncc(Cl)c(-c2cnc3ccccn23)n1,3.4000000953674316,3.053957223892212
lipo,gnn,scaffold,2,O=C(Cc1ccc2c(n1)NCCC2)Nc1ccc(C[C@H](NC(=O)c2c(Cl)cccc2Cl)C(=O)O)cc1,-0.6299999952316284,-0.19588446617126465
lipo,gnn,scaffold,2,CN1CCN(c2ccc3nc(-c4c(N)c5c(F)cccc5[nH]c4=O)[nH]c3c2)CC1,3.450000047683716,2.871967315673828
lipo,gnn,scaffold,2,NC(=O)c1nnn(-c2ccccc2)c1N,0.7400000095367432,0.9928785562515259
lipo,gnn,scaffold,2,O=C(Nc1ccc(Cl)c(Cl)c1)N1CCN(C[C@@H]2CCCN(CC3CC3)C2)CC1,2.5399999618530273,3.339982032775879
lipo,gnn,scaffold,2,Fc1cc(F)cc(-c2cc(N(CCCN3CCCCCC3)Cc3ccc4c(c3)OCO4)on2)c1,3.8399999141693115,3.614769697189331
lipo,gnn,scaffold,2,c1ccc(C2Cc3ccccc3CN2)cc1,1.899999976158142,2.0288593769073486
lipo,gnn,scaffold,2,CS(=O)(=O)C1(c2cc(N3CC4CCC(C3)O4)nc(-c3cccc4[nH]ccc34)n2)CC1,2.5999999046325684,2.656923770904541
lipo,gnn,scaffold,2,c1ccc(-c2cc(NCCCCNc3cc(-c4ccccc4)nc4ccccc34)c3ccccc3n2)cc1,3.6500000953674316,3.3715105056762695
lipo,gnn,scaffold,2,CN1CCN(c2ccc(Nc3ccnc4ccccc34)cc2)CC1,1.2999999523162842,2.597209930419922
lipo,gnn,scaffold,2,Cc1cc(NCc2ccccc2)nc2ccccc12,3.690000057220459,3.5862083435058594
lipo,gnn,scaffold,2,O=c1ccoc2ccccc12,1.399999976158142,1.707835078239441
lipo,gnn,scaffold,2,CCOC(=O)c1coc2ccccc2c1=O,1.809999942779541,2.2801029682159424
lipo,gnn,scaffold,2,COc1cc2ncnc(Nc3ccc(F)c(Cl)c3)c2cc1OCCN1CCCC1,3.2799999713897705,3.220526695251465
lipo,gnn,scaffold,2,CC(C)N(CCC(C(N)=O)(c1ccccc1)c1ccccn1)C(C)C,-0.5400000214576721,0.9772584438323975
lipo,gnn,scaffold,2,CN(C)CCOC(C)(c1ccccc1)c1ccccn1,-0.20000000298023224,0.9314148426055908
lipo,gnn,scaffold,2,COc1ccc2nc(C)cc(OCC(=O)NCc3ccccc3)c2c1,3.200000047683716,3.011505603790283
lipo,gnn,scaffold,2,CCC(CC)NC(=O)c1cnn(Cc2ccccc2)c1NS(=O)(=O)c1ccc(C)cc1,1.5199999809265137,1.321007490158081
lipo,gnn,scaffold,2,FC(F)(F)c1nnc2ccc(NCn3nnc4ccccc43)nn12,2.3399999141693115,2.624631404876709
lipo,gnn,scaffold,2,CC(C)NCC(O)COc1ccc(CCOCC2CC2)cc1,0.6299999952316284,0.6149635314941406
lipo,gnn,scaffold,2,c1ccc(-c2ccc(COc3ccc4c(c3)CCC(CCN3CCCCC3)C4)cc2)cc1,3.299999952316284,4.380824565887451
lipo,gnn,scaffold,2,CNC(=O)c1c(F)cccc1Nc1nc(Nc2cc3c(cc2OC)CCN3C(=O)CN(C)C)nc2[nH]ccc12,2.609999895095825,3.053825616836548
lipo,gnn,scaffold,2,O=S(=O)(C1CCNCC1)C1(c2cc(N3CCOCC3)nc(-c3cccc4[nH]ccc34)n2)CC1,1.100000023841858,0.6502600908279419
lipo,gnn,scaffold,2,C[C@H](NC1=NC(=O)C(C)(C(F)(F)F)S1)c1ccccc1F,3.0999999046325684,2.3458495140075684
lipo,gnn,scaffold,2,C[C@H](NC1=NC(=O)[C@](C)(C(F)(F)F)S1)c1ccccc1F,3.0999999046325684,2.6525394916534424
lipo,gnn,scaffold,2,C[C@H](NC1=NC(=O)[C@@](C)(C(F)(F)F)S1)c1ccccc1F,3.0999999046325684,2.709946393966675
lipo,gnn,scaffold,2,Cn1c(CN2CCC(c3ccccc3)CC2)nc2ccccc21,3.5999999046325684,3.362520217895508
lipo,gnn,scaffold,2,OC(c1ccccc1)c1cccnc1,1.7200000286102295,0.9642044305801392
lipo,gnn,scaffold,2,Nc1nccc(-n2ccc3ccccc32)n1,2.7100000381469727,2.7107293605804443
lipo,gnn,scaffold,2,COc1cc(O)c(C(CC(=O)N2CC(C)CC(C)C2)c2ccc3c(c2)OCO3)c(OC)c1,4.300000190734863,2.9853949546813965
lipo,gnn,scaffold,2,C[C@@H]1c2c([nH]c3ccc(C(F)(F)F)cc23)C[C@@H]2CCN(CCN3CCOCC3)C[C@H]21,2.869999885559082,3.6542820930480957
lipo,gnn,scaffold,2,Cc1sc2ncnc(N3CCN(c4ncccn4)CC3)c2c1C,3.6600000858306885,3.292788505554199
lipo,gnn,scaffold,2,O=C1C(=O)N(Cc2ccc(Cl)cc2)c2ccccc21,3.0999999046325684,2.8946950435638428
lipo,gnn,scaffold,2,O=C(OC1CN2CCC1CC2)C(O)(c1ccccc1)c1ccccc1,1.190000057220459,1.6425602436065674
lipo,gnn,scaffold,2,CS(=O)(=O)c1ccc(-c2nnc(/C=C/c3nnc(-c4ccc(C#N)cc4)o3)n2-c2ccccc2Cl)nc1,2.6600000858306885,3.0210890769958496
lipo,gnn,scaffold,2,CC(C)C(NC(=O)Cn1c(-c2ccccc2)ccc(NS(C)(=O)=O)c1=O)C(=O)C(F)(F)F,1.7699999809265137,1.1864054203033447
lipo,gnn,scaffold,2,CC(C)C(NC(=O)Cn1c(-c2ccccc2)ccc(NS(N)(=O)=O)c1=O)C(=O)C(F)(F)F,1.1699999570846558,1.5275174379348755
lipo,gnn,scaffold,2,CC(C)C(NC(=O)Cn1c(-c2ccccc2)ccc(NC=O)c1=O)C(=O)C(F)(F)F,1.840000033378601,1.2709639072418213
lipo,gnn,scaffold,2,CCNc1ccc(-c2ccccc2)n(CC(=O)NC(C(=O)C(F)(F)F)C(C)C)c1=O,2.369999885559082,2.3858160972595215
lipo,gnn,scaffold,2,CC(C)C(NC(=O)Cn1c(-c2ccccc2)ccc(NS(=O)(=O)C(F)(F)F)c1=O)C(=O)C(F)(F)F,1.0099999904632568,2.1937100887298584
lipo,gnn,scaffold,2,CC(C)C(NC(=O)Cn1c(-c2ccccc2)ccc(N)c1=O)C(=O)C(F)(F)F,1.7400000095367432,1.5997881889343262
lipo,gnn,scaffold,2,CC(=O)Nc1ccc(-c2ccccc2)n(CC(=O)NC(C(=O)C(F)(F)F)C(C)C)c1=O,1.7799999713897705,1.49833345413208
lipo,gnn,scaffold,2,CNS(=O)(=O)Nc1ccc(-c2ccccc2)n(CC(=O)NC(C(=O)C(F)(F)F)C(C)C)c1=O,1.7899999618530273,1.549623966217041
lipo,gnn,scaffold,2,CN(C)CC1CCn2c(c(C3=C(c4cn(C)c5ccccc45)C(=O)NC3=O)c3ccccc32)C1,2.880000114440918,2.7659244537353516
lipo,gnn,scaffold,2,Nc1cc2n[nH]c(=O)n2c2cc(-c3cccs3)ccc12,3.259999990463257,2.8708884716033936
lipo,gnn,scaffold,2,N#Cc1cccc(C(=O)Nc2cc(-c3ccccc3)nn2-c2ccccc2)c1,3.819999933242798,3.5638513565063477
lipo,gnn,scaffold,2,Cn1ncnc1-c1c2c(=O)n(C)c(=O)n(CC3CC3)c2nn1Cc1ccnc2ccc(Cl)cc12,3.799999952316284,2.959298610687256
lipo,gnn,scaffold,2,CCC(c1nc2ccn(C)c2c(=O)n1Cc1ccccc1)N(CCCN)C(=O)c1ccc(C)cc1,1.7999999523162842,1.4584904909133911
lipo,gnn,scaffold,2,COc1cc2c(NC(=O)Nc3c(Cl)cccc3Cl)ncnc2cc1OCC1CCN(C)CC1,2.700000047683716,2.6363108158111572
lipo,gnn,scaffold,2,CC(=O)Nc1ccc2ccn(-c3cc(Nc4ccn(C)n4)n4ncc(C#N)c4n3)c2c1,3.569999933242798,2.9880247116088867
lipo,gnn,scaffold,2,O=C(O)CN1C(=O)C(NC(=O)c2cc3sc(Cl)c(Cl)c3[nH]2)Cc2ccccc21,0.6700000166893005,1.5182902812957764
lipo,gnn,scaffold,2,NC(=O)N1c2ccccc2CC(=O)c2ccccc21,1.2799999713897705,1.0317165851593018
lipo,gnn,scaffold,2,COC[C@H](C)Oc1cc(O[C@@H](C)Cc2ccccc2)cc(C(=O)Nc2ccc(C(=O)O)cn2)c1,1.5,1.2945523262023926
lipo,gnn,scaffold,2,CC(C)Cn1c(=O)n(C)c(=O)c2c(C(=O)N3CC(C)(O)C3)c(Cc3ccccc3C(F)(F)F)sc21,3.180000066757202,2.868135690689087
lipo,gnn,scaffold,2,CC(C)Cn1c(=O)n(C)c(=O)c2c(C(=O)N3CCC3)c(Cc3ccccc3C(F)(F)F)sc21,3.4600000381469727,3.456655502319336
lipo,gnn,scaffold,2,CC(C)Cn1c(=O)[nH]c(=O)c2c(C(=O)N3CCC3)c(Cc3ccccc3C(F)(F)F)sc21,3.0,3.093621253967285
lipo,gnn,scaffold,2,C[C@@H](C#N)NC(=O)[C@@H]1CCCC[C@H]1C(=O)N1CCc2[nH]c3ccc(F)cc3c2C1,3.5,3.0949602127075195
lipo,gnn,scaffold,2,N#CCNC(=O)[C@@H]1CCCC[C@H]1C(=O)N1CCc2[nH]c3ccc(F)cc3c2C1,2.7699999809265137,2.9474551677703857
lipo,gnn,scaffold,2,C[C@H](C#N)NC(=O)[C@@H]1CCCC[C@H]1C(=O)N1CCc2[nH]c3ccc(F)cc3c2C1,3.0999999046325684,3.126795768737793
lipo,gnn,scaffold,2,O=c1[nH]c2c(O)ccc([C@@H](O)CNCCc3cccc(CNCCc4ccccn4)c3)c2s1,-0.07000000029802322,-0.08912873268127441
lipo,gnn,scaffold,2,CN[C@@H](C)C(=O)N[C@H](C(=O)N1CC[C@H]2CC[C@H](NC(=O)c3cccc4ccccc34)[C@H]21)C(C)(C)C,1.940000057220459,3.073875904083252
lipo,gnn,scaffold,2,c1ccc2c(c1)CCN(c1ccncc1)C2,1.399999976158142,3.1619720458984375
lipo,gnn,scaffold,2,NC1(c2ccc(-c3c(-c4ccccc4)ccn4ccnc34)cc2)CCC1,2.0,2.19403076171875
lipo,gnn,scaffold,2,C[C@H](Nc1ccc2ncn(-c3cc(C4CC4)[nH]n3)c2n1)c1ncc(F)cn1,2.740000009536743,2.6390178203582764
lipo,gnn,scaffold,2,CC(C)C(NC(=O)Cn1c(-c2ccc(F)cc2)ncc(NC(=O)OCc2ccccc2)c1=O)C(=O)C(F)(F)F,2.4700000286102295,2.5927677154541016
lipo,gnn,scaffold,2,CC(C)C(NC(=O)Cn1c(-c2ccccc2)ncc(NC(=O)OCc2ccccc2)c1=O)C(=O)C(F)(F)F,2.119999885559082,2.515584707260132
lipo,gnn,scaffold,2,Cn1c(C#N)ccc1-c1cc(F)c2c(c1)C(C)(C)C(=O)N2,3.2100000381469727,2.7259678840637207
lipo,gnn,scaffold,2,COc1cccc(C(=O)NCCCOc2cccc3ccc(N)nc23)c1,2.4600000381469727,2.9107770919799805
lipo,gnn,scaffold,2,COc1cc2ncnc(Nc3cc(Cl)ccc3F)c2cc1OCCCN1CCOCC1,3.4000000953674316,3.2537546157836914
lipo,gnn,scaffold,2,CCN(c1ccccc1)c1cc(NC)[n+](C)c(C)n1,-0.9100000262260437,0.6810593605041504
lipo,gnn,scaffold,2,CC(=O)O[C@H]1CC[C@]2(C=O)[C@H]3CC[C@]4(C)[C@@H](C5=CC(=O)OC5)CC[C@]4(O)[C@@H]3CC[C@]2(O)C1,0.6399999856948853,1.2663207054138184
lipo,gnn,scaffold,2,O=C(O)c1cccnc1N1CCC(CN2CCC(Oc3ccc(Cl)c(Cl)c3)CC2)CC1,1.7100000381469727,1.8821353912353516
lipo,gnn,scaffold,2,Nc1ncc(-c2ccc(F)cc2)[nH]1,1.3899999856948853,2.360293388366699
lipo,gnn,scaffold,2,CC(C)(C)NC(=O)Nc1ccc(-c2c(N)nc(N)nc2COCc2ccccc2)cc1,3.0899999141693115,3.162867307662964
lipo,gnn,scaffold,2,Cc1ccc(CO)cc1N(C)c1ccnc(Nc2cc(N3CCOCC3)nc(N3CCOCC3)c2)n1,3.440000057220459,2.926692485809326
lipo,gnn,scaffold,2,O=C1CC2(CCCC2)CC(=O)N1CCCCN1CCN(c2ncccn2)CC1,2.190000057220459,0.9727050065994263
lipo,gnn,scaffold,2,NS(=O)(=O)c1ccc(Nc2nccc(-c3ccccc3)n2)cc1,2.859999895095825,2.6105425357818604
lipo,gnn,scaffold,2,COc1cc(Nc2nc(N[C@@H](C)c3ncc(F)cn3)ncc2Br)n[nH]1,2.5999999046325684,2.5338664054870605
lipo,gnn,scaffold,2,Cc1cc(Nc2nc(N[C@@H](C)c3ncc(F)cn3)ncc2C)n[nH]1,1.75,1.8801237344741821
lipo,gnn,scaffold,2,COc1cc(Nc2nc(N[C@@H](C)c3ncc(F)cn3)ncc2Cl)n[nH]1,2.5299999713897705,2.4098310470581055
lipo,gnn,scaffold,2,C[C@H](Nc1ncc(F)c(Nc2cc(N(C)C)[nH]n2)n1)c1ncc(F)cn1,1.9800000190734863,2.273022413253784
lipo,gnn,scaffold,2,C[C@H](Nc1ncc(Cl)c(Nc2cc(N(C)C)[nH]n2)n1)c1ncc(F)cn1,2.3299999237060547,2.5221171379089355
lipo,gnn,scaffold,2,Cc1cc(Nc2nc(N[C@@H](C)c3ncc(F)cn3)ncc2Br)n[nH]1,2.390000104904175,2.490293264389038
lipo,gnn,scaffold,2,Cc1cc(Nc2nc(N[C@@H](C)c3ncc(F)cn3)ncc2F)n[nH]1,1.7899999618530273,2.0405445098876953
lipo,gnn,scaffold,2,CCC(=O)NCC[C@@H]1CCc2ccc3c(c21)CCO3,2.569999933242798,2.8294765949249268
lipo,gnn,scaffold,2,CCc1cc(OCc2ccc(-c3ccccc3-c3nn[nH]n3)cc2)c2c(n1)CCCC2,1.7000000476837158,2.593743085861206
lipo,gnn,scaffold,2,CCN(C(=O)c1cnn(-c2ccccc2)c1NS(=O)(=O)c1ccc(-c2cnco2)cc1)C1CCCCC1,1.4600000381469727,1.3642528057098389
lipo,gnn,scaffold,2,COc1cc(OC)c2nc(C)c3c(c2c1)N(c1ccc(O)cc1)CC3,1.5,3.6055610179901123
lipo,gnn,scaffold,2,O=C(NCc1ccnc2ccccc12)c1ccc(Oc2ccc(C#C[C@]3(O)CN4CCC3CC4)cc2)cc1,3.880000114440918,3.0408740043640137
lipo,gnn,scaffold,2,COC1=CC(c2cc3ccccc3[nH]2)=N/C1=C\c1[nH]c(C)cc1C,2.549999952316284,4.025278091430664
lipo,gnn,scaffold,2,Cc1ccc(OC(=O)N2CCN3CCC2CC3)cc1,1.0199999809265137,1.3535916805267334
lipo,gnn,scaffold,2,O=C(Oc1ccc(Br)cc1)N1CCN2CCC1CC2,1.5800000429153442,2.0810022354125977
lipo,gnn,scaffold,2,CCOc1ccccc1N1CCN(Cc2c[nH]nc2-c2ccc(F)cc2)CC1,3.380000114440918,3.5352742671966553
lipo,gnn,scaffold,2,O=C(CC1CCN(Cc2ccn(-c3ccc(C(F)(F)F)cc3)c2)CC1)NC(c1ccc(F)cc1)c1c[nH]c(=O)c(Cl)c1,3.119999885559082,3.652250289916992
lipo,gnn,scaffold,2,O=C(CC1CCN(Cc2ccn(-c3ccc(C(F)(F)F)cc3)c2)CC1)NC(c1ccc(F)cc1)c1ccc(=O)[nH]c1,3.0399999618530273,3.3683130741119385
lipo,gnn,scaffold,2,CN(C)CCCC1(c2ccc(F)cc2)OCc2cc(C#N)ccc21,1.559999942779541,2.2338879108428955
lipo,gnn,scaffold,2,CN(C)CCC[C@@]1(c2ccc(F)cc2)OCc2cc(C#N)ccc21,1.4800000190734863,2.0261523723602295
lipo,gnn,scaffold,2,Cc1occc(=O)c1OCc1ccccc1,1.8700000047683716,2.442107677459717
lipo,gnn,scaffold,2,Cc1occc(=O)c1OCc1ccc(F)cc1,1.909999966621399,2.765622615814209
lipo,gnn,scaffold,2,CN[C@@H](C)C(=O)N[C@H](C(=O)N[C@H]1CCCCN(Cc2ccccc2)C1)C1CCCCC1,2.119999885559082,2.3451011180877686
lipo,gnn,scaffold,2,CCOC(=O)c1ccc(OCC2CCN(c3ccc(C)nn3)C2)cc1,3.440000057220459,3.2448019981384277
lipo,gnn,scaffold,2,C[C@H](CO)Nc1nc(SCc2ccco2)nc2[nH]c(=O)sc12,2.2100000381469727,2.161304235458374
lipo,gnn,scaffold,2,Cc1cc2c(C(C)C)c(O)c(O)c(C=O)c2c(O)c1-c1c(C)cc2c(C(C)C)c(O)c(O)c(C=O)c2c1O,2.75,2.514185667037964
lipo,gnn,scaffold,2,O=S(=O)(CCOCCCc1ccccc1)NCCNCCc1ccc(O)c2nc(O)sc12,2.2200000286102295,2.415990114212036
lipo,gnn,scaffold,2,COc1cc2cc(-c3ccc(O)cc3O)nc(C)c2cc1OC,3.9000000953674316,2.8785743713378906
lipo,gnn,scaffold,2,O=c1oc2ccccc2c(O)c1Cc1c(O)c2ccccc2oc1=O,1.2200000286102295,2.652683734893799
lipo,gnn,scaffold,2,CNC(=O)c1ccc(Nc2nccc(-c3cnc(C4CC4)n3C(C)C)n2)cc1,2.7699999809265137,3.1515297889709473
lipo,gnn,scaffold,2,Cc1ncc(-c2nc(Nc3ccc(C(=O)N4CCCN(C)CC4)cc3)ncc2F)n1C(C)C,2.0199999809265137,2.334021806716919
lipo,gnn,scaffold,2,CC(C)CC(c1ccncc1)n1[nH]c(=O)c2nc3cc(Cl)ccc3c(O)c2c1=O,1.6399999856948853,1.4393290281295776
lipo,gnn,scaffold,2,CCCCC(c1ccncc1)n1[nH]c(=O)c2nc3cc(Cl)ccc3c(O)c2c1=O,1.399999976158142,1.435908555984497
lipo,gnn,scaffold,2,CN1CCN(CC(=O)Nc2ccc(-c3cccn4c(=O)cc(N5CCOCC5)nc34)c3sc4ccccc4c23)CC1,2.5999999046325684,3.1658716201782227
lipo,gnn,scaffold,2,COCCN1CCN(CC(=O)Nc2ccc(-c3cccn4c(=O)cc(N5CCOCC5)nc34)c3sc4ccccc4c23)CC1,3.200000047683716,3.2158117294311523
lipo,gnn,scaffold,2,Cc1sc(N2CCN(C)CC2)nc1CCOc1ccc(C[C@H](Nc2ccccc2C(=O)c2ccccc2)C(=O)O)cc1,2.5799999237060547,1.870954990386963
lipo,gnn,scaffold,2,CCOC(=O)[C@H](Cc1ccc([N+](=O)[O-])cc1)NC(=O)c1ccccc1,2.7899999618530273,2.863992691040039
lipo,gnn,scaffold,2,CC(C)C(=O)Nc1nc(-c2ccccn2)cc2ccccc12,2.700000047683716,3.1497385501861572
lipo,gnn,scaffold,2,COCCOC(=O)C1=C(C)NC(C)=C(C(=O)OC(C)C)C1c1cccc([N+](=O)[O-])c1,3.799999952316284,3.3001413345336914
lipo,gnn,scaffold,2,COC(=O)C1=C(C)NC(C)=C(C(=O)OC)C1c1ccccc1[N+](=O)[O-],3.2899999618530273,2.9471025466918945
lipo,gnn,scaffold,2,COC(=O)C1=C(C)NC(C)=C(C(=O)OCC(C)C)C1c1ccccc1[N+](=O)[O-],3.5899999141693115,3.56494402885437
lipo,gnn,scaffold,2,Fc1cc(-c2cccc3ncc(-c4cnn(C5CCNCC5)c4)nc23)cc(F)c1CN1CCOCC1,1.8600000143051147,2.0631399154663086
lipo,gnn,scaffold,2,CCN(CC)CC(=O)Nc1c(C#N)cnn1-c1ccccc1,0.4000000059604645,0.18862688541412354
lipo,gnn,scaffold,2,Cc1cc(N)n(-c2ccccc2)n1,1.25,2.150871515274048
lipo,gnn,scaffold,2,Cc1cc(C)n(-c2cccc(Cl)c2C#N)n1,3.0,2.2779955863952637
lipo,gnn,scaffold,2,O=C(CC1CCCCCC1)Nc1cccc2c(=O)n([C@H]3CCNC3)ccc12,1.149999976158142,1.0543010234832764
lipo,gnn,scaffold,2,O=c1[nH]c2c(O)ccc([C@@H](O)CNCCc3ccc(CNCCc4ccccc4F)cc3)c2s1,1.2999999523162842,1.2142701148986816
lipo,gnn,scaffold,2,O=c1[nH]c2c(O)ccc([C@@H](O)CNCCc3ccc(CNCCc4ccccc4)cc3)c2s1,1.1100000143051147,0.8541817665100098
lipo,gnn,scaffold,2,O=c1[nH]c2c(O)ccc([C@@H](O)CNCCc3ccc(CNCCc4c(Cl)cccc4Cl)cc3)c2s1,2.299999952316284,2.408268451690674
lipo,gnn,scaffold,2,COc1ccccc1CCNCc1ccc(CCNC[C@H](O)c2ccc(O)c3[nH]c(=O)sc23)cc1,0.800000011920929,0.8393183946609497
lipo,gnn,scaffold,2,NC1(c2ccc(-c3ncc4ccncc4c3-c3ccccc3)cc2)CCC1,2.200000047683716,2.2903707027435303
lipo,gnn,scaffold,2,COc1ccc(C(=O)NCc2cn(-c3cc(C)nc4ccc(OC)cc34)nn2)cc1,3.5,2.964301109313965
lipo,gnn,scaffold,2,CCOc1ccccc1-c1ccc(-c2nc3ccc(F)cc3c(N[C@H](C)C(=O)O)c2C#N)cc1,2.5,1.7791799306869507
lipo,gnn,scaffold,2,CCOc1ccccc1-c1ccc(-c2nc3ccc(F)cc3c(C(=O)O)c2C)cc1,1.1799999475479126,2.343486785888672
lipo,gnn,scaffold,2,CCOc1ccccc1-c1ccc(-c2nc3ccc(F)cc3c(C(=O)NCCOCCN)c2C)cc1,2.4600000381469727,2.9433624744415283
lipo,gnn,scaffold,2,c1ccc(-c2nnc(-c3ccccc3)s2)cc1,4.199999809265137,3.897366762161255
lipo,gnn,scaffold,2,Nc1ccccc1NC(=O)c1ccc(-c2ncc(CN3CCCCC3)s2)cc1,2.819999933242798,2.736727237701416
lipo,gnn,scaffold,2,COc1cc(N2CC3CN(CCO)CC(C2)O3)ccc1Nc1ncc(Cl)c(-c2cnc3ccccn23)n1,2.5,2.962759256362915
lipo,gnn,scaffold,2,COc1cc(N2CC3CNCC(C2)O3)ccc1Nc1ncc(Cl)c(-c2cnc3ccccn23)n1,2.299999952316284,2.460573673248291
lipo,gnn,scaffold,2,NS(=O)(=O)c1cc(C(=O)O)cc(N2CCCC2)c1Oc1ccccc1,-0.9399999976158142,-0.3746955394744873
lipo,gnn,scaffold,2,C[C@H](NC(=O)/C=C/c1ccccc1)c1cccc(N2CCOCC2)c1,3.240000009536743,2.8713767528533936
lipo,gnn,scaffold,2,COc1ccc(N2CCN(C(=O)[C@@H]3CCCC[C@H]3C(=O)NCC#N)CC2)cc1,1.600000023841858,1.565459966659546
lipo,gnn,scaffold,2,CS(=O)(=O)c1ccc(N2CCN(C(=O)[C@@H]3CCCC[C@H]3C(=O)NCC#N)CC2)cc1,0.6700000166893005,0.5850270986557007
lipo,gnn,scaffold,2,N#CCNC(=O)[C@@H]1CCCC[C@H]1C(=O)N1CCN(c2ccc(F)cc2)CC1,1.9199999570846558,1.8527861833572388
lipo,gnn,scaffold,2,N#CCNC(=O)[C@@H]1CCCC[C@H]1C(=O)N1CCN(c2ccc(C#N)cc2)CC1,1.7899999618530273,1.1330538988113403
lipo,gnn,scaffold,2,N#CCNC(=O)[C@@H]1CCCC[C@H]1C(=O)N1CCN(c2ccccc2)CC1,1.75,1.4782989025115967
lipo,gnn,scaffold,2,N#Cc1cccc(OC[C@@H](O)CNC2CCN(Cc3ccc(Cl)c(Cl)c3)CC2)c1,3.0899999141693115,2.8311362266540527
lipo,gnn,scaffold,2,COCCNC(=O)c1ccc(Nc2ncc3cc(-c4cccnc4)ccc3n2)cc1,3.109999895095825,2.8991241455078125
lipo,gnn,scaffold,2,CC(C)C(NC(=O)Cn1c(-c2ccccc2)ccc(NC(=O)NCc2ccc[n+]([O-])c2)c1=O)C(=O)C(F)(F)F,1.4800000190734863,1.530490517616272
lipo,gnn,scaffold,2,CN(C(=O)C1CCC1)C1CCN(CCC(c2ccccc2)c2ccccc2)CC1,3.200000047683716,3.4251515865325928
lipo,gnn,scaffold,2,Nc1nc(Nc2ccc3nc(-c4ccc(F)cc4)cc(N)c3c2)cc(-c2cccc(Cl)c2)n1,2.5,3.766129493713379
lipo,gnn,scaffold,2,Nc1nc(Nc2ccc3nc(-c4ccc(F)cc4)cc(N)c3c2)cc(-c2ccc(C(F)(F)F)cc2)n1,1.5399999618530273,3.910766124725342
lipo,gnn,scaffold,2,O=C(Nc1ccc(N2CCOCC2)nc1)c1nnc(Nc2cccc(OCc3cccnc3)c2)o1,3.299999952316284,2.82621431350708
lipo,gnn,scaffold,2,O=C1Nc2ccccc2C1(O)c1ccccc1,1.7100000381469727,2.3685097694396973
lipo,gnn,scaffold,2,CCN(CC)CCN1C(=O)[C@@](O)(c2ccccc2Cl)c2c1cc(C(N)=O)cc2C(F)(F)F,2.4000000953674316,2.025456190109253
lipo,gnn,scaffold,2,Cc1c(CC(=O)O)c2cc(F)ccc2n1S(=O)(=O)c1ccc(S(C)(=O)=O)cc1,-0.4399999976158142,-0.4905397891998291
lipo,gnn,scaffold,2,Cc1cc(Cl)ccc1OC1CCN(C[C@H](O)CNC(=O)c2c[nH]nc2C(F)(F)F)CC1,3.0199999809265137,3.1117982864379883
lipo,gnn,scaffold,2,Cc1c(Cl)ccc(OC2CCN(C[C@H](O)CNC(=O)c3c[nH]nc3C(F)(F)F)CC2)c1Cl,3.6600000858306885,3.3606462478637695
lipo,gnn,scaffold,2,O=C(NC[C@@H](O)CN1CCC(Oc2ccc(Cl)c(Cl)c2)CC1)c1c[nH]nc1C(F)(F)F,3.3399999141693115,3.280182123184204
lipo,gnn,scaffold,2,CCCN(CCO)CCCOc1ccc2c(Nc3cc(CC(=O)Nc4cccc(F)c4F)[nH]n3)ncnc2c1,2.190000057220459,2.0941851139068604
lipo,gnn,scaffold,2,CCN(CCO)CCCOc1cc2ncnc(Nc3cc(CC(=O)Nc4cccc(F)c4)[nH]n3)c2cc1OC,2.119999885559082,1.665351390838623
lipo,gnn,scaffold,2,CCCN(CCO)CCCOc1cc2ncnc(Nc3cc(CC(=O)Nc4cccc(F)c4F)[nH]n3)c2cc1OC,1.2799999713897705,2.136427402496338
lipo,gnn,scaffold,2,CCN(CCO)CCCOc1cc2ncnc(Nc3cc(CC(=O)Nc4cccc(F)c4F)[nH]n3)c2cc1OC,1.940000057220459,1.7825380563735962
lipo,gnn,scaffold,2,COc1cc2c(Nc3cc(CC(=O)Nc4cccc(F)c4F)[nH]n3)ncnc2cc1OCCCN(CCO)CC(C)C,3.609999895095825,2.39599871635437
lipo,gnn,scaffold,2,CN(CCO)C(=O)c1ccc([C@H](c2cccc(NC(=O)C3CC3)c2)N2CCN(Cc3ccc(F)cc3)CC2)cc1,3.380000114440918,3.052711009979248
lipo,gnn,scaffold,2,CCN(CC)C(=O)c1ccc([C@H](c2cccc(NC(=O)C3CC3)c2)N2CCN(Cc3ccc(F)cc3)CC2)cc1,3.990000009536743,3.8011178970336914
lipo,gnn,scaffold,2,NC(=O)c1c(OCc2c(F)cc(Br)cc2F)nsc1NC(=O)NCCCCN1CCCC1,2.5,2.3859925270080566
lipo,gnn,scaffold,2,COc1cc2ncnc(Oc3cnn(CC(=O)Nc4ccc(N(C)C)cn4)c3)c2cc1OC,2.359999895095825,2.4583799839019775
lipo,gnn,scaffold,2,CC(C)C[C@H](CO)Nc1nc(SCc2ccncc2)nc2nc(N)sc12,2.9000000953674316,3.192193031311035
lipo,gnn,scaffold,2,Cc1ccc(-c2ccc3c(ccc4sc5c(c43)NC[C@@H](C)NC5=O)n2)cn1,3.5999999046325684,2.859963893890381
lipo,gnn,scaffold,2,CSc1ccc(C(=O)C(C)(C)N2CCOCC2)cc1,3.490000009536743,2.507572889328003
lipo,gnn,scaffold,2,Cc1ccc(-c2ccc(S(=O)(=O)N3CCC[C@H]3C(=O)N3CC[C@@H](N)C3)cc2F)o1,1.2000000476837158,2.6680908203125
lipo,gnn,scaffold,2,Cn1c(=O)c(Oc2ccc(F)cc2F)cc2cnc(NC3CCOCC3)nc21,2.759999990463257,3.0232274532318115
lipo,gnn,scaffold,2,Cc1cc(NS(=O)(=O)c2ccc(N)cc2)no1,-0.5600000023841858,0.13353538513183594
lipo,gnn,scaffold,2,COc1cccc(Nc2nnc(C(=O)Nc3ccc(N4CCOCC4)nc3)o2)c1,2.799999952316284,2.697413682937622
lipo,gnn,scaffold,2,CCOc1cccc(Nc2nnc(C(=O)Nc3ccc(N4CCOCC4)nc3)o2)c1,3.5999999046325684,2.9410104751586914
lipo,gnn,scaffold,2,O=C(Nc1ccc(N2CCOCC2)nc1)c1nnc(Nc2ccc(F)c(F)c2)o1,2.9000000953674316,2.866459369659424
lipo,gnn,scaffold,2,O=C(Nc1ccc(N2CCOCC2)nc1)c1nnc(Nc2ccc(F)cc2)o1,3.0,2.8885974884033203
lipo,gnn,scaffold,2,O=C(Nc1ccc(N2CCOCC2)nc1)c1nnc(Nc2ccccc2)o1,2.9000000953674316,2.7489752769470215
lipo,gnn,scaffold,2,O=C(Nc1ccc(N2CCOCC2)nc1)c1nnc(Nc2cccc(F)c2)o1,3.200000047683716,2.8778581619262695
lipo,gnn,scaffold,2,Cc1cccc(Nc2nnc(C(=O)Nc3ccc(N4CCOCC4)nc3)o2)c1,3.4200000762939453,2.9266934394836426
lipo,gnn,scaffold,2,O=c1[nH]nc(Cc2ccccc2)c2ccccc12,2.799999952316284,2.681913137435913
lipo,gnn,scaffold,2,CC(C)(C(=O)O)c1ccc(C(O)CCCN2CCC(C(O)(c3ccccc3)c3ccccc3)CC2)cc1,0.41999998688697815,0.7979804277420044
lipo,gnn,scaffold,2,CC(C)(C)c1ccc(C(O)CCCN2CCC(C(O)(c3ccccc3)c3ccccc3)CC2)cc1,3.990000009536743,3.132769823074341
lipo,gnn,scaffold,2,COc1ccc(CNC(=O)Nc2ncc([N+](=O)[O-])s2)cc1,2.9000000953674316,2.9684505462646484
lipo,gnn,scaffold,2,C(=C\c1c(-c2ccccc2)nc2sccn12)/c1ccncn1,3.4000000953674316,3.2528438568115234
lipo,gnn,scaffold,2,COc1ccc(CC(=O)NC(N/C(=N/C#N)Nc2ccccc2C)C(C)(C)C)cc1OC,2.4800000190734863,1.8432656526565552
lipo,gnn,scaffold,2,COc1ccc(COc2nc(Br)cnc2NS(=O)(=O)c2ccc(C)cc2)cc1OCCN(C)C,1.6799999475479126,1.7411166429519653
lipo,gnn,scaffold,2,Cc1ccc(S(=O)(=O)Nc2c(C(=O)N[C@@H](C)C(C)(C)C)c(C)nn2C2CCOC2)cc1,0.7799999713897705,0.5074056386947632
lipo,gnn,scaffold,2,O=C(O)C[C@H]1CC[C@H](c2ccc(-c3ccc(Nc4ccc(C(F)(F)F)nc4)cn3)cc2)CC1,3.799999952316284,2.155951738357544
lipo,gnn,scaffold,2,COCC[C@H](Oc1ncnc2c1cnn2-c1ccccc1Cl)C(=O)Nc1ccc(C)cn1,3.5999999046325684,3.4504470825195312
lipo,gnn,scaffold,2,COCCC(Oc1ncnc2c1cnn2-c1ccccc1C(F)(F)F)C(=O)Nc1ccc(C)cn1,3.5,3.5414061546325684
lipo,gnn,scaffold,2,CC1=C(C2=C(C)C(=O)c3c(cc(O)c(O)c3Cc3ccccc3)C2=O)C(=O)c2cc(O)c(O)c(Cc3ccccc3)c2C1=O,2.7300000190734863,2.8691368103027344
lipo,gnn,scaffold,2,O=C(NCC12CC3CC(CC(C3)C1)C2)c1cc(O[C@H]2CCCNC2)ccc1Cl,2.180000066757202,1.9484609365463257
lipo,gnn,scaffold,2,O=C(c1ccccc1)C(O)(CN1CCCCC1)c1ccccc1,3.4100000858306885,2.795684337615967
lipo,gnn,scaffold,2,O=C(CC12CC3CC(CC(C3)C1)C2)Nc1ccc2[nH]ncc2c1,4.03000020980835,3.641242504119873
lipo,gnn,scaffold,2,Cc1cccc(Br)c1C(=O)N[C@@H](Cc1ccc(NC(=O)c2c(Cl)cccc2Cl)cc1)C(=O)O,-0.12999999523162842,-0.05427384376525879
lipo,gnn,scaffold,2,Cc1cc(COC(=O)Nc2ccc(-c3ccccc3)n(CC(=O)NC(C(=O)C(F)(F)F)C(C)C)c2=O)cc(C)n1,2.380000114440918,2.8110833168029785
lipo,gnn,scaffold,2,CC(C)C(NC(=O)Cn1c(-c2ccccc2)ccc(NC(=O)OCc2ccncc2)c1=O)C(=O)C(F)(F)F,2.4100000858306885,2.220480442047119
lipo,gnn,scaffold,2,Cc1nn(-c2ccc(F)cc2)c(NS(=O)(=O)c2cccnc2)c1C(=O)N[C@@H](C)C(C)(C)C,0.4000000059604645,0.4911688566207886
lipo,gnn,scaffold,2,CC(C)(C(=O)Nc1nnc(C(=O)Nc2ccc(N3CCOCC3)cc2)o1)c1ccc(Cl)cc1,2.9600000381469727,2.904029369354248
lipo,gnn,scaffold,2,Cc1c(N)cccc1Cn1ccc(OCCc2cccs2)cc1=O,2.7799999713897705,2.520303964614868
lipo,gnn,scaffold,2,Nc1nc(N)c2cc(NCc3ccc(Cl)c(Cl)c3)ccc2n1,2.2200000286102295,3.066774845123291
lipo,gnn,scaffold,2,Cc1ccc(C(=O)NC2CCC2)cc1-n1cnc2ccc(N3CCN(C)CC3)cc2c1=O,2.25,2.218200445175171
lipo,gnn,scaffold,2,NC(=O)c1ccc(=O)n(Cc2ccc(F)c(F)c2)c1,1.3700000047683716,1.3105530738830566
lipo,gnn,scaffold,2,NC(=O)c1ccc(=O)n(Cc2ccc(Cl)cc2Cl)c1,2.359999895095825,2.3506975173950195
lipo,gnn,scaffold,2,Cc1ccc(Oc2ccnc(Nc3ccc(S(N)(=O)=O)cc3)c2)c(C)n1,2.4700000286102295,2.357818365097046
lipo,gnn,scaffold,2,COc1cc(Nc2cc(Oc3cccnc3C)ccn2)cc(OC)c1OC,3.190000057220459,2.871526002883911
lipo,gnn,scaffold,2,COc1cc(Nc2cc(Oc3cccnc3)ccn2)cc(OC)c1OC,2.6600000858306885,2.6811611652374268
lipo,gnn,scaffold,2,COc1cc(Nc2cc(Oc3ccc(C)nc3)ccn2)cc(OC)c1OC,3.2100000381469727,3.136507511138916
lipo,gnn,scaffold,2,O=C(CC12CC3CC(CC(C3)C1)C2)Nc1c(Cl)ccc2nc(CN3CCN(CCO)CC3)ccc12,2.930000066757202,2.777622699737549
lipo,gnn,scaffold,2,Cc1cccc([C@H](C)c2c[nH]c(=S)[nH]2)c1C,2.9000000953674316,2.5717289447784424
lipo,gnn,scaffold,2,Cc1c[nH]c(-c2cnc(NCCNc3ccc(C#N)cn3)nc2-c2ccc(Cl)cc2Cl)n1,3.859999895095825,3.635713815689087
lipo,gnn,scaffold,2,C(=C\c1nn[nH]n1)/c1ccccc1,-0.4000000059604645,0.9114738702774048
lipo,gnn,scaffold,2,Cc1ccc(NC(=O)c2cccc(N3CCOCC3)c2)cc1NC(=O)c1ccc(OCc2ccncc2)cc1,3.200000047683716,3.269906997680664
lipo,gnn,scaffold,2,COc1cc(F)ccc1-c1cc(CNC2CCCC2)ccn1,1.7100000381469727,2.051191568374634
lipo,gnn,scaffold,2,N[C@@H]1CCCN(c2c(/C=C3\SC(=O)NC3=O)cccc2-c2ccncc2)C1,1.559999942779541,1.5112838745117188
lipo,gnn,scaffold,2,CC(C)(C(=O)c1cccnc1)c1cccnc1,1.4500000476837158,1.5208289623260498
lipo,gnn,scaffold,2,CC(C)(C)NS(=O)(=O)c1cncc(-c2ccc3nc(NC(=O)NCC(=O)N4CCOCC4)nn3c2)c1,0.9599999785423279,1.1111124753952026
lipo,gnn,scaffold,2,CC(C)N=c1cc2n(-c3ccc(Cl)cc3)c3ccccc3nc-2cc1Nc1ccc(Cl)cc1,3.1700000762939453,4.972803115844727
lipo,gnn,scaffold,2,COc1ccc(-c2ccc3c(N4CCOC[C@@H]4C)nc(N4CCOC[C@@H]4C)nc3n2)cc1C(N)=O,2.819999933242798,2.477468967437744
lipo,gnn,scaffold,2,C[C@@H]1CN(c2nc(N3CCOC[C@@H]3C)c3ccc(-c4ccccc4)nc3n2)C[C@H](C)O1,3.75,3.798466205596924
lipo,gnn,scaffold,2,COc1ccc(-c2ccc3c(N4CCOCC4)nc(N4C[C@@H](C)O[C@@H](C)C4)nc3n2)cc1CNCCO,1.309999942779541,2.060392379760742
lipo,gnn,scaffold,2,CNCc1cccc(-c2ccc3c(N4CCOCC4)nc(N4C[C@@H](C)O[C@@H](C)C4)nc3n2)c1,1.2599999904632568,1.6275701522827148
lipo,gnn,scaffold,2,C[C@H]1COCCN1c1nc(N2CCOC[C@@H]2C)c2ccc(-c3cccc(C(=O)NCCO)c3)nc2n1,2.490000009536743,2.35646653175354
lipo,gnn,scaffold,2,COc1ccc(-c2ccc3c(N4CCOCC4)nc(N4C[C@@H](C)O[C@@H](C)C4)nc3n2)cc1CO,3.25,2.960545778274536
lipo,gnn,scaffold,2,COc1ncc2ncc(=O)n(CCN3CCC(NCc4cc5c(cn4)OCCO5)CC3)c2n1,-0.14000000059604645,0.024112701416015625
lipo,gnn,scaffold,2,COc1cccc(-c2c[nH]c(-c3ccccc3)n2)c1,3.799999952316284,3.3046045303344727
lipo,gnn,scaffold,2,c1ccc(-c2c[nH]c(-c3ccccc3)n2)cc1,3.799999952316284,3.360499382019043
lipo,gnn,scaffold,2,C[C@H](Nc1nc(Nc2cc(C3CC3)[nH]n2)cnc1C#N)c1ccc(F)cn1,3.180000066757202,2.8815834522247314
lipo,gnn,scaffold,2,CC(C)Cn1c(=O)n(C)c(=O)c2c(C(=O)N3CC[C@@H](O)C3)c(Oc3cccc4ccccc34)sc21,2.869999885559082,2.5593974590301514
lipo,gnn,scaffold,2,COc1ccc(Cl)cc1NC(=O)Nc1cnccn1,3.630000114440918,2.5576653480529785
lipo,gnn,scaffold,2,O=S(=O)(NCCNc1ncccn1)c1cccc2cnccc12,0.6100000143051147,1.1152172088623047
lipo,gnn,scaffold,2,NC12CC3CC(CC(C3)C1)C2,-0.9800000190734863,0.36040937900543213
lipo,gnn,scaffold,2,CC12CC3CC(C)(C1)CC(N)(C3)C2,0.05999999865889549,0.25136005878448486
lipo,gnn,scaffold,2,Cc1ccnc2nc(C(=O)Nc3nccs3)nn12,0.3100000023841858,0.9097714424133301
lipo,gnn,scaffold,2,CN1CCN(C(=O)c2ccc(C(=C3CCN(Cc4cscn4)CC3)c3cccc4cccnc34)cc2)CC1,1.9800000190734863,1.9758888483047485
lipo,gnn,scaffold,2,O=c1[nH]c(-c2ccc([N+](=O)[O-])cc2)nc2ccccc12,2.5,2.7452361583709717
lipo,gnn,scaffold,2,O=c1[nH]c(-c2ccccc2)nc2cc(Cl)ccc12,3.309999942779541,3.055138349533081
lipo,gnn,scaffold,2,Cc1ncc(-c2nc(Nc3ccc(C(=O)NC4CCN(C)CC4)cc3)ncc2F)n1C(C)C,2.130000114440918,2.2136521339416504
lipo,gnn,scaffold,2,Cc1ncc(-c2nc(Nc3ccc(C(=O)NC4CCN(C)CC4)c(F)c3)ncc2F)n1C(C)C,2.4100000858306885,2.527026891708374
lipo,gnn,scaffold,2,Cc1ncc(-c2ccnc(Nc3ccc(C(=O)NC4CCN(C)CC4)cc3)n2)n1C(C)C,1.8700000047683716,1.8465123176574707
lipo,gnn,scaffold,2,C[C@]12CCC(=O)C=C1CC[C@@H]1[C@@H]2C(=O)C[C@@]2(C)[C@H]1CC[C@]2(O)C(=O)CO,1.399999976158142,1.6579816341400146
lipo,gnn,scaffold,2,CC1=C(C)C(=O)C(C(CCCCCC(=O)O)c2ccccc2)=C(C)C1=O,2.4800000190734863,2.0588126182556152
lipo,gnn,scaffold,2,C[C@@H]1CN(c2ccc3c(n2)NC(=O)CO3)[C@H](c2ccccc2)CO1,2.75,2.824362277984619
lipo,gnn,scaffold,2,O=C1CCOc2nc(C#CC3CCCCC3)ccc21,3.299999952316284,3.164623260498047
lipo,gnn,scaffold,2,O=c1cc(OCc2ccccc2)ccn1-c1ccc2c(cnn2CCN2CCCC2)c1,2.0,2.623570680618286
lipo,gnn,scaffold,2,CCc1[nH]c2nc(Sc3cnc4ccc[n+]([O-])c4c3)nc(N3CC[C@@H](N)C3)c2c1Cl,2.0,2.2762365341186523
lipo,gnn,scaffold,2,Cc1cnc(Nc2cc(N3CCN(C)CC3)nc(N[C@@H](C)c3ccc(F)cn3)n2)s1,2.9000000953674316,2.8963704109191895
lipo,gnn,scaffold,2,CC(=O)Nc1cc(CN2C(=O)N(c3ccc(SC(F)(F)F)cc3)C(=O)C2(C)C)ccn1,2.930000066757202,2.9931797981262207
lipo,gnn,scaffold,2,O=C(O)CCC(=O)N1CCC(c2nc(-c3cccs3)no2)CC1,-1.2699999809265137,-0.33745479583740234
lipo,gnn,scaffold,2,Cc1cn([C@H]2CCCN([C@H](CC3CCCCC3)c3ccc(C(=O)O)c(Oc4cccc(Cl)c4)c3)C2)c(=O)[nH]c1=O,1.8300000429153442,1.094523310661316
lipo,gnn,scaffold,2,CN1CCCC1CCNC(=O)c1ccc(Nc2ncc3cc(-c4ccncc4)ccc3n2)cc1,2.009999990463257,1.6278929710388184
lipo,gnn,scaffold,2,COc1cc2ncnc(Nc3cccc(Cl)c3F)c2cc1OC1CCN(CC(N)=O)CC1,3.0999999046325684,3.041104316711426
lipo,gnn,scaffold,2,COc1cc2ncnc(Nc3cccc(Cl)c3F)c2cc1OC1CCN(S(C)(=O)=O)CC1,2.819999933242798,3.6403636932373047
lipo,gnn,scaffold,2,COc1cc2ncnc(Nc3cccc(Cl)c3F)c2cc1OC1CCN(C)CC1,2.7200000286102295,3.200850009918213
lipo,gnn,scaffold,2,CCCc1nn(C)c2c(=O)[nH]c(-c3cc(S(=O)(=O)N4CCN(C)CC4)ccc3OCC)nc12,2.799999952316284,2.694708824157715
lipo,gnn,scaffold,2,COc1ccc(COc2ccc(Cc3cnc(N)nc3N)cc2OC)cc1,2.2699999809265137,2.7142255306243896
lipo,gnn,scaffold,2,CC(C)N1CCN(Cc2cnc(-c3ccc(C(=O)Nc4ccccc4N)cc3)c(Cl)c2)CC1,1.6799999475479126,2.355604410171509
lipo,gnn,scaffold,2,CC(C)N1CCN(Cc2cnc(-c3ccc(C(=O)Nc4ccccc4N)cc3)c(F)c2)CC1,1.600000023841858,1.906577467918396
lipo,gnn,scaffold,2,CC(C)N1CCN(Cc2cnc(-c3ccc(C(=O)Nc4ccccc4N)cc3)c(C#N)c2)CC1,1.2799999713897705,1.4721624851226807
lipo,gnn,scaffold,2,CCN1CCN(Cc2cnc(-c3ccc(C(=O)Nc4ccccc4N)cc3)c(Cl)c2)CC1,1.809999942779541,2.3818271160125732
lipo,gnn,scaffold,2,CCN1CCN(Cc2cnc(-c3ccc(C(=O)Nc4ccccc4N)cc3)c(C#N)c2)CC1,1.1399999856948853,1.504446268081665
lipo,gnn,scaffold,2,Cc1cc(CN2CCN(C(C)C)CC2)cnc1-c1ccc(C(=O)Nc2ccccc2N)cc1,1.440000057220459,1.7453057765960693
lipo,gnn,scaffold,2,CCN1CCN(Cc2cnc(-c3ccc(C(=O)Nc4ccccc4N)cc3)c(C)c2)CC1,1.2000000476837158,1.7721017599105835
lipo,gnn,scaffold,2,O=C1CN(C(=O)c2ccccc2)C(c2ccccc2)c2cc(Cl)ccc2N1,3.309999942779541,3.34806489944458
lipo,gnn,scaffold,2,CC(c1ccccc1)N1Cc2ccccc2C1=O,3.0,3.2026054859161377
lipo,gnn,scaffold,2,C#CC(C)(C)NC(=O)c1sccc1Oc1ccc(F)cc1[N+](=O)[O-],3.0,2.6954596042633057
lipo,gnn,scaffold,2,O=C(c1csc2c1CCCC2)N1CCCCC1,3.200000047683716,3.2249131202697754
lipo,gnn,scaffold,2,CC[C@H](NC(=O)c1c([S+](C)[O-])c(-c2cccs2)nc2ccccc12)c1ccccc1,3.559999942779541,3.103095531463623
lipo,gnn,scaffold,2,C[C@@H]1CN(Cc2nnc(-c3cc(-c4cccc5[nH]ccc45)cc4[nH]ncc34)o2)C[C@H](C)O1,4.010000228881836,3.6684417724609375
lipo,gnn,scaffold,2,CCS(=O)(=O)c1ccc(-c2cc(C(F)(F)F)ccc2O[C@H](C)C(=O)O)c(C)c1,-0.4000000059604645,0.5629739761352539
lipo,gnn,scaffold,2,N#Cc1ccc(F)c(-c2cc(C(F)(F)F)ccc2OCC(=O)O)c1,-0.1599999964237213,0.25632619857788086
lipo,gnn,scaffold,2,CS(=O)(=O)c1ccc(-c2cc(Cl)ccc2OCC(=O)O)c(Cl)c1,-0.75,0.19465148448944092
lipo,gnn,scaffold,2,O=C(O)c1cc(-c2ccc(F)cc2F)ccc1O,0.5899999737739563,0.6304908990859985
lipo,gnn,scaffold,2,CCS(=O)(=O)c1ccc(-c2cc(C(F)(F)F)ccc2OCC(N)=O)c(C)c1,2.7699999809265137,1.969926357269287
lipo,gnn,scaffold,2,Cc1cc(N(C)S(C)(=O)=O)ccc1-c1cc(C(F)(F)F)ccc1OCC(=O)O,-0.5899999737739563,0.1459486484527588
lipo,gnn,scaffold,2,CN(c1ccc(-c2cc(C(F)(F)F)ccc2OCC(=O)O)cc1)S(C)(=O)=O,-0.8100000023841858,-0.10276651382446289
lipo,gnn,scaffold,2,CCN(CC)S(=O)(=O)c1ccc(-c2cc(C(F)(F)F)ccc2OCC(=O)O)cc1,0.6700000166893005,0.373928427696228
lipo,gnn,scaffold,2,CC(C(=O)O)c1ccc(-c2ccccc2)c(F)c1,0.8500000238418579,0.7276203632354736
lipo,gnn,scaffold,2,CCS(=O)(=O)c1ccc(-c2cc(Cl)ccc2OCC(=O)O)c(C(F)(F)F)c1,0.6200000047683716,0.20517444610595703
lipo,gnn,scaffold,2,CCS(=O)(=O)c1cccc(-c2cc(C(F)(F)F)ccc2OCC(=O)O)c1,-0.6600000262260437,-0.16903042793273926
lipo,gnn,scaffold,2,O=C(O)COc1ccc(C(F)(F)F)cc1-c1ccc(Cl)cc1,0.8999999761581421,1.0538520812988281
lipo,gnn,scaffold,2,O=C(O)CCC(=O)c1ccc(-c2ccccc2)cc1,0.5799999833106995,0.3453906774520874
lipo,gnn,scaffold,2,CCS(=O)(=O)c1ccc(-c2cc(Cl)ccc2OCC(=O)O)c(C)c1,-0.6499999761581421,0.12084627151489258
lipo,gnn,scaffold,2,N#Cc1cccc(-c2cccc(C(=O)O)c2)c1,0.30000001192092896,-0.03094315528869629
lipo,gnn,scaffold,2,N#Cc1cccc(-c2cc(C(F)(F)F)ccc2OCC(=O)O)c1,0.05000000074505806,0.16923832893371582
lipo,gnn,scaffold,2,CCS(=O)(=O)c1ccc(-c2cc(Cl)ccc2OCC(=O)O)c(F)c1,-0.9200000166893005,0.0007028579711914062
lipo,gnn,scaffold,2,CCS(=O)(=O)c1ccc(-c2cc(C(F)(F)F)ccc2OCC(=O)O)c(C)c1,-0.44999998807907104,0.06919693946838379
lipo,gnn,scaffold,2,Cc1ccc(C#N)cc1-c1cc(C(F)(F)F)ccc1OCC(=O)O,0.15000000596046448,0.3525303602218628
lipo,gnn,scaffold,2,CCC(Oc1ccc(C(F)(F)F)cc1-c1ccc(S(=O)(=O)CC)cc1C)C(=O)O,0.3100000023841858,0.5261791944503784
lipo,gnn,scaffold,2,CCSc1ccc(-c2cc(C(F)(F)F)ccc2OCC(=O)O)cc1,1.5399999618530273,1.273961067199707
lipo,gnn,scaffold,2,O=C(O)COc1ccc([N+](=O)[O-])cc1-c1ccccc1,-0.6899999976158142,0.11972689628601074
lipo,gnn,scaffold,2,COc1ccc(-c2cc(C(F)(F)F)ccc2OCC(=O)O)cc1,0.28999999165534973,0.5367438793182373
lipo,gnn,scaffold,2,N#Cc1cccc(-c2cc(Cl)ccc2OCC(=O)O)c1,-0.25,0.23791658878326416
lipo,gnn,scaffold,2,CCS(=O)(=O)c1ccc(-c2cc(Cl)ccc2OCC(=O)O)c(Cl)c1,-0.4300000071525574,0.2800748348236084
lipo,gnn,scaffold,2,CS(=O)(=O)c1ccc(-c2cc(C(F)(F)F)ccc2OCC(=O)O)c(Cl)c1,-0.5199999809265137,0.1078038215637207
lipo,gnn,scaffold,2,C[C@@](CCc1ccc(-c2ccc(Cl)cc2)cc1)(C(=O)NO)S(C)(=O)=O,2.4000000953674316,2.754159927368164
lipo,gnn,scaffold,2,CC(C)C[C@H](N[C@@H](c1ccc(-c2ccc(S(C)(=O)=O)cc2)cc1)C(F)(F)F)C(=O)NCC#N,3.240000009536743,2.796865940093994
lipo,gnn,scaffold,2,CS(=O)(=O)c1ccc(-c2cc(C(F)(F)F)ccc2OCC(=O)O)cc1,-0.8700000047683716,-0.2609262466430664
lipo,gnn,scaffold,2,N#Cc1ccc(OCC(=O)O)c(-c2ccccc2)c1,-1.0800000429153442,-0.27324748039245605
lipo,gnn,scaffold,2,CC[C@H](N)C(=O)N[C@H](C#N)Cc1ccc(-c2ccccc2)cc1,2.5999999046325684,2.0098257064819336
lipo,gnn,scaffold,2,CN(c1ccc(-c2cc(F)ccc2OCC(=O)O)c(Cl)c1)S(C)(=O)=O,-1.1699999570846558,0.07304835319519043
lipo,gnn,scaffold,2,O=C(O)COc1ccc(Br)cc1-c1ccccc1,0.15000000596046448,0.6731834411621094
lipo,gnn,scaffold,2,CCS(=O)(=O)c1ccc(-c2cc(C(F)(F)F)ccc2CCC(=O)O)c(C)c1,0.7599999904632568,0.7197858095169067
lipo,gnn,scaffold,2,CCS(=O)(=O)c1ccc(-c2cc(Cl)ccc2OCC(=O)O)cc1,-0.7799999713897705,-0.11495685577392578
lipo,gnn,scaffold,2,CC(CNS(=O)(=O)C(C)C)c1ccc(-c2ccc(C#N)cc2)cc1,3.5,2.81367564201355
lipo,gnn,scaffold,2,Cc1nnc(NS(=O)(=O)c2ccc(N)cc2)s1,-1.3300000429153442,-1.3535079956054688
lipo,gnn,scaffold,2,CCC(c1cccnc1)n1[nH]c(=O)c2nc3cc(Cl)ccc3c(O)c2c1=O,0.699999988079071,0.7278932332992554
lipo,gnn,scaffold,2,CCCc1nc2c(N)nc3ccccc3c2s1,4.090000152587891,3.3872947692871094
lipo,gnn,scaffold,2,Cc1nn(-c2ccccc2)c(NS(=O)(=O)c2cccc(CN3CCOCC3)c2)c1C(=O)N[C@@H](C)C(C)(C)C,0.28999999165534973,0.9456444978713989
lipo,gnn,scaffold,2,Cn1cc(-c2ccc(O)cc2)c(=O)c2c(O)cc(O)cc21,2.200000047683716,2.875178813934326
lipo,gnn,scaffold,2,O=C(Nc1ccccc1Cl)c1cc[nH]n1,2.5799999237060547,2.797567129135132
lipo,gnn,scaffold,2,CCC1=C(C)CN(C(=O)NCCc2ccc(S(=O)(=O)NC(=O)N[C@H]3CC[C@H](C)CC3)cc2)C1=O,1.7300000190734863,0.6475354433059692
lipo,gnn,scaffold,2,CCCNC[C@@H](O)COc1ccccc1C(=O)CCc1ccccc1,1.559999942779541,2.395203113555908
lipo,gnn,scaffold,2,O=C(CCc1ccccc1)c1ccccc1,3.7699999809265137,3.429429054260254
lipo,gnn,scaffold,2,CCCNCC(O)COc1ccccc1C(=O)CCc1ccccc1,1.7200000286102295,1.6993221044540405
lipo,gnn,scaffold,2,CCCNC[C@H](O)COc1ccccc1C(=O)CCc1ccccc1,1.690000057220459,2.15553617477417
lipo,gnn,scaffold,2,COc1cc2ncc(C(N)=O)c(Nc3ccc(F)cc3F)c2cc1NCCN(C)C,1.909999966621399,1.912106990814209
lipo,gnn,scaffold,2,COc1cc2ncc(C(N)=O)c(Nc3cccc(Cl)c3F)c2cc1OC,3.5999999046325684,2.8838610649108887
lipo,gnn,scaffold,2,COc1cc2ncc(C(N)=O)c(Nc3ccc(F)cc3)c2cc1OC,2.819999933242798,2.7096006870269775
lipo,gnn,scaffold,2,COc1cc2ncc(C(N)=O)c(Nc3ccc(F)cc3F)c2cc1OC,2.950000047683716,2.664825439453125
lipo,gnn,scaffold,2,c1ccc(Nc2ccnc3ccccc23)cc1,2.7799999713897705,3.288449287414551
lipo,gnn,scaffold,2,COc1cc2ncc(C(N)=O)c(Nc3cccc(Cl)c3)c2cc1OC,3.5,2.8631768226623535
lipo,gnn,scaffold,2,COc1cc2ncc(C(N)=O)c(Nc3ccccc3F)c2cc1OC,2.809999942779541,2.594308376312256
lipo,gnn,scaffold,2,COc1cc2ncc(C(N)=O)c(Nc3ccc(F)c(Cl)c3)c2cc1OC,3.2200000286102295,2.9691786766052246
lipo,gnn,scaffold,2,COCCOc1cc2nccc(Nc3cc(O)c(Cl)cc3F)c2cc1OC,2.640000104904175,3.011547327041626
lipo,gnn,scaffold,2,COc1cc2c(Nc3cccc(Cl)c3Cl)c(C(N)=O)cnc2cc1NCCN(C)C,3.4100000858306885,2.419950246810913
lipo,gnn,scaffold,2,COc1cc2ncc(C(N)=O)c(Nc3cc(C)ccc3F)c2cc1OC,3.1600000858306885,2.743325710296631
lipo,gnn,scaffold,2,COc1cc2ncc(C(N)=O)c(Nc3ccccc3Cl)c2cc1OC,2.890000104904175,2.7660279273986816
lipo,gnn,scaffold,2,COc1cc2ncc(C(N)=O)c(Nc3cccc(F)c3F)c2cc1OC,2.819999933242798,2.64021635055542
lipo,gnn,scaffold,2,COc1cc2c(Nc3ccc(F)c(Cl)c3)c(C(N)=O)cnc2cc1OCCN(C)CCO,3.200000047683716,2.3056488037109375
lipo,gnn,scaffold,2,COc1cc2ncc(C(N)=O)c(Nc3cccc(Cl)c3Cl)c2cc1OC,3.4000000953674316,2.971034526824951
lipo,gnn,scaffold,2,CCN(CC)Cc1cc(Nc2ccnc3cc(Cl)ccc23)ccc1O,2.9000000953674316,2.8700056076049805
lipo,gnn,scaffold,2,COc1cc2c(Nc3ccc(F)cc3F)c(C(N)=O)cnc2cc1NCCN(C)C,1.7100000381469727,1.9508168697357178
lipo,gnn,scaffold,2,COc1cc2ncc(C(N)=O)c(Nc3cc(F)ccc3F)c2cc1OC,2.9000000953674316,2.6887402534484863
lipo,gnn,scaffold,2,COc1cc(Nc2c(C#N)cnc3cc(OC)c(OC)cc23)cc(OC)c1,3.5,2.948272943496704
lipo,gnn,scaffold,2,COc1cc2ncc(C(N)=O)c(Nc3ccccc3C)c2cc1OC,3.4000000953674316,2.5583996772766113
lipo,gnn,scaffold,2,COc1cc2ncc(C(N)=O)c(Nc3ccc(C)cc3F)c2cc1OC,3.3399999141693115,2.7649381160736084
lipo,gnn,scaffold,2,O=C(OCC(O)CO)c1ccccc1Nc1ccnc2cc(Cl)ccc12,3.5,2.5350286960601807
lipo,gnn,scaffold,2,COc1cc2ncnc(Nc3cccc(Cl)c3F)c2cc1CN(C)C1(C(N)=O)CCN(C)CC1,2.1600000858306885,2.8878097534179688
lipo,gnn,scaffold,2,O=C(CC1CCN(Cc2ccn(-c3ccc(C(F)(F)F)cc3)c2)CC1)N(CCCO)Cc1ccc(F)cc1,3.0399999618530273,3.4916481971740723
lipo,gnn,scaffold,2,COc1cc(N2CC3COCC(C2)N3)ccc1Nc1ncc(Cl)c(-c2cnc3ccccn23)n1,3.0,2.8651535511016846
lipo,gnn,scaffold,2,OCCN(CCO)c1nc(N2CCCCC2)c2nc(N(CCO)CCO)nc(N3CCCCC3)c2n1,3.9700000286102295,2.8758182525634766
lipo,gnn,scaffold,2,N=C(N)Nc1cc(Cl)nc(-c2ccccc2)n1,2.1600000858306885,0.49671316146850586
lipo,gnn,scaffold,2,Cc1cc2n[nH]c(=O)n2c2cc(-c3ccc(C(=O)N4CCOCC4)cc3)ccc12,2.7699999809265137,2.572100877761841
lipo,gnn,scaffold,2,CC(C(=O)Nc1ccc(Cl)cc1)c1ncc(C(F)(F)F)cc1Cl,4.190000057220459,3.85707688331604
lipo,gnn,scaffold,2,CN[C@@H](C)C(=O)N[C@H](C(=O)N[C@H]1CCN(CCc2ccccc2)C1)C1CCCCC1,1.649999976158142,2.1534297466278076
lipo,gnn,scaffold,2,Cn1c(SCc2c(Cl)cccc2Cl)nnc1-c1ccc2nonc2c1,3.3499999046325684,3.66502046585083
lipo,gnn,scaffold,2,NC(=O)c1cccc(S[C@H]2C[C@H]3CC[C@@H](C2)N3Cc2ccccc2)c1,2.2200000286102295,2.166400671005249
lipo,gnn,scaffold,2,CNC(=O)c1nc(-c2ccc(Cl)c(S(=O)(=O)Nc3cccc(F)c3F)c2)cnc1N,2.799999952316284,2.6780638694763184
lipo,gnn,scaffold,2,Nc1n[nH]c(N)c1Cc1ccc2c(c1)OCO2,0.4699999988079071,1.3642483949661255
lipo,gnn,scaffold,2,Cc1c(-c2ccccc2)oc2c(C(=O)OCCN3CCCCC3)cccc2c1=O,3.4200000762939453,3.4576256275177
lipo,gnn,scaffold,2,CCCCSc1nc(N)c2ncn(Cc3c(F)ccc(C)c3F)c2n1,3.0,4.099615573883057
lipo,gnn,scaffold,2,Cc1nc(N)c2nc(O)n(Cc3ccccc3)c2n1,2.0399999618530273,1.23228919506073
lipo,gnn,scaffold,2,CCN(CC)c1ncnc2c1ncn2Cc1c(Cl)cccc1Cl,1.25,3.7252984046936035
lipo,gnn,scaffold,2,Nc1ncnc2c1ncn2Cc1ccccc1,1.5299999713897705,2.4859235286712646
lipo,gnn,scaffold,2,COCCNc1nc(N)c2nc(O)n(Cc3ccccc3)c2n1,2.180000066757202,1.767481803894043
lipo,gnn,scaffold,2,O=c1[nH]ccc2nc(-c3ccc(CN4CCC(c5n[nH]c(-c6ccccn6)n5)CC4)cc3)c(-c3ccccc3)cc12,3.9000000953674316,3.1815104484558105
lipo,gnn,scaffold,2,Cc1cc(C)cc(-c2[nH]c3ccc(C(C)(C)C(=O)N4C5CCC4CC5)cc3c2[C@H](C)CNCCc2ccncc2)c1,4.349999904632568,4.290477752685547
lipo,gnn,scaffold,2,O=C(Nc1ccncc1)c1cccc2ccccc12,3.0999999046325684,3.0870590209960938
lipo,gnn,scaffold,2,Cc1cnc(C(=O)NCCc2ccc(S(=O)(=O)NC(=O)NC3CCCCC3)cc2)cn1,0.3100000023841858,0.9833146333694458
lipo,gnn,scaffold,2,Cn1cncc1-c1c2c(=O)n(CC3CC3)c(=O)n(CC3CC3)c2nn1Cc1ccnc2ccc(Cl)cc12,4.329999923706055,3.661855459213257
lipo,gnn,scaffold,2,CCn1cc(C(=O)O)c(=O)c2cc(F)c(N3CCNCC3)nc21,-0.8299999833106995,-0.922102689743042
lipo,gnn,scaffold,2,CN(C)CCCOc1nn(Cc2ccccc2)c2ccccc12,2.4000000953674316,2.4752466678619385
lipo,gnn,scaffold,2,Cc1ccc(Cl)c(Nc2ccccc2C(=O)O)c1Cl,2.3299999237060547,1.1105061769485474
lipo,gnn,scaffold,2,Cc1cccc(Nc2ccccc2C(=O)O)c1C,1.8899999856948853,0.7547191381454468
lipo,gnn,scaffold,2,Cc1ccc(Nc2c(F)cccc2Cl)c(CC(=O)O)c1,1.0199999809265137,0.9226033687591553
lipo,gnn,scaffold,2,c1ccc(Nc2ccccc2)cc1,3.200000047683716,3.5666465759277344
lipo,gnn,scaffold,2,O=C(O)c1ccccc1Nc1cccc(C(F)(F)F)c1,2.009999990463257,0.8048697710037231
lipo,gnn,scaffold,2,O=C(O)Cc1ccccc1Nc1c(Cl)cccc1Cl,1.0800000429153442,0.7406661510467529
lipo,gnn,scaffold,2,COc1ccc(Nc2ccccc2C(=O)O)cc1,1.2000000476837158,0.2658529281616211
lipo,gnn,scaffold,2,O=C(Nc1cccc(-c2nnn[nH]2)c1)c1cc(F)cc2[nH]cnc12,0.28999999165534973,1.0942268371582031
lipo,gnn,scaffold,2,O=C(Nc1cccc(-c2nnn[nH]2)c1)c1cccc2[nH]cnc12,-0.05000000074505806,0.9065393209457397
lipo,gnn,scaffold,2,O=C(Nc1cccc(-c2nnn[nH]2)c1)c1cc(C(F)(F)F)cc2[nH]cnc12,1.100000023841858,1.3016271591186523
lipo,gnn,scaffold,2,CC(NCC(O)c1ccc([N+](=O)[O-])cc1)C12CC3CC(CC(C3)C1)C2,3.5299999713897705,1.9120633602142334
lipo,gnn,scaffold,2,Cc1ccc(-c2cc(C(F)(F)F)n[nH]2)cc1NC(=O)c1ccc(OCc2ccccn2)cc1,2.440000057220459,3.4030237197875977
