dataset,model,split,seed,smiles,y_true,y_pred
bbbp,baseline,random,0,Cc1c2c(cn1C)NC(=O)CN=C2c1ccccc1,1.0,0.9773855080900866
bbbp,baseline,random,0,CCC1(c2ccccc2)NCC(=O)NC1=O,1.0,0.9663872154767121
bbbp,baseline,random,0,CC(=O)N1CCN(C(=O)Cc2cc(F)cc(F)c2)[C@@H](CN2CC[C@@H](O)C2)C1,0.0,0.14576192640612073
bbbp,baseline,random,0,CCC1(c2ccccc2)OCC(C2CCCCN2)O1,1.0,0.980099279787088
bbbp,baseline,random,0,CC(=O)C1=C(O)[C@@]2(O)C(=O)c3c(c(C)c4ccc(C)c(O)c4c3O)C[C@H]2[C@@H](N)C1=O,0.0,0.10301672538782597
bbbp,baseline,random,0,COc1ccc2c3c1OC1C(OC(C)=O)=CCC4C(C2)N(C)CCC314,1.0,0.9891191390702371
bbbp,baseline,random,0,C[C@@H]1N=C(c2ccccc2Cl)c2cc([N+](=O)[O-])ccc2NC1=O,1.0,0.9219069517971609
bbbp,baseline,random,0,Oc1ccc2c3c1OC1C(O)C=CC4C(C2)NCCC341,1.0,0.9205074270046284
bbbp,baseline,random,0,CC(C)N=c1cc2n(-c3ccc(Cl)cc3)c3ccccc3nc-2cc1Nc1ccc(Cl)cc1,0.0,0.7528777025554751
bbbp,baseline,random,0,O=c1[nH]c(=O)n([C@H]2C[C@H](O)[C@@H](CO)O2)cc1F,0.0,0.8814432258201496
bbbp,baseline,random,0,CC12C[C@H](O)[C@@]3(F)C(CCC4=CC(=O)C=CC43C)[C@@H]1C[C@H]1O[C@@](C)(c3ccccc3)O[C@]12C(=O)CO,1.0,0.9740645707715058
bbbp,baseline,random,0,CC(CN(C)C)CN1c2ccccc2Sc2ccccc21,1.0,0.9771644472394738
bbbp,baseline,random,0,CC[C@@H](CO)NCCN[C@@H](CC)CO,0.0,0.6158283296038611
bbbp,baseline,random,0,CC(=O)NC(CCC(N)=O)C(=O)O,1.0,0.7705433274959218
bbbp,baseline,random,0,CCN(CC)CCNC(=O)COc1ccc(OC)cc1.[Cl-].[H+],1.0,0.8237460647807153
bbbp,baseline,random,0,Cc1nnc2n1-c1ccc(Cl)cc1C(c1ccccc1)=NC2,1.0,0.9881887097443606
bbbp,baseline,random,0,Cc1cccc2c1Oc1ccccc1[C@@]1(O)CCN(C)C[C@@H]21,1.0,0.9869154118915939
bbbp,baseline,random,0,O=C(O)CCCCCC[NH2+]C1c2ccccc2CCc2ccccc21.[Cl-],1.0,0.8428033119722509
bbbp,baseline,random,0,Cc1c(C)c2ccc(OCc3nnc(C(C)C)s3)cc2oc1=O,1.0,0.7786171672805632
bbbp,baseline,random,0,OCCN1CCN(CCCC2c3ccc(F)cc3Sc3ccc(C(F)(F)F)cc32)CC1,1.0,0.9867970605704266
bbbp,baseline,random,0,C=CCC(N)c1ccccc1-c1noc2ccccc12,1.0,0.9363114532720374
bbbp,baseline,random,0,CCCOC(=O)N1CCN(C(=O)Cc2ccc(Cl)c(Cl)c2)[C@@H](CN2CCCC2)C1,1.0,0.8987130831856716
bbbp,baseline,random,0,Cc1ncc([N+](=O)[O-])n1CCO,1.0,0.732796900788046
bbbp,baseline,random,0,CN1CCN(C2=Nc3ccccc3Oc3ccc(Cl)cc32)CC1,1.0,0.9917231194598869
bbbp,baseline,random,0,Fc1ccc(C(CCCN2CCN(CCNc3ccccc3)CC2)c2ccc(F)cc2)cc1,1.0,0.9337967699793662
bbbp,baseline,random,0,Cc1ncc2n1-c1ccc(Cl)cc1C(c1ccccc1Cl)=NC2,1.0,0.9764750887441491
bbbp,baseline,random,0,CO[C@@]1(NC(=O)CSCC#N)C(=O)N2C(C(=O)O)=C(CSc3nnnn3C)CS[C@@H]21,0.0,0.2831227986664269
bbbp,baseline,random,0,CC(NC(C)(C)C)C(=O)c1cccc(Cl)c1,1.0,0.9402822833339195
bbbp,baseline,random,0,COc1ccc(CCN2CCN(c3cccc(Cl)c3)CC2)cc1OC,1.0,0.9760830919956943
bbbp,baseline,random,0,COc1cc2c(cc1OC)C1CC(=O)C(CC(C)C)CN1CC2,1.0,0.9522981903010194
bbbp,baseline,random,0,CC(=O)NCCn1c(C)cc(C=O)c1C,1.0,0.9453765827526783
bbbp,baseline,random,0,CN1c2ccccc2C(c2ccccc2Cl)=NCC1(Cl)CO,1.0,0.9497881158524515
bbbp,baseline,random,0,CCC1(CC)C(=O)NC=C(C)C1=O,1.0,0.9687701447599044
bbbp,baseline,random,0,Cc1ccc(S(=O)(=O)NC(=O)NN2CCCCCC2)cc1,0.0,0.8897592476460764
bbbp,baseline,random,0,CN(C)C(=O)C(CCN1CCC(O)(c2ccc(Cl)cc2)CC1)(c1ccccc1)c1ccccc1,1.0,0.9492047825014072
bbbp,baseline,random,0,CN1CCC(=C2c3ccccc3C(O)c3ccccc32)CC1,1.0,0.9881698677638499
bbbp,baseline,random,0,CCNCc1c(CSC)cnc(C)c1O,1.0,0.8388510378919135
bbbp,baseline,random,0,CC(O)Cn1cnc2c1c(=O)n(C)c(=O)n2C,1.0,0.9171508223080724
bbbp,baseline,random,0,CN(C)CCc1c[nH]c2cccc(OP(=O)(O)O)c12,1.0,0.8820097362244292
bbbp,baseline,random,0,COCC(=O)N(c1ccccc1F)C1CCN(CCc2ccccc2)CC1,1.0,0.9676520747001442
bbbp,baseline,random,0,C[C@H]1[C@H](c2ccccc2)OCCN1C,1.0,0.9901130598956507
bbbp,baseline,random,0,NCCC(O)CNC1CC(N)C(OC2OC(CN)C(O)C(O)C2O)C(O)C1OC1OC(CO)C(O)C(N)C1O,0.0,0.20999324214998596
bbbp,baseline,random,0,CN1CC[C@]23c4c5ccc(O)c4O[C@H]2C(=O)CC[C@@]3(O)[C@H]1C5,1.0,0.9642391780949279
bbbp,baseline,random,0,CC(C)=CCN1CC[C@@]2(C)c3cc(O)ccc3C[C@@H]1[C@H]2C,1.0,0.9844491650052969
bbbp,baseline,random,0,CCCC(C)C1(CC)C(=O)NC(=O)NC1=O,1.0,0.8518047106672645
bbbp,baseline,random,0,CC(C)(C)OC(=O)CCCc1ccc(N(CCCl)CCCl)cc1,1.0,0.7620497453271563
bbbp,baseline,random,0,CC1(C)S[C@@H]2[C@H](NC(=O)C(C(=O)Oc3ccccc3)c3ccccc3)C(=O)N2[C@H]1C(=O)O,0.0,0.03341575441905442
bbbp,baseline,random,0,CCCl,1.0,0.9891516470353329
bbbp,baseline,random,0,ClC=C(Cl)Cl,1.0,0.9824688787149756
bbbp,baseline,random,0,CCCCOC(=O)C(=O)C1C(C)CC2C3CC(F)C4=CC(=O)C=CC4(C)C3C(O)CC21C,1.0,0.9858658652828315
bbbp,baseline,random,0,COc1ccc2c(c1OC)[C@]13CCN(C)[C@H](C2)[C@]1(O)CC[C@@H](O)C3,1.0,0.9648689082878891
bbbp,baseline,random,0,CN1C2CCC1CC(OC(=O)C(O)c1ccccc1)C2,0.0,0.8480260166269252
bbbp,baseline,random,0,CN(C)CCCN1c2ccccc2Sc2cccnc21,1.0,0.9829303468592262
bbbp,baseline,random,0,CN1CCN(/C=C2\N=C3CN=C(c4ccccc4Cl)c4cc([N+](=O)[O-])ccc4N3C2=O)CC1,1.0,0.9259506329778869
bbbp,baseline,random,0,CN(C)CC#CC=C1c2ccccc2C=Cc2ccccc21,1.0,0.9844174873932404
bbbp,baseline,random,0,CCC(=O)O[C@](Cc1ccccc1)(c1ccccc1)[C@H](C)CN(C)C.[Cl-].[H+],1.0,0.824838164635964
bbbp,baseline,random,0,CN(C)[C@@H]1C(=O)/C(=C(\N)O)C(=O)[C@@]2(O)C(=O)C3=C(O)c4c(O)ccc(Cl)c4[C@@](C)(O)[C@H]3C[C@@H]12.[Cl-].[H+],0.0,0.04771522910127506
bbbp,baseline,random,0,CN(C)CCN(C)n1cc(-c2ccccc2)c2ccccc21,1.0,0.9673868147695632
bbbp,baseline,random,0,O=C(O)c1cc(=O)c2ccccc2o1,1.0,0.6964716133837273
bbbp,baseline,random,0,Cc1ccccc1C,1.0,0.9863840824143445
bbbp,baseline,random,0,CC1=C(C(=O)O)N2C(=O)[C@@H](NC(=O)[C@H](N)c3cccc(NS(C)(=O)=O)c3)[C@H]2SC1,0.0,0.05358489531088486
bbbp,baseline,random,0,OCCN1CCN(CCCN2c3ccccc3Sc3cc(Cl)cnc32)CC1,1.0,0.9896356493316152
bbbp,baseline,random,0,NC(=O)NCCN1CCN(c2cccc(C(F)(F)F)c2)CC1,1.0,0.9708859643408195
bbbp,baseline,random,0,CCc1ccccc1,1.0,0.9768838149219724
bbbp,baseline,random,0,CNC1CCN2c3ccccc3CCc3cccc1c32,1.0,0.9882931187188889
bbbp,baseline,random,0,CNCC(O)c1cccc(OC(=O)C(C)(C)C)c1,0.0,0.6991752361402166
bbbp,baseline,random,0,CCN(CC)S(=O)(=O)N[C@H]1C[C@@H]2c3cccc4[nH]cc(c34)C[C@H]2N(C)C1,1.0,0.9438486985573695
bbbp,baseline,random,0,COc1ccccc1OCC1CNC(=O)O1,1.0,0.9629906046499126
bbbp,baseline,random,0,CCCCC,1.0,0.9897924288856684
bbbp,baseline,random,0,CN1CCN(C2Cc3ccccc3Sc3ccc(Cl)cc32)CC1,1.0,0.9922362857638565
bbbp,baseline,random,0,CC(Cc1ccccc1)NCCC1c2ccccc2Sc2ccccc21,1.0,0.9312853141393268
bbbp,baseline,random,0,CC(=O)[C@]1(O)Cc2c(O)c3c(c(O)c2[C@@H](O[C@H]2C[C@H](N)[C@H](O)[C@H](C)O2)C1)C(=O)c1ccccc1C3=O,0.0,0.040293763423479546
bbbp,baseline,random,0,C[N+]12CCC(CC1)C(OC(=O)C(O)(c1ccccc1)c1ccccc1)C2.[Br-],0.0,0.387904815376688
bbbp,baseline,random,0,COC(=O)[C@@H]1[C@H]2C[C@H]3c4[nH]c5ccccc5c4CCN3C[C@@H]2CC[C@@H]1O,0.0,0.9372472848743243
bbbp,baseline,random,0,CO/N=C(\C(=O)N[C@@H]1C(=O)N2C(C(=O)O)=CCS[C@H]12)c1csc(N)n1,0.0,0.07114755827388772
bbbp,baseline,random,0,C=NC(C(=O)NC1C(=O)N2C1SC(C)(C)C2C(=O)O)c1ccccc1,0.0,0.043657927919418006
bbbp,baseline,random,0,O=c1c(O[C@@H]2O[C@H](CO)[C@@H](O)[C@H](O)[C@H]2O)c(-c2ccc(O)c(O)c2)oc2cc(O)cc(O)c12,0.0,0.07712856026992598
bbbp,baseline,random,0,C[C@]12C=CC(=O)C=C1CC[C@@H]1[C@@H]2CC[C@]2(C)OC(=O)CC[C@@H]12,0.0,0.8171605834943841
bbbp,baseline,random,0,CCOC(=O)N1CCC(=C2c3ccc(Cl)cc3CCc3cccnc32)CC1,0.0,0.9718141902587248
bbbp,baseline,random,0,CN1CCc2cccc3c2[C@H]1Cc1ccc(O)c(O)c1-3,1.0,0.9706090684936532
bbbp,baseline,random,0,CC(C)CC(OC(=O)c1ccco1)C(=O)N[C@@H]1C(=O)N2[C@@H]1SC(C)(C)[C@@H]2C(=O)O,0.0,0.0422251563443368
bbbp,baseline,random,0,CN(C)CCn1nnnc1SCC1=C(C(=O)O)N2C(=O)[C@@H](NC(=O)Cc3csc(N)n3)[C@H]2SC1,0.0,0.23920040861705585
bbbp,baseline,random,0,CNC(=NC#N)Nc1cccc(-c2csc(N=C(N)N)n2)c1,0.0,0.19645114589832305
bbbp,baseline,random,0,Cc1cccc(/C=N/N2CCN(C(c3ccccc3)c3ccccc3)CC2)n1,1.0,0.967292770561286
bbbp,baseline,random,0,CC(C)(C)CC(=O)OCC(=O)[C@@]1(O)CC[C@H]2[C@@H]3CCC4=CC(=O)C=C[C@]4(C)[C@H]3[C@@H](O)C[C@@]21C,1.0,0.9827782233819662
bbbp,baseline,random,0,CC1NC(=O)COC1c1ccccc1,1.0,0.9763942573047854
bbbp,baseline,random,0,CC(=O)c1ccc2c(c1)N(CCCN1CCC(CCO)CC1)c1ccccc1S2,1.0,0.9826881228167391
bbbp,baseline,random,0,O=C1N(C(O)C(Cl)(Cl)Cl)CNC1(c1ccccc1)c1ccccc1,1.0,0.9222853056869286
bbbp,baseline,random,0,COc1ccc(N2C[C@H](CN3CCC(O)(c4ccc5c(c4)OCO5)CC3)OC2=O)cc1,1.0,0.9153017607709542
bbbp,baseline,random,0,CN(C)Cc1ccc(CSCCNC2N=CC=C2[N+](=O)[O-])o1,0.0,0.8295361176818546
bbbp,baseline,random,0,C=CCSCC(=O)NC1C(=O)N2C1SC(C)(C)C2C(=O)[O-].[Na+],0.0,0.20061137184918434
bbbp,baseline,random,0,CC[C@H]1OC(=O)[C@H](C)[C@@H](O[C@H]2C[C@@](C)(OC)[C@@H](O)[C@H](C)O2)[C@H](C)[C@@H](O[C@@H]2O[C@H](C)C[C@H](N(C)C)[C@H]2O)[C@](C)(O)C[C@@H](C)C(=O)[C@H](C)[C@@H](O)[C@]1(C)O,0.0,0.032141503296158155
bbbp,baseline,random,0,CC1(C)O[C@@H]2C[C@H]3C4C[C@H](F)C5=CC(=O)C=C[C@]5(C)[C@@]4(F)[C@@H](O)C[C@]3(C)[C@]2(C(=O)COC(=O)C2CC2)O1,1.0,0.9868842367975975
bbbp,baseline,random,0,O=C1CC[C@H]2[C@H]3Cc4cccc(O)c4[C@@]2(CCN3CC2CC2)C1,1.0,0.9808749487014251
bbbp,baseline,random,0,CC1CC2C3CC(F)C4=CC(=O)C=CC4(C)C3(F)C(O)CC2(C)C1(O)C(=O)SCF,1.0,0.9823848331252661
bbbp,baseline,random,0,CCC(C(N)=O)N1CCCC1=O,1.0,0.948298055172821
bbbp,baseline,random,0,O=C(O)COCCN1CCN(C(c2ccccc2)c2ccc(Cl)cc2)CC1,0.0,0.965443158625547
bbbp,baseline,random,0,CC1(C)S[C@@H]2[C@H](NC(=O)COc3ccccc3)C(=O)N2[C@H]1C(=O)[O-],0.0,0.16482854603833957
bbbp,baseline,random,0,CCC(=O)N(c1ccc(Cl)c(Cl)c1)[C@@H]1CCC[C@H]1N(C)C,1.0,0.9703669194450265
bbbp,baseline,random,0,CN=C(Cc1ccc2ccccc2c1)[NH2+]C.[Cl-],1.0,0.9124295821666237
bbbp,baseline,random,0,CC(=O)OCC(=O)[C@@]1(O)CC[C@H]2[C@@H]3CCC4=CC(=O)CC[C@]4(C)[C@H]3[C@@H](O)C[C@@]21C,1.0,0.9505183394865108
bbbp,baseline,random,0,COC1=CC=C2[C@H]3Cc4ccc(OC)c5c4[C@@]2(CCN3C)[C@H]1O5,1.0,0.9893901214543401
bbbp,baseline,random,0,CCCCCCC(C)NN,1.0,0.9082838061657947
bbbp,baseline,random,0,CCOC(=O)c1[nH]c2cc(OC)c(OC)cc2c1CCN1CCN(c2ccccc2)CC1,1.0,0.9703339722812475
bbbp,baseline,random,0,CC(=O)[C@@]1(O)[C@H](O)C[C@H]2[C@@H]3CCC4=CC(=O)CC[C@]4(C)[C@H]3CC[C@@]21C,1.0,0.6495344525085263
bbbp,baseline,random,0,NCC[C@H](O)C(=O)N[C@@H]1C[C@H](N)[C@@H](O[C@H]2O[C@H](CN)CC[C@H]2N)[C@H](O)[C@H]1O[C@H]1O[C@H](CO)[C@@H](O)[C@H](N)[C@H]1O,0.0,0.1849927421453669
bbbp,baseline,random,0,OC(CCCN1CCc2c(c3cc(F)ccc3n2-c2ccc(F)cc2)C1)c1ccc(F)cc1,1.0,0.9349026819242988
bbbp,baseline,random,0,CO/N=C(\C(=O)N[C@@H]1C(=O)N2C(C(=O)O)=C(COC(C)=O)CS[C@H]12)c1ccco1,0.0,0.12235578136392529
bbbp,baseline,random,0,Nc1ccn([C@H]2CC[C@@H](CO)O2)c(=O)n1,1.0,0.874603870530442
bbbp,baseline,random,0,CN(C)S(=O)(=O)c1ccc2c(c1)N(CCCN1CCC(CCO)CC1)c1ccccc1S2,1.0,0.9817496956459381
bbbp,baseline,random,0,CC(=O)NCCCOc1cccc(CN2CCCCC2)c1,1.0,0.9647426449518209
bbbp,baseline,random,0,CNCCC=C1c2ccccc2CCc2ccccc21,1.0,0.9873827421317415
bbbp,baseline,random,0,O=C1NCN(c2ccccc2)C12CCN(CC1COc3ccccc3O1)CC2,1.0,0.9701869473627994
bbbp,baseline,random,0,CSc1ccc2c(c1)N(CCC1CCCNC1)c1ccccc1S2,1.0,0.9844189584976294
bbbp,baseline,random,0,O=C1CC[C@H](C(=O)N2CCCCC2)N1,1.0,0.9521171586858721
bbbp,baseline,random,0,COC(F)(F)C(F)Br,1.0,0.9594965522645182
bbbp,baseline,random,0,CCCCNC(=O)NS(=O)(=O)c1ccc(C)cc1,0.0,0.7809335625305921
bbbp,baseline,random,0,CN(C)CC(=O)N1c2ccccc2Sc2ccccc21,1.0,0.9900707979375255
bbbp,baseline,random,0,CCCCSc1ccc(C(SCCN(C)C)c2ccccc2)cc1,1.0,0.9110842959649188
bbbp,baseline,random,0,COCCCC/C(=N\OCCN)c1ccc(Cl)cc1,1.0,0.9250186935580951
bbbp,baseline,random,0,Cc1cccc2c1Oc1ccccc1C1(O)CCN(C)CC21,1.0,0.9869154118915939
bbbp,baseline,random,0,CC1(C)O[C@@H]2C[C@H]3[C@@H]4C[C@H](F)C5=CC(=O)C=C[C@]5(C)[C@@]4(F)[C@@H](O)C[C@]3(C)[C@]2(C(=O)CO)O1,1.0,0.9881382699911773
bbbp,baseline,random,0,O=C1NCCN1CCN1CCC(c2cn(-c3ccc(F)cc3)c3ccc(Cl)cc23)CC1,1.0,0.9721200381437263
bbbp,baseline,random,0,CC1CC2C3CC(F)C4=CC(=O)C=CC4(C)C3(F)C(O)CC2(C)C1(O)C(=O)CCl,1.0,0.9859773421172937
bbbp,baseline,random,0,C[C@]12CCC(=O)C=C1CC[C@@H]1[C@@H]2C(=O)C[C@@]2(C)[C@H]1CC[C@]2(O)C(=O)CO,0.0,0.7178801012186257
bbbp,baseline,random,0,OC(CCN1CCCCC1)(c1ccccc1)C1CC2C=CC1C2,1.0,0.9853551969544702
bbbp,baseline,random,0,CN(C/C=C/c1ccccc1)CCOC(c1ccccc1)c1ccccc1,1.0,0.9214841998940482
bbbp,baseline,random,0,C[C@]12Cc3cn[nH]c3C[C@@H]1CC[C@@H]1[C@@H]2CC[C@@]2(C)[C@H]1CC[C@]2(C)O,0.0,0.7235933416690477
bbbp,baseline,random,0,CCN[C@@H]1C[C@H](N)[C@@H](O[C@H]2OC(CN)=CC[C@H]2N)[C@H](O)[C@H]1O[C@H]1OC[C@](C)(O)[C@H](NC)[C@H]1O,0.0,0.054419290598575636
bbbp,baseline,random,0,CC(=O)OCC(=O)[C@@]12OC(C)(C)O[C@@H]1CC1C3CC(C=O)=C4C=C(OCCCl)CCC4(C)[C@@]3(F)C(O)CC12C,1.0,0.9643931185195499
bbbp,baseline,random,0,COc1ccc2c(c1)C(O)(CCCN(C)C)c1ccccc1S2,1.0,0.9074815508547294
bbbp,baseline,random,0,CC(=O)OCC1=C(C(=O)O)N2C(=O)[C@@H](NC(=O)CCC[C@@H](N)C(=O)O)[C@H]2SC1,0.0,0.1421487776215541
bbbp,baseline,random,0,CCC1C(C)=NN=C(c2ccc(OC)c(OC)c2)c2cc(OC)c(OC)cc21,1.0,0.8940657515158928
bbbp,baseline,random,0,CCN1CCc2[nH]c3cc(F)c4scc(C)c4c3c2C1,1.0,0.9853897799279738
bbbp,baseline,random,0,CN1CCN(c2c(F)cc3c(=O)c(C(=O)O)cn4c3c2SCC4)CC1,0.0,0.5430556932823746
bbbp,baseline,random,0,CN1[C@@H]2CC[C@H]1CC(NC(=O)N1CC(C)(C)c3ccccc31)C2,1.0,0.9783753099050186
bbbp,baseline,random,0,CN(C(=O)CNC1CC1)c1ccc(Cl)cc1C(=O)c1ccccc1Cl,1.0,0.9627144607639766
bbbp,baseline,random,0,C=CCC1(CC(C)(C)C)C(=O)NC(=O)NC1=O,1.0,0.953802284522192
bbbp,baseline,random,0,CCOC(=O)C1(c2ccccc2)CCN(CCc2ccc(N)cc2)CC1,1.0,0.9611753367247314
bbbp,baseline,random,0,NCC1OC(OC2C(N)CC(N)C(OC3OC(CO)C(O)C(N)C3O)C2O)C(N)C(O)C1O,0.0,0.08845313226122878
bbbp,baseline,random,0,O=C(O)c1cn(C2CC2)c2cc(N3CCNCC3)c(F)cc2c1=O,0.0,0.35714695369821886
bbbp,baseline,random,0,CO[C@H]1C[C@H](O[C@H]2[C@H](C)[C@@H](O[C@@H]3O[C@H](C)C[C@H](N(C)C)[C@H]3OC(C)=O)[C@@H](C)C[C@@]3(CO3)C(=O)[C@H](C)[C@@H](OC(C)=O)[C@@H](C)[C@@H](C)OC(=O)[C@@H]2C)O[C@@H](C)[C@@H]1OC(C)=O,0.0,0.5633010394981576
bbbp,baseline,random,0,CCC(=O)[C@@]1(C)[C@H](C)C[C@H]2[C@@H]3CCC4=CC(=O)C=C[C@]4(C)[C@H]3[C@@H](O)C[C@@]21C,1.0,0.9544174792732015
bbbp,baseline,random,0,C=C1C[C@H](C)[C@H]2[C@H]3Cc4ccc(O)cc4[C@@]2(CCN3CC2CCC2)C1,1.0,0.9760271741040633
bbbp,baseline,random,0,COc1nc2nc(-c3noc(C)n3)cn2c2c1CCCC2,1.0,0.9342033166527725
bbbp,baseline,random,0,C#C[C@]1(O)CC[C@H]2[C@@H]3CCc4cc(OC)ccc4[C@H]3CC[C@@]21C,0.0,0.6046545958190799
bbbp,baseline,random,0,CCn1cc(C(=O)O)c(=O)c2ccc(Cc3ccccc3)nc21,1.0,0.4515038953427705
bbbp,baseline,random,0,Oc1ccc2c3c1OC1C(O)CCC4(O)C(C2)N(CC2CCC2)CCC314,1.0,0.9099280178450804
bbbp,baseline,random,0,CCCCNCC1COc2ccccc2O1,1.0,0.9839813534367082
bbbp,baseline,random,0,CC(=O)Nc1cccc(O)c1,1.0,0.766099906626748
bbbp,baseline,random,0,Cc1ccc(Cc2cnc(NCCSCc3ccc(C(C)(C)N)o3)[nH]c2=O)cn1,0.0,0.22283894230762769
bbbp,baseline,random,0,O=[N+]([O-])c1cc[nH]c1NCCSCc1ccccn1,1.0,0.8107275171165212
bbbp,baseline,random,0,CN(C)CCCN1c2ccccc2Sc2ccc(C(F)(F)F)cc21,1.0,0.9874584451327894
bbbp,baseline,random,0,CC(C)[C@H](N)C(=O)OCCOCn1cnc2c(=O)nc(N)[nH]c21,1.0,0.5675281392296597
bbbp,baseline,random,0,CCOc1ccccc1OCC1CNCCO1,1.0,0.9544225647607202
bbbp,baseline,random,0,CCOC(=O)OC(C)OC(=O)[C@@H]1N2C(=O)[C@@H](N=CN3CCCCCC3)[C@H]2SC1(C)C,0.0,0.23550092026895214
bbbp,baseline,random,0,CCOC(=O)[C@H](CCc1ccccc1)N[C@@H](C)C(=O)N1CCC[C@H]1C(=O)O,0.0,0.6679922169106028
bbbp,baseline,random,0,CC[C@@H](O)C(C[C@@H](C)N(C)C)(c1ccccc1)c1ccccc1,1.0,0.94867962387716
bbbp,baseline,random,0,Oc1ccc2c(c1)C13CCCCC1C(C2)N(CCc1ccccc1)CC3,1.0,0.9823961131271578
bbbp,baseline,random,0,Cc1c[nH+][o+]c(C([NH])CC(C)C(C)(C)N(C(C)(C)C)C(C)(N)N)c1[O-],1.0,0.557098033855847
bbbp,baseline,random,0,O=C(Cn1ccnc1)c1ccc2ccccc2c1,1.0,0.9371412825668234
bbbp,baseline,random,0,CC[C@H]1CN2CCc3cc(OC)c(OC)cc3[C@@H]2C[C@@H]1C[C@H]1NCCc2cc(OC)c(OC)cc21.[Cl],0.0,0.8833189896247821
bbbp,baseline,random,0,Cc1nnc(SCC2=C(C(=O)OCc3oc(=O)oc3C)N3C(=O)C(NC(=O)C(OC(=O)C(C)N)c4ccccc4)C3SC2)s1,0.0,0.11439440955881856
bbbp,baseline,random,0,CN1CCN(C2=Nc3cc(F)ccc3Cc3ccccc32)CC1,1.0,0.9927073109242733
bbbp,baseline,random,0,Cc1c(F)c(N2CCNC(C)C2)cc2c1c(=O)c(C(=O)O)cn2C1CC1,0.0,0.4041386107151093
bbbp,baseline,random,0,CC(C)(C)c1ccc(C(=O)CCCN2CCC(OC(c3ccccc3)c3ccccc3)CC2)cc1,0.0,0.7870998057963841
bbbp,baseline,random,0,C[N+](C)([O-])CC/C=C1/c2ccccc2C=Cc2c(Cl)cccc21,1.0,0.9567412275592287
bbbp,baseline,random,0,CC[N+](C)(CC)CCOC(=O)C1c2ccccc2Oc2ccccc21,0.0,0.8744739698945869
bbbp,baseline,random,0,COc1cccc(OC)c1C(=O)N[C@@H]1C(=O)N2[C@@H]1SC(C)(C)[C@@H]2C(=O)O,0.0,0.07181287945916444
bbbp,baseline,random,0,CC(C)NNC(=O)c1ccncc1,1.0,0.5208803921108952
bbbp,baseline,random,0,Nc1ncc2ncn(COCCO)c2n1,1.0,0.7876383391481178
bbbp,baseline,random,0,CCC(=O)O[C@H]1[C@H](C)O[C@@H](O[C@@H]2C(C)C(=O)O[C@H](C)[C@H](C)[C@H](OC(=O)CC)[C@@H](C)C(=O)[C@]3(CO3)CC(C)[C@H](O[C@@H]3O[C@H](C)C[C@H](N(C)C)[C@H]3O)[C@H]2C)C[C@@H]1OC,0.0,0.5657451075210111
bbbp,baseline,random,0,CO[C@@]1(NC(=O)C(C(=O)O)c2ccsc2)C(=O)N2[C@@H](C(=O)O)C(C)(C)S[C@@H]21,0.0,0.12263515123674755
bbbp,baseline,random,0,COc1cc([C@@H]2c3cc4c(cc3[C@@H](O[C@@H]3O[C@@H]5CO[C@@H](C)O[C@H]5[C@H](O)[C@H]3O)C3COC(=O)[C@@H]32)OCO4)cc(OC)c1O,0.0,0.45043870430301486
bbbp,baseline,random,0,CC1=CCC2C3Cc4ccc(O)c5c4C2(CCN3C)C1O5,1.0,0.9877864702112682
bbbp,baseline,random,0,COC(=O)[C@H]1[C@H]2C[C@@H]3c4[nH]c5cc(OC)ccc5c4CCN3C[C@H]2C[C@@H](OC(=O)/C=C/c2cc(OC)c(OC)c(OC)c2)[C@@H]1OC,1.0,0.8681391087767342
bbbp,baseline,random,0,CN(C)CCCN1c2ccccc2C(c2ccccc2)=Nc2cccnc21,1.0,0.9767941710229916
bbbp,baseline,random,0,CC1(C)S[C@@H]2[C@H](NC(=O)[C@H](N)c3ccccc3)C(=O)N2[C@H]1C(=O)O,0.0,0.04112278812034934
bbbp,baseline,random,0,O=c1ccc2ccccc2o1,0.0,0.9208943053123742
bbbp,baseline,random,0,Oc1ccc2c(c1)[C@@]13CCCC[C@@]1(O)[C@@H](C2)N(CC1CC1)CC3,1.0,0.9741826410305489
bbbp,baseline,random,0,C[C@@H]1CN2CC(=O)Nc3ccc(Cl)cc3[C@]2(c2ccccc2)O1,1.0,0.9785303940657579
bbbp,baseline,random,0,Cc1nccn1CC1CCc2c(c3ccccc3n2C)C1=O,1.0,0.9628817651013744
bbbp,baseline,random,0,C=C(C)[C@@H]1CCC(C)=CC1c1c(O)cc(CCCCC)cc1O,1.0,0.7921977945833214
bbbp,baseline,random,0,O=C1OC(c2ccc(O)cc2)(c2ccc(O)cc2)c2ccccc21,0.0,0.8948853847203838
bbbp,baseline,random,0,O=C(CCCN1CC=C(n2c(=O)[nH]c3ccccc32)CC1)c1ccc(F)cc1,1.0,0.9845369358375287
bbbp,baseline,random,0,CC1(C)S[C@@H]2[C@H](NC(=O)C(c3ccccc3)S(=O)(=O)O)C(=O)N2[C@H]1C(=O)O,0.0,0.03627529435995308
bbbp,baseline,random,0,Cc1nc2ccccc2c(=O)n1-c1ccccc1Cl,1.0,0.9466830854734278
bbbp,baseline,random,0,CN=C(NC#N)NCCSCc1csc(N=C(N)N)n1,1.0,0.3688829596651111
bbbp,baseline,random,0,CC(=O)OCC(=O)[C@@]1(OC(=O)c2ccco2)[C@H](C)C[C@H]2[C@@H]3CCC4=CC(=O)C=C[C@]4(C)[C@@]3(F)[C@@H](O)C[C@@]21C,1.0,0.9517613666014016
bbbp,baseline,random,0,Cn1c(=O)c2nc[nH]c2n(C)c1=O,1.0,0.6915391471556638
bbbp,baseline,random,0,Cc1cn([C@H]2C=C[C@@H](CO)O2)c(=O)[nH]c1=O,1.0,0.9022339793815896
bbbp,baseline,random,0,CCN1CCN(C(=O)N[C@@H](C(=O)N[C@@H]2C(=O)N3[C@@H]2SC(C)(C)[C@@H]3C(=O)O)c2ccccc2)C(=O)C1=O.O,1.0,0.052240664158162683
bbbp,baseline,random,0,C=CCC1(CC(C)O)C(=O)NC(=O)NC1=O,1.0,0.7156743004797242
bbbp,baseline,random,0,O=c1[nH]c2ccccc2n1CCCN1CCC(n2c(=O)[nH]c3cc(Cl)ccc32)CC1,0.0,0.9700177419150885
bbbp,baseline,random,0,O=C1NCCNC1c1cccs1,1.0,0.9340859257724956
bbbp,baseline,random,0,CCC1(c2ccccc2)NC(=O)N(C)C1=O,1.0,0.971271517249985
bbbp,baseline,random,0,CCC1(CC)C(=O)NC(=O)NC1=O,1.0,0.8139161781691793
bbbp,baseline,random,0,CCN(CC)CCN1C(=O)CN=C(c2ccccc2F)c2cc(Cl)ccc21,1.0,0.9888095526858578
bbbp,gnn,random,0,Cc1c2c(cn1C)NC(=O)CN=C2c1ccccc1,1.0,0.9999920129776001
bbbp,gnn,random,0,CCC1(c2ccccc2)NCC(=O)NC1=O,1.0,0.9999593496322632
bbbp,gnn,random,0,CC(=O)N1CCN(C(=O)Cc2cc(F)cc(F)c2)[C@@H](CN2CC[C@@H](O)C2)C1,0.0,0.0708555281162262
bbbp,gnn,random,0,CCC1(c2ccccc2)OCC(C2CCCCN2)O1,1.0,0.9999663829803467
bbbp,gnn,random,0,CC(=O)C1=C(O)[C@@]2(O)C(=O)c3c(c(C)c4ccc(C)c(O)c4c3O)C[C@H]2[C@@H](N)C1=O,0.0,0.02093430422246456
bbbp,gnn,random,0,COc1ccc2c3c1OC1C(OC(C)=O)=CCC4C(C2)N(C)CCC314,1.0,0.9999996423721313
bbbp,gnn,random,0,C[C@@H]1N=C(c2ccccc2Cl)c2cc([N+](=O)[O-])ccc2NC1=O,1.0,0.9995423555374146
bbbp,gnn,random,0,Oc1ccc2c3c1OC1C(O)C=CC4C(C2)NCCC341,1.0,0.9999997615814209
bbbp,gnn,random,0,CC(C)N=c1cc2n(-c3ccc(Cl)cc3)c3ccccc3nc-2cc1Nc1ccc(Cl)cc1,0.0,0.9372031092643738
bbbp,gnn,random,0,O=c1[nH]c(=O)n([C@H]2C[C@H](O)[C@@H](CO)O2)cc1F,0.0,0.48847225308418274
bbbp,gnn,random,0,CC12C[C@H](O)[C@@]3(F)C(CCC4=CC(=O)C=CC43C)[C@@H]1C[C@H]1O[C@@](C)(c3ccccc3)O[C@]12C(=O)CO,1.0,0.9825830459594727
bbbp,gnn,random,0,CC(CN(C)C)CN1c2ccccc2Sc2ccccc21,1.0,0.9998559951782227
bbbp,gnn,random,0,CC[C@@H](CO)NCCN[C@@H](CC)CO,0.0,0.15072153508663177
bbbp,gnn,random,0,CC(=O)NC(CCC(N)=O)C(=O)O,1.0,0.9098191261291504
bbbp,gnn,random,0,CCN(CC)CCNC(=O)COc1ccc(OC)cc1.[Cl-].[H+],1.0,0.9856013655662537
bbbp,gnn,random,0,Cc1nnc2n1-c1ccc(Cl)cc1C(c1ccccc1)=NC2,1.0,0.9999728202819824
bbbp,gnn,random,0,Cc1cccc2c1Oc1ccccc1[C@@]1(O)CCN(C)C[C@@H]21,1.0,0.9999765157699585
bbbp,gnn,random,0,O=C(O)CCCCCC[NH2+]C1c2ccccc2CCc2ccccc21.[Cl-],1.0,0.9990953207015991
bbbp,gnn,random,0,Cc1c(C)c2ccc(OCc3nnc(C(C)C)s3)cc2oc1=O,1.0,0.17474959790706635
bbbp,gnn,random,0,OCCN1CCN(CCCC2c3ccc(F)cc3Sc3ccc(C(F)(F)F)cc32)CC1,1.0,0.9999970197677612
bbbp,gnn,random,0,C=CCC(N)c1ccccc1-c1noc2ccccc12,1.0,0.9999986886978149
bbbp,gnn,random,0,CCCOC(=O)N1CCN(C(=O)Cc2ccc(Cl)c(Cl)c2)[C@@H](CN2CCCC2)C1,1.0,0.9999219179153442
bbbp,gnn,random,0,Cc1ncc([N+](=O)[O-])n1CCO,1.0,0.9302728772163391
bbbp,gnn,random,0,CN1CCN(C2=Nc3ccccc3Oc3ccc(Cl)cc32)CC1,1.0,0.9999992847442627
bbbp,gnn,random,0,Fc1ccc(C(CCCN2CCN(CCNc3ccccc3)CC2)c2ccc(F)cc2)cc1,1.0,0.9994718432426453
bbbp,gnn,random,0,Cc1ncc2n1-c1ccc(Cl)cc1C(c1ccccc1Cl)=NC2,1.0,0.999972939491272
bbbp,gnn,random,0,CO[C@@]1(NC(=O)CSCC#N)C(=O)N2C(C(=O)O)=C(CSc3nnnn3C)CS[C@@H]21,0.0,0.14151757955551147
bbbp,gnn,random,0,CC(NC(C)(C)C)C(=O)c1cccc(Cl)c1,1.0,0.9768216013908386
bbbp,gnn,random,0,COc1ccc(CCN2CCN(c3cccc(Cl)c3)CC2)cc1OC,1.0,0.9999626874923706
bbbp,gnn,random,0,COc1cc2c(cc1OC)C1CC(=O)C(CC(C)C)CN1CC2,1.0,0.9999867677688599
bbbp,gnn,random,0,CC(=O)NCCn1c(C)cc(C=O)c1C,1.0,0.9992151260375977
bbbp,gnn,random,0,CN1c2ccccc2C(c2ccccc2Cl)=NCC1(Cl)CO,1.0,0.9998677968978882
bbbp,gnn,random,0,CCC1(CC)C(=O)NC=C(C)C1=O,1.0,0.9630779027938843
bbbp,gnn,random,0,Cc1ccc(S(=O)(=O)NC(=O)NN2CCCCCC2)cc1,0.0,0.9862731099128723
bbbp,gnn,random,0,CN(C)C(=O)C(CCN1CCC(O)(c2ccc(Cl)cc2)CC1)(c1ccccc1)c1ccccc1,1.0,0.998916506767273
bbbp,gnn,random,0,CN1CCC(=C2c3ccccc3C(O)c3ccccc32)CC1,1.0,0.9998708963394165
bbbp,gnn,random,0,CCNCc1c(CSC)cnc(C)c1O,1.0,0.9994702935218811
bbbp,gnn,random,0,CC(O)Cn1cnc2c1c(=O)n(C)c(=O)n2C,1.0,0.8617895841598511
bbbp,gnn,random,0,CN(C)CCc1c[nH]c2cccc(OP(=O)(O)O)c12,1.0,0.7058918476104736
bbbp,gnn,random,0,COCC(=O)N(c1ccccc1F)C1CCN(CCc2ccccc2)CC1,1.0,0.9998434782028198
bbbp,gnn,random,0,C[C@H]1[C@H](c2ccccc2)OCCN1C,1.0,0.9995824694633484
bbbp,gnn,random,0,NCCC(O)CNC1CC(N)C(OC2OC(CN)C(O)C(O)C2O)C(O)C1OC1OC(CO)C(O)C(N)C1O,0.0,0.006972746457904577
bbbp,gnn,random,0,CN1CC[C@]23c4c5ccc(O)c4O[C@H]2C(=O)CC[C@@]3(O)[C@H]1C5,1.0,0.9996660947799683
bbbp,gnn,random,0,CC(C)=CCN1CC[C@@]2(C)c3cc(O)ccc3C[C@@H]1[C@H]2C,1.0,0.9997087121009827
bbbp,gnn,random,0,CCCC(C)C1(CC)C(=O)NC(=O)NC1=O,1.0,0.9654832482337952
bbbp,gnn,random,0,CC(C)(C)OC(=O)CCCc1ccc(N(CCCl)CCCl)cc1,1.0,0.025638625025749207
bbbp,gnn,random,0,CC1(C)S[C@@H]2[C@H](NC(=O)C(C(=O)Oc3ccccc3)c3ccccc3)C(=O)N2[C@H]1C(=O)O,0.0,0.010786247439682484
bbbp,gnn,random,0,CCCl,1.0,0.9998103976249695
bbbp,gnn,random,0,ClC=C(Cl)Cl,1.0,0.9999791383743286
bbbp,gnn,random,0,CCCCOC(=O)C(=O)C1C(C)CC2C3CC(F)C4=CC(=O)C=CC4(C)C3C(O)CC21C,1.0,0.9981254935264587
bbbp,gnn,random,0,COc1ccc2c(c1OC)[C@]13CCN(C)[C@H](C2)[C@]1(O)CC[C@@H](O)C3,1.0,0.9716306328773499
bbbp,gnn,random,0,CN1C2CCC1CC(OC(=O)C(O)c1ccccc1)C2,0.0,0.7037554979324341
bbbp,gnn,random,0,CN(C)CCCN1c2ccccc2Sc2cccnc21,1.0,0.9998822212219238
bbbp,gnn,random,0,CN1CCN(/C=C2\N=C3CN=C(c4ccccc4Cl)c4cc([N+](=O)[O-])ccc4N3C2=O)CC1,1.0,0.9999910593032837
bbbp,gnn,random,0,CN(C)CC#CC=C1c2ccccc2C=Cc2ccccc21,1.0,0.9999876022338867
bbbp,gnn,random,0,CCC(=O)O[C@](Cc1ccccc1)(c1ccccc1)[C@H](C)CN(C)C.[Cl-].[H+],1.0,0.948946475982666
bbbp,gnn,random,0,CN(C)[C@@H]1C(=O)/C(=C(\N)O)C(=O)[C@@]2(O)C(=O)C3=C(O)c4c(O)ccc(Cl)c4[C@@](C)(O)[C@H]3C[C@@H]12.[Cl-].[H+],0.0,0.04295685514807701
bbbp,gnn,random,0,CN(C)CCN(C)n1cc(-c2ccccc2)c2ccccc21,1.0,0.9997627139091492
bbbp,gnn,random,0,O=C(O)c1cc(=O)c2ccccc2o1,1.0,0.11229780316352844
bbbp,gnn,random,0,Cc1ccccc1C,1.0,0.9997143149375916
bbbp,gnn,random,0,CC1=C(C(=O)O)N2C(=O)[C@@H](NC(=O)[C@H](N)c3cccc(NS(C)(=O)=O)c3)[C@H]2SC1,0.0,0.002390572102740407
bbbp,gnn,random,0,OCCN1CCN(CCCN2c3ccccc3Sc3cc(Cl)cnc32)CC1,1.0,0.9999130964279175
bbbp,gnn,random,0,NC(=O)NCCN1CCN(c2cccc(C(F)(F)F)c2)CC1,1.0,0.9999990463256836
bbbp,gnn,random,0,CCc1ccccc1,1.0,0.9986901879310608
bbbp,gnn,random,0,CNC1CCN2c3ccccc3CCc3cccc1c32,1.0,0.9999972581863403
bbbp,gnn,random,0,CNCC(O)c1cccc(OC(=O)C(C)(C)C)c1,0.0,0.42660877108573914
bbbp,gnn,random,0,CCN(CC)S(=O)(=O)N[C@H]1C[C@@H]2c3cccc4[nH]cc(c34)C[C@H]2N(C)C1,1.0,0.9995985627174377
bbbp,gnn,random,0,COc1ccccc1OCC1CNC(=O)O1,1.0,0.9926967024803162
bbbp,gnn,random,0,CCCCC,1.0,0.9999688863754272
bbbp,gnn,random,0,CN1CCN(C2Cc3ccccc3Sc3ccc(Cl)cc32)CC1,1.0,1.0
bbbp,gnn,random,0,CC(Cc1ccccc1)NCCC1c2ccccc2Sc2ccccc21,1.0,0.9998540878295898
bbbp,gnn,random,0,CC(=O)[C@]1(O)Cc2c(O)c3c(c(O)c2[C@@H](O[C@H]2C[C@H](N)[C@H](O)[C@H](C)O2)C1)C(=O)c1ccccc1C3=O,0.0,0.004916829522699118
bbbp,gnn,random,0,C[N+]12CCC(CC1)C(OC(=O)C(O)(c1ccccc1)c1ccccc1)C2.[Br-],0.0,0.346561998128891
bbbp,gnn,random,0,COC(=O)[C@@H]1[C@H]2C[C@H]3c4[nH]c5ccccc5c4CCN3C[C@@H]2CC[C@@H]1O,0.0,0.9878177046775818
bbbp,gnn,random,0,CO/N=C(\C(=O)N[C@@H]1C(=O)N2C(C(=O)O)=CCS[C@H]12)c1csc(N)n1,0.0,0.17925751209259033
bbbp,gnn,random,0,C=NC(C(=O)NC1C(=O)N2C1SC(C)(C)C2C(=O)O)c1ccccc1,0.0,0.008421052247285843
bbbp,gnn,random,0,O=c1c(O[C@@H]2O[C@H](CO)[C@@H](O)[C@H](O)[C@H]2O)c(-c2ccc(O)c(O)c2)oc2cc(O)cc(O)c12,0.0,0.016019245609641075
bbbp,gnn,random,0,C[C@]12C=CC(=O)C=C1CC[C@@H]1[C@@H]2CC[C@]2(C)OC(=O)CC[C@@H]12,0.0,0.04370122402906418
bbbp,gnn,random,0,CCOC(=O)N1CCC(=C2c3ccc(Cl)cc3CCc3cccnc32)CC1,0.0,0.9999998807907104
bbbp,gnn,random,0,CN1CCc2cccc3c2[C@H]1Cc1ccc(O)c(O)c1-3,1.0,0.9998929500579834
bbbp,gnn,random,0,CC(C)CC(OC(=O)c1ccco1)C(=O)N[C@@H]1C(=O)N2[C@@H]1SC(C)(C)[C@@H]2C(=O)O,0.0,0.007158523891121149
bbbp,gnn,random,0,CN(C)CCn1nnnc1SCC1=C(C(=O)O)N2C(=O)[C@@H](NC(=O)Cc3csc(N)n3)[C@H]2SC1,0.0,0.027324669063091278
bbbp,gnn,random,0,CNC(=NC#N)Nc1cccc(-c2csc(N=C(N)N)n2)c1,0.0,0.2864775061607361
bbbp,gnn,random,0,Cc1cccc(/C=N/N2CCN(C(c3ccccc3)c3ccccc3)CC2)n1,1.0,0.9999823570251465
bbbp,gnn,random,0,CC(C)(C)CC(=O)OCC(=O)[C@@]1(O)CC[C@H]2[C@@H]3CCC4=CC(=O)C=C[C@]4(C)[C@H]3[C@@H](O)C[C@@]21C,1.0,0.8768848180770874
bbbp,gnn,random,0,CC1NC(=O)COC1c1ccccc1,1.0,0.9997739195823669
bbbp,gnn,random,0,CC(=O)c1ccc2c(c1)N(CCCN1CCC(CCO)CC1)c1ccccc1S2,1.0,0.9954277276992798
bbbp,gnn,random,0,O=C1N(C(O)C(Cl)(Cl)Cl)CNC1(c1ccccc1)c1ccccc1,1.0,0.9972150325775146
bbbp,gnn,random,0,COc1ccc(N2C[C@H](CN3CCC(O)(c4ccc5c(c4)OCO5)CC3)OC2=O)cc1,1.0,0.9999818801879883
bbbp,gnn,random,0,CN(C)Cc1ccc(CSCCNC2N=CC=C2[N+](=O)[O-])o1,0.0,0.9994674324989319
bbbp,gnn,random,0,C=CCSCC(=O)NC1C(=O)N2C1SC(C)(C)C2C(=O)[O-].[Na+],0.0,0.958461582660675
bbbp,gnn,random,0,CC[C@H]1OC(=O)[C@H](C)[C@@H](O[C@H]2C[C@@](C)(OC)[C@@H](O)[C@H](C)O2)[C@H](C)[C@@H](O[C@@H]2O[C@H](C)C[C@H](N(C)C)[C@H]2O)[C@](C)(O)C[C@@H](C)C(=O)[C@H](C)[C@@H](O)[C@]1(C)O,0.0,4.433130379766226e-05
bbbp,gnn,random,0,CC1(C)O[C@@H]2C[C@H]3C4C[C@H](F)C5=CC(=O)C=C[C@]5(C)[C@@]4(F)[C@@H](O)C[C@]3(C)[C@]2(C(=O)COC(=O)C2CC2)O1,1.0,0.9995599389076233
bbbp,gnn,random,0,O=C1CC[C@H]2[C@H]3Cc4cccc(O)c4[C@@]2(CCN3CC2CC2)C1,1.0,0.9999663829803467
bbbp,gnn,random,0,CC1CC2C3CC(F)C4=CC(=O)C=CC4(C)C3(F)C(O)CC2(C)C1(O)C(=O)SCF,1.0,0.9999340772628784
bbbp,gnn,random,0,CCC(C(N)=O)N1CCCC1=O,1.0,0.9993147850036621
bbbp,gnn,random,0,O=C(O)COCCN1CCN(C(c2ccccc2)c2ccc(Cl)cc2)CC1,0.0,0.9993894100189209
bbbp,gnn,random,0,CC1(C)S[C@@H]2[C@H](NC(=O)COc3ccccc3)C(=O)N2[C@H]1C(=O)[O-],0.0,0.035088472068309784
bbbp,gnn,random,0,CCC(=O)N(c1ccc(Cl)c(Cl)c1)[C@@H]1CCC[C@H]1N(C)C,1.0,0.9999042749404907
bbbp,gnn,random,0,CN=C(Cc1ccc2ccccc2c1)[NH2+]C.[Cl-],1.0,0.907477855682373
bbbp,gnn,random,0,CC(=O)OCC(=O)[C@@]1(O)CC[C@H]2[C@@H]3CCC4=CC(=O)CC[C@]4(C)[C@H]3[C@@H](O)C[C@@]21C,1.0,0.6075294017791748
bbbp,gnn,random,0,COC1=CC=C2[C@H]3Cc4ccc(OC)c5c4[C@@]2(CCN3C)[C@H]1O5,1.0,0.9999998807907104
bbbp,gnn,random,0,CCCCCCC(C)NN,1.0,0.9997462630271912
bbbp,gnn,random,0,CCOC(=O)c1[nH]c2cc(OC)c(OC)cc2c1CCN1CCN(c2ccccc2)CC1,1.0,0.9998912811279297
bbbp,gnn,random,0,CC(=O)[C@@]1(O)[C@H](O)C[C@H]2[C@@H]3CCC4=CC(=O)CC[C@]4(C)[C@H]3CC[C@@]21C,1.0,0.20597204566001892
bbbp,gnn,random,0,NCC[C@H](O)C(=O)N[C@@H]1C[C@H](N)[C@@H](O[C@H]2O[C@H](CN)CC[C@H]2N)[C@H](O)[C@H]1O[C@H]1O[C@H](CO)[C@@H](O)[C@H](N)[C@H]1O,0.0,0.10231328010559082
bbbp,gnn,random,0,OC(CCCN1CCc2c(c3cc(F)ccc3n2-c2ccc(F)cc2)C1)c1ccc(F)cc1,1.0,0.9999587535858154
bbbp,gnn,random,0,CO/N=C(\C(=O)N[C@@H]1C(=O)N2C(C(=O)O)=C(COC(C)=O)CS[C@H]12)c1ccco1,0.0,0.1888667345046997
bbbp,gnn,random,0,Nc1ccn([C@H]2CC[C@@H](CO)O2)c(=O)n1,1.0,0.4951539933681488
bbbp,gnn,random,0,CN(C)S(=O)(=O)c1ccc2c(c1)N(CCCN1CCC(CCO)CC1)c1ccccc1S2,1.0,0.9851046204566956
bbbp,gnn,random,0,CC(=O)NCCCOc1cccc(CN2CCCCC2)c1,1.0,0.9998021721839905
bbbp,gnn,random,0,CNCCC=C1c2ccccc2CCc2ccccc21,1.0,0.9999972581863403
bbbp,gnn,random,0,O=C1NCN(c2ccccc2)C12CCN(CC1COc3ccccc3O1)CC2,1.0,0.9999934434890747
bbbp,gnn,random,0,CSc1ccc2c(c1)N(CCC1CCCNC1)c1ccccc1S2,1.0,0.999976634979248
bbbp,gnn,random,0,O=C1CC[C@H](C(=O)N2CCCCC2)N1,1.0,0.9972424507141113
bbbp,gnn,random,0,COC(F)(F)C(F)Br,1.0,0.9999655485153198
bbbp,gnn,random,0,CCCCNC(=O)NS(=O)(=O)c1ccc(C)cc1,0.0,0.9325616955757141
bbbp,gnn,random,0,CN(C)CC(=O)N1c2ccccc2Sc2ccccc21,1.0,0.9997101426124573
bbbp,gnn,random,0,CCCCSc1ccc(C(SCCN(C)C)c2ccccc2)cc1,1.0,0.9024427533149719
bbbp,gnn,random,0,COCCCC/C(=N\OCCN)c1ccc(Cl)cc1,1.0,0.9912318587303162
bbbp,gnn,random,0,Cc1cccc2c1Oc1ccccc1C1(O)CCN(C)CC21,1.0,0.999994158744812
bbbp,gnn,random,0,CC1(C)O[C@@H]2C[C@H]3[C@@H]4C[C@H](F)C5=CC(=O)C=C[C@]5(C)[C@@]4(F)[C@@H](O)C[C@]3(C)[C@]2(C(=O)CO)O1,1.0,0.9972876310348511
bbbp,gnn,random,0,O=C1NCCN1CCN1CCC(c2cn(-c3ccc(F)cc3)c3ccc(Cl)cc23)CC1,1.0,0.9999986886978149
bbbp,gnn,random,0,CC1CC2C3CC(F)C4=CC(=O)C=CC4(C)C3(F)C(O)CC2(C)C1(O)C(=O)CCl,1.0,0.9999734163284302
bbbp,gnn,random,0,C[C@]12CCC(=O)C=C1CC[C@@H]1[C@@H]2C(=O)C[C@@]2(C)[C@H]1CC[C@]2(O)C(=O)CO,0.0,0.26945239305496216
bbbp,gnn,random,0,OC(CCN1CCCCC1)(c1ccccc1)C1CC2C=CC1C2,1.0,0.9997026324272156
bbbp,gnn,random,0,CN(C/C=C/c1ccccc1)CCOC(c1ccccc1)c1ccccc1,1.0,0.9614003896713257
bbbp,gnn,random,0,C[C@]12Cc3cn[nH]c3C[C@@H]1CC[C@@H]1[C@@H]2CC[C@@]2(C)[C@H]1CC[C@]2(C)O,0.0,0.09842632710933685
bbbp,gnn,random,0,CCN[C@@H]1C[C@H](N)[C@@H](O[C@H]2OC(CN)=CC[C@H]2N)[C@H](O)[C@H]1O[C@H]1OC[C@](C)(O)[C@H](NC)[C@H]1O,0.0,0.0050311582162976265
bbbp,gnn,random,0,CC(=O)OCC(=O)[C@@]12OC(C)(C)O[C@@H]1CC1C3CC(C=O)=C4C=C(OCCCl)CCC4(C)[C@@]3(F)C(O)CC12C,1.0,0.9998784065246582
bbbp,gnn,random,0,COc1ccc2c(c1)C(O)(CCCN(C)C)c1ccccc1S2,1.0,0.9978274703025818
bbbp,gnn,random,0,CC(=O)OCC1=C(C(=O)O)N2C(=O)[C@@H](NC(=O)CCC[C@@H](N)C(=O)O)[C@H]2SC1,0.0,0.036978479474782944
bbbp,gnn,random,0,CCC1C(C)=NN=C(c2ccc(OC)c(OC)c2)c2cc(OC)c(OC)cc21,1.0,0.9991421699523926
bbbp,gnn,random,0,CCN1CCc2[nH]c3cc(F)c4scc(C)c4c3c2C1,1.0,0.9999933242797852
bbbp,gnn,random,0,CN1CCN(c2c(F)cc3c(=O)c(C(=O)O)cn4c3c2SCC4)CC1,0.0,0.23104099929332733
bbbp,gnn,random,0,CN1[C@@H]2CC[C@H]1CC(NC(=O)N1CC(C)(C)c3ccccc31)C2,1.0,0.9999841451644897
bbbp,gnn,random,0,CN(C(=O)CNC1CC1)c1ccc(Cl)cc1C(=O)c1ccccc1Cl,1.0,0.9980644583702087
bbbp,gnn,random,0,C=CCC1(CC(C)(C)C)C(=O)NC(=O)NC1=O,1.0,0.9993798732757568
bbbp,gnn,random,0,CCOC(=O)C1(c2ccccc2)CCN(CCc2ccc(N)cc2)CC1,1.0,0.9851256608963013
bbbp,gnn,random,0,NCC1OC(OC2C(N)CC(N)C(OC3OC(CO)C(O)C(N)C3O)C2O)C(N)C(O)C1O,0.0,0.003656612243503332
bbbp,gnn,random,0,O=C(O)c1cn(C2CC2)c2cc(N3CCNCC3)c(F)cc2c1=O,0.0,0.07018763571977615
bbbp,gnn,random,0,CO[C@H]1C[C@H](O[C@H]2[C@H](C)[C@@H](O[C@@H]3O[C@H](C)C[C@H](N(C)C)[C@H]3OC(C)=O)[C@@H](C)C[C@@]3(CO3)C(=O)[C@H](C)[C@@H](OC(C)=O)[C@@H](C)[C@@H](C)OC(=O)[C@@H]2C)O[C@@H](C)[C@@H]1OC(C)=O,0.0,2.104851409967523e-05
bbbp,gnn,random,0,CCC(=O)[C@@]1(C)[C@H](C)C[C@H]2[C@@H]3CCC4=CC(=O)C=C[C@]4(C)[C@H]3[C@@H](O)C[C@@]21C,1.0,0.9457274079322815
bbbp,gnn,random,0,C=C1C[C@H](C)[C@H]2[C@H]3Cc4ccc(O)cc4[C@@]2(CCN3CC2CCC2)C1,1.0,0.9999951124191284
bbbp,gnn,random,0,COc1nc2nc(-c3noc(C)n3)cn2c2c1CCCC2,1.0,0.9986023306846619
bbbp,gnn,random,0,C#C[C@]1(O)CC[C@H]2[C@@H]3CCc4cc(OC)ccc4[C@H]3CC[C@@]21C,0.0,0.1361236721277237
bbbp,gnn,random,0,CCn1cc(C(=O)O)c(=O)c2ccc(Cc3ccccc3)nc21,1.0,0.07703655958175659
bbbp,gnn,random,0,Oc1ccc2c3c1OC1C(O)CCC4(O)C(C2)N(CC2CCC2)CCC314,1.0,0.9999769926071167
bbbp,gnn,random,0,CCCCNCC1COc2ccccc2O1,1.0,0.9999806880950928
bbbp,gnn,random,0,CC(=O)Nc1cccc(O)c1,1.0,0.8669185042381287
bbbp,gnn,random,0,Cc1ccc(Cc2cnc(NCCSCc3ccc(C(C)(C)N)o3)[nH]c2=O)cn1,0.0,0.03560306131839752
bbbp,gnn,random,0,O=[N+]([O-])c1cc[nH]c1NCCSCc1ccccn1,1.0,0.5906872153282166
bbbp,gnn,random,0,CN(C)CCCN1c2ccccc2Sc2ccc(C(F)(F)F)cc21,1.0,0.9999949932098389
bbbp,gnn,random,0,CC(C)[C@H](N)C(=O)OCCOCn1cnc2c(=O)nc(N)[nH]c21,1.0,0.7543286681175232
bbbp,gnn,random,0,CCOc1ccccc1OCC1CNCCO1,1.0,0.9840641021728516
bbbp,gnn,random,0,CCOC(=O)OC(C)OC(=O)[C@@H]1N2C(=O)[C@@H](N=CN3CCCCCC3)[C@H]2SC1(C)C,0.0,0.18041127920150757
bbbp,gnn,random,0,CCOC(=O)[C@H](CCc1ccccc1)N[C@@H](C)C(=O)N1CCC[C@H]1C(=O)O,0.0,0.1301589459180832
bbbp,gnn,random,0,CC[C@@H](O)C(C[C@@H](C)N(C)C)(c1ccccc1)c1ccccc1,1.0,0.8901171088218689
bbbp,gnn,random,0,Oc1ccc2c(c1)C13CCCCC1C(C2)N(CCc1ccccc1)CC3,1.0,0.9999750852584839
bbbp,gnn,random,0,Cc1c[nH+][o+]c(C([NH])CC(C)C(C)(C)N(C(C)(C)C)C(C)(N)N)c1[O-],1.0,0.999349057674408
bbbp,gnn,random,0,O=C(Cn1ccnc1)c1ccc2ccccc2c1,1.0,0.45776790380477905
bbbp,gnn,random,0,CC[C@H]1CN2CCc3cc(OC)c(OC)cc3[C@@H]2C[C@@H]1C[C@H]1NCCc2cc(OC)c(OC)cc21.[Cl],0.0,0.9993250370025635
bbbp,gnn,random,0,Cc1nnc(SCC2=C(C(=O)OCc3oc(=O)oc3C)N3C(=O)C(NC(=O)C(OC(=O)C(C)N)c4ccccc4)C3SC2)s1,0.0,0.032464273273944855
bbbp,gnn,random,0,CN1CCN(C2=Nc3cc(F)ccc3Cc3ccccc32)CC1,1.0,0.9999998807907104
bbbp,gnn,random,0,Cc1c(F)c(N2CCNC(C)C2)cc2c1c(=O)c(C(=O)O)cn2C1CC1,0.0,0.016761906445026398
bbbp,gnn,random,0,CC(C)(C)c1ccc(C(=O)CCCN2CCC(OC(c3ccccc3)c3ccccc3)CC2)cc1,0.0,0.5736876130104065
bbbp,gnn,random,0,C[N+](C)([O-])CC/C=C1/c2ccccc2C=Cc2c(Cl)cccc21,1.0,0.9999997615814209
bbbp,gnn,random,0,CC[N+](C)(CC)CCOC(=O)C1c2ccccc2Oc2ccccc21,0.0,0.2635052800178528
bbbp,gnn,random,0,COc1cccc(OC)c1C(=O)N[C@@H]1C(=O)N2[C@@H]1SC(C)(C)[C@@H]2C(=O)O,0.0,0.010137285105884075
bbbp,gnn,random,0,CC(C)NNC(=O)c1ccncc1,1.0,0.5376445055007935
bbbp,gnn,random,0,Nc1ncc2ncn(COCCO)c2n1,1.0,0.49913346767425537
bbbp,gnn,random,0,CCC(=O)O[C@H]1[C@H](C)O[C@@H](O[C@@H]2C(C)C(=O)O[C@H](C)[C@H](C)[C@H](OC(=O)CC)[C@@H](C)C(=O)[C@]3(CO3)CC(C)[C@H](O[C@@H]3O[C@H](C)C[C@H](N(C)C)[C@H]3O)[C@H]2C)C[C@@H]1OC,0.0,2.017418410105165e-05
bbbp,gnn,random,0,CO[C@@]1(NC(=O)C(C(=O)O)c2ccsc2)C(=O)N2[C@@H](C(=O)O)C(C)(C)S[C@@H]21,0.0,0.00852295197546482
bbbp,gnn,random,0,COc1cc([C@@H]2c3cc4c(cc3[C@@H](O[C@@H]3O[C@@H]5CO[C@@H](C)O[C@H]5[C@H](O)[C@H]3O)C3COC(=O)[C@@H]32)OCO4)cc(OC)c1O,0.0,0.790704071521759
bbbp,gnn,random,0,CC1=CCC2C3Cc4ccc(O)c5c4C2(CCN3C)C1O5,1.0,1.0
bbbp,gnn,random,0,COC(=O)[C@H]1[C@H]2C[C@@H]3c4[nH]c5cc(OC)ccc5c4CCN3C[C@H]2C[C@@H](OC(=O)/C=C/c2cc(OC)c(OC)c(OC)c2)[C@@H]1OC,1.0,0.9999570846557617
bbbp,gnn,random,0,CN(C)CCCN1c2ccccc2C(c2ccccc2)=Nc2cccnc21,1.0,0.9999823570251465
bbbp,gnn,random,0,CC1(C)S[C@@H]2[C@H](NC(=O)[C@H](N)c3ccccc3)C(=O)N2[C@H]1C(=O)O,0.0,0.0023040298838168383
bbbp,gnn,random,0,O=c1ccc2ccccc2o1,0.0,0.8348515629768372
bbbp,gnn,random,0,Oc1ccc2c(c1)[C@@]13CCCC[C@@]1(O)[C@@H](C2)N(CC1CC1)CC3,1.0,0.9998420476913452
bbbp,gnn,random,0,C[C@@H]1CN2CC(=O)Nc3ccc(Cl)cc3[C@]2(c2ccccc2)O1,1.0,0.9999890327453613
bbbp,gnn,random,0,Cc1nccn1CC1CCc2c(c3ccccc3n2C)C1=O,1.0,0.9961129426956177
bbbp,gnn,random,0,C=C(C)[C@@H]1CCC(C)=CC1c1c(O)cc(CCCCC)cc1O,1.0,0.9919313788414001
bbbp,gnn,random,0,O=C1OC(c2ccc(O)cc2)(c2ccc(O)cc2)c2ccccc21,0.0,0.46175798773765564
bbbp,gnn,random,0,O=C(CCCN1CC=C(n2c(=O)[nH]c3ccccc32)CC1)c1ccc(F)cc1,1.0,0.9999678134918213
bbbp,gnn,random,0,CC1(C)S[C@@H]2[C@H](NC(=O)C(c3ccccc3)S(=O)(=O)O)C(=O)N2[C@H]1C(=O)O,0.0,0.010746603831648827
bbbp,gnn,random,0,Cc1nc2ccccc2c(=O)n1-c1ccccc1Cl,1.0,0.9954124093055725
bbbp,gnn,random,0,CN=C(NC#N)NCCSCc1csc(N=C(N)N)n1,1.0,0.059503450989723206
bbbp,gnn,random,0,CC(=O)OCC(=O)[C@@]1(OC(=O)c2ccco2)[C@H](C)C[C@H]2[C@@H]3CCC4=CC(=O)C=C[C@]4(C)[C@@]3(F)[C@@H](O)C[C@@]21C,1.0,0.9644074440002441
bbbp,gnn,random,0,Cn1c(=O)c2nc[nH]c2n(C)c1=O,1.0,0.8280911445617676
bbbp,gnn,random,0,Cc1cn([C@H]2C=C[C@@H](CO)O2)c(=O)[nH]c1=O,1.0,0.9915483593940735
bbbp,gnn,random,0,CCN1CCN(C(=O)N[C@@H](C(=O)N[C@@H]2C(=O)N3[C@@H]2SC(C)(C)[C@@H]3C(=O)O)c2ccccc2)C(=O)C1=O.O,1.0,0.48874521255493164
bbbp,gnn,random,0,C=CCC1(CC(C)O)C(=O)NC(=O)NC1=O,1.0,0.9341276288032532
bbbp,gnn,random,0,O=c1[nH]c2ccccc2n1CCCN1CCC(n2c(=O)[nH]c3cc(Cl)ccc32)CC1,0.0,0.9999064207077026
bbbp,gnn,random,0,O=C1NCCNC1c1cccs1,1.0,0.9999483823776245
bbbp,gnn,random,0,CCC1(c2ccccc2)NC(=O)N(C)C1=O,1.0,0.9998677968978882
bbbp,gnn,random,0,CCC1(CC)C(=O)NC(=O)NC1=O,1.0,0.9582875967025757
bbbp,gnn,random,0,CCN(CC)CCN1C(=O)CN=C(c2ccccc2F)c2cc(Cl)ccc21,1.0,0.9999990463256836
bbbp,baseline,random,1,CC1(C)O[C@@H]2C[C@H]3[C@@H]4C[C@H](F)C5=CC(=O)CC[C@]5(C)[C@H]4[C@@H](O)C[C@]3(C)[C@]2(C(=O)CO)O1,1.0,0.9803179761318864
bbbp,baseline,random,1,CC1=C/C(O)CC(=O)Cc2nc(co2)C(=O)N2CCC=C2C(=O)OC(C(C)C)C(C)/C=C\C(=O)NC/C=C\1,0.0,0.29691682015299875
bbbp,baseline,random,1,CCC(=O)OC1CC(=O)OC(C)C/C=C/C=C\C(O)C(C)CC(CC=O)C(O[C@@H]2O[C@H](C)[C@@H](O[C@H]3C[C@@](C)(O)[C@H](OC(=O)CC)[C@@H](C)O3)[C@H](N(C)C)[C@H]2O)C1OC,0.0,0.1817045583980059
bbbp,baseline,random,1,N#Cc1ccc2c(c1)N(CCCN1CCC(O)CC1)c1ccccc1S2,1.0,0.991133554315284
bbbp,baseline,random,1,Cc1ccc(Cl)c(Nc2ccccc2C(=O)O)c1Cl,0.0,0.3749863129066644
bbbp,baseline,random,1,OC(c1ccccc1)(c1ccccc1)C1CC1c1ccncc1,1.0,0.9210727312920571
bbbp,baseline,random,1,CC(C)C(Br)C(=O)NC(N)=O,1.0,0.9662258645927483
bbbp,baseline,random,1,COc1ccc(OCC2CN(C)CCC2c2ccccc2)cc1,1.0,0.9805769530180767
bbbp,baseline,random,1,COC[C@H]1CN(c2ccc(OCC[C@@H](O)C(F)(F)F)cc2)C(=O)O1,1.0,0.8981596731643103
bbbp,baseline,random,1,CCCN(c1ccncc1)n1ccc2ccccc21.[Cl-].[H+],1.0,0.9786614100566191
bbbp,baseline,random,1,CC[C@@]1(O)C[C@H](O[C@H]2C[C@H](N(C)C)[C@H](O[C@H]3C[C@@H]4O[C@H]5CC(=O)[C@H](C)O[C@H]5O[C@@H]4[C@H](C)O3)[C@H](C)O2)c2c(O)c3c(c(O)c2[C@H]1O[C@H]1C[C@H](N(C)C)[C@H](O)[C@H](C)O1)C(=O)c1cccc(O)c1C3=O,0.0,0.022883365736961467
bbbp,baseline,random,1,NC(N)=Nc1nc(-c2ccccc2)cs1,1.0,0.6012896642390181
bbbp,baseline,random,1,NCCc1cn2ccccc2n1,0.0,0.9749349417392508
bbbp,baseline,random,1,CC1(C)S[C@@H]2[C@H](NC(=O)[C@H](N)c3ccccc3)C(=O)N2[C@H]1C(=O)O.CC1(C)[C@H](C(=O)O)N2C(=O)C[C@H]2S1(=O)=O,0.0,0.13456114911120126
bbbp,baseline,random,1,CN(C)[C@@H]1C(=O)/C(=C(/O)NCN2CCCC(C(=O)O)C2)C(=O)[C@@]2(O)C(=O)C3=C(O)c4c(O)cccc4[C@@](C)(O)[C@H]3C[C@@H]12,0.0,0.11353306732280555
bbbp,baseline,random,1,NNCCc1ccccc1.[Cl],1.0,0.9396752309602568
bbbp,baseline,random,1,CNC(=O)NC(O)C(Cl)(Cl)Cl,1.0,0.9385008633880145
bbbp,baseline,random,1,CNC[C@@H]1CN(c2ccc(OCc3cccc(Cl)c3)cc2)C(=O)O1,1.0,0.9142441747283409
bbbp,baseline,random,1,O=C(OCC(Cl)(Cl)Cl)OCC(Cl)(Cl)Cl,1.0,0.9714765408529474
bbbp,baseline,random,1,FC(F)(F)c1ccc2c(c1)N(CCCN1CCN(C3CC3)CC1)c1ccccc1S2,1.0,0.9920652436701656
bbbp,baseline,random,1,CCCCCNCC(N)=O,1.0,0.8902428423228963
bbbp,baseline,random,1,CSc1ccc2c(c1)C(N1CCN(C)CC1)Cc1ccccc1S2,1.0,0.9949024936416968
bbbp,baseline,random,1,CCCCNC(=O)OCC(C)(CCC)COC(N)=O,1.0,0.9477151388592
bbbp,baseline,random,1,CN(C)CCOC(=O)COc1ccc(Cl)cc1,1.0,0.9153128113313804
bbbp,baseline,random,1,Cn1c(=O)[nH]c2ncn(C)c2c1=O,1.0,0.9741128984695574
bbbp,baseline,random,1,CN(C)[C@@H]1C(=O)/C(=C(\N)O)C(=O)[C@@]2(O)C(=O)C3=C(O)c4c(O)ccc(Cl)c4[C@@](C)(O)[C@H]3C[C@@H]12.[Cl-].[H+],0.0,0.03323274271966253
bbbp,baseline,random,1,CNC(C)C(=O)c1ccc(OC)cc1,0.0,0.8535118048645878
bbbp,baseline,random,1,CCN1CCCC1CNC(=O)c1cc(C(C)=O)ccc1OC,1.0,0.982082364366745
bbbp,baseline,random,1,CC[C@H]1OC(=O)[C@H](C)[C@@H](O[C@H]2C[C@@](C)(OC)[C@@H](O)[C@H](C)O2)[C@H](C)[C@@H](O[C@@H]2O[C@H](C)C[C@H](N(C)C)[C@H]2O)[C@](C)(OC)C[C@@H](C)C(=O)[C@H](C)[C@@H](O)[C@]1(C)O,0.0,0.021022970399433967
bbbp,baseline,random,1,CN(C)CCN1C(=O)c2ccccc2N(C)c2ccccc21,1.0,0.9957217599703416
bbbp,baseline,random,1,COc1ccc2c(c1)CN(C)CC2c1ccc(Cl)c(Cl)c1,1.0,0.9843834010997006
bbbp,baseline,random,1,Nc1ccc(-c2nc3ccc(O)cc3s2)cc1I,1.0,0.7493696208142137
bbbp,baseline,random,1,CC(=O)[C@H]1CC[C@H]2[C@@H]3CC[C@@H]4C[C@H](O)CC[C@]4(C)[C@H]3CC[C@]12C,1.0,0.8879721588373066
bbbp,baseline,random,1,Cc1cccc(/C=N/N2CCN(C(c3ccccc3)c3ccccc3)CC2)n1,1.0,0.9639862184095003
bbbp,baseline,random,1,CC(CN1CCN(CCOCCO)CC1)CN1c2ccccc2Sc2ccccc21,1.0,0.9883012134169976
bbbp,baseline,random,1,CCn1c2c(c3ccccc31)CCSC2(C)CCN(C)C,1.0,0.9832823247664573
bbbp,baseline,random,1,O=C1C(O)=C(O)OC1C(O)CO,1.0,0.36338968724736287
bbbp,baseline,random,1,Cc1cnn(-c2c(Cl)cccc2Cl)c1C(=O)N[C@@H]1C(=O)N2[C@@H]1SC(C)(C)[C@@H]2C(=O)O,0.0,0.1297070284102508
bbbp,baseline,random,1,Cc1nn(C)c2c1C(c1ccccc1F)=NCC(=O)N2C,1.0,0.9951603597795831
bbbp,baseline,random,1,CCC(=O)N(c1ccccc1)C1CCN(CCc2ccccc2)CC1,1.0,0.9865522619388495
bbbp,baseline,random,1,CN1CCC[C@H]1c1cccnc1,1.0,0.9932866490996352
bbbp,baseline,random,1,OC1(c2ccc(Cl)c(C(F)(F)F)c2)CCN(CCCC(c2ccc(F)cc2)c2ccc(F)cc2)CC1,1.0,0.973232076302343
bbbp,baseline,random,1,O=C(O)CN1C(=O)c2cccc3cccc(c23)C1=O,1.0,0.9166350108155797
bbbp,baseline,random,1,CC1=C(C(=O)O)N2C(=O)[C@@H](NC(=O)[C@H](N)C3=CCC=CC3)[C@H]2SC1,0.0,0.019547781594469668
bbbp,baseline,random,1,CCN(CC)C(=O)N1CCN(CCCc2nc3c(c(=O)n(C)c(=O)n3C)n2C)CC1,1.0,0.9322758207307469
bbbp,baseline,random,1,CCOC(=O)N1CCC(=O)N(c2ccccc2)c2cc(Cl)ccc21,1.0,0.9294211056773287
bbbp,baseline,random,1,CN1C(=O)CC(C)(c2ccccc2)C1=O,1.0,0.9930172611493749
bbbp,baseline,random,1,CC1(C)O[C@@H]2[C@@H](CO[C@@]3(COS(N)(=O)=O)OC(C)(C)O[C@@H]23)O1,1.0,0.590631388656062
bbbp,baseline,random,1,CCN(CC)CC(=O)OCC(=O)[C@@]1(O)CC[C@H]2[C@@H]3CCC4=CC(=O)CC[C@]4(C)[C@H]3[C@@H](O)C[C@@]21C,1.0,0.9832321257011704
bbbp,baseline,random,1,C[C@]12Cc3cn[nH]c3C[C@@H]1CC[C@@H]1[C@@H]2CC[C@@]2(C)[C@H]1CC[C@]2(C)O,0.0,0.9245023613605339
bbbp,baseline,random,1,C/C(=C(/CCO)SSCC1CCCO1)N(C=O)Cc1cnc(C)nc1N,1.0,0.921233493566778
bbbp,baseline,random,1,CN(C)CCC(c1ccccc1)c1ccccn1,0.0,0.9833992859546687
bbbp,baseline,random,1,Cc1cc(=O)oc2cc(O)ccc12,0.0,0.9037558948255967
bbbp,baseline,random,1,CC(C)(C)c1ccc(CN2CCN(C(c3ccccc3)c3ccc(Cl)cc3)CC2)cc1,1.0,0.928891688846465
bbbp,baseline,random,1,CC1(C)O[C@@H]2C[C@H]3C4CCC5=CC(=O)C=CC5(C)[C@H]4C(O)CC3(C)[C@]2(C(=O)CO)O1,1.0,0.9808705332107112
bbbp,baseline,random,1,C=CCC1(CC(C)(C)C)C(=O)NC(=O)NC1=O,1.0,0.9689945972914256
bbbp,baseline,random,1,COc1ccc2c3c1OC1C(OC(C)=O)=CCC4C(C2)N(C)CCC314,1.0,0.9947945507623165
bbbp,baseline,random,1,C[C@H]1C[C@@H]2[C@H]([C@@H](O)C[C@@]3(C)[C@H]2CC[C@]3(O)C(=O)COC(=O)CCC(=O)O)[C@@]2(C)C=CC(=O)C=C12,1.0,0.9512494550278621
bbbp,baseline,random,1,O=C(CN1CC[C@H](c2ccc(F)cc2)[C@@H](COc2ccc3c(c2)OCO3)C1)c1ccc(F)cc1,1.0,0.9721061947091467
bbbp,baseline,random,1,COc1ccccc1N1CCN(CCCC(O)c2ccc(F)cc2)CC1,1.0,0.9890635418187523
bbbp,baseline,random,1,COCOC(=O)[C@@H]1N2C(=O)[C@@H](N3C(=O)C(c4ccccc4)NC3(C)C)[C@H]2SC1(C)C,0.0,0.2555872209428876
bbbp,baseline,random,1,CNCCc1ccccn1,1.0,0.9829844022592299
bbbp,baseline,random,1,CC(C)(CO)[C@@H](O)C(=O)NCCCC(=O)O,1.0,0.5386222769986424
bbbp,baseline,random,1,NC(=O)c1ccccc1O,1.0,0.6777359970374544
bbbp,baseline,random,1,C[C@]12COC(=O)C[C@@H]1CC[C@@H]1[C@@H]2CC[C@@]2(C)[C@H]1CC[C@]2(C)O,0.0,0.9191083229023269
bbbp,baseline,random,1,CCc1c(O)c(=O)ccn1CCO,0.0,0.5277816684619524
bbbp,baseline,random,1,CC(Cc1ccccc1)[N+](C)([O-])Cc1ccccc1,1.0,0.9697539527415274
bbbp,baseline,random,1,NC1=NC(=O)C(c2ccccc2)O1,1.0,0.9228386445788423
bbbp,baseline,random,1,O=C(COc1ccc(Cl)cc1)OCCNC12CC3CC(CC(C3)C1)C2,1.0,0.9089167005347522
bbbp,baseline,random,1,CC(=O)O[C@H]1C[C@@H]2C(COC(=O)CC(C)C)=CO[C@@H](OC(=O)CC(C)C)[C@@H]2[C@@]12CO2,1.0,0.9407653913655367
bbbp,baseline,random,1,CC1CC2C3CC(F)C4=CC(=O)C=CC4(C)C3(F)C(O)CC2(C)C1(O)C(=O)CCl,1.0,0.9940136464464386
bbbp,baseline,random,1,CO/N=C(\C(=O)NC1C(=O)N2C(C(=O)O)=C(/C=C\c3scnc3C)CS[C@H]12)c1csc(N)n1,0.0,0.1366766935158045
bbbp,baseline,random,1,CN(C)CC(O)C(c1ccccc1)c1ccc(Cl)cc1,1.0,0.9656259234676667
bbbp,baseline,random,1,CO[C@H](C(=O)[C@@H](O)[C@@H](C)O)[C@@H]1Cc2cc3cc(O[C@H]4C[C@@H](O[C@H]5C[C@@H](O)[C@H](O)[C@@H](C)O5)[C@H](O)[C@@H](C)O4)c(C)c(O)c3c(O)c2C(=O)[C@H]1O[C@H]1C[C@@H](O[C@H]2C[C@@H](O[C@H]3C[C@](C)(O)[C@H](O)[C@@H](C)O3)[C@H](O)[C@@H](C)O2)[C@H](O)[C@@H](C)O1,1.0,0.04609586861074048
bbbp,baseline,random,1,O=C1C(=O)c2ccccc2C(O)=C1C1CCC(c2ccc(Cl)cc2)CC1,0.0,0.9361254197240082
bbbp,baseline,random,1,CC(C)(C(=O)O)c1ccc(C(=O)CCCN2CCC(OC(c3ccccc3)c3ccccc3)CC2)cc1,0.0,0.342031523212438
bbbp,baseline,random,1,CCN(CC)C(C)CN1c2ccccc2Sc2ccccc21,1.0,0.9717831461151196
bbbp,baseline,random,1,CN1[C@@H]2CC[C@H]1CC(NC(=O)c1cn(C3CCCCC3)c3ccccc3c1=O)C2,1.0,0.9788698449390937
bbbp,baseline,random,1,CCOC(=O)C1(c2ccccc2)CCN(C)CC1.[Cl-].[H+],1.0,0.964306068732716
bbbp,baseline,random,1,CCCCCCCCCCCCCC(=O)O[C@H]1C=C[C@H]2[C@H]3Cc4ccc(OCc5ccccc5)c5c4[C@@]2(CCN3C)[C@H]1O5,1.0,0.8773879796124677
bbbp,baseline,random,1,CCC(Br)(CC)C(=O)NC(=O)NC(C)=O,1.0,0.9568441858785848
bbbp,baseline,random,1,COc1cccc(OC)c1C(=O)N[C@@H]1C(=O)N2[C@@H]1SC(C)(C)[C@@H]2C(=O)O,0.0,0.09027045384652814
bbbp,baseline,random,1,CCOc1ccc(NC(C)=O)cc1,0.0,0.9545773859099422
bbbp,baseline,random,1,CC(=O)[C@@]1(O)CC[C@H]2[C@@H]3C[C@H](C)C4=CC(=O)C=C[C@]4(C)[C@@]3(F)[C@@H](O)C[C@@]21C,1.0,0.9850721316671587
bbbp,baseline,random,1,Cc1onc(-c2ccccc2)c1C(=O)N[C@@H]1C(=O)N2[C@@H]1SC(C)(C)[C@@H]2C(=O)O,0.0,0.17481077990166946
bbbp,baseline,random,1,COc1cc(C(=O)OCCN2CCN(CCCN3c4ccccc4Sc4ccc(Cl)cc43)CC2)cc(OC)c1OC,1.0,0.9139085227259268
bbbp,baseline,random,1,CN1CCC23c4c5ccc(O)c4OC2C(O)CCC3C1C5,1.0,0.9902204648953797
bbbp,baseline,random,1,NNc1nncc2ccccc12,0.0,0.7364087993596072
bbbp,baseline,random,1,Cc1ncc2n1-c1ccc(Cl)cc1C(c1ccccc1F)=NC2O,1.0,0.9881419518366423
bbbp,baseline,random,1,CO/N=C(\C(=O)NC1C(=O)N(OCC(=O)O)[C@H]1C)c1csc(N)n1,0.0,0.08824354024393992
bbbp,baseline,random,1,CC(=O)OC1CC[C@@]2(C)C([C@@H]1Br)[C@H](Br)C[C@H]1[C@@H]3CC[C@H]([C@H](C)CCCC(C)C)[C@@]3(C)CC[C@@H]12,1.0,0.8101281066612729
bbbp,baseline,random,1,CC(=O)OCC(=O)[C@@]1(O)[C@H](C)C[C@H]2[C@@H]3C=C(C)C4=Cc5c(cnn5-c5ccccc5)C[C@]4(C)[C@H]3[C@@H](O)C[C@@]21C,1.0,0.813930908111149
bbbp,baseline,random,1,CN(C)CCC1(C)OCCC2=C1c1ccccc1C2,1.0,0.9946947656017584
bbbp,baseline,random,1,CO[C@@]12[C@H](COC(N)=O)C3=C(C(=O)C(C)=C(N)C3=O)N1C[C@@H]1N[C@@H]12,0.0,0.32248545368862375
bbbp,baseline,random,1,CC(C)Nc1cccnc1N1CCN(C(=O)c2cc3cc(NS(C)(=O)=O)ccc3[nH]2)CC1,0.0,0.6318707741392777
bbbp,baseline,random,1,CN(C)[C@@H]1C(=O)/C(=C(\N)O)C(=O)[C@@]2(O)C(=O)C3=C(O)c4c(O)cccc4[C@@](C)(O)[C@H]3[C@H](O)[C@@H]12.O.O,0.0,0.04437912603214585
bbbp,baseline,random,1,O=C1CN=C(c2ccccn2)c2cc(Br)ccc2N1,1.0,0.9840375363736626
bbbp,baseline,random,1,CCCCC[C@H](O)/C=C/[C@H]1[C@H](O)CC(=O)[C@@H]1CCCCCCC(=O)O,0.0,0.7710713827527084
bbbp,baseline,random,1,CO/N=C(\C(=O)N[C@@H]1C(=O)N2C(C(=O)O)=C(C)CS[C@H]12)c1csc(N)n1,0.0,0.03223717383025586
bbbp,baseline,random,1,C#C[C@]1(O)CC[C@H]2[C@@H]3CCc4cc(OC)ccc4[C@H]3CC[C@@]21C,0.0,0.5740844415519438
bbbp,baseline,random,1,CCCCCC(N)C(O)(c1ccccc1)c1ccccc1,1.0,0.9106247337525298
bbbp,baseline,random,1,O=c1[nH]c2ccccc2n1C1CCN(CCCC(c2ccc(F)cc2)c2ccc(F)cc2)CC1,1.0,0.9447996323152189
bbbp,baseline,random,1,NCC1OC(OC2C(N)CC(NC(CO)CO)C(OC3OC(CO)C(O)C(N)C3O)C2O)C(N)C(O)C1O,0.0,0.08195962542332756
bbbp,baseline,random,1,CN1Cc2c(-c3noc(C(C)(CO)CO)n3)ncn2-c2cccc(Cl)c2C1=O,0.0,0.11055391927533816
bbbp,baseline,random,1,C=C1C[C@H](C)[C@H]2[C@H]3Cc4ccc(O)cc4[C@@]2(CCN3CC2CCC2)C1,1.0,0.988715879649349
bbbp,baseline,random,1,OC1OC(COCCOC(O)C(Cl)(Cl)Cl)C(OC2OC(COCCOCCOC(O)C(Cl)(Cl)Cl)CC(OC(O)C(Cl)(Cl)Cl)C2O)C(OCCOCCOC(O)C(Cl)(Cl)Cl)C1O,1.0,0.09775066012077424
bbbp,baseline,random,1,CC(=O)[C@]1(N)Cc2c(O)c3c(c(O)c2[C@@H](O[C@H]2C[C@H](O)[C@H](O)CO2)C1)C(=O)c1ccccc1C3=O.[Cl-].[H+],0.0,0.0833748390496501
bbbp,baseline,random,1,CSC(=O)C1(O)C(C)CC2C3CCC4=CC(=O)C=CC4(C)C3(F)C(O)CC21C,1.0,0.9814336336972209
bbbp,baseline,random,1,C/C(=C1/CCOC(=O)S1)N(C=O)Cc1cnc(C)nc1N,1.0,0.9073323922507536
bbbp,baseline,random,1,CCn1nnn(CCN2CC[C@H](N(C(=O)COC)c3ccccc3F)[C@H](C)C2)c1=O,1.0,0.92487549673642
bbbp,baseline,random,1,O=C([O-])P(=O)([O-])[O-].[Na+].[Na+].[Na+],1.0,0.7111265723287824
bbbp,baseline,random,1,CC1COC2(c3ccccc3Cl)c3cc(Cl)ccc3NC(=O)CN12,1.0,0.9868901551334387
bbbp,baseline,random,1,O=C(Cc1ccc(Cl)c(Cl)c1)N1CCn2ccnc2[C@H]1CN1CC[C@@H](O)C1,0.0,0.6209234985362775
bbbp,baseline,random,1,CCC(C)(S(=O)(=O)CC)S(=O)(=O)CC,1.0,0.9582075545845026
bbbp,baseline,random,1,CN(C)CCON=C1c2ccccc2CCc2ccccc21,1.0,0.983991276753505
bbbp,baseline,random,1,CCc1c(O)c(=O)ccn1CCCCO,0.0,0.7301363574516935
bbbp,baseline,random,1,O=C1OC(c2ccc(O)cc2)(c2ccc(O)cc2)c2ccccc21,0.0,0.8315639942760704
bbbp,baseline,random,1,CCC(=O)C(c1ccccc1)(c1ccccc1)C(C)CN(C)C,1.0,0.900319337624837
bbbp,baseline,random,1,COc1ccc2c(c1)C(N1CCN(C)CC1)=Cc1ccccc1O2,1.0,0.9884956285731759
bbbp,baseline,random,1,CC(Cc1ccccc1)NCCn1cnc2c1c(=O)n(C)c(=O)n2C.[Cl-].[H+],1.0,0.9335731287015668
bbbp,baseline,random,1,CO[C@@H]1[C@@H](O[C@@H]2O[C@H](C)[C@@H](O[C@H]3C[C@@](C)(O)[C@@H](OC(=O)CC(C)C)[C@H](C)O3)[C@H](N(C)C)[C@H]2O)[C@@H](CC=O)C[C@@H](C)[C@@H](O)/C=C/C=C/C[C@@H](C)OC(=O)C[C@H]1OC(C)=O,0.0,0.16923110119752274
bbbp,baseline,random,1,O=C(c1cccnc1)N1CCOCC1,1.0,0.9833808653495637
bbbp,baseline,random,1,CNC(=O)O[C@H]1OC(=O)[C@@]2(C)[C@@H]1[C@H]1C=C[C@@H]2C1,1.0,0.9642505692802745
bbbp,baseline,random,1,CCN(CC)CCOC1(c2ccc(Cl)cc2)CCCCC1,1.0,0.951090202126371
bbbp,baseline,random,1,CC1(C)OC(=O)NC1=O,1.0,0.9751128925237753
bbbp,baseline,random,1,O=C(O)CNC(=O)c1ccccc1O,1.0,0.6330271099235887
bbbp,baseline,random,1,CC/C(=C(\c1ccccc1)c1ccc(OCCN(C)C)cc1)c1ccccc1,1.0,0.9360517683592847
bbbp,baseline,random,1,CCN1CCCC1CNC(=O)c1cc(S(=O)(=O)CC)ccc1OC,1.0,0.9538255496028847
bbbp,baseline,random,1,O=S(=O)(c1ccc2cc[nH]c2c1)N1CCCC1CCN1CCC(Oc2cccc(Cl)c2)CC1,1.0,0.8981733775944449
bbbp,baseline,random,1,CN1CCN(c2ccccc2Cc2ccccc2)CC1,1.0,0.9964283018864826
bbbp,baseline,random,1,O=C(Cc1ccc(Cl)c(Cl)c1)N1CCn2ccnc2[C@H]1CN1CCCC1,1.0,0.8727234963872857
bbbp,baseline,random,1,CC1=C(C(=O)O)N2C(=O)[C@@H](NC(=O)[C@H](N)c3ccc(O)cc3)[C@H]2SC1,0.0,0.02427145257882111
bbbp,baseline,random,1,CN(C)C(=O)c1nc(CNC(=O)CN)n(-c2ccc(Cl)cc2C(=O)c2ccccc2Cl)n1,1.0,0.5992291188735407
bbbp,baseline,random,1,OCCOC1CCN(CCCN2c3ccccc3Sc3ccc(C(F)(F)F)cc32)CC1,1.0,0.9939316072559617
bbbp,baseline,random,1,CO[C@]12CC[C@@]3(C[C@@H]1[C@](C)(O)C(C)(C)C)[C@H]1Cc4ccc(O)c5c4[C@@]3(CCN1CC1CC1)[C@H]2O5,1.0,0.9707364661999196
bbbp,baseline,random,1,CN1C(=O)C(O)N=C(c2ccccc2)c2cc(Cl)ccc21,1.0,0.9845122426126923
bbbp,baseline,random,1,CCCCCCCCCC1(C)OCC(COC(N)=O)O1,1.0,0.9474282130338064
bbbp,baseline,random,1,NC(=O)CCCN/C(=C1\C=C(F)C=CC1=O)c1ccc(Cl)cc1,1.0,0.9521113874570167
bbbp,baseline,random,1,O=C1NCCCC1N1C(=O)c2ccccc2S1(=O)=O,1.0,0.942471318027557
bbbp,baseline,random,1,O=C(CCCN1CC2CCC(CC2)C1)c1ccc(F)cc1,1.0,0.9907195626502846
bbbp,baseline,random,1,CNCC12CCC(c3ccccc31)c1ccccc12,1.0,0.9945146284802203
bbbp,baseline,random,1,OCCN1C=CN(CCCN2c3ccccc3C=Cc3ccccc32)C=CC1,1.0,0.9958727119024864
bbbp,baseline,random,1,Cc1cccc(C)c1,1.0,0.9854727715460029
bbbp,baseline,random,1,CC[N+](C)(CC)CCOC(=O)C1c2ccccc2Oc2ccccc21,0.0,0.9513775173001604
bbbp,baseline,random,1,CS(=O)(=O)c1ccc([C@@H](O)[C@@H](CO)NC(=O)C(Cl)Cl)cc1,1.0,0.31208400725407964
bbbp,baseline,random,1,CC1COc2c(N3CCN(C)CC3)c(F)cc3c(=O)c(C(=O)O)cn1c23,1.0,0.5541145067515506
bbbp,baseline,random,1,O=C(CC1c2ccccc2C(=O)N1c1ccc2ccc(Cl)nc2n1)N1CCC2(CC1)OCCO2,1.0,0.9534639043162936
bbbp,baseline,random,1,CC1C2Cc3ccc(O)cc3C1(C)CCN2CC1CC1,1.0,0.9930503528200388
bbbp,baseline,random,1,Cc1nc2n(c(=O)c1CCN1CCC(c3noc4cc(F)ccc34)CC1)CCC[C@H]2O,1.0,0.9634220699785335
bbbp,baseline,random,1,NC(=O)N1c2ccccc2CC(=O)c2ccccc21,1.0,0.985371034181553
bbbp,baseline,random,1,C[C@H]1C[C@H]2[C@@H]3CCC4=CC(=O)C=C[C@]4(C)[C@@]3(F)[C@@H](O)C[C@]2(C)[C@@]1(OC(=O)c1ccccc1)C(=O)CO,1.0,0.9576069436622108
bbbp,baseline,random,1,CNC1(c2ccccc2Cl)CCCCC1=O,1.0,0.9810222110511431
bbbp,baseline,random,1,COc1ccc(Cl)c2c1CCCC2N(C)C,1.0,0.9903811149680434
bbbp,baseline,random,1,CN1CCN(C2=Nc3cscc3/C(=C/C#N)c3cscc32)CC1,1.0,0.9944343984346905
bbbp,baseline,random,1,CCc1c(O)c(=O)ccn1CC,1.0,0.9783449600199255
bbbp,baseline,random,1,OC1CCN(c2ccc(-c3ccc(Cl)cc3Cl)nn2)CC1,1.0,0.9815770723192653
bbbp,baseline,random,1,C[C@@H]1C[C@H]2[C@H]3[C@H]([C@@H](O)C[C@]2(C)[C@@]1(O)C(=O)CO)[C@@]1(C)C=CC(=O)C=C1C[C@H]3Cl,1.0,0.9610585266780174
bbbp,baseline,random,1,C=CC1CNCCC1CCCc1ccnc2ccc(OC)cc12,1.0,0.9590885520550942
bbbp,baseline,random,1,CC(C)[C@H](N)C(=O)OCCOCn1cnc2c(=O)nc(N)[nH]c21,1.0,0.7911815365974063
bbbp,baseline,random,1,C=C1C[C@H]2[C@@H]3CCC4=CC(=O)C=C[C@]4(C)[C@@]3(F)C(O)C[C@]2(C)[C@@]1(O)C(=O)CO,1.0,0.8508303700164124
bbbp,baseline,random,1,CC(C)NS(=O)(=O)CCN1C(=O)c2ccccc2C1=O,1.0,0.9785735901984023
bbbp,baseline,random,1,CCNC1(c2ccccc2)CCCCC1,1.0,0.9929737948976328
bbbp,baseline,random,1,CN1Cc2c(N)cccc2C(c2ccccc2)C1,1.0,0.9920148449598352
bbbp,baseline,random,1,CCC(C)=O,1.0,0.9920567011561302
bbbp,baseline,random,1,Clc1ccc2c(c1)/C(=C/C1CN3CCC1CC3)c1ccccc1S2,1.0,0.9603807438361851
bbbp,baseline,random,1,CCC(Br)(CC)C(=O)NC(N)=O,1.0,0.9768475415821708
bbbp,baseline,random,1,CC(=O)N1CCN(C(=O)Cc2ccccc2)[C@@H](CN2CC[C@@H](O)C2)C1,0.0,0.10351559587382472
bbbp,baseline,random,1,ClCCl,1.0,0.9924639894205796
bbbp,baseline,random,1,CN1C(=O)OC(C)(C)C1=O,1.0,0.9757972940262816
bbbp,baseline,random,1,C=CC1(C(C)CCC)C(=O)NC(=O)NC1=O,1.0,0.9700717057203562
bbbp,baseline,random,1,NCC(O)c1cccc(O)c1,0.0,0.2059369110578652
bbbp,baseline,random,1,CC(CN(C)C)CN1c2ccccc2Sc2ccc(C#N)cc21,1.0,0.9783514375603842
bbbp,baseline,random,1,CN1c2cc(F)ccc2C(c2ccccc2)=NCC1CNC(=O)c1ccoc1,1.0,0.9943558754811732
bbbp,baseline,random,1,CN(C)CCC=C1c2ccccc2C=Cc2ccccc21,1.0,0.9927910573673537
bbbp,baseline,random,1,O=C(O)CCc1nc(-c2ccccc2)c(-c2ccccc2)o1,0.0,0.9216622302266781
bbbp,baseline,random,1,C[C@@H](CN1CC(=O)NC(=O)C1)N1CC(=O)NC(=O)C1,0.0,0.7479203045245539
bbbp,baseline,random,1,CCOC(=O)N(CCN(C)C)c1cccc(C(F)(F)F)c1,1.0,0.9648370234111425
bbbp,baseline,random,1,CC1CC2C3CC(F)(F)C4=CC(=O)C=C[C@]4(C)C3(F)C(O)CC2(C)C1(O)C(=O)CO,1.0,0.9382611205794353
bbbp,baseline,random,1,CC(C)O,1.0,0.9869564930134839
bbbp,baseline,random,1,NC(=O)CS(=O)C(c1ccccc1)c1ccccc1,1.0,0.9316814747386108
bbbp,baseline,random,1,O=C(CCCN1CCC(O)(c2ccc(Cl)cc2)CC1)c1ccc(F)cc1,1.0,0.9846501671069119
bbbp,baseline,random,1,O=C1CN(C(=O)CN2CC(c3ccc(Cl)cc3)CC2=O)CCN1,1.0,0.9357953970330519
bbbp,baseline,random,1,COC(=O)[C@H]1[C@H]2C[C@@H]3c4[nH]c5ccccc5c4CCN3C[C@H]2C[C@@H](OC(=O)c2cc(OC)c(OC)c(OC)c2)[C@@H]1OC,1.0,0.9351461587900243
bbbp,baseline,random,1,C=CCN1C(=O)C(CC(C)C)NC1=S,1.0,0.9523707228995034
bbbp,baseline,random,1,Cc1nnc(SCC2=C(C(=O)O)N3C(=O)[C@@H](NC(=O)C(N)c4ccc(O)cc4)[C@H]3SC2)s1,0.0,0.03283697348954212
bbbp,baseline,random,1,Cc1ccc(Cc2cnc(NCCSCc3ccc(C(C)(C)N)o3)[nH]c2=O)cn1,0.0,0.1794629965154138
bbbp,baseline,random,1,CS(=O)(=O)c1ccc2c(c1)N(CCCN1CCC(C(N)=O)CC1)c1ccccc1S2,1.0,0.977460076758005
bbbp,baseline,random,1,COc1ccc2c3c1OC1C(O)C=CC4C(C2)NCCC341,1.0,0.99052208006156
bbbp,baseline,random,1,CN1CC2c3ccccc3Oc3ccc(Cl)cc3C2C1,1.0,0.9941700786263314
bbbp,baseline,random,1,CN1C(=O)CC(=O)N(c2ccccc2)c2cc(C(F)(F)F)ccc21,1.0,0.9926421879780866
bbbp,baseline,random,1,CCOC(=O)[C@H](CCc1ccccc1)N[C@@H](C)C(=O)N1CCC[C@H]1C(=O)O,0.0,0.517135612469812
bbbp,baseline,random,1,NC1[C@H]2CN(c3nc4c(cc3F)c(=O)c(C(=O)O)cn4-c3ccc(F)cc3F)C[C@@H]12,1.0,0.1482892923312361
bbbp,baseline,random,1,CC1=CC(=O)N2CC(=O)N(C)c3ccc(Cl)cc3C2(c2ccccc2)O1,1.0,0.9915161879060401
bbbp,baseline,random,1,C[C@H]1c2cccc(O)c2C(O)=C2C(=O)[C@]3(O)C(=O)/C(=C(/N)O)C(=O)[C@@H](N(C)C)[C@@H]3[C@@H](O)[C@@H]21.O,0.0,0.03837105417046534
bbbp,baseline,random,1,CN1CCC23c4c5ccc(O)c4OC2CCCC3C1C5,1.0,0.9961300123929635
bbbp,baseline,random,1,CCCCc1oc2ccccc2c1C(=O)c1cc(I)c(OCCN(CC)CC)c(I)c1,0.0,0.6700736686935386
bbbp,baseline,random,1,COc1nc2nc(-c3noc(C)n3)cn2c2c1CCCC2,1.0,0.9410481727452412
bbbp,baseline,random,1,CN(CCCN1c2ccccc2CCc2ccccc21)CC(=O)c1ccc(Cl)cc1.[Cl-].[H+],1.0,0.9940147777967188
bbbp,gnn,random,1,CC1(C)O[C@@H]2C[C@H]3[C@@H]4C[C@H](F)C5=CC(=O)CC[C@]5(C)[C@H]4[C@@H](O)C[C@]3(C)[C@]2(C(=O)CO)O1,1.0,0.7339207530021667
bbbp,gnn,random,1,CC1=C/C(O)CC(=O)Cc2nc(co2)C(=O)N2CCC=C2C(=O)OC(C(C)C)C(C)/C=C\C(=O)NC/C=C\1,0.0,0.7448135614395142
bbbp,gnn,random,1,CCC(=O)OC1CC(=O)OC(C)C/C=C/C=C\C(O)C(C)CC(CC=O)C(O[C@@H]2O[C@H](C)[C@@H](O[C@H]3C[C@@](C)(O)[C@H](OC(=O)CC)[C@@H](C)O3)[C@H](N(C)C)[C@H]2O)C1OC,0.0,0.012982349842786789
bbbp,gnn,random,1,N#Cc1ccc2c(c1)N(CCCN1CCC(O)CC1)c1ccccc1S2,1.0,0.9899910688400269
bbbp,gnn,random,1,Cc1ccc(Cl)c(Nc2ccccc2C(=O)O)c1Cl,0.0,0.5617873668670654
bbbp,gnn,random,1,OC(c1ccccc1)(c1ccccc1)C1CC1c1ccncc1,1.0,0.9444442987442017
bbbp,gnn,random,1,CC(C)C(Br)C(=O)NC(N)=O,1.0,0.9729481339454651
bbbp,gnn,random,1,COc1ccc(OCC2CN(C)CCC2c2ccccc2)cc1,1.0,0.9406071305274963
bbbp,gnn,random,1,COC[C@H]1CN(c2ccc(OCC[C@@H](O)C(F)(F)F)cc2)C(=O)O1,1.0,0.9880412817001343
bbbp,gnn,random,1,CCCN(c1ccncc1)n1ccc2ccccc21.[Cl-].[H+],1.0,0.5593596696853638
bbbp,gnn,random,1,CC[C@@]1(O)C[C@H](O[C@H]2C[C@H](N(C)C)[C@H](O[C@H]3C[C@@H]4O[C@H]5CC(=O)[C@H](C)O[C@H]5O[C@@H]4[C@H](C)O3)[C@H](C)O2)c2c(O)c3c(c(O)c2[C@H]1O[C@H]1C[C@H](N(C)C)[C@H](O)[C@H](C)O1)C(=O)c1cccc(O)c1C3=O,0.0,1.4439485767070437e-06
bbbp,gnn,random,1,NC(N)=Nc1nc(-c2ccccc2)cs1,1.0,0.5767170786857605
bbbp,gnn,random,1,NCCc1cn2ccccc2n1,0.0,0.5879104733467102
bbbp,gnn,random,1,CC1(C)S[C@@H]2[C@H](NC(=O)[C@H](N)c3ccccc3)C(=O)N2[C@H]1C(=O)O.CC1(C)[C@H](C(=O)O)N2C(=O)C[C@H]2S1(=O)=O,0.0,0.01086858194321394
bbbp,gnn,random,1,CN(C)[C@@H]1C(=O)/C(=C(/O)NCN2CCCC(C(=O)O)C2)C(=O)[C@@]2(O)C(=O)C3=C(O)c4c(O)cccc4[C@@](C)(O)[C@H]3C[C@@H]12,0.0,0.027226397767663002
bbbp,gnn,random,1,NNCCc1ccccc1.[Cl],1.0,0.8076624870300293
bbbp,gnn,random,1,CNC(=O)NC(O)C(Cl)(Cl)Cl,1.0,0.9976083040237427
bbbp,gnn,random,1,CNC[C@@H]1CN(c2ccc(OCc3cccc(Cl)c3)cc2)C(=O)O1,1.0,0.980632483959198
bbbp,gnn,random,1,O=C(OCC(Cl)(Cl)Cl)OCC(Cl)(Cl)Cl,1.0,0.9999125003814697
bbbp,gnn,random,1,FC(F)(F)c1ccc2c(c1)N(CCCN1CCN(C3CC3)CC1)c1ccccc1S2,1.0,0.9999533891677856
bbbp,gnn,random,1,CCCCCNCC(N)=O,1.0,0.98612380027771
bbbp,gnn,random,1,CSc1ccc2c(c1)C(N1CCN(C)CC1)Cc1ccccc1S2,1.0,0.999845027923584
bbbp,gnn,random,1,CCCCNC(=O)OCC(C)(CCC)COC(N)=O,1.0,0.9901222586631775
bbbp,gnn,random,1,CN(C)CCOC(=O)COc1ccc(Cl)cc1,1.0,0.9796397089958191
bbbp,gnn,random,1,Cn1c(=O)[nH]c2ncn(C)c2c1=O,1.0,0.8468489646911621
bbbp,gnn,random,1,CN(C)[C@@H]1C(=O)/C(=C(\N)O)C(=O)[C@@]2(O)C(=O)C3=C(O)c4c(O)ccc(Cl)c4[C@@](C)(O)[C@H]3C[C@@H]12.[Cl-].[H+],0.0,0.004899348597973585
bbbp,gnn,random,1,CNC(C)C(=O)c1ccc(OC)cc1,0.0,0.9303871989250183
bbbp,gnn,random,1,CCN1CCCC1CNC(=O)c1cc(C(C)=O)ccc1OC,1.0,0.8638286590576172
bbbp,gnn,random,1,CC[C@H]1OC(=O)[C@H](C)[C@@H](O[C@H]2C[C@@](C)(OC)[C@@H](O)[C@H](C)O2)[C@H](C)[C@@H](O[C@@H]2O[C@H](C)C[C@H](N(C)C)[C@H]2O)[C@](C)(OC)C[C@@H](C)C(=O)[C@H](C)[C@@H](O)[C@]1(C)O,0.0,0.02538365311920643
bbbp,gnn,random,1,CN(C)CCN1C(=O)c2ccccc2N(C)c2ccccc21,1.0,0.9984230995178223
bbbp,gnn,random,1,COc1ccc2c(c1)CN(C)CC2c1ccc(Cl)c(Cl)c1,1.0,0.9999173879623413
bbbp,gnn,random,1,Nc1ccc(-c2nc3ccc(O)cc3s2)cc1I,1.0,0.9358029961585999
bbbp,gnn,random,1,CC(=O)[C@H]1CC[C@H]2[C@@H]3CC[C@@H]4C[C@H](O)CC[C@]4(C)[C@H]3CC[C@]12C,1.0,0.6110541224479675
bbbp,gnn,random,1,Cc1cccc(/C=N/N2CCN(C(c3ccccc3)c3ccccc3)CC2)n1,1.0,0.9524867534637451
bbbp,gnn,random,1,CC(CN1CCN(CCOCCO)CC1)CN1c2ccccc2Sc2ccccc21,1.0,0.9756139516830444
bbbp,gnn,random,1,CCn1c2c(c3ccccc31)CCSC2(C)CCN(C)C,1.0,0.99992835521698
bbbp,gnn,random,1,O=C1C(O)=C(O)OC1C(O)CO,1.0,0.12252359092235565
bbbp,gnn,random,1,Cc1cnn(-c2c(Cl)cccc2Cl)c1C(=O)N[C@@H]1C(=O)N2[C@@H]1SC(C)(C)[C@@H]2C(=O)O,0.0,0.21570946276187897
bbbp,gnn,random,1,Cc1nn(C)c2c1C(c1ccccc1F)=NCC(=O)N2C,1.0,0.9999333620071411
bbbp,gnn,random,1,CCC(=O)N(c1ccccc1)C1CCN(CCc2ccccc2)CC1,1.0,0.8918002247810364
bbbp,gnn,random,1,CN1CCC[C@H]1c1cccnc1,1.0,0.9940029978752136
bbbp,gnn,random,1,OC1(c2ccc(Cl)c(C(F)(F)F)c2)CCN(CCCC(c2ccc(F)cc2)c2ccc(F)cc2)CC1,1.0,0.9996833801269531
bbbp,gnn,random,1,O=C(O)CN1C(=O)c2cccc3cccc(c23)C1=O,1.0,0.9668254852294922
bbbp,gnn,random,1,CC1=C(C(=O)O)N2C(=O)[C@@H](NC(=O)[C@H](N)C3=CCC=CC3)[C@H]2SC1,0.0,0.018206831067800522
bbbp,gnn,random,1,CCN(CC)C(=O)N1CCN(CCCc2nc3c(c(=O)n(C)c(=O)n3C)n2C)CC1,1.0,0.9955833554267883
bbbp,gnn,random,1,CCOC(=O)N1CCC(=O)N(c2ccccc2)c2cc(Cl)ccc21,1.0,0.9981881976127625
bbbp,gnn,random,1,CN1C(=O)CC(C)(c2ccccc2)C1=O,1.0,0.9975695013999939
bbbp,gnn,random,1,CC1(C)O[C@@H]2[C@@H](CO[C@@]3(COS(N)(=O)=O)OC(C)(C)O[C@@H]23)O1,1.0,0.950015664100647
bbbp,gnn,random,1,CCN(CC)CC(=O)OCC(=O)[C@@]1(O)CC[C@H]2[C@@H]3CCC4=CC(=O)CC[C@]4(C)[C@H]3[C@@H](O)C[C@@]21C,1.0,0.7191682457923889
bbbp,gnn,random,1,C[C@]12Cc3cn[nH]c3C[C@@H]1CC[C@@H]1[C@@H]2CC[C@@]2(C)[C@H]1CC[C@]2(C)O,0.0,0.3488580286502838
bbbp,gnn,random,1,C/C(=C(/CCO)SSCC1CCCO1)N(C=O)Cc1cnc(C)nc1N,1.0,0.6466913223266602
bbbp,gnn,random,1,CN(C)CCC(c1ccccc1)c1ccccn1,0.0,0.985107958316803
bbbp,gnn,random,1,Cc1cc(=O)oc2cc(O)ccc12,0.0,0.7773978114128113
bbbp,gnn,random,1,CC(C)(C)c1ccc(CN2CCN(C(c3ccccc3)c3ccc(Cl)cc3)CC2)cc1,1.0,0.9020609855651855
bbbp,gnn,random,1,CC1(C)O[C@@H]2C[C@H]3C4CCC5=CC(=O)C=CC5(C)[C@H]4C(O)CC3(C)[C@]2(C(=O)CO)O1,1.0,0.8398482203483582
bbbp,gnn,random,1,C=CCC1(CC(C)(C)C)C(=O)NC(=O)NC1=O,1.0,0.9982629418373108
bbbp,gnn,random,1,COc1ccc2c3c1OC1C(OC(C)=O)=CCC4C(C2)N(C)CCC314,1.0,0.9999068975448608
bbbp,gnn,random,1,C[C@H]1C[C@@H]2[C@H]([C@@H](O)C[C@@]3(C)[C@H]2CC[C@]3(O)C(=O)COC(=O)CCC(=O)O)[C@@]2(C)C=CC(=O)C=C12,1.0,0.5180218815803528
bbbp,gnn,random,1,O=C(CN1CC[C@H](c2ccc(F)cc2)[C@@H](COc2ccc3c(c2)OCO3)C1)c1ccc(F)cc1,1.0,0.9809033274650574
bbbp,gnn,random,1,COc1ccccc1N1CCN(CCCC(O)c2ccc(F)cc2)CC1,1.0,0.957284688949585
bbbp,gnn,random,1,COCOC(=O)[C@@H]1N2C(=O)[C@@H](N3C(=O)C(c4ccccc4)NC3(C)C)[C@H]2SC1(C)C,0.0,0.0682646632194519
bbbp,gnn,random,1,CNCCc1ccccn1,1.0,0.9486240744590759
bbbp,gnn,random,1,CC(C)(CO)[C@@H](O)C(=O)NCCCC(=O)O,1.0,0.5599341988563538
bbbp,gnn,random,1,NC(=O)c1ccccc1O,1.0,0.9515581130981445
bbbp,gnn,random,1,C[C@]12COC(=O)C[C@@H]1CC[C@@H]1[C@@H]2CC[C@@]2(C)[C@H]1CC[C@]2(C)O,0.0,0.272761732339859
bbbp,gnn,random,1,CCc1c(O)c(=O)ccn1CCO,0.0,0.39034807682037354
bbbp,gnn,random,1,CC(Cc1ccccc1)[N+](C)([O-])Cc1ccccc1,1.0,0.7546007633209229
bbbp,gnn,random,1,NC1=NC(=O)C(c2ccccc2)O1,1.0,0.9970054030418396
bbbp,gnn,random,1,O=C(COc1ccc(Cl)cc1)OCCNC12CC3CC(CC(C3)C1)C2,1.0,0.7053776383399963
bbbp,gnn,random,1,CC(=O)O[C@H]1C[C@@H]2C(COC(=O)CC(C)C)=CO[C@@H](OC(=O)CC(C)C)[C@@H]2[C@@]12CO2,1.0,0.9753887057304382
bbbp,gnn,random,1,CC1CC2C3CC(F)C4=CC(=O)C=CC4(C)C3(F)C(O)CC2(C)C1(O)C(=O)CCl,1.0,0.9998730421066284
bbbp,gnn,random,1,CO/N=C(\C(=O)NC1C(=O)N2C(C(=O)O)=C(/C=C\c3scnc3C)CS[C@H]12)c1csc(N)n1,0.0,0.10067663341760635
bbbp,gnn,random,1,CN(C)CC(O)C(c1ccccc1)c1ccc(Cl)cc1,1.0,0.9213622212409973
bbbp,gnn,random,1,CO[C@H](C(=O)[C@@H](O)[C@@H](C)O)[C@@H]1Cc2cc3cc(O[C@H]4C[C@@H](O[C@H]5C[C@@H](O)[C@H](O)[C@@H](C)O5)[C@H](O)[C@@H](C)O4)c(C)c(O)c3c(O)c2C(=O)[C@H]1O[C@H]1C[C@@H](O[C@H]2C[C@@H](O[C@H]3C[C@](C)(O)[C@H](O)[C@@H](C)O3)[C@H](O)[C@@H](C)O2)[C@H](O)[C@@H](C)O1,1.0,0.00037659049849025905
bbbp,gnn,random,1,O=C1C(=O)c2ccccc2C(O)=C1C1CCC(c2ccc(Cl)cc2)CC1,0.0,0.7234475612640381
bbbp,gnn,random,1,CC(C)(C(=O)O)c1ccc(C(=O)CCCN2CCC(OC(c3ccccc3)c3ccccc3)CC2)cc1,0.0,0.3658847212791443
bbbp,gnn,random,1,CCN(CC)C(C)CN1c2ccccc2Sc2ccccc21,1.0,0.9989802241325378
bbbp,gnn,random,1,CN1[C@@H]2CC[C@H]1CC(NC(=O)c1cn(C3CCCCC3)c3ccccc3c1=O)C2,1.0,0.8051332831382751
bbbp,gnn,random,1,CCOC(=O)C1(c2ccccc2)CCN(C)CC1.[Cl-].[H+],1.0,0.9330291152000427
bbbp,gnn,random,1,CCCCCCCCCCCCCC(=O)O[C@H]1C=C[C@H]2[C@H]3Cc4ccc(OCc5ccccc5)c5c4[C@@]2(CCN3C)[C@H]1O5,1.0,0.9944667220115662
bbbp,gnn,random,1,CCC(Br)(CC)C(=O)NC(=O)NC(C)=O,1.0,0.9959332346916199
bbbp,gnn,random,1,COc1cccc(OC)c1C(=O)N[C@@H]1C(=O)N2[C@@H]1SC(C)(C)[C@@H]2C(=O)O,0.0,0.18053363263607025
bbbp,gnn,random,1,CCOc1ccc(NC(C)=O)cc1,0.0,0.928806722164154
bbbp,gnn,random,1,CC(=O)[C@@]1(O)CC[C@H]2[C@@H]3C[C@H](C)C4=CC(=O)C=C[C@]4(C)[C@@]3(F)[C@@H](O)C[C@@]21C,1.0,0.9369274973869324
bbbp,gnn,random,1,Cc1onc(-c2ccccc2)c1C(=O)N[C@@H]1C(=O)N2[C@@H]1SC(C)(C)[C@@H]2C(=O)O,0.0,0.3826402723789215
bbbp,gnn,random,1,COc1cc(C(=O)OCCN2CCN(CCCN3c4ccccc4Sc4ccc(Cl)cc43)CC2)cc(OC)c1OC,1.0,0.9940122961997986
bbbp,gnn,random,1,CN1CCC23c4c5ccc(O)c4OC2C(O)CCC3C1C5,1.0,0.9986975193023682
bbbp,gnn,random,1,NNc1nncc2ccccc12,0.0,0.7626349925994873
bbbp,gnn,random,1,Cc1ncc2n1-c1ccc(Cl)cc1C(c1ccccc1F)=NC2O,1.0,0.9991939663887024
bbbp,gnn,random,1,CO/N=C(\C(=O)NC1C(=O)N(OCC(=O)O)[C@H]1C)c1csc(N)n1,0.0,0.21117615699768066
bbbp,gnn,random,1,CC(=O)OC1CC[C@@]2(C)C([C@@H]1Br)[C@H](Br)C[C@H]1[C@@H]3CC[C@H]([C@H](C)CCCC(C)C)[C@@]3(C)CC[C@@H]12,1.0,0.9463794231414795
bbbp,gnn,random,1,CC(=O)OCC(=O)[C@@]1(O)[C@H](C)C[C@H]2[C@@H]3C=C(C)C4=Cc5c(cnn5-c5ccccc5)C[C@]4(C)[C@H]3[C@@H](O)C[C@@]21C,1.0,0.8396167159080505
bbbp,gnn,random,1,CN(C)CCC1(C)OCCC2=C1c1ccccc1C2,1.0,0.9993021488189697
bbbp,gnn,random,1,CO[C@@]12[C@H](COC(N)=O)C3=C(C(=O)C(C)=C(N)C3=O)N1C[C@@H]1N[C@@H]12,0.0,0.3238723576068878
bbbp,gnn,random,1,CC(C)Nc1cccnc1N1CCN(C(=O)c2cc3cc(NS(C)(=O)=O)ccc3[nH]2)CC1,0.0,0.5730522871017456
bbbp,gnn,random,1,CN(C)[C@@H]1C(=O)/C(=C(\N)O)C(=O)[C@@]2(O)C(=O)C3=C(O)c4c(O)cccc4[C@@](C)(O)[C@H]3[C@H](O)[C@@H]12.O.O,0.0,0.012673312798142433
bbbp,gnn,random,1,O=C1CN=C(c2ccccn2)c2cc(Br)ccc2N1,1.0,0.9997193217277527
bbbp,gnn,random,1,CCCCC[C@H](O)/C=C/[C@H]1[C@H](O)CC(=O)[C@@H]1CCCCCCC(=O)O,0.0,0.8643937706947327
bbbp,gnn,random,1,CO/N=C(\C(=O)N[C@@H]1C(=O)N2C(C(=O)O)=C(C)CS[C@H]12)c1csc(N)n1,0.0,0.09672389179468155
bbbp,gnn,random,1,C#C[C@]1(O)CC[C@H]2[C@@H]3CCc4cc(OC)ccc4[C@H]3CC[C@@]21C,0.0,0.40821850299835205
bbbp,gnn,random,1,CCCCCC(N)C(O)(c1ccccc1)c1ccccc1,1.0,0.7238836288452148
bbbp,gnn,random,1,O=c1[nH]c2ccccc2n1C1CCN(CCCC(c2ccc(F)cc2)c2ccc(F)cc2)CC1,1.0,0.9303265810012817
bbbp,gnn,random,1,NCC1OC(OC2C(N)CC(NC(CO)CO)C(OC3OC(CO)C(O)C(N)C3O)C2O)C(N)C(O)C1O,0.0,0.0008779466734267771
bbbp,gnn,random,1,CN1Cc2c(-c3noc(C(C)(CO)CO)n3)ncn2-c2cccc(Cl)c2C1=O,0.0,0.6162107586860657
bbbp,gnn,random,1,C=C1C[C@H](C)[C@H]2[C@H]3Cc4ccc(O)cc4[C@@]2(CCN3CC2CCC2)C1,1.0,0.7559131383895874
bbbp,gnn,random,1,OC1OC(COCCOC(O)C(Cl)(Cl)Cl)C(OC2OC(COCCOCCOC(O)C(Cl)(Cl)Cl)CC(OC(O)C(Cl)(Cl)Cl)C2O)C(OCCOCCOC(O)C(Cl)(Cl)Cl)C1O,1.0,0.6058871150016785
bbbp,gnn,random,1,CC(=O)[C@]1(N)Cc2c(O)c3c(c(O)c2[C@@H](O[C@H]2C[C@H](O)[C@H](O)CO2)C1)C(=O)c1ccccc1C3=O.[Cl-].[H+],0.0,0.0026950675528496504
bbbp,gnn,random,1,CSC(=O)C1(O)C(C)CC2C3CCC4=CC(=O)C=CC4(C)C3(F)C(O)CC21C,1.0,0.9990482926368713
bbbp,gnn,random,1,C/C(=C1/CCOC(=O)S1)N(C=O)Cc1cnc(C)nc1N,1.0,0.6341762542724609
bbbp,gnn,random,1,CCn1nnn(CCN2CC[C@H](N(C(=O)COC)c3ccccc3F)[C@H](C)C2)c1=O,1.0,0.6134926676750183
bbbp,gnn,random,1,O=C([O-])P(=O)([O-])[O-].[Na+].[Na+].[Na+],1.0,0.6329916715621948
bbbp,gnn,random,1,CC1COC2(c3ccccc3Cl)c3cc(Cl)ccc3NC(=O)CN12,1.0,0.9999977350234985
bbbp,gnn,random,1,O=C(Cc1ccc(Cl)c(Cl)c1)N1CCn2ccnc2[C@H]1CN1CC[C@@H](O)C1,0.0,0.35109642148017883
bbbp,gnn,random,1,CCC(C)(S(=O)(=O)CC)S(=O)(=O)CC,1.0,0.9999510049819946
bbbp,gnn,random,1,CN(C)CCON=C1c2ccccc2CCc2ccccc21,1.0,0.9858036041259766
bbbp,gnn,random,1,CCc1c(O)c(=O)ccn1CCCCO,0.0,0.4851352870464325
bbbp,gnn,random,1,O=C1OC(c2ccc(O)cc2)(c2ccc(O)cc2)c2ccccc21,0.0,0.9978156089782715
bbbp,gnn,random,1,CCC(=O)C(c1ccccc1)(c1ccccc1)C(C)CN(C)C,1.0,0.9990979433059692
bbbp,gnn,random,1,COc1ccc2c(c1)C(N1CCN(C)CC1)=Cc1ccccc1O2,1.0,0.9996086955070496
bbbp,gnn,random,1,CC(Cc1ccccc1)NCCn1cnc2c1c(=O)n(C)c(=O)n2C.[Cl-].[H+],1.0,0.6649539470672607
bbbp,gnn,random,1,CO[C@@H]1[C@@H](O[C@@H]2O[C@H](C)[C@@H](O[C@H]3C[C@@](C)(O)[C@@H](OC(=O)CC(C)C)[C@H](C)O3)[C@H](N(C)C)[C@H]2O)[C@@H](CC=O)C[C@@H](C)[C@@H](O)/C=C/C=C/C[C@@H](C)OC(=O)C[C@H]1OC(C)=O,0.0,0.0762803852558136
bbbp,gnn,random,1,O=C(c1cccnc1)N1CCOCC1,1.0,0.978122889995575
bbbp,gnn,random,1,CNC(=O)O[C@H]1OC(=O)[C@@]2(C)[C@@H]1[C@H]1C=C[C@@H]2C1,1.0,0.9607841968536377
bbbp,gnn,random,1,CCN(CC)CCOC1(c2ccc(Cl)cc2)CCCCC1,1.0,0.9522477984428406
bbbp,gnn,random,1,CC1(C)OC(=O)NC1=O,1.0,0.99540776014328
bbbp,gnn,random,1,O=C(O)CNC(=O)c1ccccc1O,1.0,0.5993760228157043
bbbp,gnn,random,1,CC/C(=C(\c1ccccc1)c1ccc(OCCN(C)C)cc1)c1ccccc1,1.0,0.844205379486084
bbbp,gnn,random,1,CCN1CCCC1CNC(=O)c1cc(S(=O)(=O)CC)ccc1OC,1.0,0.8920817971229553
bbbp,gnn,random,1,O=S(=O)(c1ccc2cc[nH]c2c1)N1CCCC1CCN1CCC(Oc2cccc(Cl)c2)CC1,1.0,0.8637300729751587
bbbp,gnn,random,1,CN1CCN(c2ccccc2Cc2ccccc2)CC1,1.0,0.9945319890975952
bbbp,gnn,random,1,O=C(Cc1ccc(Cl)c(Cl)c1)N1CCn2ccnc2[C@H]1CN1CCCC1,1.0,0.7704326510429382
bbbp,gnn,random,1,CC1=C(C(=O)O)N2C(=O)[C@@H](NC(=O)[C@H](N)c3ccc(O)cc3)[C@H]2SC1,0.0,0.023653585463762283
bbbp,gnn,random,1,CN(C)C(=O)c1nc(CNC(=O)CN)n(-c2ccc(Cl)cc2C(=O)c2ccccc2Cl)n1,1.0,0.6073766350746155
bbbp,gnn,random,1,OCCOC1CCN(CCCN2c3ccccc3Sc3ccc(C(F)(F)F)cc32)CC1,1.0,0.9995322227478027
bbbp,gnn,random,1,CO[C@]12CC[C@@]3(C[C@@H]1[C@](C)(O)C(C)(C)C)[C@H]1Cc4ccc(O)c5c4[C@@]3(CCN1CC1CC1)[C@H]2O5,1.0,0.9729375243186951
bbbp,gnn,random,1,CN1C(=O)C(O)N=C(c2ccccc2)c2cc(Cl)ccc21,1.0,0.9994747042655945
bbbp,gnn,random,1,CCCCCCCCCC1(C)OCC(COC(N)=O)O1,1.0,0.9487366676330566
bbbp,gnn,random,1,NC(=O)CCCN/C(=C1\C=C(F)C=CC1=O)c1ccc(Cl)cc1,1.0,0.9907509684562683
bbbp,gnn,random,1,O=C1NCCCC1N1C(=O)c2ccccc2S1(=O)=O,1.0,0.7797022461891174
bbbp,gnn,random,1,O=C(CCCN1CC2CCC(CC2)C1)c1ccc(F)cc1,1.0,0.9241175651550293
bbbp,gnn,random,1,CNCC12CCC(c3ccccc31)c1ccccc12,1.0,0.9999717473983765
bbbp,gnn,random,1,OCCN1C=CN(CCCN2c3ccccc3C=Cc3ccccc32)C=CC1,1.0,0.9914954900741577
bbbp,gnn,random,1,Cc1cccc(C)c1,1.0,0.9771400690078735
bbbp,gnn,random,1,CC[N+](C)(CC)CCOC(=O)C1c2ccccc2Oc2ccccc21,0.0,0.8679246306419373
bbbp,gnn,random,1,CS(=O)(=O)c1ccc([C@@H](O)[C@@H](CO)NC(=O)C(Cl)Cl)cc1,1.0,0.5454795360565186
bbbp,gnn,random,1,CC1COc2c(N3CCN(C)CC3)c(F)cc3c(=O)c(C(=O)O)cn1c23,1.0,0.038022466003894806
bbbp,gnn,random,1,O=C(CC1c2ccccc2C(=O)N1c1ccc2ccc(Cl)nc2n1)N1CCC2(CC1)OCCO2,1.0,0.9732807874679565
bbbp,gnn,random,1,CC1C2Cc3ccc(O)cc3C1(C)CCN2CC1CC1,1.0,0.9814302325248718
bbbp,gnn,random,1,Cc1nc2n(c(=O)c1CCN1CCC(c3noc4cc(F)ccc34)CC1)CCC[C@H]2O,1.0,0.8156657218933105
bbbp,gnn,random,1,NC(=O)N1c2ccccc2CC(=O)c2ccccc21,1.0,0.9919617772102356
bbbp,gnn,random,1,C[C@H]1C[C@H]2[C@@H]3CCC4=CC(=O)C=C[C@]4(C)[C@@]3(F)[C@@H](O)C[C@]2(C)[C@@]1(OC(=O)c1ccccc1)C(=O)CO,1.0,0.543574869632721
bbbp,gnn,random,1,CNC1(c2ccccc2Cl)CCCCC1=O,1.0,0.9994148015975952
bbbp,gnn,random,1,COc1ccc(Cl)c2c1CCCC2N(C)C,1.0,0.9999368190765381
bbbp,gnn,random,1,CN1CCN(C2=Nc3cscc3/C(=C/C#N)c3cscc32)CC1,1.0,0.9996058344841003
bbbp,gnn,random,1,CCc1c(O)c(=O)ccn1CC,1.0,0.5703446269035339
bbbp,gnn,random,1,OC1CCN(c2ccc(-c3ccc(Cl)cc3Cl)nn2)CC1,1.0,0.9172821044921875
bbbp,gnn,random,1,C[C@@H]1C[C@H]2[C@H]3[C@H]([C@@H](O)C[C@]2(C)[C@@]1(O)C(=O)CO)[C@@]1(C)C=CC(=O)C=C1C[C@H]3Cl,1.0,0.45360255241394043
bbbp,gnn,random,1,C=CC1CNCCC1CCCc1ccnc2ccc(OC)cc12,1.0,0.9964726567268372
bbbp,gnn,random,1,CC(C)[C@H](N)C(=O)OCCOCn1cnc2c(=O)nc(N)[nH]c21,1.0,0.5480417013168335
bbbp,gnn,random,1,C=C1C[C@H]2[C@@H]3CCC4=CC(=O)C=C[C@]4(C)[C@@]3(F)C(O)C[C@]2(C)[C@@]1(O)C(=O)CO,1.0,0.733900785446167
bbbp,gnn,random,1,CC(C)NS(=O)(=O)CCN1C(=O)c2ccccc2C1=O,1.0,0.9688883423805237
bbbp,gnn,random,1,CCNC1(c2ccccc2)CCCCC1,1.0,0.9876699447631836
bbbp,gnn,random,1,CN1Cc2c(N)cccc2C(c2ccccc2)C1,1.0,0.999916672706604
bbbp,gnn,random,1,CCC(C)=O,1.0,0.9995012283325195
bbbp,gnn,random,1,Clc1ccc2c(c1)/C(=C/C1CN3CCC1CC3)c1ccccc1S2,1.0,0.9991018772125244
bbbp,gnn,random,1,CCC(Br)(CC)C(=O)NC(N)=O,1.0,0.9908387064933777
bbbp,gnn,random,1,CC(=O)N1CCN(C(=O)Cc2ccccc2)[C@@H](CN2CC[C@@H](O)C2)C1,0.0,0.4083010256290436
bbbp,gnn,random,1,ClCCl,1.0,0.9953325390815735
bbbp,gnn,random,1,CN1C(=O)OC(C)(C)C1=O,1.0,0.9981549382209778
bbbp,gnn,random,1,C=CC1(C(C)CCC)C(=O)NC(=O)NC1=O,1.0,0.9952412843704224
bbbp,gnn,random,1,NCC(O)c1cccc(O)c1,0.0,0.5412644743919373
bbbp,gnn,random,1,CC(CN(C)C)CN1c2ccccc2Sc2ccc(C#N)cc21,1.0,0.9995129108428955
bbbp,gnn,random,1,CN1c2cc(F)ccc2C(c2ccccc2)=NCC1CNC(=O)c1ccoc1,1.0,0.9990242719650269
bbbp,gnn,random,1,CN(C)CCC=C1c2ccccc2C=Cc2ccccc21,1.0,0.9997040629386902
bbbp,gnn,random,1,O=C(O)CCc1nc(-c2ccccc2)c(-c2ccccc2)o1,0.0,0.7307698130607605
bbbp,gnn,random,1,C[C@@H](CN1CC(=O)NC(=O)C1)N1CC(=O)NC(=O)C1,0.0,0.9992256164550781
bbbp,gnn,random,1,CCOC(=O)N(CCN(C)C)c1cccc(C(F)(F)F)c1,1.0,0.999879002571106
bbbp,gnn,random,1,CC1CC2C3CC(F)(F)C4=CC(=O)C=C[C@]4(C)C3(F)C(O)CC2(C)C1(O)C(=O)CO,1.0,0.9994624257087708
bbbp,gnn,random,1,CC(C)O,1.0,0.985276997089386
bbbp,gnn,random,1,NC(=O)CS(=O)C(c1ccccc1)c1ccccc1,1.0,0.9405134916305542
bbbp,gnn,random,1,O=C(CCCN1CCC(O)(c2ccc(Cl)cc2)CC1)c1ccc(F)cc1,1.0,0.9702726602554321
bbbp,gnn,random,1,O=C1CN(C(=O)CN2CC(c3ccc(Cl)cc3)CC2=O)CCN1,1.0,0.9927440881729126
bbbp,gnn,random,1,COC(=O)[C@H]1[C@H]2C[C@@H]3c4[nH]c5ccccc5c4CCN3C[C@H]2C[C@@H](OC(=O)c2cc(OC)c(OC)c(OC)c2)[C@@H]1OC,1.0,0.6859370470046997
bbbp,gnn,random,1,C=CCN1C(=O)C(CC(C)C)NC1=S,1.0,0.9995666146278381
bbbp,gnn,random,1,Cc1nnc(SCC2=C(C(=O)O)N3C(=O)[C@@H](NC(=O)C(N)c4ccc(O)cc4)[C@H]3SC2)s1,0.0,0.027414273470640182
bbbp,gnn,random,1,Cc1ccc(Cc2cnc(NCCSCc3ccc(C(C)(C)N)o3)[nH]c2=O)cn1,0.0,0.10404858738183975
bbbp,gnn,random,1,CS(=O)(=O)c1ccc2c(c1)N(CCCN1CCC(C(N)=O)CC1)c1ccccc1S2,1.0,0.957601010799408
bbbp,gnn,random,1,COc1ccc2c3c1OC1C(O)C=CC4C(C2)NCCC341,1.0,0.9999911785125732
bbbp,gnn,random,1,CN1CC2c3ccccc3Oc3ccc(Cl)cc3C2C1,1.0,0.9999315738677979
bbbp,gnn,random,1,CN1C(=O)CC(=O)N(c2ccccc2)c2cc(C(F)(F)F)ccc21,1.0,0.9999748468399048
bbbp,gnn,random,1,CCOC(=O)[C@H](CCc1ccccc1)N[C@@H](C)C(=O)N1CCC[C@H]1C(=O)O,0.0,0.3811505436897278
bbbp,gnn,random,1,NC1[C@H]2CN(c3nc4c(cc3F)c(=O)c(C(=O)O)cn4-c3ccc(F)cc3F)C[C@@H]12,1.0,0.03167954087257385
bbbp,gnn,random,1,CC1=CC(=O)N2CC(=O)N(C)c3ccc(Cl)cc3C2(c2ccccc2)O1,1.0,0.9999842643737793
bbbp,gnn,random,1,C[C@H]1c2cccc(O)c2C(O)=C2C(=O)[C@]3(O)C(=O)/C(=C(/N)O)C(=O)[C@@H](N(C)C)[C@@H]3[C@@H](O)[C@@H]21.O,0.0,0.012556231580674648
bbbp,gnn,random,1,CN1CCC23c4c5ccc(O)c4OC2CCCC3C1C5,1.0,0.9994509816169739
bbbp,gnn,random,1,CCCCc1oc2ccccc2c1C(=O)c1cc(I)c(OCCN(CC)CC)c(I)c1,0.0,0.9411893486976624
bbbp,gnn,random,1,COc1nc2nc(-c3noc(C)n3)cn2c2c1CCCC2,1.0,0.63913893699646
bbbp,gnn,random,1,CN(CCCN1c2ccccc2CCc2ccccc21)CC(=O)c1ccc(Cl)cc1.[Cl-].[H+],1.0,0.9438504576683044
bbbp,baseline,random,2,CCCC(=O)c1ccc2c(c1)N(CCCN1CCN(C)CC1)c1ccccc1S2,1.0,0.9887058367355073
bbbp,baseline,random,2,O=C(CCCN1CCC(O)(c2ccc(Cl)c(C(F)(F)F)c2)CC1)c1ccc(F)cc1,1.0,0.9685689483086292
bbbp,baseline,random,2,CCCC1O[C@@H]2C[C@H]3[C@@H]4CCC5=CC(=O)C=C[C@]5(C)[C@H]4[C@@H](O)C[C@]3(C)[C@]2(C(=O)CO)O1,1.0,0.9779754379130049
bbbp,baseline,random,2,COc1ccc2c(c1)N(CCCN(C)C)c1ccccc1S2,1.0,0.9850777841505727
bbbp,baseline,random,2,COCCN1CC[C@]23c4c5ccc(O)c4O[C@H]2C(=O)CC[C@@]3(O)[C@H]1C5,1.0,0.9599644231798542
bbbp,baseline,random,2,CC1(C)OC(=O)NC1=O,1.0,0.9422253621254038
bbbp,baseline,random,2,CCCNC(=O)N1CC(c2ccccc2)OC1=O,1.0,0.9696094423320085
bbbp,baseline,random,2,Cc1ncc2n1-c1ccc(Cl)cc1C(c1ccccc1F)=NC2O,1.0,0.9745676815811439
bbbp,baseline,random,2,CC(Cc1ccccc1)N(C)Cc1ccco1,1.0,0.9674685099491823
bbbp,baseline,random,2,CN(C)C(=O)C(CCN1CCC(O)(c2ccc(Cl)cc2)CC1)(c1ccccc1)c1ccccc1,1.0,0.8672499228390366
bbbp,baseline,random,2,NC(N)=N/N=C/c1c(Cl)cccc1Cl,0.0,0.8747092919555214
bbbp,baseline,random,2,C#CCN1C(=O)CN=C(c2ccccc2)c2cc(Cl)ccc21,1.0,0.9876970003814036
bbbp,baseline,random,2,Clc1ccccc1C1=NCc2nnc(C3CCCCC3)n2-c2sc(Br)cc21,1.0,0.8876106103107261
bbbp,baseline,random,2,O=C1CN2C(=O)CCC2N1,1.0,0.9629677672635807
bbbp,baseline,random,2,CC1C2Cc3ccc(O)cc3C1(C)CCN2CCc1ccccc1,1.0,0.9871951300388697
bbbp,baseline,random,2,COc1cc([C@@H]2c3cc4c(cc3[C@@H](O[C@@H]3O[C@@H]5CO[C@@H](C)O[C@H]5[C@H](O)[C@H]3O)C3COC(=O)[C@@H]32)OCO4)cc(OC)c1O,0.0,0.38797292595522387
bbbp,baseline,random,2,C=CCC(CC)(CC)C(N)=O,1.0,0.9776886695843469
bbbp,baseline,random,2,CNc1nc(Cl)c(SC)c(N2CCN(C)CC2)n1,1.0,0.9765906750272889
bbbp,baseline,random,2,CO/N=C(\C(=O)N[C@@H]1C(=O)N2C(C(=O)O)=C(Cn3nnc(C)n3)CS[C@H]12)c1csc(N)n1,0.0,0.11183190275312734
bbbp,baseline,random,2,CS(=O)(=O)OCCCCOS(C)(=O)=O,1.0,0.9219112455164197
bbbp,baseline,random,2,CN(C)CCON=C1c2ccccc2CCc2ccccc21,1.0,0.9753515054775798
bbbp,baseline,random,2,C[C@@H]1C[C@H]2[C@@H]3CCC4=CC(=O)C=C[C@]4(C)[C@@]3(Cl)[C@@H](O)C[C@]2(C)[C@@]1(O)C(=O)CCl,1.0,0.9750227913411397
bbbp,baseline,random,2,CN[C@@H]1[C@H](O[C@H]2[C@H](O[C@H]3[C@H](O)[C@@H](O)[C@H](N=C(N)N)[C@@H](O)[C@@H]3N=C(N)N)O[C@@H](C)[C@]2(O)C=O)O[C@@H](CO)[C@H](O)[C@H]1O,0.0,0.03958645137672386
bbbp,baseline,random,2,O=C1CC[C@@]2(O)[C@H]3Cc4ccc(O)c5c4[C@@]2(CCN3CC2CC2)[C@H]1O5,1.0,0.9661313465579227
bbbp,baseline,random,2,CC(C)C(CCCCCC(=O)O)NCc1ccc(F)cc1,1.0,0.6406736820532224
bbbp,baseline,random,2,CC(=O)O[C@H]1C(=O)[C@@]2(C)C([C@H](OC(=O)c3ccccc3)[C@]3(O)C[C@H](OC(=O)[C@H](O)[C@@H](NC(=O)c4ccccc4)c4ccccc4)C(C)=C1C3(C)C)[C@]1(OC(C)=O)CO[C@@H]1C[C@@H]2O,0.0,0.0970024464571738
bbbp,baseline,random,2,CC(=O)OCC(=O)[C@@]1(O)CCC2C3CCC4=CC(=O)C=CC4(C)[C@@]3(Cl)C(Cl)CC21C,1.0,0.9741471699978458
bbbp,baseline,random,2,C=C[C@H]1CN2CC[C@@H]1C[C@H]2[C@H](O)c1ccnc2ccc(OC)cc12,0.0,0.9545826714947666
bbbp,baseline,random,2,C/C(=C1/CCOC(=O)S1)N(C=O)Cc1cnc(C)nc1N,1.0,0.8975265689886972
bbbp,baseline,random,2,CN(C(=O)C(c1ccccc1)c1ccccc1)[C@H](CN1CC[C@H](O)C1)c1ccccc1,1.0,0.7295369545893772
bbbp,baseline,random,2,O=C(Nc1ccc(O)cc1)C(Cl)(Cl)Cl,1.0,0.7486109575703417
bbbp,baseline,random,2,O=C(NCCN1CCN(c2ncccn2)CC1)C12CC3CC(CC(C3)C1)C2,1.0,0.9712791193911335
bbbp,baseline,random,2,CC(=O)OCC(=O)[C@H]1[C@H](C)C[C@H]2[C@@H]3C[C@H](F)C4=CC(=O)C=C[C@]4(C)C3(Cl)[C@@H](O)C[C@@]21C,1.0,0.9892654657774708
bbbp,baseline,random,2,CO/N=C(\C(=O)N[C@@H]1C(=O)N2C(C(=O)O)=C(/C=C/Sc3n[nH]c(=O)c(=O)n3CC=O)CS[C@H]12)c1csc(N)n1,0.0,0.12221529604092032
bbbp,baseline,random,2,C[C@]1(Cn2ccnn2)[C@H](C(=O)O)N2C(=O)C[C@H]2S1(=O)=O,0.0,0.5374108371490481
bbbp,baseline,random,2,OC1CCN(c2ccc(-c3ccccc3Cl)nn2)CC1,1.0,0.9778502893750524
bbbp,baseline,random,2,Cc1c(C)c2ccc(OCc3nnc(C(C)C)s3)cc2oc1=O,1.0,0.7566671636372924
bbbp,baseline,random,2,O=C(Cc1ccc(Cl)c(Cl)c1)N1CCc2occc2[C@H]1CN1CC[C@@H](O)C1,1.0,0.25415567162650843
bbbp,baseline,random,2,C#CC1(OCC(O)CN2CCN(c3ccc(F)cc3)CC2)CCCCC1,1.0,0.9724066988523832
bbbp,baseline,random,2,CN1CCN(c2ncc(-c3cc(Cl)cc(Cl)c3Cl)c(N)n2)CC1,1.0,0.970671890721452
bbbp,baseline,random,2,C[N+](C)(C)CCO,1.0,0.9695978315226215
bbbp,baseline,random,2,CC(C)NCC(O)COc1cccc2ccccc12,0.0,0.9402154566597423
bbbp,baseline,random,2,O=C(O)c1cc(=O)c2ccccc2[nH]1,1.0,0.6563765227960113
bbbp,baseline,random,2,CC(N)C(=O)OC(C)(C)Cc1ccc(Cl)cc1,1.0,0.891843524928011
bbbp,baseline,random,2,C[C@H](N)C(=O)c1ccccc1,1.0,0.8667075883197267
bbbp,baseline,random,2,CCN(CC)c1ccc(NC(=O)c2ccccc2N)c(C)c1,1.0,0.9060710638232953
bbbp,baseline,random,2,Cc1csc2ccc3[nH]c4c(c3c12)CN(C)CC4,1.0,0.9846910214546164
bbbp,baseline,random,2,C[C@H](O)C1C(=O)N2C(C(=O)O)=C(S[C@@H]3CN[C@H](C(=O)N(C)C)C3)[C@H](C)C12.O.O.O,0.0,0.059452545981905656
bbbp,baseline,random,2,CC(Cc1ccccc1)NCCC1c2ccccc2Sc2ccccc21,1.0,0.9368738004556297
bbbp,baseline,random,2,CN(C)CCC(c1ccccc1)C1CCCCC1,1.0,0.9695389977994134
bbbp,baseline,random,2,CC(=O)OCC/C(SC(C)=O)=C(/C)N(C=O)Cc1cnc(C)nc1N,1.0,0.8868264291130677
bbbp,baseline,random,2,CCC1(CC)C(=O)NC=C(C)C1=O,1.0,0.9515635107962237
bbbp,baseline,random,2,C[C@@H](O)[C@H]1C(=O)N2C(C(=O)O)=C([C@H]3CCCO3)S[C@H]12,0.0,0.1922770177936463
bbbp,baseline,random,2,CN1CCN(CC/C=C2\c3ccccc3Sc3ccc(S(=O)(=O)N(C)C)cc32)CC1,1.0,0.984862638370395
bbbp,baseline,random,2,CCCC(=O)O[C@]1(C(=O)COC(C)=O)CC[C@H]2[C@@H]3C[C@H](C)C4=CC(=O)CC[C@]4(C)[C@H]3[C@@H](O)C[C@@]21C,1.0,0.9600735911964883
bbbp,baseline,random,2,CCN(CC)CCCC(C)Nc1ccnc2cc(Cl)ccc12,1.0,0.8883758171531013
bbbp,baseline,random,2,CCCC(C)C1(CC)C(=O)NC(=O)NC1=O,1.0,0.921081541157095
bbbp,baseline,random,2,CN(C)CCN(Cc1cccs1)c1ccccn1,1.0,0.9724204530811912
bbbp,baseline,random,2,O=C1CN=C(c2ccccc2)c2cc(Cl)ccc2N1CC(F)(F)F,1.0,0.9890051626075197
bbbp,baseline,random,2,CN1/C(=C(\O)Nc2ccccn2)C(=O)c2sccc2S1(=O)=O,0.0,0.22770555727892955
bbbp,baseline,random,2,C[C@]12CC[C@H]3[C@@H](CCC4=CC(=O)CC[C@@H]43)[C@@H]1CC[C@@H]2O,0.0,0.39701258926018235
bbbp,baseline,random,2,CNNCc1ccc(C(=O)NC(C)C)cc1,1.0,0.8439952793753682
bbbp,baseline,random,2,c1ccc2c(c1)CCN1CCNCC21,1.0,0.9856640427582294
bbbp,baseline,random,2,C=CC[C@@H]1/C=C(\C)C[C@H](C)C[C@H](OC)[C@H]2O[C@@](O)(C(=O)C(=O)N3CCCC[C@H]3C(=O)O[C@H](/C(C)=C/[C@@H]3CC[C@@H](O)[C@H](OC)C3)[C@H](C)[C@@H](O)CC1=O)[C@H](C)C[C@@H]2OC,0.0,0.2248845341233819
bbbp,baseline,random,2,CC12CCC(CC1=O)C2(C)C,1.0,0.9853157177989529
bbbp,baseline,random,2,Cc1nnc2n1-c1ccc(Cl)cc1C(c1ccccc1Cl)=NC2,1.0,0.9812279543320535
bbbp,baseline,random,2,CCNC1=Nc2ccc(Cl)cc2C(C)(c2ccccc2)O1.[Cl-].[H+],1.0,0.943575252017745
bbbp,baseline,random,2,NC(=O)c1ccc(F)c2c1C[C@@H](N(C1CCC1)C1CCC1)CO2,1.0,0.9654935214272912
bbbp,baseline,random,2,O=c1ncnc2[nH][nH]cc1-2,0.0,0.4392633199151833
bbbp,baseline,random,2,CCC[C@@H]1C[C@@H](C(=O)NC(C(C)Cl)[C@H]2O[C@H](SC)[C@H](O)[C@@H](O)[C@H]2O)N(C)C1,0.0,0.46529648360277687
bbbp,baseline,random,2,CO/N=C(\C(=O)N[C@@H]1C(=O)N2C(C(=O)O)=C(CSc3nnnn3C)CS[C@H]12)c1csc(N)n1,0.0,0.14728968198623693
bbbp,baseline,random,2,CCC12CCN(CC3CCC3)C(Cc3ccc(O)cc31)C2(C)C,1.0,0.9821375431151553
bbbp,baseline,random,2,c1ccc(NCCCOc2cccc(CN3CCCCC3)c2)nc1,1.0,0.9524694383024456
bbbp,baseline,random,2,COc1cc2c(cc1OC)S(=O)(=O)OC(C(=O)NC(C)CC(C)(C)N(C)C)C2,1.0,0.7688414989635401
bbbp,baseline,random,2,COc1ccc(C(O)CN2CCN(C(c3ccccc3)c3ccccc3)CC2)cc1OC,1.0,0.8750194501216004
bbbp,baseline,random,2,CN(C)CCCN1c2ccccc2Sc2cccnc21,1.0,0.987232994944717
bbbp,baseline,random,2,O=C(CCCN1CCN(c2ccccn2)CC1)c1ccc(F)cc1,1.0,0.9852881565719348
bbbp,baseline,random,2,CN(C)CCCN1c2ccccc2Sc2ccc(Cl)cc21,1.0,0.9831703522188235
bbbp,baseline,random,2,CC1=C[C@@H]2[C@H]([C@@H](O)C[C@@]3(C)[C@H]2C[C@@H](C)[C@]3(O)C(=O)COC(=O)c2cccc(S(=O)(=O)O)c2)[C@@]2(C)Cc3cnn(-c4ccccc4)c3C=C12,1.0,0.6841012713634924
bbbp,baseline,random,2,C[C@@H]1C[C@H]2[C@@H]3C[C@H](F)C4=CC(=O)C=C[C@]4(C)[C@H]3[C@@H](O)C[C@]2(C)[C@H]1C(=O)CO,1.0,0.9659607201025602
bbbp,baseline,random,2,CC(=O)[C@H]1CC[C@H]2[C@@H]3C[C@H](C)C4=CC(=O)CC[C@]4(C)[C@H]3[C@@H](O)C[C@]12C,1.0,0.8775288202371666
bbbp,baseline,random,2,CN1C(=O)CN=C(c2ccccc2F)c2cc([N+](=O)[O-])ccc21,1.0,0.9852147294799963
bbbp,baseline,random,2,CC(CN(C)C)CN1c2ccccc2Sc2ccc(C(F)(F)F)cc21,1.0,0.9690114593940929
bbbp,baseline,random,2,CCC(=O)Nc1ccc(O)cc1,1.0,0.5442521869217272
bbbp,baseline,random,2,CN(C(=O)CNC1CC1)c1ccc(Cl)cc1C(=O)c1ccccc1Cl,1.0,0.9031722486585213
bbbp,baseline,random,2,CCNC1=NC(=O)C(c2ccccc2)O1,1.0,0.966052129905918
bbbp,baseline,random,2,CC(CN(C)C)CN1c2ccccc2S(=O)(=O)c2ccccc21,1.0,0.9807880721639614
bbbp,baseline,random,2,CC(Cc1ccccc1)[N+](C)([O-])Cc1ccccc1,1.0,0.9668283556283169
bbbp,baseline,random,2,C[N+](C)([O-])CCC=C1c2ccccc2CCc2ccccc21,1.0,0.9745686700628081
bbbp,baseline,random,2,C[C@H]1C[C@@H]2[C@H]([C@@H](O)C[C@@]3(C)[C@H]2CC[C@]3(O)C(=O)CO)[C@@]2(C)C=CC(=O)C=C12,0.0,0.8988977741751616
bbbp,baseline,random,2,O=C(Oc1ccccc1C(=O)O)c1ccccc1O,1.0,0.23314953277428338
bbbp,baseline,random,2,CCC12CCN(CC3CC3)C(Cc3ccc(O)cc31)C2(C)C,1.0,0.9811219210646737
bbbp,baseline,random,2,O=S(=O)(c1ccc2cc[nH]c2c1)N1CCCC1CCN1CCC(Oc2cccc(Cl)c2)CC1,1.0,0.8957085615898439
bbbp,baseline,random,2,NC1CONC1=O,1.0,0.9041948686338578
bbbp,baseline,random,2,OCCN(CCO)c1nc(N2CCCCC2)c2nc(N(CCO)CCO)nc(N3CCCCC3)c2n1,0.0,0.2448882429316913
bbbp,baseline,random,2,C[C@@H]1CC2C3C[C@H](F)C4=CC(=O)C=CC4(C)[C@@]3(F)C(O)CC2(C)C1C(=O)CO,1.0,0.9745450106939451
bbbp,baseline,random,2,CCCC(CC)C1(CC)C(=O)NC(=S)NC1=O,1.0,0.8913494297779709
bbbp,baseline,random,2,O=C1NC(=O)[C@@]2(CCN(C(=O)Cc3ccc(Cl)c(Cl)c3)[C@@H](CN3CCCC3)C2)N1,0.0,0.8094075909820895
bbbp,baseline,random,2,CC(C)Cc1ccc(C(C)C(=O)O)cc1,0.0,0.875125968593031
bbbp,baseline,random,2,COCCCC/C(=N\OCCN)c1ccc(Cl)cc1,1.0,0.9043432154028311
bbbp,baseline,random,2,CCOC(=O)N1CCC(=C2c3ccc(Cl)cc3CCc3cccnc32)CC1,0.0,0.9717488280769665
bbbp,baseline,random,2,CNC(C)C1CCC(N)C(OC2C(N)CC(N)C(OC3OCC(C)(O)C(NC)C3O)C2O)O1,0.0,0.04465310248764523
bbbp,baseline,random,2,CCC1(CC)C(=O)NC(=O)NC1=O,1.0,0.8793352226930958
bbbp,baseline,random,2,O=C1NC(=O)C2(CCc3ccccc3C2)N1,1.0,0.9676589558451709
bbbp,baseline,random,2,CN(C)N/N=C1/N=CN=C1C(N)=O,1.0,0.7175145256030758
bbbp,baseline,random,2,O.c1cncc(CC2(Cc3ccncc3)c3cccnc3-c3ncccc32)c1,1.0,0.8971089185267583
bbbp,baseline,random,2,CN(CCCN1c2ccccc2CCc2ccccc21)CC(=O)c1ccc(Cl)cc1.[Cl-].[H+],1.0,0.9820028487404353
bbbp,baseline,random,2,C[C@]12CCC(=O)C=C1CC[C@@H]1[C@@H]2[C@@H](O)C[C@@]2(C)[C@H]1CC[C@]2(O)C(=O)CS,1.0,0.870977172894131
bbbp,baseline,random,2,C/C(=C/CCN1CCC2(CC1)C(=O)NCN2c1ccccc1)c1ccc(F)cc1,1.0,0.9870856088235012
bbbp,baseline,random,2,CN1CCCCC1CCN1c2ccccc2Sc2ccc(S(C)=O)cc21,1.0,0.9862843794686567
bbbp,baseline,random,2,CCN(CC)C(=S)SSC(=S)N(CC)CC,1.0,0.9846168891404352
bbbp,baseline,random,2,CC(CN1CCOCC1)C(C(=O)N1CCCC1)(c1ccccc1)c1ccccc1,1.0,0.974835529210504
bbbp,baseline,random,2,COc1ccc2c(c1OC)C(=O)O[C@@H]2[C@H]1c2c(cc3c(c2OC)OCO3)CCN1C,1.0,0.9590967113194214
bbbp,baseline,random,2,CN(C)CCCN1c2ccccc2C(c2ccccc2)=Nc2cccnc21,1.0,0.9844237325644042
bbbp,baseline,random,2,CCCCc1oc2ccccc2c1C(=O)c1cc(I)c(OCCN(CC)CC)c(I)c1,0.0,0.5498560626462111
bbbp,baseline,random,2,CN(C)CCOC1=Cc2ccccc2Sc2ccc(Cl)cc21,1.0,0.94428567977781
bbbp,baseline,random,2,CC(=O)Nc1c(I)c(NC(C)=O)c(I)c(C(=O)[O-])c1I.[Na+],0.0,0.6884229211806832
bbbp,baseline,random,2,O=C(O)CNC(=O)c1ccccc1O,1.0,0.5728496958977168
bbbp,baseline,random,2,CN1CCOC(c2ccccc2)c2ccccc2C1,1.0,0.9897388659624491
bbbp,baseline,random,2,CCc1cc2c(s1)-n1c(C)nnc1CN=C2c1ccccc1Cl,1.0,0.9699009468642175
bbbp,baseline,random,2,CN1C[C@@H]2c3cc(Cl)ccc3Oc3ccccc3[C@@H]2C1,1.0,0.986318479219972
bbbp,baseline,random,2,CC(C)C1(C(C)C)OCC(CO)O1,1.0,0.8530580488337532
bbbp,baseline,random,2,CC(C)c1cccc(C(C)C)c1O,1.0,0.9676392326414867
bbbp,baseline,random,2,O=NN(CCCl)C(=O)NCCCl,1.0,0.9010930053210382
bbbp,baseline,random,2,CN1CCC[C@H]1c1cccnc1,1.0,0.9829162522905693
bbbp,baseline,random,2,CCC(=O)O[C@]1(C(=O)COC(C)=O)CC[C@H]2[C@@H]3C[C@H](C)C4=CC(=O)C=C[C@]4(C)[C@H]3[C@@H](O)C[C@@]21C,1.0,0.9856607262601248
bbbp,baseline,random,2,CC(CC#N)N(C)CC(=O)N(C)c1ccc(Cl)cc1C(=O)c1ccccc1F,1.0,0.953625581030998
bbbp,baseline,random,2,C1CCc2nnnn2CC1,1.0,0.9652677751871134
bbbp,baseline,random,2,O=C1CN=C(c2ccccc2Cl)c2cc([N+](=O)[O-])ccc2N1,1.0,0.9542258185459075
bbbp,baseline,random,2,Nc1ncc2ncn(COCCO)c2n1,1.0,0.8371250956620768
bbbp,baseline,random,2,COc1ccc(Cc2nccc3cc(OC)c(OC)cc23)cc1OC,0.0,0.8890030169116522
bbbp,baseline,random,2,CCCCNC(=O)NS(=O)(=O)c1ccc(C)cc1,0.0,0.7357239612877619
bbbp,baseline,random,2,CCCCCCCCCCOc1c(OC)cc(C(N)=O)cc1OC,1.0,0.9111845933724747
bbbp,baseline,random,2,C=CCC1(CC(C)C)C(=O)NC(=O)NC1=O,1.0,0.9483269004999532
bbbp,baseline,random,2,CC(NNC(=O)c1ccccc1)c1ccccc1,1.0,0.8509953363245798
bbbp,baseline,random,2,CCCCCCC(C)(C)c1cc(O)c2c(c1)OC(C)(C)[C@@H]1CCC(=O)C[C@@H]21,1.0,0.8931607177920656
bbbp,baseline,random,2,CS(=O)(=O)O.Oc1ccc2[nH]cc(CCCCN3CC=C(c4ccccc4)CC3)c2c1,1.0,0.8119400197352478
bbbp,baseline,random,2,Cc1cccc(O[C@H]2CCNC[C@H]2O)c1C,1.0,0.9781678213744068
bbbp,baseline,random,2,C=NC(C(=O)NC1C(=O)N2C1SC(C)(C)C2C(=O)O)c1ccccc1,0.0,0.03160299339063947
bbbp,baseline,random,2,CCOC(=O)C(C)(C)Oc1ccc(Cl)cc1,0.0,0.8785234207768762
bbbp,baseline,random,2,CCN(CC)CC(=O)OCC(=O)[C@@]1(O)CC[C@H]2[C@@H]3CCC4=CC(=O)CC[C@]4(C)[C@H]3[C@@H](O)C[C@@]21C,1.0,0.9646819038208466
bbbp,baseline,random,2,C[NH+]O.Cc1oc(C(C)(C)N(C(C)(C)N)C(C)(C)N)c(C)c1C.[OH-],1.0,0.30358477399757594
bbbp,baseline,random,2,CN(C)CC1COC2(O1)c1ccccc1COc1ccccc12,1.0,0.9681026647135128
bbbp,baseline,random,2,Cc1cccc(C)c1OCC(C)N,1.0,0.794119910007768
bbbp,baseline,random,2,O=C(O)CC(O)(CC(=O)O)C(=O)O.O=C1[C@@H]2[C@H]3CC[C@H](C3)[C@@H]2C(=O)N1CCCCN1CCN(c2ncccn2)CC1,1.0,0.32356125608087233
bbbp,baseline,random,2,CCCCC/C(=N/OCCN)c1ccc(C)c(N)c1,1.0,0.7773590083274303
bbbp,baseline,random,2,C[C@]12CCC(=O)C=C1CC[C@@H]1[C@@H]2[C@@H](O)C[C@@]2(C)[C@H]1CC[C@]2(O)C(=O)COC(=O)CCC(=O)O.O,1.0,0.7772188321495627
bbbp,baseline,random,2,O=C1c2ccccc2S(=O)(=O)N1CCCCN1CCN(c2ncccn2)CC1.[Cl-].[H+],1.0,0.9214249082890235
bbbp,baseline,random,2,CN1CCN=C(c2ccccc2)c2cc(Cl)ccc21,1.0,0.9904982815940793
bbbp,baseline,random,2,NCC1OC(OC2C(N)CC(N)C(OC3OC(CO)C(O)C(N)C3O)C2O)C(N)C(O)C1O,0.0,0.04916702362110665
bbbp,baseline,random,2,FC(F)(F)c1cccc(C2=CCN(CCc3ccc4ccccc4c3)CC2)c1,1.0,0.9772120063134516
bbbp,baseline,random,2,CN(C)CCc1c[nH]c2cccc(OP(=O)(O)O)c12,1.0,0.8732632867454047
bbbp,baseline,random,2,OC(c1ccccc1)(c1ccccc1)C1CCNCC1,1.0,0.9257386766738404
bbbp,baseline,random,2,COCCCC/C(=N\OCCN)c1ccc(C(F)(F)F)cc1.O=C(O)/C=C\C(=O)O,1.0,0.8720881320709758
bbbp,baseline,random,2,NNC(=O)CP(=O)(c1ccccc1)c1ccccc1,1.0,0.914795540616383
bbbp,baseline,random,2,C[N+](C)([O-])CCCN1c2ccccc2CCc2ccccc21,1.0,0.9867445533252527
bbbp,baseline,random,2,CNCCc1ccccn1,1.0,0.9571319441889777
bbbp,baseline,random,2,Cc1nnc(SCC2=C(C(=O)O)N3C(=O)[C@@H](NC(=O)C(N)c4ccc(O)cc4)[C@H]3SC2)s1,0.0,0.05154547099895712
bbbp,baseline,random,2,CC(C)[C@H](NC(=O)[C@H](Cc1ccccc1)NC(=O)CNC(=O)[C@@H](C)NC(=O)[C@@H](N)Cc1ccc(O)cc1)C(N)=O,0.0,0.17972935755487496
bbbp,baseline,random,2,CNCCCC12CCC(c3ccccc31)c1ccccc12,1.0,0.9811848970901378
bbbp,baseline,random,2,Clc1ccc(COC(Cn2ccnc2)c2ccc(Cl)cc2Cl)cc1,0.0,0.6294779967463154
bbbp,baseline,random,2,CC(=O)CC(c1ccccc1)c1c(O)oc2ccccc2c1=O,0.0,0.8115074899498931
bbbp,baseline,random,2,CCCN(c1ccncc1)n1ccc2ccccc21.[Cl-].[H+],1.0,0.9673873569564958
bbbp,baseline,random,2,CN(C)Cc1ccc(-c2cccc(NC3N=CC=C3[N+](=O)[O-])c2)o1,1.0,0.7854257824095979
bbbp,baseline,random,2,CCCSc1ccccc1N1CCN(CCCCn2c(=O)[nH]c3ccccc3c2=O)CC1,1.0,0.9533832368952677
bbbp,baseline,random,2,NNCCc1ccccc1.[Cl],1.0,0.873182865373732
bbbp,baseline,random,2,CCCOC(=O)N1CCN(C(=O)Cc2ccc(Cl)c(Cl)c2)[C@@H](CN2CCCC2)C1,1.0,0.9216299145023081
bbbp,baseline,random,2,COc1cc(N)c(Cl)cc1C(=O)NC1CCN(Cc2ccccc2)CC1,1.0,0.9515264170981493
bbbp,baseline,random,2,CCCOC(=O)c1cncn1C(C)c1ccccc1,1.0,0.9593639906802056
bbbp,baseline,random,2,COc1cc(C(=O)/C=C/N2CC=CC2)cc(OC)c1OC,1.0,0.9696493322511478
bbbp,baseline,random,2,CON=C(C#N)C1CN2CCC1CC2,1.0,0.8953823136439568
bbbp,baseline,random,2,S=C(NC1CCCCC1)N1CCC(c2c[nH]cn2)CC1,1.0,0.9422687947009892
bbbp,baseline,random,2,Nc1nc(=O)c2c([nH]1)NCC(CNc1ccc(C(=O)N[C@@H](CCC(=O)[O-])C(=O)[O-])cc1)N2C=O.[Ca+2],1.0,0.14581682084440478
bbbp,baseline,random,2,CCC1(C)CC(=O)NC(=O)C1,1.0,0.9738568144944674
bbbp,baseline,random,2,CCC1(C2=CCCCC2)C(=O)NC(=O)NC1=O,1.0,0.9300079563994069
bbbp,baseline,random,2,CC12CC3CC(C)(C1)CC(N)(C3)C2,1.0,0.9853767242788786
bbbp,baseline,random,2,CCOC(OCC)C(=O)OCC(=O)C1(O)Cc2c(O)c3c(c(O)c2C(OC2CC(N)C(O)C(C)O2)C1)C(=O)c1c(OC)cccc1C3=O,0.0,0.06680393944891355
bbbp,baseline,random,2,O=C([O-])c1ccccc1Oc1ccccc1,1.0,0.791127750836401
bbbp,baseline,random,2,CC1OC2(CCCCC2Oc2cccc(Cl)c2)NC1=O,1.0,0.9598319531073788
bbbp,baseline,random,2,CN(C)CCCN1c2ccccc2C=Cc2ccccc21,1.0,0.9896060344763923
bbbp,baseline,random,2,COC(=O)C1=CCCN(C)C1,1.0,0.9594946883743638
bbbp,baseline,random,2,CCCCCCCNC(=O)Oc1ccc2c(c1)[C@]1(C)CCN(C)[C@@H]1N2C,1.0,0.9757903540109676
bbbp,baseline,random,2,CC1=NN(c2ccccc2)C(=O)C1,1.0,0.969610795420029
bbbp,baseline,random,2,O=C(CCCl)NCCc1ccccc1,1.0,0.9273110824687205
bbbp,baseline,random,2,CCN(CC)CCNC(=O)COc1ccc(Cl)cc1,1.0,0.918798650627559
bbbp,baseline,random,2,C[N+]12CCC(CC1)C(OC(=O)C(O)(c1ccccc1)c1ccccc1)C2.[Br-],0.0,0.6065787003860702
bbbp,baseline,random,2,CCNCC(O)c1cccc(O)c1,0.0,0.3940805795762456
bbbp,baseline,random,2,CC1(C)S[C@@H]2[C@H](NC(=O)[C@H](C(=O)[O-])c3ccsc3)C(=O)N2[C@H]1C(=O)[O-].[Na+].[Na+],1.0,0.04591689255957798
bbbp,baseline,random,2,CNCCC(Oc1cccc2ccccc12)c1cccs1,1.0,0.9641007322341987
bbbp,baseline,random,2,CN1CCN(CCCN2c3ccccc3Sc3ccc(Cl)cc32)CC1,1.0,0.9912477192705781
bbbp,baseline,random,2,C[C@]12C=C(Br)C(=O)C=C1[C@H](F)C[C@H]1[C@@H]3CCC(O)(C(=O)CO)[C@@]3(C)C[C@H](O)C12F,1.0,0.9708291178516879
bbbp,baseline,random,2,CCN1CCC(=C(c2ccccc2)c2ccccc2)C1.[Cl-].[H+],1.0,0.982776299415992
bbbp,baseline,random,2,COCCc1ccc(OCC(O)CNC(C)C)cc1,1.0,0.6864498494839645
bbbp,baseline,random,2,O=c1nc[nH]c2c1ncn2[C@H]1CC[C@@H](CO)O1,0.0,0.8423446895352761
bbbp,baseline,random,2,Cc1[nH]ccc2c1[nH]c1cc(=O)ccc12,1.0,0.8740450810697831
bbbp,baseline,random,2,CN1CC[C@@]2(C)c3cc(OC(=O)Nc4ccccc4)ccc3N(C)[C@@H]12,1.0,0.9678655702883815
bbbp,baseline,random,2,CO[C@@H]1[C@@H](OC(N)=O)[C@@H](O)[C@H](Oc2ccc3c(=O)c(NC(=O)c4ccc(O)c(CC=C(C)C)c4)c(O)oc3c2C)OC1(C)C,0.0,0.08258271756573615
bbbp,baseline,random,2,C=CCC1(C(C)CCC)C(=O)NC(=O)NC1=O,1.0,0.9515186147633539
bbbp,gnn,random,2,CCCC(=O)c1ccc2c(c1)N(CCCN1CCN(C)CC1)c1ccccc1S2,1.0,0.9993127584457397
bbbp,gnn,random,2,O=C(CCCN1CCC(O)(c2ccc(Cl)c(C(F)(F)F)c2)CC1)c1ccc(F)cc1,1.0,0.9985483288764954
bbbp,gnn,random,2,CCCC1O[C@@H]2C[C@H]3[C@@H]4CCC5=CC(=O)C=C[C@]5(C)[C@H]4[C@@H](O)C[C@]3(C)[C@]2(C(=O)CO)O1,1.0,0.3711998164653778
bbbp,gnn,random,2,COc1ccc2c(c1)N(CCCN(C)C)c1ccccc1S2,1.0,0.9983482360839844
bbbp,gnn,random,2,COCCN1CC[C@]23c4c5ccc(O)c4O[C@H]2C(=O)CC[C@@]3(O)[C@H]1C5,1.0,0.9974873065948486
bbbp,gnn,random,2,CC1(C)OC(=O)NC1=O,1.0,0.9996715784072876
bbbp,gnn,random,2,CCCNC(=O)N1CC(c2ccccc2)OC1=O,1.0,0.9998072981834412
bbbp,gnn,random,2,Cc1ncc2n1-c1ccc(Cl)cc1C(c1ccccc1F)=NC2O,1.0,0.9870291948318481
bbbp,gnn,random,2,CC(Cc1ccccc1)N(C)Cc1ccco1,1.0,0.8079603314399719
bbbp,gnn,random,2,CN(C)C(=O)C(CCN1CCC(O)(c2ccc(Cl)cc2)CC1)(c1ccccc1)c1ccccc1,1.0,0.9963580965995789
bbbp,gnn,random,2,NC(N)=N/N=C/c1c(Cl)cccc1Cl,0.0,0.6210600137710571
bbbp,gnn,random,2,C#CCN1C(=O)CN=C(c2ccccc2)c2cc(Cl)ccc21,1.0,0.9992332458496094
bbbp,gnn,random,2,Clc1ccccc1C1=NCc2nnc(C3CCCCC3)n2-c2sc(Br)cc21,1.0,0.9964912533760071
bbbp,gnn,random,2,O=C1CN2C(=O)CCC2N1,1.0,0.9803589582443237
bbbp,gnn,random,2,CC1C2Cc3ccc(O)cc3C1(C)CCN2CCc1ccccc1,1.0,0.9998323917388916
bbbp,gnn,random,2,COc1cc([C@@H]2c3cc4c(cc3[C@@H](O[C@@H]3O[C@@H]5CO[C@@H](C)O[C@H]5[C@H](O)[C@H]3O)C3COC(=O)[C@@H]32)OCO4)cc(OC)c1O,0.0,0.5151549577713013
bbbp,gnn,random,2,C=CCC(CC)(CC)C(N)=O,1.0,0.999972939491272
bbbp,gnn,random,2,CNc1nc(Cl)c(SC)c(N2CCN(C)CC2)n1,1.0,0.9889329671859741
bbbp,gnn,random,2,CO/N=C(\C(=O)N[C@@H]1C(=O)N2C(C(=O)O)=C(Cn3nnc(C)n3)CS[C@H]12)c1csc(N)n1,0.0,0.44690951704978943
bbbp,gnn,random,2,CS(=O)(=O)OCCCCOS(C)(=O)=O,1.0,0.9947138428688049
bbbp,gnn,random,2,CN(C)CCON=C1c2ccccc2CCc2ccccc21,1.0,0.9996459484100342
bbbp,gnn,random,2,C[C@@H]1C[C@H]2[C@@H]3CCC4=CC(=O)C=C[C@]4(C)[C@@]3(Cl)[C@@H](O)C[C@]2(C)[C@@]1(O)C(=O)CCl,1.0,0.6799540519714355
bbbp,gnn,random,2,CN[C@@H]1[C@H](O[C@H]2[C@H](O[C@H]3[C@H](O)[C@@H](O)[C@H](N=C(N)N)[C@@H](O)[C@@H]3N=C(N)N)O[C@@H](C)[C@]2(O)C=O)O[C@@H](CO)[C@H](O)[C@H]1O,0.0,0.03261341527104378
bbbp,gnn,random,2,O=C1CC[C@@]2(O)[C@H]3Cc4ccc(O)c5c4[C@@]2(CCN3CC2CC2)[C@H]1O5,1.0,0.9994244575500488
bbbp,gnn,random,2,CC(C)C(CCCCCC(=O)O)NCc1ccc(F)cc1,1.0,0.6508232951164246
bbbp,gnn,random,2,CC(=O)O[C@H]1C(=O)[C@@]2(C)C([C@H](OC(=O)c3ccccc3)[C@]3(O)C[C@H](OC(=O)[C@H](O)[C@@H](NC(=O)c4ccccc4)c4ccccc4)C(C)=C1C3(C)C)[C@]1(OC(C)=O)CO[C@@H]1C[C@@H]2O,0.0,0.533380389213562
bbbp,gnn,random,2,CC(=O)OCC(=O)[C@@]1(O)CCC2C3CCC4=CC(=O)C=CC4(C)[C@@]3(Cl)C(Cl)CC21C,1.0,0.9999191761016846
bbbp,gnn,random,2,C=C[C@H]1CN2CC[C@@H]1C[C@H]2[C@H](O)c1ccnc2ccc(OC)cc12,0.0,0.9781957864761353
bbbp,gnn,random,2,C/C(=C1/CCOC(=O)S1)N(C=O)Cc1cnc(C)nc1N,1.0,0.9990085959434509
bbbp,gnn,random,2,CN(C(=O)C(c1ccccc1)c1ccccc1)[C@H](CN1CC[C@H](O)C1)c1ccccc1,1.0,0.3258238732814789
bbbp,gnn,random,2,O=C(Nc1ccc(O)cc1)C(Cl)(Cl)Cl,1.0,0.8854192495346069
bbbp,gnn,random,2,O=C(NCCN1CCN(c2ncccn2)CC1)C12CC3CC(CC(C3)C1)C2,1.0,0.9824396371841431
bbbp,gnn,random,2,CC(=O)OCC(=O)[C@H]1[C@H](C)C[C@H]2[C@@H]3C[C@H](F)C4=CC(=O)C=C[C@]4(C)C3(Cl)[C@@H](O)C[C@@]21C,1.0,0.9778276085853577
bbbp,gnn,random,2,CO/N=C(\C(=O)N[C@@H]1C(=O)N2C(C(=O)O)=C(/C=C/Sc3n[nH]c(=O)c(=O)n3CC=O)CS[C@H]12)c1csc(N)n1,0.0,0.46818849444389343
bbbp,gnn,random,2,C[C@]1(Cn2ccnn2)[C@H](C(=O)O)N2C(=O)C[C@H]2S1(=O)=O,0.0,0.2372550070285797
bbbp,gnn,random,2,OC1CCN(c2ccc(-c3ccccc3Cl)nn2)CC1,1.0,0.9640162587165833
bbbp,gnn,random,2,Cc1c(C)c2ccc(OCc3nnc(C(C)C)s3)cc2oc1=O,1.0,0.28538867831230164
bbbp,gnn,random,2,O=C(Cc1ccc(Cl)c(Cl)c1)N1CCc2occc2[C@H]1CN1CC[C@@H](O)C1,1.0,0.23072299361228943
bbbp,gnn,random,2,C#CC1(OCC(O)CN2CCN(c3ccc(F)cc3)CC2)CCCCC1,1.0,0.8914421796798706
bbbp,gnn,random,2,CN1CCN(c2ncc(-c3cc(Cl)cc(Cl)c3Cl)c(N)n2)CC1,1.0,0.9812251925468445
bbbp,gnn,random,2,C[N+](C)(C)CCO,1.0,0.025038551539182663
bbbp,gnn,random,2,CC(C)NCC(O)COc1cccc2ccccc12,0.0,0.8853137493133545
bbbp,gnn,random,2,O=C(O)c1cc(=O)c2ccccc2[nH]1,1.0,0.2440774142742157
bbbp,gnn,random,2,CC(N)C(=O)OC(C)(C)Cc1ccc(Cl)cc1,1.0,0.9647671580314636
bbbp,gnn,random,2,C[C@H](N)C(=O)c1ccccc1,1.0,0.9046892523765564
bbbp,gnn,random,2,CCN(CC)c1ccc(NC(=O)c2ccccc2N)c(C)c1,1.0,0.9642797708511353
bbbp,gnn,random,2,Cc1csc2ccc3[nH]c4c(c3c12)CN(C)CC4,1.0,0.9999585151672363
bbbp,gnn,random,2,C[C@H](O)C1C(=O)N2C(C(=O)O)=C(S[C@@H]3CN[C@H](C(=O)N(C)C)C3)[C@H](C)C12.O.O.O,0.0,0.005095489323139191
bbbp,gnn,random,2,CC(Cc1ccccc1)NCCC1c2ccccc2Sc2ccccc21,1.0,0.9852339625358582
bbbp,gnn,random,2,CN(C)CCC(c1ccccc1)C1CCCCC1,1.0,0.9989961981773376
bbbp,gnn,random,2,CC(=O)OCC/C(SC(C)=O)=C(/C)N(C=O)Cc1cnc(C)nc1N,1.0,0.9994908571243286
bbbp,gnn,random,2,CCC1(CC)C(=O)NC=C(C)C1=O,1.0,0.9944581985473633
bbbp,gnn,random,2,C[C@@H](O)[C@H]1C(=O)N2C(C(=O)O)=C([C@H]3CCCO3)S[C@H]12,0.0,0.18774640560150146
bbbp,gnn,random,2,CN1CCN(CC/C=C2\c3ccccc3Sc3ccc(S(=O)(=O)N(C)C)cc32)CC1,1.0,0.9957593083381653
bbbp,gnn,random,2,CCCC(=O)O[C@]1(C(=O)COC(C)=O)CC[C@H]2[C@@H]3C[C@H](C)C4=CC(=O)CC[C@]4(C)[C@H]3[C@@H](O)C[C@@]21C,1.0,0.7280341982841492
bbbp,gnn,random,2,CCN(CC)CCCC(C)Nc1ccnc2cc(Cl)ccc12,1.0,0.9878507256507874
bbbp,gnn,random,2,CCCC(C)C1(CC)C(=O)NC(=O)NC1=O,1.0,0.9543744921684265
bbbp,gnn,random,2,CN(C)CCN(Cc1cccs1)c1ccccn1,1.0,0.7586634159088135
bbbp,gnn,random,2,O=C1CN=C(c2ccccc2)c2cc(Cl)ccc2N1CC(F)(F)F,1.0,0.9998552799224854
bbbp,gnn,random,2,CN1/C(=C(\O)Nc2ccccn2)C(=O)c2sccc2S1(=O)=O,0.0,0.14070653915405273
bbbp,gnn,random,2,C[C@]12CC[C@H]3[C@@H](CCC4=CC(=O)CC[C@@H]43)[C@@H]1CC[C@@H]2O,0.0,0.035490576177835464
bbbp,gnn,random,2,CNNCc1ccc(C(=O)NC(C)C)cc1,1.0,0.6782676577568054
bbbp,gnn,random,2,c1ccc2c(c1)CCN1CCNCC21,1.0,0.9999376535415649
bbbp,gnn,random,2,C=CC[C@@H]1/C=C(\C)C[C@H](C)C[C@H](OC)[C@H]2O[C@@](O)(C(=O)C(=O)N3CCCC[C@H]3C(=O)O[C@H](/C(C)=C/[C@@H]3CC[C@@H](O)[C@H](OC)C3)[C@H](C)[C@@H](O)CC1=O)[C@H](C)C[C@@H]2OC,0.0,0.0008056287188082933
bbbp,gnn,random,2,CC12CCC(CC1=O)C2(C)C,1.0,0.9999847412109375
bbbp,gnn,random,2,Cc1nnc2n1-c1ccc(Cl)cc1C(c1ccccc1Cl)=NC2,1.0,0.9966869950294495
bbbp,gnn,random,2,CCNC1=Nc2ccc(Cl)cc2C(C)(c2ccccc2)O1.[Cl-].[H+],1.0,0.999944806098938
bbbp,gnn,random,2,NC(=O)c1ccc(F)c2c1C[C@@H](N(C1CCC1)C1CCC1)CO2,1.0,0.9998083710670471
bbbp,gnn,random,2,O=c1ncnc2[nH][nH]cc1-2,0.0,0.703538179397583
bbbp,gnn,random,2,CCC[C@@H]1C[C@@H](C(=O)NC(C(C)Cl)[C@H]2O[C@H](SC)[C@H](O)[C@@H](O)[C@H]2O)N(C)C1,0.0,0.06915660202503204
bbbp,gnn,random,2,CO/N=C(\C(=O)N[C@@H]1C(=O)N2C(C(=O)O)=C(CSc3nnnn3C)CS[C@H]12)c1csc(N)n1,0.0,0.4409884214401245
bbbp,gnn,random,2,CCC12CCN(CC3CCC3)C(Cc3ccc(O)cc31)C2(C)C,1.0,0.9999881982803345
bbbp,gnn,random,2,c1ccc(NCCCOc2cccc(CN3CCCCC3)c2)nc1,1.0,0.9606011509895325
bbbp,gnn,random,2,COc1cc2c(cc1OC)S(=O)(=O)OC(C(=O)NC(C)CC(C)(C)N(C)C)C2,1.0,0.7797501087188721
bbbp,gnn,random,2,COc1ccc(C(O)CN2CCN(C(c3ccccc3)c3ccccc3)CC2)cc1OC,1.0,0.8740242123603821
bbbp,gnn,random,2,CN(C)CCCN1c2ccccc2Sc2cccnc21,1.0,0.9990392923355103
bbbp,gnn,random,2,O=C(CCCN1CCN(c2ccccn2)CC1)c1ccc(F)cc1,1.0,0.989729642868042
bbbp,gnn,random,2,CN(C)CCCN1c2ccccc2Sc2ccc(Cl)cc21,1.0,0.9995111227035522
bbbp,gnn,random,2,CC1=C[C@@H]2[C@H]([C@@H](O)C[C@@]3(C)[C@H]2C[C@@H](C)[C@]3(O)C(=O)COC(=O)c2cccc(S(=O)(=O)O)c2)[C@@]2(C)Cc3cnn(-c4ccccc4)c3C=C12,1.0,0.5209038853645325
bbbp,gnn,random,2,C[C@@H]1C[C@H]2[C@@H]3C[C@H](F)C4=CC(=O)C=C[C@]4(C)[C@H]3[C@@H](O)C[C@]2(C)[C@H]1C(=O)CO,1.0,0.6334183812141418
bbbp,gnn,random,2,CC(=O)[C@H]1CC[C@H]2[C@@H]3C[C@H](C)C4=CC(=O)CC[C@]4(C)[C@H]3[C@@H](O)C[C@]12C,1.0,0.4120109975337982
bbbp,gnn,random,2,CN1C(=O)CN=C(c2ccccc2F)c2cc([N+](=O)[O-])ccc21,1.0,0.9993243217468262
bbbp,gnn,random,2,CC(CN(C)C)CN1c2ccccc2Sc2ccc(C(F)(F)F)cc21,1.0,0.9991500377655029
bbbp,gnn,random,2,CCC(=O)Nc1ccc(O)cc1,1.0,0.8405570387840271
bbbp,gnn,random,2,CN(C(=O)CNC1CC1)c1ccc(Cl)cc1C(=O)c1ccccc1Cl,1.0,0.9783558249473572
bbbp,gnn,random,2,CCNC1=NC(=O)C(c2ccccc2)O1,1.0,0.9986496567726135
bbbp,gnn,random,2,CC(CN(C)C)CN1c2ccccc2S(=O)(=O)c2ccccc21,1.0,0.8930414319038391
bbbp,gnn,random,2,CC(Cc1ccccc1)[N+](C)([O-])Cc1ccccc1,1.0,0.14003801345825195
bbbp,gnn,random,2,C[N+](C)([O-])CCC=C1c2ccccc2CCc2ccccc21,1.0,0.9547438621520996
bbbp,gnn,random,2,C[C@H]1C[C@@H]2[C@H]([C@@H](O)C[C@@]3(C)[C@H]2CC[C@]3(O)C(=O)CO)[C@@]2(C)C=CC(=O)C=C12,0.0,0.43714216351509094
bbbp,gnn,random,2,O=C(Oc1ccccc1C(=O)O)c1ccccc1O,1.0,0.16542646288871765
bbbp,gnn,random,2,CCC12CCN(CC3CC3)C(Cc3ccc(O)cc31)C2(C)C,1.0,0.9999892711639404
bbbp,gnn,random,2,O=S(=O)(c1ccc2cc[nH]c2c1)N1CCCC1CCN1CCC(Oc2cccc(Cl)c2)CC1,1.0,0.9705424308776855
bbbp,gnn,random,2,NC1CONC1=O,1.0,0.9667245149612427
bbbp,gnn,random,2,OCCN(CCO)c1nc(N2CCCCC2)c2nc(N(CCO)CCO)nc(N3CCCCC3)c2n1,0.0,0.32644614577293396
bbbp,gnn,random,2,C[C@@H]1CC2C3C[C@H](F)C4=CC(=O)C=CC4(C)[C@@]3(F)C(O)CC2(C)C1C(=O)CO,1.0,0.9993212223052979
bbbp,gnn,random,2,CCCC(CC)C1(CC)C(=O)NC(=S)NC1=O,1.0,0.963386595249176
bbbp,gnn,random,2,O=C1NC(=O)[C@@]2(CCN(C(=O)Cc3ccc(Cl)c(Cl)c3)[C@@H](CN3CCCC3)C2)N1,0.0,0.7547683715820312
bbbp,gnn,random,2,CC(C)Cc1ccc(C(C)C(=O)O)cc1,0.0,0.3073679208755493
bbbp,gnn,random,2,COCCCC/C(=N\OCCN)c1ccc(Cl)cc1,1.0,0.8740867376327515
bbbp,gnn,random,2,CCOC(=O)N1CCC(=C2c3ccc(Cl)cc3CCc3cccnc32)CC1,0.0,0.9999668598175049
bbbp,gnn,random,2,CNC(C)C1CCC(N)C(OC2C(N)CC(N)C(OC3OCC(C)(O)C(NC)C3O)C2O)O1,0.0,0.0003627404512371868
bbbp,gnn,random,2,CCC1(CC)C(=O)NC(=O)NC1=O,1.0,0.9856249690055847
bbbp,gnn,random,2,O=C1NC(=O)C2(CCc3ccccc3C2)N1,1.0,0.9997199177742004
bbbp,gnn,random,2,CN(C)N/N=C1/N=CN=C1C(N)=O,1.0,0.9657971858978271
bbbp,gnn,random,2,O.c1cncc(CC2(Cc3ccncc3)c3cccnc3-c3ncccc32)c1,1.0,0.990520715713501
bbbp,gnn,random,2,CN(CCCN1c2ccccc2CCc2ccccc21)CC(=O)c1ccc(Cl)cc1.[Cl-].[H+],1.0,0.9997184872627258
bbbp,gnn,random,2,C[C@]12CCC(=O)C=C1CC[C@@H]1[C@@H]2[C@@H](O)C[C@@]2(C)[C@H]1CC[C@]2(O)C(=O)CS,1.0,0.09079856425523758
bbbp,gnn,random,2,C/C(=C/CCN1CCC2(CC1)C(=O)NCN2c1ccccc1)c1ccc(F)cc1,1.0,0.9998781681060791
bbbp,gnn,random,2,CN1CCCCC1CCN1c2ccccc2Sc2ccc(S(C)=O)cc21,1.0,0.9993892908096313
bbbp,gnn,random,2,CCN(CC)C(=S)SSC(=S)N(CC)CC,1.0,0.9983096122741699
bbbp,gnn,random,2,CC(CN1CCOCC1)C(C(=O)N1CCCC1)(c1ccccc1)c1ccccc1,1.0,0.9755960702896118
bbbp,gnn,random,2,COc1ccc2c(c1OC)C(=O)O[C@@H]2[C@H]1c2c(cc3c(c2OC)OCO3)CCN1C,1.0,0.985373854637146
bbbp,gnn,random,2,CN(C)CCCN1c2ccccc2C(c2ccccc2)=Nc2cccnc21,1.0,0.9989388585090637
bbbp,gnn,random,2,CCCCc1oc2ccccc2c1C(=O)c1cc(I)c(OCCN(CC)CC)c(I)c1,0.0,0.6753928661346436
bbbp,gnn,random,2,CN(C)CCOC1=Cc2ccccc2Sc2ccc(Cl)cc21,1.0,0.9989277720451355
bbbp,gnn,random,2,CC(=O)Nc1c(I)c(NC(C)=O)c(I)c(C(=O)[O-])c1I.[Na+],0.0,0.8386197686195374
bbbp,gnn,random,2,O=C(O)CNC(=O)c1ccccc1O,1.0,0.5378183722496033
bbbp,gnn,random,2,CN1CCOC(c2ccccc2)c2ccccc2C1,1.0,0.9999786615371704
bbbp,gnn,random,2,CCc1cc2c(s1)-n1c(C)nnc1CN=C2c1ccccc1Cl,1.0,0.9976872205734253
bbbp,gnn,random,2,CN1C[C@@H]2c3cc(Cl)ccc3Oc3ccccc3[C@@H]2C1,1.0,0.9997770190238953
bbbp,gnn,random,2,CC(C)C1(C(C)C)OCC(CO)O1,1.0,0.9492672085762024
bbbp,gnn,random,2,CC(C)c1cccc(C(C)C)c1O,1.0,0.8329576253890991
bbbp,gnn,random,2,O=NN(CCCl)C(=O)NCCCl,1.0,0.9842092990875244
bbbp,gnn,random,2,CN1CCC[C@H]1c1cccnc1,1.0,0.9980717897415161
bbbp,gnn,random,2,CCC(=O)O[C@]1(C(=O)COC(C)=O)CC[C@H]2[C@@H]3C[C@H](C)C4=CC(=O)C=C[C@]4(C)[C@H]3[C@@H](O)C[C@@]21C,1.0,0.7985407710075378
bbbp,gnn,random,2,CC(CC#N)N(C)CC(=O)N(C)c1ccc(Cl)cc1C(=O)c1ccccc1F,1.0,0.9355976581573486
bbbp,gnn,random,2,C1CCc2nnnn2CC1,1.0,0.9954556226730347
bbbp,gnn,random,2,O=C1CN=C(c2ccccc2Cl)c2cc([N+](=O)[O-])ccc2N1,1.0,0.9960131645202637
bbbp,gnn,random,2,Nc1ncc2ncn(COCCO)c2n1,1.0,0.6477009057998657
bbbp,gnn,random,2,COc1ccc(Cc2nccc3cc(OC)c(OC)cc23)cc1OC,0.0,0.9664084315299988
bbbp,gnn,random,2,CCCCNC(=O)NS(=O)(=O)c1ccc(C)cc1,0.0,0.6900389790534973
bbbp,gnn,random,2,CCCCCCCCCCOc1c(OC)cc(C(N)=O)cc1OC,1.0,0.9987264275550842
bbbp,gnn,random,2,C=CCC1(CC(C)C)C(=O)NC(=O)NC1=O,1.0,0.9991796612739563
bbbp,gnn,random,2,CC(NNC(=O)c1ccccc1)c1ccccc1,1.0,0.7725009322166443
bbbp,gnn,random,2,CCCCCCC(C)(C)c1cc(O)c2c(c1)OC(C)(C)[C@@H]1CCC(=O)C[C@@H]21,1.0,0.9723827838897705
bbbp,gnn,random,2,CS(=O)(=O)O.Oc1ccc2[nH]cc(CCCCN3CC=C(c4ccccc4)CC3)c2c1,1.0,0.9469459652900696
bbbp,gnn,random,2,Cc1cccc(O[C@H]2CCNC[C@H]2O)c1C,1.0,0.906640887260437
bbbp,gnn,random,2,C=NC(C(=O)NC1C(=O)N2C1SC(C)(C)C2C(=O)O)c1ccccc1,0.0,0.045128513127565384
bbbp,gnn,random,2,CCOC(=O)C(C)(C)Oc1ccc(Cl)cc1,0.0,0.9779376983642578
bbbp,gnn,random,2,CCN(CC)CC(=O)OCC(=O)[C@@]1(O)CC[C@H]2[C@@H]3CCC4=CC(=O)CC[C@]4(C)[C@H]3[C@@H](O)C[C@@]21C,1.0,0.6576969027519226
bbbp,gnn,random,2,C[NH+]O.Cc1oc(C(C)(C)N(C(C)(C)N)C(C)(C)N)c(C)c1C.[OH-],1.0,0.47606444358825684
bbbp,gnn,random,2,CN(C)CC1COC2(O1)c1ccccc1COc1ccccc12,1.0,0.999997615814209
bbbp,gnn,random,2,Cc1cccc(C)c1OCC(C)N,1.0,0.985680103302002
bbbp,gnn,random,2,O=C(O)CC(O)(CC(=O)O)C(=O)O.O=C1[C@@H]2[C@H]3CC[C@H](C3)[C@@H]2C(=O)N1CCCCN1CCN(c2ncccn2)CC1,1.0,0.2575591206550598
bbbp,gnn,random,2,CCCCC/C(=N/OCCN)c1ccc(C)c(N)c1,1.0,0.9728962182998657
bbbp,gnn,random,2,C[C@]12CCC(=O)C=C1CC[C@@H]1[C@@H]2[C@@H](O)C[C@@]2(C)[C@H]1CC[C@]2(O)C(=O)COC(=O)CCC(=O)O.O,1.0,0.18450094759464264
bbbp,gnn,random,2,O=C1c2ccccc2S(=O)(=O)N1CCCCN1CCN(c2ncccn2)CC1.[Cl-].[H+],1.0,0.9875230193138123
bbbp,gnn,random,2,CN1CCN=C(c2ccccc2)c2cc(Cl)ccc21,1.0,0.9998224377632141
bbbp,gnn,random,2,NCC1OC(OC2C(N)CC(N)C(OC3OC(CO)C(O)C(N)C3O)C2O)C(N)C(O)C1O,0.0,0.0001400825713062659
bbbp,gnn,random,2,FC(F)(F)c1cccc(C2=CCN(CCc3ccc4ccccc4c3)CC2)c1,1.0,0.9997138381004333
bbbp,gnn,random,2,CN(C)CCc1c[nH]c2cccc(OP(=O)(O)O)c12,1.0,0.888967752456665
bbbp,gnn,random,2,OC(c1ccccc1)(c1ccccc1)C1CCNCC1,1.0,0.9676326513290405
bbbp,gnn,random,2,COCCCC/C(=N\OCCN)c1ccc(C(F)(F)F)cc1.O=C(O)/C=C\C(=O)O,1.0,0.9916079044342041
bbbp,gnn,random,2,NNC(=O)CP(=O)(c1ccccc1)c1ccccc1,1.0,0.6338393688201904
bbbp,gnn,random,2,C[N+](C)([O-])CCCN1c2ccccc2CCc2ccccc21,1.0,0.897864818572998
bbbp,gnn,random,2,CNCCc1ccccn1,1.0,0.948803186416626
bbbp,gnn,random,2,Cc1nnc(SCC2=C(C(=O)O)N3C(=O)[C@@H](NC(=O)C(N)c4ccc(O)cc4)[C@H]3SC2)s1,0.0,0.041919298470020294
bbbp,gnn,random,2,CC(C)[C@H](NC(=O)[C@H](Cc1ccccc1)NC(=O)CNC(=O)[C@@H](C)NC(=O)[C@@H](N)Cc1ccc(O)cc1)C(N)=O,0.0,0.5725055932998657
bbbp,gnn,random,2,CNCCCC12CCC(c3ccccc31)c1ccccc12,1.0,0.9999982118606567
bbbp,gnn,random,2,Clc1ccc(COC(Cn2ccnc2)c2ccc(Cl)cc2Cl)cc1,0.0,0.17556430399417877
bbbp,gnn,random,2,CC(=O)CC(c1ccccc1)c1c(O)oc2ccccc2c1=O,0.0,0.33080190420150757
bbbp,gnn,random,2,CCCN(c1ccncc1)n1ccc2ccccc21.[Cl-].[H+],1.0,0.9709773063659668
bbbp,gnn,random,2,CN(C)Cc1ccc(-c2cccc(NC3N=CC=C3[N+](=O)[O-])c2)o1,1.0,0.9313653111457825
bbbp,gnn,random,2,CCCSc1ccccc1N1CCN(CCCCn2c(=O)[nH]c3ccccc3c2=O)CC1,1.0,0.9877110123634338
bbbp,gnn,random,2,NNCCc1ccccc1.[Cl],1.0,0.784224271774292
bbbp,gnn,random,2,CCCOC(=O)N1CCN(C(=O)Cc2ccc(Cl)c(Cl)c2)[C@@H](CN2CCCC2)C1,1.0,0.9762409329414368
bbbp,gnn,random,2,COc1cc(N)c(Cl)cc1C(=O)NC1CCN(Cc2ccccc2)CC1,1.0,0.9910436868667603
bbbp,gnn,random,2,CCCOC(=O)c1cncn1C(C)c1ccccc1,1.0,0.9732614755630493
bbbp,gnn,random,2,COc1cc(C(=O)/C=C/N2CC=CC2)cc(OC)c1OC,1.0,0.9998562335968018
bbbp,gnn,random,2,CON=C(C#N)C1CN2CCC1CC2,1.0,0.8884959816932678
bbbp,gnn,random,2,S=C(NC1CCCCC1)N1CCC(c2c[nH]cn2)CC1,1.0,0.9723764657974243
bbbp,gnn,random,2,Nc1nc(=O)c2c([nH]1)NCC(CNc1ccc(C(=O)N[C@@H](CCC(=O)[O-])C(=O)[O-])cc1)N2C=O.[Ca+2],1.0,0.7058815360069275
bbbp,gnn,random,2,CCC1(C)CC(=O)NC(=O)C1,1.0,0.9994714856147766
bbbp,gnn,random,2,CCC1(C2=CCCCC2)C(=O)NC(=O)NC1=O,1.0,0.9978834986686707
bbbp,gnn,random,2,CC12CC3CC(C)(C1)CC(N)(C3)C2,1.0,0.9998094439506531
bbbp,gnn,random,2,CCOC(OCC)C(=O)OCC(=O)C1(O)Cc2c(O)c3c(c(O)c2C(OC2CC(N)C(O)C(C)O2)C1)C(=O)c1c(OC)cccc1C3=O,0.0,0.004070906899869442
bbbp,gnn,random,2,O=C([O-])c1ccccc1Oc1ccccc1,1.0,0.6447610259056091
bbbp,gnn,random,2,CC1OC2(CCCCC2Oc2cccc(Cl)c2)NC1=O,1.0,0.9997592568397522
bbbp,gnn,random,2,CN(C)CCCN1c2ccccc2C=Cc2ccccc21,1.0,0.9996127486228943
bbbp,gnn,random,2,COC(=O)C1=CCCN(C)C1,1.0,0.9983672499656677
bbbp,gnn,random,2,CCCCCCCNC(=O)Oc1ccc2c(c1)[C@]1(C)CCN(C)[C@@H]1N2C,1.0,0.9995255470275879
bbbp,gnn,random,2,CC1=NN(c2ccccc2)C(=O)C1,1.0,0.9985645413398743
bbbp,gnn,random,2,O=C(CCCl)NCCc1ccccc1,1.0,0.9859259724617004
bbbp,gnn,random,2,CCN(CC)CCNC(=O)COc1ccc(Cl)cc1,1.0,0.9785127639770508
bbbp,gnn,random,2,C[N+]12CCC(CC1)C(OC(=O)C(O)(c1ccccc1)c1ccccc1)C2.[Br-],0.0,0.15144436061382294
bbbp,gnn,random,2,CCNCC(O)c1cccc(O)c1,0.0,0.1545601785182953
bbbp,gnn,random,2,CC1(C)S[C@@H]2[C@H](NC(=O)[C@H](C(=O)[O-])c3ccsc3)C(=O)N2[C@H]1C(=O)[O-].[Na+].[Na+],1.0,0.006187082268297672
bbbp,gnn,random,2,CNCCC(Oc1cccc2ccccc12)c1cccs1,1.0,0.9610662460327148
bbbp,gnn,random,2,CN1CCN(CCCN2c3ccccc3Sc3ccc(Cl)cc32)CC1,1.0,0.9998437166213989
bbbp,gnn,random,2,C[C@]12C=C(Br)C(=O)C=C1[C@H](F)C[C@H]1[C@@H]3CCC(O)(C(=O)CO)[C@@]3(C)C[C@H](O)C12F,1.0,0.8513010144233704
bbbp,gnn,random,2,CCN1CCC(=C(c2ccccc2)c2ccccc2)C1.[Cl-].[H+],1.0,0.9999817609786987
bbbp,gnn,random,2,COCCc1ccc(OCC(O)CNC(C)C)cc1,1.0,0.0577436164021492
bbbp,gnn,random,2,O=c1nc[nH]c2c1ncn2[C@H]1CC[C@@H](CO)O1,0.0,0.6414783000946045
bbbp,gnn,random,2,Cc1[nH]ccc2c1[nH]c1cc(=O)ccc12,1.0,0.9856533408164978
bbbp,gnn,random,2,CN1CC[C@@]2(C)c3cc(OC(=O)Nc4ccccc4)ccc3N(C)[C@@H]12,1.0,0.9964686632156372
bbbp,gnn,random,2,CO[C@@H]1[C@@H](OC(N)=O)[C@@H](O)[C@H](Oc2ccc3c(=O)c(NC(=O)c4ccc(O)c(CC=C(C)C)c4)c(O)oc3c2C)OC1(C)C,0.0,0.37966036796569824
bbbp,gnn,random,2,C=CCC1(C(C)CCC)C(=O)NC(=O)NC1=O,1.0,0.9986843466758728
bbbp,baseline,scaffold,0,Cn1nnnc1SCC1=C(C(=O)O)N2C(=O)[C@@H](NC(=O)[C@H](O)c3ccccc3)[C@H]2SC1,1.0,0.6752664188841198
bbbp,baseline,scaffold,0,O=C(O)C1=C(CSc2nnnn2CS(=O)(=O)O)CS[C@@H]2[C@H](NC(=O)C(O)c3ccccc3)C(=O)N12,0.0,0.6698638319067732
bbbp,baseline,scaffold,0,NCc1ccccc1CC(=O)N[C@@H]1C(=O)N2C(C(=O)O)=C(CSc3nnnn3CC(=O)O)CS[C@H]12,0.0,0.6698638319067732
bbbp,baseline,scaffold,0,C[N+](C)([O-])CC/C=C1/c2ccccc2C=Cc2c(Cl)cccc21,1.0,0.7868680271425069
bbbp,baseline,scaffold,0,CN(C)CCC=C1c2ccccc2C=Cc2ccccc21,1.0,0.789097208156365
bbbp,baseline,scaffold,0,CN(C)CC#CC=C1c2ccccc2C=Cc2ccccc21,1.0,0.7898578650425813
bbbp,baseline,scaffold,0,Nc1ccc(N=Nc2ccccc2)c(N)n1,0.0,0.7805447039405117
bbbp,baseline,scaffold,0,N[C@@H](C(=O)NC1C(=O)N2C(C(=O)O)=C(Cl)CCC12)c1ccccc1.O,0.0,0.6752664188841198
bbbp,baseline,scaffold,0,COC(=O)[C@@]1(O)CC[C@H]2C3CCC(=O)C4C(=O)C=CC4(C)[C@H]3C(O)CC21C,1.0,0.761926259596459
bbbp,baseline,scaffold,0,O=C1CCC(N2C(=O)C3C4CCC(C4)C3C2=O)C(=O)N1,1.0,0.7692424993082408
bbbp,baseline,scaffold,0,CC(=O)Nc1nnc(S(N)(=O)=O)s1,1.0,0.7195368140126756
bbbp,baseline,scaffold,0,CC(=O)OCC1=C(C(=O)O)N2C(=O)[C@@H](NC(=O)c3c(-c4ccccc4Cl)noc3C)[C@H]2SC1,0.0,0.6700246916445335
bbbp,baseline,scaffold,0,CC(C)(C)[C@]1(O)CCN2C[C@H]3c4ccccc4CCc4cccc(c43)[C@@H]2C1.[Cl-].[H+],1.0,0.7880067027879595
bbbp,baseline,scaffold,0,CC(C)[C@@]1(O)CCN2C[C@@H]3c4ccccc4CCc4cccc(c43)[C@H]2C1,1.0,0.7880067027879595
bbbp,baseline,scaffold,0,c1ccc2c(c1)CCc1cccc3c1C2CN1CCCCC31,1.0,0.7891604555871732
bbbp,baseline,scaffold,0,CCN(CC)c1nc2c(s1)c1c(O)c3c(O)c(C)c4c(c32)C(=O)[C@@](C)(O/C=C/[C@H](OC)[C@@H](C)[C@@H](OC(C)=O)[C@H](C)[C@H](O)[C@H](C)[C@@H](O)[C@@H](C)/C=C/C=C(/C)C(=O)N1)O4,0.0,0.6862405755344697
bbbp,baseline,scaffold,0,CC1CN(CCCn2c3ccccc3c3ccccc32)CC(C)N1,1.0,0.789338983242205
bbbp,baseline,scaffold,0,CCOC(=O)c1[nH]c2cc(OC)c(OC)cc2c1CCN1CCN(c2ccccc2)CC1,1.0,0.7901356492658038
bbbp,baseline,scaffold,0,COc1cc2[nH]c(C)c(CCN3CCN(c4ccccc4OC)CC3)c2cc1OC,1.0,0.789338983242205
bbbp,baseline,scaffold,0,COc1cc2[nH]c(C)c(CCN3CCN(c4ccccc4)CC3)c2cc1OC,1.0,0.789338983242205
bbbp,baseline,scaffold,0,C#C[C@]1(O)CC[C@H]2C3CCC4=Cc5c(cnn5-c5ccc(F)cc5)CC4(C)[C@H]3CCC21C,1.0,0.7492339323689503
bbbp,baseline,scaffold,0,CN(C)Cc1ccc(CSCCNC2N=CC=C2[N+](=O)[O-])o1,0.0,0.7724596060250934
bbbp,baseline,scaffold,0,O=C(c1ccco1)N(c1cnccn1)C1CCN(CCc2ccccc2)CC1,1.0,0.7630032898516617
bbbp,baseline,scaffold,0,CCC(=O)O[C@H]1[C@H](C)O[C@@H](O[C@@H]2C(C)C(=O)O[C@H](C)[C@H](C)[C@H](OC(=O)CC)[C@@H](C)C(=O)[C@]3(CO3)CC(C)[C@H](O[C@@H]3O[C@H](C)C[C@H](N(C)C)[C@H]3O)[C@H]2C)C[C@@H]1OC,0.0,0.7177640926938947
bbbp,baseline,scaffold,0,COC1CC(O[C@H]2[C@H](C)[C@@H](OC3OC(C)CC(N(C)C)C3O)[C@@H](C)C[C@]3(CO3)C(=O)[C@H](C)[C@@H](O)[C@@H](C)[C@@H](C)OC(=O)[C@@H]2C)OC(C)C1O,0.0,0.7001550277318144
bbbp,baseline,scaffold,0,CO[C@H]1C[C@H](O[C@H]2[C@H](C)[C@@H](O[C@@H]3O[C@H](C)C[C@H](N(C)C)[C@H]3OC(C)=O)[C@@H](C)C[C@@]3(CO3)C(=O)[C@H](C)[C@@H](OC(C)=O)[C@@H](C)[C@@H](C)OC(=O)[C@@H]2C)O[C@@H](C)[C@@H]1OC(C)=O,0.0,0.7177640926938947
bbbp,baseline,scaffold,0,CSc1ccc2c(c1)N(CCC1CCCCN1C)c1ccccc1S2,1.0,0.7817560865564421
bbbp,baseline,scaffold,0,CN1CCCCC1CCN1c2ccccc2Sc2ccc(S(C)(=O)=O)cc21,1.0,0.7817560865564421
bbbp,baseline,scaffold,0,CN1CCCCC1CCN1c2ccccc2Sc2ccc(S(C)=O)cc21,1.0,0.7817560865564421
bbbp,baseline,scaffold,0,COc1ccc2c(c1)N(CCC1CCCCN1C)c1ccccc1S2,1.0,0.7784200716015
bbbp,baseline,scaffold,0,CN(C)CCn1nnnc1SCC1=C(C(=O)O)N2C(=O)[C@@H](NC(=O)Cc3csc(N)n3)[C@H]2SC1,0.0,0.6752664188841198
bbbp,baseline,scaffold,0,CC(C)NC(=O)OC1CCN(CCCC(=O)c2ccc(F)cc2)CC1,1.0,0.7832787864243512
bbbp,baseline,scaffold,0,CC1CCN(CCCC(=O)c2ccc(F)cc2)CC1,1.0,0.7904874130553595
bbbp,baseline,scaffold,0,CN1C[C@H](C(=O)N[C@]2(C)O[C@@]3(O)[C@@H]4CCCN4C(=O)[C@H](Cc4ccccc4)N3C2=O)C[C@@H]2c3cccc4[nH]cc(c34)C[C@H]21,0.0,0.6950111262261002
bbbp,baseline,scaffold,0,c1ccc2c(c1)CCc1ccccc1N2C1CN2CCC1CC2,1.0,0.789338983242205
bbbp,baseline,scaffold,0,O=C(CN1CCC23CCCCC2C1Cc1ccc(O)cc13)c1ccccc1,1.0,0.7885393244515696
bbbp,baseline,scaffold,0,CN[C@@H]1[C@H](O[C@H]2[C@H](O[C@H]3[C@H](O)[C@@H](O)[C@H](N=C(N)N)[C@@H](O)[C@@H]3N=C(N)N)O[C@@H](C)[C@]2(O)C=O)O[C@@H](CO)[C@H](O)[C@H]1O,0.0,0.6732885739751404
bbbp,baseline,scaffold,0,CN[C@@H]1[C@H](O[C@H]2[C@H](O[C@@H]3[C@@H](O)[C@H](O)[C@@H](N=C(N)N)[C@H](O)[C@H]3N=C(N)N)O[C@@H](C)[C@]2(O)CO)O[C@@H](CO)[C@H](O)[C@H]1O,0.0,0.6732885739751404
bbbp,baseline,scaffold,0,CCNC(=NC#N)NCCSCc1ncccc1Br,0.0,0.778911593706154
bbbp,baseline,scaffold,0,CN(C)CCc1ccccn1,1.0,0.789097208156365
bbbp,baseline,scaffold,0,CNCCc1ccccn1,1.0,0.7881906301105555
bbbp,baseline,scaffold,0,CCc1cc(C(N)=S)ccn1,1.0,0.7869891305687579
bbbp,baseline,scaffold,0,NNC(=O)c1ccncc1,0.0,0.768118842035197
bbbp,baseline,scaffold,0,OCc1cccnc1,0.0,0.7881906301105555
bbbp,baseline,scaffold,0,CC(C)(C)NCC(O)c1ccc(O)c(CO)n1,0.0,0.7297994955327244
bbbp,baseline,scaffold,0,CCNCc1c(CSC)cnc(C)c1O,1.0,0.7779285156839411
bbbp,baseline,scaffold,0,NC(=O)c1cccnc1,1.0,0.7826455405577074
bbbp,baseline,scaffold,0,CCN(CC)C(=O)c1cccnc1,1.0,0.7869891305687579
bbbp,baseline,scaffold,0,CC(C)NNC(=O)c1ccncc1,1.0,0.7767275133405538
bbbp,baseline,scaffold,0,CCCN1CC(NS(=O)(=O)N(CC)CC)CC2Cc3c(O)cccc3CC21,1.0,0.7869086720189096
bbbp,baseline,scaffold,0,Cc1nn(C)c2c1N(c1ccccc1)C(=O)CC(=O)N2C,1.0,0.7847311115472545
bbbp,baseline,scaffold,0,Fc1ccccc1C1=NCC(=S)N(CC(F)(F)F)c2ccc(Cl)cc21,1.0,0.789338983242205
bbbp,baseline,scaffold,0,CN1C(=S)CN=C(c2ccccc2)c2cc(Cl)ccc21,1.0,0.7904874130553595
bbbp,baseline,scaffold,0,CO[C@@H]1[C@@H](O[C@@H]2O[C@H](C)[C@@H](O[C@H]3C[C@@](C)(O)[C@@H](OC(=O)CC(C)C)[C@H](C)O3)[C@H](N(C)C)[C@H]2O)[C@@H](CC=O)C[C@@H](C)[C@@H](O)/C=C/C=C/C[C@@H](C)OC(=O)C[C@H]1OC(C)=O,0.0,0.6750248184766046
bbbp,baseline,scaffold,0,CCC(=O)OC1CC(=O)OC(C)C/C=C/C=C\C(O)C(C)CC(CC=O)C(O[C@@H]2O[C@H](C)[C@@H](O[C@H]3C[C@@](C)(O)[C@H](OC(=O)CC)[C@@H](C)O3)[C@H](N(C)C)[C@H]2O)C1OC,0.0,0.6750248184766046
bbbp,baseline,scaffold,0,Clc1ccc(COC(Cn2ccnc2)c2ccc(Cl)cc2Cl)cc1,0.0,0.789338983242205
bbbp,baseline,scaffold,0,Clc1ccc(COC(Cn2ccnc2)c2ccc(Cl)cc2Cl)c(Cl)c1,0.0,0.7736148268839378
bbbp,baseline,scaffold,0,C[C@]12CCC(=O)C=C1CC[C@@H]1[C@@H]2C(=O)C[C@@]2(C)[C@H]1CC[C@]2(O)C(=O)CO,0.0,0.7411295788259824
bbbp,baseline,scaffold,0,CC(=O)OCC(=O)[C@@]1(O)CC[C@H]2[C@@H]3CCC4=CC(=O)CC[C@]4(C)[C@H]3C(=O)C[C@@]21C,1.0,0.776381083162971
bbbp,baseline,scaffold,0,CN1CCN(CC(=O)N2c3ccccc3C(=O)Nc3cccnc32)CC1,1.0,0.7824624632611491
bbbp,baseline,scaffold,0,CN1CCN(c2cc3c(nn2)Oc2ccccc2N3C)CC1,1.0,0.7904874130553595
bbbp,baseline,scaffold,0,Cc1ccnc2c1NC(=O)c1cccnc1N2C1CC1,1.0,0.7670592719615025
bbbp,baseline,scaffold,0,O=C(CCCN1CCC(C(=O)c2ccc(F)cc2)CC1)c1ccc(F)cc1,1.0,0.789338983242205
bbbp,baseline,scaffold,0,O=C(CCCN1CCC(C(=O)c2ccc(Cl)cc2)CC1)c1ccc(F)cc1,1.0,0.789338983242205
bbbp,baseline,scaffold,0,Cc1cccc(Cc2cnc[nH]2)c1C,1.0,0.7898578650425813
bbbp,baseline,scaffold,0,O=C1CN(O)C(c2ccccc2)=c2cc(Cl)ccc2=N1,1.0,0.7849860495875753
bbbp,baseline,scaffold,0,FC(F)(F)c1cccc(N2CCN(CCc3nnc4n3C[C@H]3CCC[C@@H]43)CC2)c1,1.0,0.789338983242205
bbbp,baseline,scaffold,0,O=c1c(O[C@@H]2O[C@H](CO)[C@@H](O)[C@H](O)[C@H]2O)c(-c2ccc(O)c(O)c2)oc2cc(O)cc(O)c12,0.0,0.6698638319067732
bbbp,baseline,scaffold,0,CNCCCC1(C)CN(c2ccccc2)c2ccccc21,1.0,0.7904874130553595
bbbp,baseline,scaffold,0,CC(C)CCC(=O)CC1c2ccccc2C(=O)N1c1ccc2ccc(Cl)nc2n1,1.0,0.7784883371633782
bbbp,baseline,scaffold,0,O=[N+]([O-])c1cc[nH]c1NCCSCc1ccccn1,1.0,0.769423008821616
bbbp,baseline,scaffold,0,Cc1cc(C(C)(C)SC(C)(C)CNc2[nH]ccc2[N+](=O)[O-])nc(C)c1C,1.0,0.7671699799769783
bbbp,baseline,scaffold,0,COc1ccccc1N1CCN(CCCC(=O)c2ccc(F)cc2)CC1,1.0,0.789338983242205
bbbp,baseline,scaffold,0,Cc1onc(-c2ccccc2Cl)c1C(=O)N[C@@H]1C(=O)N2[C@@H]1SC(C)(C)[C@@H]2C(=O)O,1.0,0.6784966256509373
bbbp,baseline,scaffold,0,Cc1onc(-c2ccccc2)c1C(=O)N[C@@H]1C(=O)N2[C@@H]1SC(C)(C)[C@@H]2C(=O)O,0.0,0.6784966256509373
bbbp,baseline,scaffold,0,Cc1onc(-c2c(F)cccc2Cl)c1C(=O)N[C@@H]1C(=O)N2[C@@H]1SC(C)(C)[C@@H]2C(=O)O,0.0,0.6784966256509373
bbbp,baseline,scaffold,0,Cc1onc(-c2c(Cl)cccc2Cl)c1C(=O)N[C@@H]1C(=O)N2[C@@H]1SC(C)(C)[C@@H]2C(=O)O,0.0,0.6784966256509373
bbbp,baseline,scaffold,0,CNCCSC1=Cc2cc(F)ccc2Oc2ccccc21,1.0,0.7898578650425813
bbbp,baseline,scaffold,0,CN1CCOC(c2ccccc2)c2ccccc2C1,1.0,0.7891604555871732
bbbp,baseline,scaffold,0,O=C(COc1ccc(Cl)cc1)OCCNC12CC3CC(CC(C3)C1)C2,1.0,0.783139737301392
bbbp,baseline,scaffold,0,CO[C@]12CC[C@@]3(C[C@@H]1[C@](C)(O)C(C)(C)C)[C@H]1Cc4ccc(O)c5c4[C@@]3(CCN1CC1CC1)[C@H]2O5,1.0,0.7747013088901199
bbbp,baseline,scaffold,0,CO[C@]12CC[C@@]3(C[C@@H]1C(C)(C)O)[C@H]1Cc4ccc(O)c5c4[C@@]3(CCN1CC1CC1)[C@H]2O5,1.0,0.7902669807625555
bbbp,baseline,scaffold,0,CC1(C)NC(=O)C(/C=C/c2ccccc2)O1,1.0,0.785361861542565
bbbp,baseline,scaffold,0,CC[C@H]1CN2CCc3cc(OC)c(OC)cc3[C@@H]2C[C@@H]1C[C@H]1NCCc2cc(OC)c(OC)cc21.[Cl],0.0,0.7697307448452918
bbbp,baseline,scaffold,0,CO/N=C(\C(=O)N[C@@H]1C(=O)N2C(C(=O)O)=C(CSc3nc(=O)c(=O)[nH]n3C)CS[C@H]12)c1csc(N)n1,1.0,0.6698638319067732
bbbp,baseline,scaffold,0,CN1CCN(CCN2CCN(CCCN3c4ccccc4Sc4ccc(Cl)cc43)CC2)C1=O,1.0,0.7729513679992152
bbbp,baseline,scaffold,0,CC1(C)S[C@@H]2[C@H](NC(=O)[C@H](N)c3ccc(O)cc3)C(=O)N2[C@H]1C(=O)O.O.O.O,0.0,0.6698638319067732
bbbp,baseline,scaffold,0,CC1(C)S[C@@H]2[C@H](NC(=O)[C@H](N)c3ccccc3)C(=O)N2[C@H]1C(=O)O,0.0,0.7015706709341382
bbbp,baseline,scaffold,0,CC1(C)S[C@@H]2[C@H](NC(=O)C(C(=O)O)c3ccccc3)C(=O)N2[C@H]1C(=O)O,0.0,0.6752664188841198
bbbp,baseline,scaffold,0,CC1(C)S[C@@H]2[C@H](NC(=O)Cc3ccccc3)C(=O)N2[C@H]1C(=O)O,0.0,0.710911318581234
bbbp,baseline,scaffold,0,CNC(=O)C[C@@H](N)C(=O)N[C@@H](C(=O)N[C@@H]1C(=O)N2[C@@H]1SC(C)(C)[C@@H]2C(=O)O)c1ccc(O)cc1,0.0,0.6698638319067732
bbbp,baseline,scaffold,0,COC(C(=O)N[C@@H]1C(=O)N2[C@@H]1SC(C)(C)[C@@H]2C(=O)O)c1ccc(Cl)c(Cl)c1,0.0,0.7157561447990043
bbbp,baseline,scaffold,0,C=NC(C(=O)NC1C(=O)N2C1SC(C)(C)C2C(=O)O)c1ccccc1,0.0,0.6976782091308263
bbbp,baseline,scaffold,0,CC(=O)OCOC(=O)C1N2C(=O)C(NC(=O)Cc3ccccc3)C2SC1(C)C,0.0,0.6850607857808195
bbbp,baseline,scaffold,0,CC1(C)SC2C(NC(=O)Cc3ccccc3)C(=O)N2C1C(=O)O.[Na],0.0,0.6850607857808195
bbbp,baseline,scaffold,0,CC(C)(C)C(=O)OCOC(=O)[C@@H]1N2C(=O)[C@@H](NC(=O)[C@H](N)c3ccccc3)[C@H]2SC1(C)C,0.0,0.6784966256509373
bbbp,baseline,scaffold,0,CC1(C)S[C@@H]2[C@H](NC(=O)C(c3ccccc3)S(=O)(=O)O)C(=O)N2[C@H]1C(=O)O,0.0,0.6752664188841198
bbbp,baseline,scaffold,0,CC1(C)S[C@@H]2[C@H](NC(=O)[C@H](NS(=O)(=O)[O-])c3ccccc3)C(=O)N2[C@H]1C(=O)[O-].[Na+].[Na+],0.0,0.6702681935529549
bbbp,baseline,scaffold,0,CC(Cc1ccccc1)[N+](C)([O-])Cc1ccccc1,1.0,0.7880263100453002
bbbp,baseline,scaffold,0,Cc1nn(C)c2c1C(c1ccccc1F)=NCC(=O)N2C,1.0,0.7904874130553595
bbbp,baseline,scaffold,0,COC1CCCC2C1=C(C(=O)[O-])N1C(=O)C(C(C)O)C21,0.0,0.7369797672157428
bbbp,baseline,scaffold,0,CN(c1nc2ccccc2s1)C1CCN(CC(O)COc2ccc(F)cc2)CC1,1.0,0.7752627389308945
bbbp,baseline,scaffold,0,N[C@@H]1C[C@H]1c1ccccc1.[Cl-].[H+],1.0,0.783427510684125
bbbp,baseline,scaffold,0,CCN(CC)C(=O)[C@]1(c2ccccc2)C[C@@H]1CN.[Cl-].[H+],1.0,0.7837513587034581
bbbp,baseline,scaffold,0,CC(=O)OC1/C=C/C(C)=C/CC(O)/C=C/C(C)=C/C(NC(=O)C(C)=O)C2(C)C(=O)OC(C1)C(C)C2=O,0.0,0.7363306905825235
bbbp,baseline,scaffold,0,C[C@@H]1O[C@@H]1P(=O)(O)O,1.0,0.768118842035197
bbbp,baseline,scaffold,0,CO/N=C(/C(=O)N[C@@H]1C(=O)N2C(C(=O)O)=C(CSc3nc(C)c(CC(=O)O)s3)CS[C@H]12)c1csc(N)n1,0.0,0.6698638319067732
bbbp,baseline,scaffold,0,OCCN1CCN([C@@H]2C[C@@H](c3ccc(F)cc3)c3ccc(C(F)(F)F)cc32)CC1,1.0,0.7880067027879595
bbbp,baseline,scaffold,0,Clc1cccc(Cl)c1NC1=NCCN1,1.0,0.7874485711591371
bbbp,baseline,scaffold,0,Fc1cccc(Br)c1NC1=NCCN1,1.0,0.7874485711591371
bbbp,baseline,scaffold,0,CN1CCc2cccc3c2[C@H]1Cc1ccc(O)c(O)c1-3,1.0,0.7811194615524231
bbbp,baseline,scaffold,0,Fc1ccc([C@@H]2CCNC[C@H]2COc2ccc3c(c2)OCO3)cc1,1.0,0.7734005444367953
bbbp,baseline,scaffold,0,C[C@H]1C[C@H]2[C@@H]3CCC4=CC(=O)C=C[C@]4(C)[C@@]3(F)[C@@H](O)C[C@]2(C)[C@@]1(OC(=O)c1ccccc1)C(=O)CO,1.0,0.7833925435705512
bbbp,baseline,scaffold,0,COc1ccc(C#N)cc1C(=O)NCCN1CCC(C(=O)c2ccc(F)cc2)CC1,1.0,0.7901356492658038
bbbp,baseline,scaffold,0,CN(C)CCCn1c(=O)n(-c2ccccc2)c2cc(Cl)ccc21,1.0,0.7885769508908821
bbbp,baseline,scaffold,0,CO[C@@]1(NC(=O)C(C(=O)O)c2ccc(O)cc2)C(=O)N2C(C(=O)O)=C(CSc3nnnn3C)CO[C@@H]21,0.0,0.6698638319067732
bbbp,baseline,scaffold,0,CCC(=O)N(c1ccccc1)C1(COC)CCN(CCc2cccs2)CC1,1.0,0.789338983242205
bbbp,baseline,scaffold,0,CCn1c2c(c3ccccc31)CCSC2(C)CCN(C)C,1.0,0.7897284283131545
bbbp,baseline,scaffold,0,Clc1ccc(N2CCN(C/C=C/c3ccccc3)CC2)nn1,1.0,0.789338983242205
bbbp,baseline,scaffold,0,OC1(c2ccc(Cl)cc2)c2ccccc2C2=NCCN21,1.0,0.7904874130553595
bbbp,baseline,scaffold,0,Cc1oc(=O)oc1COC(=O)[C@@H]1N2C(=O)[C@@H](NC(=O)[C@H](N)c3ccccc3)[C@H]2SC1(C)C,0.0,0.6702681935529549
bbbp,baseline,scaffold,0,O=C1CC2(CCCC2)CC(=O)N1CCCCN1CCN(c2ncccn2)CC1,1.0,0.7901356492658038
bbbp,baseline,scaffold,0,CO[C@@H]1[C@@H](OC(N)=O)[C@@H](O)[C@H](Oc2ccc3c(=O)c(NC(=O)c4ccc(O)c(CC=C(C)C)c4)c(O)oc3c2C)OC1(C)C,0.0,0.669620178572795
bbbp,baseline,scaffold,0,C[C@]12C=CC(=O)C=C1C(Cl)=C[C@@H]1[C@@H]2[C@@H](O)C[C@@]2(C)[C@H]1CC[C@]2(O)C(=O)CO,1.0,0.7587718239865788
bbbp,baseline,scaffold,0,CC(=O)NCCn1c(C)cc(C=O)c1C,1.0,0.7876249620030755
bbbp,baseline,scaffold,0,Nn1cnc2cc3ccccc3cc2c1=O,1.0,0.752810748499628
bbbp,baseline,scaffold,0,CC(=O)O[C@H]1C[C@@H]2C(COC(=O)CC(C)C)=CO[C@@H](OC(=O)CC(C)C)[C@@H]2[C@@]12CO2,1.0,0.7895053257250535
bbbp,baseline,scaffold,0,COc1ccc2c3c1O[C@H]1[C@@H](O)CC[C@H]4[C@@H](C2)N(C)CC[C@@]341,1.0,0.7904874130553595
bbbp,baseline,scaffold,0,CN1CCC23c4c5ccc(O)c4OC2C(O)CCC3C1C5,1.0,0.7858402920040065
bbbp,baseline,scaffold,0,CN1CC[C@]23c4c5ccc(O)c4O[C@H]2[C@@H](O)CC[C@@]3(O)[C@H]1C5,1.0,0.7286829694372567
bbbp,baseline,scaffold,0,CO[C@H]1CC[C@H]2[C@H]3Cc4ccc(O)c5c4[C@@]2(CCN3C)[C@H]1O5,1.0,0.7904874130553595
bbbp,baseline,scaffold,0,CN1CCC23c4c5ccc(O)c4OC2CCCC3C1C5,1.0,0.7904874130553595
bbbp,baseline,scaffold,0,CCNC1C2CCC(C2)C1c1ccccc1,1.0,0.7898578650425813
bbbp,baseline,scaffold,0,O=C(CCCN1CCN(c2ccccn2)CC1)c1ccc(F)cc1,1.0,0.789338983242205
bbbp,baseline,scaffold,0,CC(C)[C@@H](CN1CCCC1)N(C)C(=O)Cc1ccc(Cl)c(Cl)c1,1.0,0.7842201019708674
bbbp,baseline,scaffold,0,CC1=NN(c2ccccc2)C(=O)C1,1.0,0.7904874130553595
bbbp,baseline,scaffold,0,S=P(N1CC1)(N1CC1)N1CC1,1.0,0.7888238374680424
bbbp,baseline,scaffold,0,Clc1ccccc1C1=NCc2nnc(C3CCCCC3)n2-c2sc(Br)cc21,1.0,0.7750639174913653
bbbp,baseline,scaffold,0,NC(=O)C1(N2CCCCC2)CCN(CCCN2c3ccccc3CCc3ccc(Cl)cc32)CC1,1.0,0.7729513679992152
bbbp,baseline,scaffold,0,NC(=O)C1(N2CCCCC2)CCN(CCCN2c3ccccc3CCc3ccccc32)CC1,1.0,0.7729513679992152
bbbp,baseline,scaffold,0,CN1c2cc(F)ccc2C(c2ccccc2)=NCC1CNC(=O)c1ccoc1,1.0,0.7759530197831418
bbbp,baseline,scaffold,0,O=C1c2ccccc2S(=O)(=O)N1CCCCN1CCN(c2ncccn2)CC1.[Cl-].[H+],1.0,0.7703600814957055
bbbp,baseline,scaffold,0,CN(C)CCCn1cc(-c2ccccc2)c(-c2ccccc2)n1,1.0,0.7885769508908821
bbbp,baseline,scaffold,0,COc1cc(C(=O)N2CCCCCCC2)cc(OC)c1OC,1.0,0.7794742689033096
bbbp,baseline,scaffold,0,c1cc2c(c(N3CCNCC3)c1)OCCO2,1.0,0.7891417880214899
bbbp,baseline,scaffold,0,CN1/C(=C(/O)Nc2ccccn2)C(=O)c2ccccc2S1(=O)=O,0.0,0.7273954525476054
bbbp,baseline,scaffold,0,CC(=O)C1CCC2C3CC=C4CC(OC(=O)CCC(=O)O)CCC4(C)C3CCC12C,1.0,0.7654561465334387
bbbp,baseline,scaffold,0,CCCCCCCCCCCCCC(=O)O[C@H]1C=C[C@H]2[C@H]3Cc4ccc(OCc5ccccc5)c5c4[C@@]2(CCN3C)[C@H]1O5,1.0,0.7489759697690824
bbbp,baseline,scaffold,0,COc1ccc(N2C[C@H](CN3CCC(O)(c4ccc5c(c4)OCO5)CC3)OC2=O)cc1,1.0,0.7649760040913809
bbbp,baseline,scaffold,0,COc1ccc(C2CNC(=O)C2)cc1OC1CCCC1,1.0,0.7646084004698653
bbbp,baseline,scaffold,0,COc1cc(N)c(Cl)cc1C(=O)NC1CCN(Cc2ccccc2)CC1,1.0,0.771646120779376
bbbp,baseline,scaffold,0,c1cnc(N2CCN(Cc3ccc4c(c3)OCO4)CC2)nc1,1.0,0.7904874130553595
bbbp,baseline,scaffold,0,CN=C1CN(O)C(c2ccccc2)=c2cc(Cl)ccc2=N1,1.0,0.7904874130553595
bbbp,baseline,scaffold,0,CC(C)NS(=O)(=O)CCN1C(=O)c2ccccc2C1=O,1.0,0.7897194833076658
bbbp,baseline,scaffold,0,CC(CN1C(=O)c2cccnc2Nc2ccccc21)N(C)C,1.0,0.7904874130553595
bbbp,baseline,scaffold,0,CCCCC[C@H](O)/C=C/[C@H]1[C@H](O)CC(=O)[C@@H]1CCCCCCC(=O)O,0.0,0.7564305827853977
bbbp,baseline,scaffold,0,CNC1CCc2ncsc2C1,1.0,0.7898578650425813
bbbp,baseline,scaffold,0,Cc1ccccc1-n1c(/C=C/c2ccccn2)nc2ccccc2c1=O,1.0,0.7784262940872207
bbbp,baseline,scaffold,0,O=C(c1cc2ccccc2o1)N1CCN(Cc2ccccc2)CC1,1.0,0.7814428736550475
bbbp,baseline,scaffold,0,CCC1(c2ccccc2)C(=O)NCNC1=O,1.0,0.7659390339902972
bbbp,baseline,scaffold,0,CN1C(=O)NC(=O)C(C)(C2=CCCCC2)C1=O,1.0,0.7848227078605906
bbbp,baseline,scaffold,0,CCC1(C2=CCCCC2)C(=O)NC(=O)NC1=O,1.0,0.7794328112554284
bbbp,baseline,scaffold,0,C=C1c2c(Cl)ccc(O)c2C(O)=C2C(=O)C3(O)C(=O)/C(=C(/N)O)C(=O)C(N(C)C)C3C(O)C12,0.0,0.6698638319067732
bbbp,baseline,scaffold,0,C=C1c2cccc(O)c2C(O)=C2C(=O)[C@]3(O)C(=O)/C(=C(/N)O)C(=O)[C@@H](N(C)C)[C@@H]3[C@@H](O)[C@H]12,0.0,0.6698638319067732
bbbp,baseline,scaffold,0,CNC[C@@H]1CN(c2ccc(OCc3cccc(Cl)c3)cc2)C(=O)O1,1.0,0.7727250656331016
bbbp,baseline,scaffold,0,COCC1CN(c2ccc(OCc3cccc(C#N)c3)cc2)C(=O)O1,1.0,0.7677986548099587
bbbp,baseline,scaffold,0,CC1(C)S[C@@H]2[C@H](NC(=O)COc3ccccc3)C(=O)N2[C@H]1C(=O)[O-],0.0,0.72937103217087
bbbp,baseline,scaffold,0,CC(C)(Oc1ccccc1)C(=O)N[C@@H]1C(=O)N2[C@@H]1SC(C)(C)[C@@H]2C(=O)O,0.0,0.7116496636906459
bbbp,baseline,scaffold,0,CC(Oc1ccccc1)C(=O)NC1C(=O)N2C1SC(C)(C)C2C(=O)O,0.0,0.6990766047433413
bbbp,baseline,scaffold,0,CCC(Oc1ccccc1)C(=O)NC1C(=O)N2C1SC(C)(C)C2C(=O)O,0.0,0.7116496636906459
bbbp,baseline,scaffold,0,NC1CONC1=O,1.0,0.768118842035197
bbbp,baseline,scaffold,0,S=C1NCCC(COc2ccccc2)O1,1.0,0.7832502188660171
bbbp,baseline,scaffold,0,Cc1csc2ccc3[nH]c4c(c3c12)CN(C)CC4,1.0,0.7904874130553595
bbbp,baseline,scaffold,0,CCN1CCc2[nH]c3cc(F)c4scc(C)c4c3c2C1,1.0,0.7904874130553595
bbbp,baseline,scaffold,0,COc1ccc([C@@H]2Sc3ccccc3N(CCN(C)C)C(=O)[C@@H]2OC(C)=O)cc1,1.0,0.7621888343877359
bbbp,baseline,scaffold,0,CN(C)CCN1C(=O)CC(c2ccccc2)Sc2ccccc21,1.0,0.7885769508908821
bbbp,baseline,scaffold,0,CN1CCN(c2ncc(-c3cc(Cl)cc(Cl)c3Cl)c(N)n2)CC1,1.0,0.789916282093585
bbbp,baseline,scaffold,0,CCC[C@@](C)(O)[C@H]1CC23C=CC1(OC)[C@H]1Oc4c(OC(C)=O)ccc5c4C12CCN(C)C3C5,1.0,0.783875399319812
bbbp,baseline,scaffold,0,C=CCN1CCC23c4c5ccc(O)c4OC2C2(OC)C=CC3(CC2[C@](C)(O)CCC)C1C5,1.0,0.781849409297821
bbbp,baseline,scaffold,0,CCCC(C)(O)C1CC23C=CC1(OC)C1Oc4c(O)ccc5c4C12CCN(C)C3C5,1.0,0.7902669807625555
bbbp,baseline,scaffold,0,CN(C)CC(Oc1ccccc1)Oc1ccccc1,1.0,0.7832502188660171
bbbp,baseline,scaffold,0,Cn1c(=O)c2nc[nH]c2n(C)c1=O,1.0,0.7710146191987511
bbbp,baseline,scaffold,0,CC1CC(OC(=O)C2CCC(=O)N2)CC(C)(C)C1,1.0,0.7816036016862867
bbbp,baseline,scaffold,0,C=CCN1C(=O)C(CC(C)C)NC1=S,1.0,0.7888247176238244
bbbp,baseline,scaffold,0,c1ccc(CC2NCCc3c2[nH]c2ccccc32)cc1,1.0,0.7564436690428727
bbbp,baseline,scaffold,0,CC(C)COCC(CN(Cc1ccccc1)c1ccccc1)N1CCCC1,0.0,0.7728338623025692
bbbp,baseline,scaffold,0,FC(F)(F)c1ccc2c(c1)N(CCCN1CCN(CCC3OCCCO3)CC1)c1ccccc1S2.O=C(O)CCC(=O)O,1.0,0.7583780076918598
bbbp,baseline,scaffold,0,CCc1c(OC)nc2nc(-c3noc(C)n3)cn2c1C,1.0,0.7847311115472545
bbbp,baseline,scaffold,0,Cc1cnc(N/C(O)=C2/C(=O)c3ccccc3S(=O)(=O)N2C)s1,0.0,0.7344573361892167
bbbp,baseline,scaffold,0,O=C1CC[C@H]2[C@H]3Cc4cccc(O)c4[C@@]2(CCN3CC2CC2)C1,1.0,0.789338983242205
bbbp,baseline,scaffold,0,CN1Cc2c(C(=O)OC(C)(C)C)ncn2-c2ccsc2C1=O,1.0,0.7791917990091322
bbbp,baseline,scaffold,0,CC(C)CC(OC(=O)c1ccco1)C(=O)N[C@@H]1C(=O)N2[C@@H]1SC(C)(C)[C@@H]2C(=O)O,0.0,0.6784966256509373
bbbp,baseline,scaffold,0,CCC(C)n1ncn(-c2ccc(N3CCN(c4ccc(OC[C@H]5CO[C@](Cn6cncn6)(c6ccc(Cl)cc6Cl)O5)cc4)CC3)cc2)c1=O,0.0,0.7305187637231925
bbbp,baseline,scaffold,0,Cc1cccc(C)c1NC(=O)c1ccc(N)cc1,1.0,0.7849510976451297
bbbp,baseline,scaffold,0,CCN(CC)c1ccc(NC(=O)c2ccccc2N)c(C)c1,1.0,0.7651022992776494
bbbp,baseline,scaffold,0,CN1C[C@H](CN2CC(=O)NC(=O)C2)C=C2c3cccc4[nH]cc(c34)C[C@H]21,1.0,0.7485778104418102
bbbp,baseline,scaffold,0,OCCN1CCN(CCCN2c3ccccc3C=Cc3ccccc32)CC1,1.0,0.789338983242205
bbbp,baseline,scaffold,0,O=C(NCCc1ccc(O)c(O)c1)C12CC3CC(CC(C3)C1)C2,1.0,0.7331373910636575
bbbp,gnn,scaffold,0,Cn1nnnc1SCC1=C(C(=O)O)N2C(=O)[C@@H](NC(=O)[C@H](O)c3ccccc3)[C@H]2SC1,1.0,0.016646303236484528
bbbp,gnn,scaffold,0,O=C(O)C1=C(CSc2nnnn2CS(=O)(=O)O)CS[C@@H]2[C@H](NC(=O)C(O)c3ccccc3)C(=O)N12,0.0,0.09248214960098267
bbbp,gnn,scaffold,0,NCc1ccccc1CC(=O)N[C@@H]1C(=O)N2C(C(=O)O)=C(CSc3nnnn3CC(=O)O)CS[C@H]12,0.0,0.11010631173849106
bbbp,gnn,scaffold,0,C[N+](C)([O-])CC/C=C1/c2ccccc2C=Cc2c(Cl)cccc21,1.0,0.775126039981842
bbbp,gnn,scaffold,0,CN(C)CCC=C1c2ccccc2C=Cc2ccccc21,1.0,0.9927231669425964
bbbp,gnn,scaffold,0,CN(C)CC#CC=C1c2ccccc2C=Cc2ccccc21,1.0,0.7779274582862854
bbbp,gnn,scaffold,0,Nc1ccc(N=Nc2ccccc2)c(N)n1,0.0,0.4059431850910187
bbbp,gnn,scaffold,0,N[C@@H](C(=O)NC1C(=O)N2C(C(=O)O)=C(Cl)CCC12)c1ccccc1.O,0.0,0.05584520846605301
bbbp,gnn,scaffold,0,COC(=O)[C@@]1(O)CC[C@H]2C3CCC(=O)C4C(=O)C=CC4(C)[C@H]3C(O)CC21C,1.0,0.9159379005432129
bbbp,gnn,scaffold,0,O=C1CCC(N2C(=O)C3C4CCC(C4)C3C2=O)C(=O)N1,1.0,0.8878575563430786
bbbp,gnn,scaffold,0,CC(=O)Nc1nnc(S(N)(=O)=O)s1,1.0,0.7303099036216736
bbbp,gnn,scaffold,0,CC(=O)OCC1=C(C(=O)O)N2C(=O)[C@@H](NC(=O)c3c(-c4ccccc4Cl)noc3C)[C@H]2SC1,0.0,0.005183195695281029
bbbp,gnn,scaffold,0,CC(C)(C)[C@]1(O)CCN2C[C@H]3c4ccccc4CCc4cccc(c43)[C@@H]2C1.[Cl-].[H+],1.0,0.9982047080993652
bbbp,gnn,scaffold,0,CC(C)[C@@]1(O)CCN2C[C@@H]3c4ccccc4CCc4cccc(c43)[C@H]2C1,1.0,0.9515012502670288
bbbp,gnn,scaffold,0,c1ccc2c(c1)CCc1cccc3c1C2CN1CCCCC31,1.0,0.99957674741745
bbbp,gnn,scaffold,0,CCN(CC)c1nc2c(s1)c1c(O)c3c(O)c(C)c4c(c32)C(=O)[C@@](C)(O/C=C/[C@H](OC)[C@@H](C)[C@@H](OC(C)=O)[C@H](C)[C@H](O)[C@H](C)[C@@H](O)[C@@H](C)/C=C/C=C(/C)C(=O)N1)O4,0.0,0.0003805050509981811
bbbp,gnn,scaffold,0,CC1CN(CCCn2c3ccccc3c3ccccc32)CC(C)N1,1.0,0.989397406578064
bbbp,gnn,scaffold,0,CCOC(=O)c1[nH]c2cc(OC)c(OC)cc2c1CCN1CCN(c2ccccc2)CC1,1.0,0.8515746593475342
bbbp,gnn,scaffold,0,COc1cc2[nH]c(C)c(CCN3CCN(c4ccccc4OC)CC3)c2cc1OC,1.0,0.9571137428283691
bbbp,gnn,scaffold,0,COc1cc2[nH]c(C)c(CCN3CCN(c4ccccc4)CC3)c2cc1OC,1.0,0.9795455932617188
bbbp,gnn,scaffold,0,C#C[C@]1(O)CC[C@H]2C3CCC4=Cc5c(cnn5-c5ccc(F)cc5)CC4(C)[C@H]3CCC21C,1.0,0.9537790417671204
bbbp,gnn,scaffold,0,CN(C)Cc1ccc(CSCCNC2N=CC=C2[N+](=O)[O-])o1,0.0,0.945756733417511
bbbp,gnn,scaffold,0,O=C(c1ccco1)N(c1cnccn1)C1CCN(CCc2ccccc2)CC1,1.0,0.9564699530601501
bbbp,gnn,scaffold,0,CCC(=O)O[C@H]1[C@H](C)O[C@@H](O[C@@H]2C(C)C(=O)O[C@H](C)[C@H](C)[C@H](OC(=O)CC)[C@@H](C)C(=O)[C@]3(CO3)CC(C)[C@H](O[C@@H]3O[C@H](C)C[C@H](N(C)C)[C@H]3O)[C@H]2C)C[C@@H]1OC,0.0,0.005204985849559307
bbbp,gnn,scaffold,0,COC1CC(O[C@H]2[C@H](C)[C@@H](OC3OC(C)CC(N(C)C)C3O)[C@@H](C)C[C@]3(CO3)C(=O)[C@H](C)[C@@H](O)[C@@H](C)[C@@H](C)OC(=O)[C@@H]2C)OC(C)C1O,0.0,0.0003263051330577582
bbbp,gnn,scaffold,0,CO[C@H]1C[C@H](O[C@H]2[C@H](C)[C@@H](O[C@@H]3O[C@H](C)C[C@H](N(C)C)[C@H]3OC(C)=O)[C@@H](C)C[C@@]3(CO3)C(=O)[C@H](C)[C@@H](OC(C)=O)[C@@H](C)[C@@H](C)OC(=O)[C@@H]2C)O[C@@H](C)[C@@H]1OC(C)=O,0.0,0.0004963402752764523
bbbp,gnn,scaffold,0,CSc1ccc2c(c1)N(CCC1CCCCN1C)c1ccccc1S2,1.0,0.9987388253211975
bbbp,gnn,scaffold,0,CN1CCCCC1CCN1c2ccccc2Sc2ccc(S(C)(=O)=O)cc21,1.0,0.9088150262832642
bbbp,gnn,scaffold,0,CN1CCCCC1CCN1c2ccccc2Sc2ccc(S(C)=O)cc21,1.0,0.9962068796157837
bbbp,gnn,scaffold,0,COc1ccc2c(c1)N(CCC1CCCCN1C)c1ccccc1S2,1.0,0.9974236488342285
bbbp,gnn,scaffold,0,CN(C)CCn1nnnc1SCC1=C(C(=O)O)N2C(=O)[C@@H](NC(=O)Cc3csc(N)n3)[C@H]2SC1,0.0,0.03485209122300148
bbbp,gnn,scaffold,0,CC(C)NC(=O)OC1CCN(CCCC(=O)c2ccc(F)cc2)CC1,1.0,0.9747720956802368
bbbp,gnn,scaffold,0,CC1CCN(CCCC(=O)c2ccc(F)cc2)CC1,1.0,0.9910649061203003
bbbp,gnn,scaffold,0,CN1C[C@H](C(=O)N[C@]2(C)O[C@@]3(O)[C@@H]4CCCN4C(=O)[C@H](Cc4ccccc4)N3C2=O)C[C@@H]2c3cccc4[nH]cc(c34)C[C@H]21,0.0,0.23551012575626373
bbbp,gnn,scaffold,0,c1ccc2c(c1)CCc1ccccc1N2C1CN2CCC1CC2,1.0,0.9951713681221008
bbbp,gnn,scaffold,0,O=C(CN1CCC23CCCCC2C1Cc1ccc(O)cc13)c1ccccc1,1.0,0.9790961742401123
bbbp,gnn,scaffold,0,CN[C@@H]1[C@H](O[C@H]2[C@H](O[C@H]3[C@H](O)[C@@H](O)[C@H](N=C(N)N)[C@@H](O)[C@@H]3N=C(N)N)O[C@@H](C)[C@]2(O)C=O)O[C@@H](CO)[C@H](O)[C@H]1O,0.0,0.1055496335029602
bbbp,gnn,scaffold,0,CN[C@@H]1[C@H](O[C@H]2[C@H](O[C@@H]3[C@@H](O)[C@H](O)[C@@H](N=C(N)N)[C@H](O)[C@H]3N=C(N)N)O[C@@H](C)[C@]2(O)CO)O[C@@H](CO)[C@H](O)[C@H]1O,0.0,0.08163067698478699
bbbp,gnn,scaffold,0,CCNC(=NC#N)NCCSCc1ncccc1Br,0.0,0.5306521058082581
bbbp,gnn,scaffold,0,CN(C)CCc1ccccn1,1.0,0.9100310802459717
bbbp,gnn,scaffold,0,CNCCc1ccccn1,1.0,0.7605901956558228
bbbp,gnn,scaffold,0,CCc1cc(C(N)=S)ccn1,1.0,0.8619251251220703
bbbp,gnn,scaffold,0,NNC(=O)c1ccncc1,0.0,0.9143989086151123
bbbp,gnn,scaffold,0,OCc1cccnc1,0.0,0.5372372269630432
bbbp,gnn,scaffold,0,CC(C)(C)NCC(O)c1ccc(O)c(CO)n1,0.0,0.6304613351821899
bbbp,gnn,scaffold,0,CCNCc1c(CSC)cnc(C)c1O,1.0,0.8818708658218384
bbbp,gnn,scaffold,0,NC(=O)c1cccnc1,1.0,0.9735081791877747
bbbp,gnn,scaffold,0,CCN(CC)C(=O)c1cccnc1,1.0,0.9934899806976318
bbbp,gnn,scaffold,0,CC(C)NNC(=O)c1ccncc1,1.0,0.4769500494003296
bbbp,gnn,scaffold,0,CCCN1CC(NS(=O)(=O)N(CC)CC)CC2Cc3c(O)cccc3CC21,1.0,0.9412102699279785
bbbp,gnn,scaffold,0,Cc1nn(C)c2c1N(c1ccccc1)C(=O)CC(=O)N2C,1.0,0.9976868629455566
bbbp,gnn,scaffold,0,Fc1ccccc1C1=NCC(=S)N(CC(F)(F)F)c2ccc(Cl)cc21,1.0,0.9927738904953003
bbbp,gnn,scaffold,0,CN1C(=S)CN=C(c2ccccc2)c2cc(Cl)ccc21,1.0,0.9972026348114014
bbbp,gnn,scaffold,0,CO[C@@H]1[C@@H](O[C@@H]2O[C@H](C)[C@@H](O[C@H]3C[C@@](C)(O)[C@@H](OC(=O)CC(C)C)[C@H](C)O3)[C@H](N(C)C)[C@H]2O)[C@@H](CC=O)C[C@@H](C)[C@@H](O)/C=C/C=C/C[C@@H](C)OC(=O)C[C@H]1OC(C)=O,0.0,0.009233147837221622
bbbp,gnn,scaffold,0,CCC(=O)OC1CC(=O)OC(C)C/C=C/C=C\C(O)C(C)CC(CC=O)C(O[C@@H]2O[C@H](C)[C@@H](O[C@H]3C[C@@](C)(O)[C@H](OC(=O)CC)[C@@H](C)O3)[C@H](N(C)C)[C@H]2O)C1OC,0.0,0.0018675464671105146
bbbp,gnn,scaffold,0,Clc1ccc(COC(Cn2ccnc2)c2ccc(Cl)cc2Cl)cc1,0.0,0.20457205176353455
bbbp,gnn,scaffold,0,Clc1ccc(COC(Cn2ccnc2)c2ccc(Cl)cc2Cl)c(Cl)c1,0.0,0.22017806768417358
bbbp,gnn,scaffold,0,C[C@]12CCC(=O)C=C1CC[C@@H]1[C@@H]2C(=O)C[C@@]2(C)[C@H]1CC[C@]2(O)C(=O)CO,0.0,0.2887512743473053
bbbp,gnn,scaffold,0,CC(=O)OCC(=O)[C@@]1(O)CC[C@H]2[C@@H]3CCC4=CC(=O)CC[C@]4(C)[C@H]3C(=O)C[C@@]21C,1.0,0.806479811668396
bbbp,gnn,scaffold,0,CN1CCN(CC(=O)N2c3ccccc3C(=O)Nc3cccnc32)CC1,1.0,0.9984935522079468
bbbp,gnn,scaffold,0,CN1CCN(c2cc3c(nn2)Oc2ccccc2N3C)CC1,1.0,0.9982762336730957
bbbp,gnn,scaffold,0,Cc1ccnc2c1NC(=O)c1cccnc1N2C1CC1,1.0,0.9872332811355591
bbbp,gnn,scaffold,0,O=C(CCCN1CCC(C(=O)c2ccc(F)cc2)CC1)c1ccc(F)cc1,1.0,0.8441240191459656
bbbp,gnn,scaffold,0,O=C(CCCN1CCC(C(=O)c2ccc(Cl)cc2)CC1)c1ccc(F)cc1,1.0,0.8047186732292175
bbbp,gnn,scaffold,0,Cc1cccc(Cc2cnc[nH]2)c1C,1.0,0.5379964709281921
bbbp,gnn,scaffold,0,O=C1CN(O)C(c2ccccc2)=c2cc(Cl)ccc2=N1,1.0,0.9836694598197937
bbbp,gnn,scaffold,0,FC(F)(F)c1cccc(N2CCN(CCc3nnc4n3C[C@H]3CCC[C@@H]43)CC2)c1,1.0,0.9822173714637756
bbbp,gnn,scaffold,0,O=c1c(O[C@@H]2O[C@H](CO)[C@@H](O)[C@H](O)[C@H]2O)c(-c2ccc(O)c(O)c2)oc2cc(O)cc(O)c12,0.0,0.05110041797161102
bbbp,gnn,scaffold,0,CNCCCC1(C)CN(c2ccccc2)c2ccccc21,1.0,0.9868264198303223
bbbp,gnn,scaffold,0,CC(C)CCC(=O)CC1c2ccccc2C(=O)N1c1ccc2ccc(Cl)nc2n1,1.0,0.9172665476799011
bbbp,gnn,scaffold,0,O=[N+]([O-])c1cc[nH]c1NCCSCc1ccccn1,1.0,0.37075141072273254
bbbp,gnn,scaffold,0,Cc1cc(C(C)(C)SC(C)(C)CNc2[nH]ccc2[N+](=O)[O-])nc(C)c1C,1.0,0.8262933492660522
bbbp,gnn,scaffold,0,COc1ccccc1N1CCN(CCCC(=O)c2ccc(F)cc2)CC1,1.0,0.9723736047744751
bbbp,gnn,scaffold,0,Cc1onc(-c2ccccc2Cl)c1C(=O)N[C@@H]1C(=O)N2[C@@H]1SC(C)(C)[C@@H]2C(=O)O,1.0,0.044868357479572296
bbbp,gnn,scaffold,0,Cc1onc(-c2ccccc2)c1C(=O)N[C@@H]1C(=O)N2[C@@H]1SC(C)(C)[C@@H]2C(=O)O,0.0,0.07131624221801758
bbbp,gnn,scaffold,0,Cc1onc(-c2c(F)cccc2Cl)c1C(=O)N[C@@H]1C(=O)N2[C@@H]1SC(C)(C)[C@@H]2C(=O)O,0.0,0.014194147661328316
bbbp,gnn,scaffold,0,Cc1onc(-c2c(Cl)cccc2Cl)c1C(=O)N[C@@H]1C(=O)N2[C@@H]1SC(C)(C)[C@@H]2C(=O)O,0.0,0.01866588555276394
bbbp,gnn,scaffold,0,CNCCSC1=Cc2cc(F)ccc2Oc2ccccc21,1.0,0.9648317694664001
bbbp,gnn,scaffold,0,CN1CCOC(c2ccccc2)c2ccccc2C1,1.0,0.9996880292892456
bbbp,gnn,scaffold,0,O=C(COc1ccc(Cl)cc1)OCCNC12CC3CC(CC(C3)C1)C2,1.0,0.9812425374984741
bbbp,gnn,scaffold,0,CO[C@]12CC[C@@]3(C[C@@H]1[C@](C)(O)C(C)(C)C)[C@H]1Cc4ccc(O)c5c4[C@@]3(CCN1CC1CC1)[C@H]2O5,1.0,0.48787763714790344
bbbp,gnn,scaffold,0,CO[C@]12CC[C@@]3(C[C@@H]1C(C)(C)O)[C@H]1Cc4ccc(O)c5c4[C@@]3(CCN1CC1CC1)[C@H]2O5,1.0,0.5628690123558044
bbbp,gnn,scaffold,0,CC1(C)NC(=O)C(/C=C/c2ccccc2)O1,1.0,0.9990899562835693
bbbp,gnn,scaffold,0,CC[C@H]1CN2CCc3cc(OC)c(OC)cc3[C@@H]2C[C@@H]1C[C@H]1NCCc2cc(OC)c(OC)cc21.[Cl],0.0,0.7292842268943787
bbbp,gnn,scaffold,0,CO/N=C(\C(=O)N[C@@H]1C(=O)N2C(C(=O)O)=C(CSc3nc(=O)c(=O)[nH]n3C)CS[C@H]12)c1csc(N)n1,1.0,0.15754270553588867
bbbp,gnn,scaffold,0,CN1CCN(CCN2CCN(CCCN3c4ccccc4Sc4ccc(Cl)cc43)CC2)C1=O,1.0,0.9996217489242554
bbbp,gnn,scaffold,0,CC1(C)S[C@@H]2[C@H](NC(=O)[C@H](N)c3ccc(O)cc3)C(=O)N2[C@H]1C(=O)O.O.O.O,0.0,0.023360563442111015
bbbp,gnn,scaffold,0,CC1(C)S[C@@H]2[C@H](NC(=O)[C@H](N)c3ccccc3)C(=O)N2[C@H]1C(=O)O,0.0,0.026736192405223846
bbbp,gnn,scaffold,0,CC1(C)S[C@@H]2[C@H](NC(=O)C(C(=O)O)c3ccccc3)C(=O)N2[C@H]1C(=O)O,0.0,0.01457101572304964
bbbp,gnn,scaffold,0,CC1(C)S[C@@H]2[C@H](NC(=O)Cc3ccccc3)C(=O)N2[C@H]1C(=O)O,0.0,0.027259819209575653
bbbp,gnn,scaffold,0,CNC(=O)C[C@@H](N)C(=O)N[C@@H](C(=O)N[C@@H]1C(=O)N2[C@@H]1SC(C)(C)[C@@H]2C(=O)O)c1ccc(O)cc1,0.0,0.025609172880649567
bbbp,gnn,scaffold,0,COC(C(=O)N[C@@H]1C(=O)N2[C@@H]1SC(C)(C)[C@@H]2C(=O)O)c1ccc(Cl)c(Cl)c1,0.0,0.06194058060646057
bbbp,gnn,scaffold,0,C=NC(C(=O)NC1C(=O)N2C1SC(C)(C)C2C(=O)O)c1ccccc1,0.0,0.020413856953382492
bbbp,gnn,scaffold,0,CC(=O)OCOC(=O)C1N2C(=O)C(NC(=O)Cc3ccccc3)C2SC1(C)C,0.0,0.01739816553890705
bbbp,gnn,scaffold,0,CC1(C)SC2C(NC(=O)Cc3ccccc3)C(=O)N2C1C(=O)O.[Na],0.0,0.018221452832221985
bbbp,gnn,scaffold,0,CC(C)(C)C(=O)OCOC(=O)[C@@H]1N2C(=O)[C@@H](NC(=O)[C@H](N)c3ccccc3)[C@H]2SC1(C)C,0.0,0.004180548246949911
bbbp,gnn,scaffold,0,CC1(C)S[C@@H]2[C@H](NC(=O)C(c3ccccc3)S(=O)(=O)O)C(=O)N2[C@H]1C(=O)O,0.0,0.025931918993592262
bbbp,gnn,scaffold,0,CC1(C)S[C@@H]2[C@H](NC(=O)[C@H](NS(=O)(=O)[O-])c3ccccc3)C(=O)N2[C@H]1C(=O)[O-].[Na+].[Na+],0.0,0.025565331801772118
bbbp,gnn,scaffold,0,CC(Cc1ccccc1)[N+](C)([O-])Cc1ccccc1,1.0,0.4278841018676758
bbbp,gnn,scaffold,0,Cc1nn(C)c2c1C(c1ccccc1F)=NCC(=O)N2C,1.0,0.9914549589157104
bbbp,gnn,scaffold,0,COC1CCCC2C1=C(C(=O)[O-])N1C(=O)C(C(C)O)C21,0.0,0.027714597061276436
bbbp,gnn,scaffold,0,CN(c1nc2ccccc2s1)C1CCN(CC(O)COc2ccc(F)cc2)CC1,1.0,0.7518775463104248
bbbp,gnn,scaffold,0,N[C@@H]1C[C@H]1c1ccccc1.[Cl-].[H+],1.0,0.9999574422836304
bbbp,gnn,scaffold,0,CCN(CC)C(=O)[C@]1(c2ccccc2)C[C@@H]1CN.[Cl-].[H+],1.0,0.999930739402771
bbbp,gnn,scaffold,0,CC(=O)OC1/C=C/C(C)=C/CC(O)/C=C/C(C)=C/C(NC(=O)C(C)=O)C2(C)C(=O)OC(C1)C(C)C2=O,0.0,0.00047084843390621245
bbbp,gnn,scaffold,0,C[C@@H]1O[C@@H]1P(=O)(O)O,1.0,0.9463011622428894
bbbp,gnn,scaffold,0,CO/N=C(/C(=O)N[C@@H]1C(=O)N2C(C(=O)O)=C(CSc3nc(C)c(CC(=O)O)s3)CS[C@H]12)c1csc(N)n1,0.0,0.12381304055452347
bbbp,gnn,scaffold,0,OCCN1CCN([C@@H]2C[C@@H](c3ccc(F)cc3)c3ccc(C(F)(F)F)cc32)CC1,1.0,0.9937360286712646
bbbp,gnn,scaffold,0,Clc1cccc(Cl)c1NC1=NCCN1,1.0,0.5095855593681335
bbbp,gnn,scaffold,0,Fc1cccc(Br)c1NC1=NCCN1,1.0,0.5042308568954468
bbbp,gnn,scaffold,0,CN1CCc2cccc3c2[C@H]1Cc1ccc(O)c(O)c1-3,1.0,0.35084325075149536
bbbp,gnn,scaffold,0,Fc1ccc([C@@H]2CCNC[C@H]2COc2ccc3c(c2)OCO3)cc1,1.0,0.9688462615013123
bbbp,gnn,scaffold,0,C[C@H]1C[C@H]2[C@@H]3CCC4=CC(=O)C=C[C@]4(C)[C@@]3(F)[C@@H](O)C[C@]2(C)[C@@]1(OC(=O)c1ccccc1)C(=O)CO,1.0,0.5460196733474731
bbbp,gnn,scaffold,0,COc1ccc(C#N)cc1C(=O)NCCN1CCC(C(=O)c2ccc(F)cc2)CC1,1.0,0.9179304838180542
bbbp,gnn,scaffold,0,CN(C)CCCn1c(=O)n(-c2ccccc2)c2cc(Cl)ccc21,1.0,0.9686242938041687
bbbp,gnn,scaffold,0,CO[C@@]1(NC(=O)C(C(=O)O)c2ccc(O)cc2)C(=O)N2C(C(=O)O)=C(CSc3nnnn3C)CO[C@@H]21,0.0,0.10077086836099625
bbbp,gnn,scaffold,0,CCC(=O)N(c1ccccc1)C1(COC)CCN(CCc2cccs2)CC1,1.0,0.9880331754684448
bbbp,gnn,scaffold,0,CCn1c2c(c3ccccc31)CCSC2(C)CCN(C)C,1.0,0.9979705214500427
bbbp,gnn,scaffold,0,Clc1ccc(N2CCN(C/C=C/c3ccccc3)CC2)nn1,1.0,0.9992369413375854
bbbp,gnn,scaffold,0,OC1(c2ccc(Cl)cc2)c2ccccc2C2=NCCN21,1.0,0.9511627554893494
bbbp,gnn,scaffold,0,Cc1oc(=O)oc1COC(=O)[C@@H]1N2C(=O)[C@@H](NC(=O)[C@H](N)c3ccccc3)[C@H]2SC1(C)C,0.0,0.0026670254301279783
bbbp,gnn,scaffold,0,O=C1CC2(CCCC2)CC(=O)N1CCCCN1CCN(c2ncccn2)CC1,1.0,0.9991651773452759
bbbp,gnn,scaffold,0,CO[C@@H]1[C@@H](OC(N)=O)[C@@H](O)[C@H](Oc2ccc3c(=O)c(NC(=O)c4ccc(O)c(CC=C(C)C)c4)c(O)oc3c2C)OC1(C)C,0.0,0.24374525249004364
bbbp,gnn,scaffold,0,C[C@]12C=CC(=O)C=C1C(Cl)=C[C@@H]1[C@@H]2[C@@H](O)C[C@@]2(C)[C@H]1CC[C@]2(O)C(=O)CO,1.0,0.4607628583908081
bbbp,gnn,scaffold,0,CC(=O)NCCn1c(C)cc(C=O)c1C,1.0,0.9819802045822144
bbbp,gnn,scaffold,0,Nn1cnc2cc3ccccc3cc2c1=O,1.0,0.7057088613510132
bbbp,gnn,scaffold,0,CC(=O)O[C@H]1C[C@@H]2C(COC(=O)CC(C)C)=CO[C@@H](OC(=O)CC(C)C)[C@@H]2[C@@]12CO2,1.0,0.9364544153213501
bbbp,gnn,scaffold,0,COc1ccc2c3c1O[C@H]1[C@@H](O)CC[C@H]4[C@@H](C2)N(C)CC[C@@]341,1.0,0.9030696749687195
bbbp,gnn,scaffold,0,CN1CCC23c4c5ccc(O)c4OC2C(O)CCC3C1C5,1.0,0.9884889721870422
bbbp,gnn,scaffold,0,CN1CC[C@]23c4c5ccc(O)c4O[C@H]2[C@@H](O)CC[C@@]3(O)[C@H]1C5,1.0,0.45389747619628906
bbbp,gnn,scaffold,0,CO[C@H]1CC[C@H]2[C@H]3Cc4ccc(O)c5c4[C@@]2(CCN3C)[C@H]1O5,1.0,0.8337658047676086
bbbp,gnn,scaffold,0,CN1CCC23c4c5ccc(O)c4OC2CCCC3C1C5,1.0,0.9976957440376282
bbbp,gnn,scaffold,0,CCNC1C2CCC(C2)C1c1ccccc1,1.0,0.9999380111694336
bbbp,gnn,scaffold,0,O=C(CCCN1CCN(c2ccccn2)CC1)c1ccc(F)cc1,1.0,0.9382023811340332
bbbp,gnn,scaffold,0,CC(C)[C@@H](CN1CCCC1)N(C)C(=O)Cc1ccc(Cl)c(Cl)c1,1.0,0.9150874018669128
bbbp,gnn,scaffold,0,CC1=NN(c2ccccc2)C(=O)C1,1.0,0.9973931312561035
bbbp,gnn,scaffold,0,S=P(N1CC1)(N1CC1)N1CC1,1.0,0.9999871253967285
bbbp,gnn,scaffold,0,Clc1ccccc1C1=NCc2nnc(C3CCCCC3)n2-c2sc(Br)cc21,1.0,0.9681001305580139
bbbp,gnn,scaffold,0,NC(=O)C1(N2CCCCC2)CCN(CCCN2c3ccccc3CCc3ccc(Cl)cc32)CC1,1.0,0.9992384910583496
bbbp,gnn,scaffold,0,NC(=O)C1(N2CCCCC2)CCN(CCCN2c3ccccc3CCc3ccccc32)CC1,1.0,0.9987062215805054
bbbp,gnn,scaffold,0,CN1c2cc(F)ccc2C(c2ccccc2)=NCC1CNC(=O)c1ccoc1,1.0,0.9905083179473877
bbbp,gnn,scaffold,0,O=C1c2ccccc2S(=O)(=O)N1CCCCN1CCN(c2ncccn2)CC1.[Cl-].[H+],1.0,0.9855892062187195
bbbp,gnn,scaffold,0,CN(C)CCCn1cc(-c2ccccc2)c(-c2ccccc2)n1,1.0,0.9762080907821655
bbbp,gnn,scaffold,0,COc1cc(C(=O)N2CCCCCCC2)cc(OC)c1OC,1.0,0.9360271692276001
bbbp,gnn,scaffold,0,c1cc2c(c(N3CCNCC3)c1)OCCO2,1.0,0.9984521865844727
bbbp,gnn,scaffold,0,CN1/C(=C(/O)Nc2ccccn2)C(=O)c2ccccc2S1(=O)=O,0.0,0.2992531657218933
bbbp,gnn,scaffold,0,CC(=O)C1CCC2C3CC=C4CC(OC(=O)CCC(=O)O)CCC4(C)C3CCC12C,1.0,0.9990854263305664
bbbp,gnn,scaffold,0,CCCCCCCCCCCCCC(=O)O[C@H]1C=C[C@H]2[C@H]3Cc4ccc(OCc5ccccc5)c5c4[C@@]2(CCN3C)[C@H]1O5,1.0,0.9869233965873718
bbbp,gnn,scaffold,0,COc1ccc(N2C[C@H](CN3CCC(O)(c4ccc5c(c4)OCO5)CC3)OC2=O)cc1,1.0,0.9819185733795166
bbbp,gnn,scaffold,0,COc1ccc(C2CNC(=O)C2)cc1OC1CCCC1,1.0,0.9950734972953796
bbbp,gnn,scaffold,0,COc1cc(N)c(Cl)cc1C(=O)NC1CCN(Cc2ccccc2)CC1,1.0,0.9870690107345581
bbbp,gnn,scaffold,0,c1cnc(N2CCN(Cc3ccc4c(c3)OCO4)CC2)nc1,1.0,0.9727803468704224
bbbp,gnn,scaffold,0,CN=C1CN(O)C(c2ccccc2)=c2cc(Cl)ccc2=N1,1.0,0.931553840637207
bbbp,gnn,scaffold,0,CC(C)NS(=O)(=O)CCN1C(=O)c2ccccc2C1=O,1.0,0.9689346551895142
bbbp,gnn,scaffold,0,CC(CN1C(=O)c2cccnc2Nc2ccccc21)N(C)C,1.0,0.9522366523742676
bbbp,gnn,scaffold,0,CCCCC[C@H](O)/C=C/[C@H]1[C@H](O)CC(=O)[C@@H]1CCCCCCC(=O)O,0.0,0.761816143989563
bbbp,gnn,scaffold,0,CNC1CCc2ncsc2C1,1.0,0.9966096878051758
bbbp,gnn,scaffold,0,Cc1ccccc1-n1c(/C=C/c2ccccn2)nc2ccccc2c1=O,1.0,0.8395428657531738
bbbp,gnn,scaffold,0,O=C(c1cc2ccccc2o1)N1CCN(Cc2ccccc2)CC1,1.0,0.9702340960502625
bbbp,gnn,scaffold,0,CCC1(c2ccccc2)C(=O)NCNC1=O,1.0,0.8956354856491089
bbbp,gnn,scaffold,0,CN1C(=O)NC(=O)C(C)(C2=CCCCC2)C1=O,1.0,0.9985657334327698
bbbp,gnn,scaffold,0,CCC1(C2=CCCCC2)C(=O)NC(=O)NC1=O,1.0,0.9927800297737122
bbbp,gnn,scaffold,0,C=C1c2c(Cl)ccc(O)c2C(O)=C2C(=O)C3(O)C(=O)/C(=C(/N)O)C(=O)C(N(C)C)C3C(O)C12,0.0,0.0001887830439954996
bbbp,gnn,scaffold,0,C=C1c2cccc(O)c2C(O)=C2C(=O)[C@]3(O)C(=O)/C(=C(/N)O)C(=O)[C@@H](N(C)C)[C@@H]3[C@@H](O)[C@H]12,0.0,0.004547229502350092
bbbp,gnn,scaffold,0,CNC[C@@H]1CN(c2ccc(OCc3cccc(Cl)c3)cc2)C(=O)O1,1.0,0.6708672642707825
bbbp,gnn,scaffold,0,COCC1CN(c2ccc(OCc3cccc(C#N)c3)cc2)C(=O)O1,1.0,0.7958898544311523
bbbp,gnn,scaffold,0,CC1(C)S[C@@H]2[C@H](NC(=O)COc3ccccc3)C(=O)N2[C@H]1C(=O)[O-],0.0,0.05643830820918083
bbbp,gnn,scaffold,0,CC(C)(Oc1ccccc1)C(=O)N[C@@H]1C(=O)N2[C@@H]1SC(C)(C)[C@@H]2C(=O)O,0.0,0.04774609953165054
bbbp,gnn,scaffold,0,CC(Oc1ccccc1)C(=O)NC1C(=O)N2C1SC(C)(C)C2C(=O)O,0.0,0.016103500500321388
bbbp,gnn,scaffold,0,CCC(Oc1ccccc1)C(=O)NC1C(=O)N2C1SC(C)(C)C2C(=O)O,0.0,0.0190239530056715
bbbp,gnn,scaffold,0,NC1CONC1=O,1.0,0.9916681051254272
bbbp,gnn,scaffold,0,S=C1NCCC(COc2ccccc2)O1,1.0,0.9502812623977661
bbbp,gnn,scaffold,0,Cc1csc2ccc3[nH]c4c(c3c12)CN(C)CC4,1.0,0.9569936394691467
bbbp,gnn,scaffold,0,CCN1CCc2[nH]c3cc(F)c4scc(C)c4c3c2C1,1.0,0.6816115379333496
bbbp,gnn,scaffold,0,COc1ccc([C@@H]2Sc3ccccc3N(CCN(C)C)C(=O)[C@@H]2OC(C)=O)cc1,1.0,0.660101592540741
bbbp,gnn,scaffold,0,CN(C)CCN1C(=O)CC(c2ccccc2)Sc2ccccc21,1.0,0.9989701509475708
bbbp,gnn,scaffold,0,CN1CCN(c2ncc(-c3cc(Cl)cc(Cl)c3Cl)c(N)n2)CC1,1.0,0.9784464836120605
bbbp,gnn,scaffold,0,CCC[C@@](C)(O)[C@H]1CC23C=CC1(OC)[C@H]1Oc4c(OC(C)=O)ccc5c4C12CCN(C)C3C5,1.0,0.9654735922813416
bbbp,gnn,scaffold,0,C=CCN1CCC23c4c5ccc(O)c4OC2C2(OC)C=CC3(CC2[C@](C)(O)CCC)C1C5,1.0,0.9974455833435059
bbbp,gnn,scaffold,0,CCCC(C)(O)C1CC23C=CC1(OC)C1Oc4c(O)ccc5c4C12CCN(C)C3C5,1.0,0.9987144470214844
bbbp,gnn,scaffold,0,CN(C)CC(Oc1ccccc1)Oc1ccccc1,1.0,0.7248082756996155
bbbp,gnn,scaffold,0,Cn1c(=O)c2nc[nH]c2n(C)c1=O,1.0,0.8267969489097595
bbbp,gnn,scaffold,0,CC1CC(OC(=O)C2CCC(=O)N2)CC(C)(C)C1,1.0,0.945534884929657
bbbp,gnn,scaffold,0,C=CCN1C(=O)C(CC(C)C)NC1=S,1.0,0.9856628775596619
bbbp,gnn,scaffold,0,c1ccc(CC2NCCc3c2[nH]c2ccccc32)cc1,1.0,0.9959099292755127
bbbp,gnn,scaffold,0,CC(C)COCC(CN(Cc1ccccc1)c1ccccc1)N1CCCC1,0.0,0.8444616198539734
bbbp,gnn,scaffold,0,FC(F)(F)c1ccc2c(c1)N(CCCN1CCN(CCC3OCCCO3)CC1)c1ccccc1S2.O=C(O)CCC(=O)O,1.0,0.6728970408439636
bbbp,gnn,scaffold,0,CCc1c(OC)nc2nc(-c3noc(C)n3)cn2c1C,1.0,0.9321240782737732
bbbp,gnn,scaffold,0,Cc1cnc(N/C(O)=C2/C(=O)c3ccccc3S(=O)(=O)N2C)s1,0.0,0.2921106219291687
bbbp,gnn,scaffold,0,O=C1CC[C@H]2[C@H]3Cc4cccc(O)c4[C@@]2(CCN3CC2CC2)C1,1.0,0.9681980013847351
bbbp,gnn,scaffold,0,CN1Cc2c(C(=O)OC(C)(C)C)ncn2-c2ccsc2C1=O,1.0,0.8046044707298279
bbbp,gnn,scaffold,0,CC(C)CC(OC(=O)c1ccco1)C(=O)N[C@@H]1C(=O)N2[C@@H]1SC(C)(C)[C@@H]2C(=O)O,0.0,0.055823203176259995
bbbp,gnn,scaffold,0,CCC(C)n1ncn(-c2ccc(N3CCN(c4ccc(OC[C@H]5CO[C@](Cn6cncn6)(c6ccc(Cl)cc6Cl)O5)cc4)CC3)cc2)c1=O,0.0,0.009200937114655972
bbbp,gnn,scaffold,0,Cc1cccc(C)c1NC(=O)c1ccc(N)cc1,1.0,0.9889256358146667
bbbp,gnn,scaffold,0,CCN(CC)c1ccc(NC(=O)c2ccccc2N)c(C)c1,1.0,0.9820537567138672
bbbp,gnn,scaffold,0,CN1C[C@H](CN2CC(=O)NC(=O)C2)C=C2c3cccc4[nH]cc(c34)C[C@H]21,1.0,0.8987973928451538
bbbp,gnn,scaffold,0,OCCN1CCN(CCCN2c3ccccc3C=Cc3ccccc32)CC1,1.0,0.9797174334526062
bbbp,gnn,scaffold,0,O=C(NCCc1ccc(O)c(O)c1)C12CC3CC(CC(C3)C1)C2,1.0,0.6166760325431824
bbbp,baseline,scaffold,1,COc1cccc2c1C(=O)c1c(O)c3c(c(O)c1C2=O)C[C@@](O)(C(=O)CO)C[C@@H]3O[C@H]1C[C@H](N)[C@H](O)[C@H](C)O1,0.0,0.1642254163913084
bbbp,baseline,scaffold,1,COc1cccc2c1C(=O)c1c(O)c3c(c(O)c1C2=O)C[C@@](O)(C(C)=O)C[C@@H]3O[C@H]1C[C@H](N)[C@H](O)[C@H](C)O1,0.0,0.16512891788645648
bbbp,baseline,scaffold,1,CC(=O)[C@]1(N)Cc2c(O)c3c(c(O)c2[C@@H](O[C@H]2C[C@H](O)[C@H](O)CO2)C1)C(=O)c1ccccc1C3=O.[Cl-].[H+],0.0,0.2228388979641293
bbbp,baseline,scaffold,1,CC(=O)[C@]1(O)Cc2c(O)c3c(c(O)c2C(OC2CC(N)C(O)C(C)O2)C1)C(=O)c1c(O)cccc1C3=O,0.0,0.10912295386673532
bbbp,baseline,scaffold,1,CCOC(OCC)C(=O)OCC(=O)C1(O)Cc2c(O)c3c(c(O)c2C(OC2CC(N)C(O)C(C)O2)C1)C(=O)c1c(OC)cccc1C3=O,0.0,0.14395186895523182
bbbp,baseline,scaffold,1,COc1cccc2c1C(=O)c1c(O)c3c(c(O)c1C2=O)C[C@](O)(C(=O)CO)C[C@H]3OC1CC(N)CC(C)O1,0.0,0.20404027120005516
bbbp,baseline,scaffold,1,CC(=O)[C@]1(O)Cc2c(O)c3c(c(O)c2[C@@H](O[C@H]2C[C@H](N)[C@H](O)[C@H](C)O2)C1)C(=O)c1ccccc1C3=O,0.0,0.11306459058472265
bbbp,baseline,scaffold,1,COc1cccc2c1C(=O)c1c(O)c3c(c(O)c1C2=O)C[C@@](O)(C(=O)CO)C[C@@H]3O[C@H]1C[C@H](NC(=O)[C@@H](N)CC(C)C)[C@H](O)[C@H](C)O1,0.0,0.10527133174113895
bbbp,baseline,scaffold,1,CC1OC(OC2CC(O)(C(=O)CO)Cc3c(O)c4c(c(O)c32)C(=O)c2ccccc2C4=O)CC(N)C1O,0.0,0.1490169359736547
bbbp,baseline,scaffold,1,CO/N=C(\C(=O)N[C@@H]1C(=O)N2C(C(=O)O)=C(CSC(=O)c3ccco3)CS[C@H]12)c1csc(N)n1,0.0,0.12849814797339146
bbbp,baseline,scaffold,1,COc1nc2nc(-c3noc(C)n3)cn2c2c1CCCC2,1.0,0.9300798644054037
bbbp,baseline,scaffold,1,CN1CCC2=C(CC1)c1cc(C#N)ccc1Sc1ccccc12,1.0,0.9714316265582806
bbbp,baseline,scaffold,1,CN(C(=O)Cc1ccc(Cl)c(Cl)c1)C1CCCC[C@H]1N1CCCC1,1.0,0.9732308319854767
bbbp,baseline,scaffold,1,COc1cccc2c1C(=O)c1c(O)c3c(c(O)c1C2=O)C[C@@](O)(/C(C)=N/NC(=O)c1ccccc1)C[C@@H]3O[C@H]1C[C@H](N)[C@H](O)[C@H](C)O1.[Cl-].[H+],0.0,0.15403544441267714
bbbp,baseline,scaffold,1,CCC1(c2ccccc2)C(=O)NC(=O)NC1=O,1.0,0.9387607131320896
bbbp,baseline,scaffold,1,CCCCOCC(CN1C(=O)N(CC(COCCCC)OC(N)=O)C(=O)C(CC)(c2ccccc2)C1=O)OC(N)=O,1.0,0.31442497552674936
bbbp,baseline,scaffold,1,CCCCOCC(CN1C(=O)NC(=O)C(CC)(c2ccccc2)C1=O)OC(N)=O,1.0,0.5980833631625527
bbbp,baseline,scaffold,1,CCC1(c2ccccc2)C(=O)N(COC)C(=O)N(COC)C1=O,1.0,0.9604809156081199
bbbp,baseline,scaffold,1,CCC1(c2ccccc2)C(=O)NC(=O)N(C)C1=O,1.0,0.9388734746148043
bbbp,baseline,scaffold,1,C=C1CC[C@@]2(O)[C@H]3Cc4ccc(O)c5c4[C@@]2(CCN3CC2CC2)[C@H]1O5,1.0,0.9709791177895808
bbbp,baseline,scaffold,1,Nn1cnc2cc3ccccc3cc2c1=O,1.0,0.8648614207944854
bbbp,baseline,scaffold,1,O=C(O)CCc1nc(-c2ccccc2)c(-c2ccccc2)o1,0.0,0.7623230511143695
bbbp,baseline,scaffold,1,CC1=C(C(=O)O)N2C(=O)[C@@H](NC(=O)[C@H](N)C3=CCC=CC3)[C@H]2SC1,0.0,0.05184637123974642
bbbp,baseline,scaffold,1,CC1(C)O[C@@H]2C[C@H]3[C@@H]4CCC5=CC(=O)C=C[C@]5(C)[C@@]4(F)[C@@H](O)C[C@]3(C)[C@]2(C(=O)COC(=O)c2cc3ccccc3o2)O1,1.0,0.9408928580574056
bbbp,baseline,scaffold,1,Cc1nnc(SCC2=C(C(=O)O)N3C(=O)[C@@H](NC(=O)Cn4cc(Cl)c(=O)c(Cl)c4)[C@H]3SC2)s1,0.0,0.12020139834909009
bbbp,baseline,scaffold,1,C=C1C[C@H](C)[C@H]2[C@H]3Cc4ccc(O)cc4[C@@]2(CCN3CC2CCC2)C1,1.0,0.972518453715417
bbbp,baseline,scaffold,1,CNc1cc(OC)c(C(=O)N[C@@H]2CCN(Cc3ccccc3)[C@@H]2C)cc1Cl,1.0,0.9557562069070288
bbbp,baseline,scaffold,1,Cc1onc(-c2ccccc2Cl)c1C(=O)N[C@@H]1C(=O)N2[C@@H]1SC(C)(C)[C@@H]2C(=O)O,1.0,0.060458403887110206
bbbp,baseline,scaffold,1,Cc1onc(-c2ccccc2)c1C(=O)N[C@@H]1C(=O)N2[C@@H]1SC(C)(C)[C@@H]2C(=O)O,0.0,0.05786191170215277
bbbp,baseline,scaffold,1,Cc1onc(-c2c(F)cccc2Cl)c1C(=O)N[C@@H]1C(=O)N2[C@@H]1SC(C)(C)[C@@H]2C(=O)O,0.0,0.09537599706329827
bbbp,baseline,scaffold,1,Cc1onc(-c2c(Cl)cccc2Cl)c1C(=O)N[C@@H]1C(=O)N2[C@@H]1SC(C)(C)[C@@H]2C(=O)O,0.0,0.06393292764115613
bbbp,baseline,scaffold,1,O=C1CCNc2ccc(Cl)cc2N1c1ccccc1,1.0,0.9723227949215313
bbbp,baseline,scaffold,1,CCOC(=O)N1CCC(=O)N(c2ccccc2)c2cc(Cl)ccc21,1.0,0.953757573161667
bbbp,baseline,scaffold,1,CN(C)CCCN1c2ccccc2Sc2cccnc21,1.0,0.9770552096897234
bbbp,baseline,scaffold,1,Cc1cccc2c1Oc1ccccc1C1(O)CCN(C)CC21,1.0,0.9752368077330975
bbbp,baseline,scaffold,1,Cc1cccc2c1Oc1ccccc1C1(O)CCNCC21,1.0,0.9067627129510827
bbbp,baseline,scaffold,1,Cc1cccc2c1Oc1ccccc1[C@@]1(O)CCNC[C@H]21,1.0,0.9067627129510827
bbbp,baseline,scaffold,1,Cc1cccc2c1Oc1ccccc1[C@@]1(O)CCN(C)C[C@H]21,1.0,0.9752368077330975
bbbp,baseline,scaffold,1,CN1CC[C@@H]2c3cc(Cl)ccc3Oc3ccccc3[C@H]2C1,1.0,0.9725105061237447
bbbp,baseline,scaffold,1,Clc1ccc2c(c1)[C@H]1CCNC[C@@H]1c1ccccc1O2,1.0,0.9690578394543374
bbbp,baseline,scaffold,1,Cc1cccc2c1Oc1ccccc1[C@@]1(O)CCN(C)C[C@@H]21,1.0,0.9752368077330975
bbbp,baseline,scaffold,1,CCC1(CC)C(=O)NC=C(C)C1=O,1.0,0.9559875308373431
bbbp,baseline,scaffold,1,CCC1(CC)C(=O)C=CNC1=O,1.0,0.9433243908657861
bbbp,baseline,scaffold,1,C1CCc2nnnn2CC1,1.0,0.9623385626741588
bbbp,baseline,scaffold,1,NC(=O)N1c2ccccc2C=Cc2ccccc21,1.0,0.9601685700085151
bbbp,baseline,scaffold,1,CN(C)CCCN1c2ccccc2C=Cc2ccccc21,1.0,0.9825880734444238
bbbp,baseline,scaffold,1,CCc1cc2c(s1)N(C)C(=O)CN=C2c1ccccc1Cl,1.0,0.9631190712363065
bbbp,baseline,scaffold,1,OCCN1CCN(CCCN2c3ccccc3C=Cc3ccccc32)CC1,1.0,0.9833488635879816
bbbp,baseline,scaffold,1,O=C(O)c1cc(=O)c2ccccc2[nH]1,1.0,0.6211147173085754
bbbp,baseline,scaffold,1,CC[C@H]1OC(=O)[C@H](C)[C@@H](OC2CC(C)(OC)C(O)C(C)O2)C(C)[C@@H](OC2OC(C)CC(N(C)C)C2O)[C@](C)(O)C[C@@H](C)/C(=N\OC)[C@H](C)[C@@H](O)[C@]1(C)O,0.0,0.04413819971369494
bbbp,baseline,scaffold,1,CC[C@H]1OC(=O)[C@H](C)[C@@H](O[C@H]2C[C@@](C)(OC)[C@@H](O)[C@H](C)O2)[C@H](C)[C@@H](O[C@@H]2O[C@H](C)C[C@H](N(C)C)[C@H]2O)[C@](C)(O)C[C@@H](C)/C(=N/OCOCCOC)[C@H](C)[C@@H](O)[C@]1(C)O,0.0,0.04844823324145958
bbbp,baseline,scaffold,1,Cn1c(=O)c2nc[nH]c2n(C)c1=O,1.0,0.6578332912389148
bbbp,baseline,scaffold,1,Oc1ccc2c(c1)C13CCN(CC4CC4)C(C2)C1CCOC3,1.0,0.9731622787151312
bbbp,baseline,scaffold,1,O=C1CN=C(c2ccccn2)c2cc(Br)ccc2N1,1.0,0.956706590894988
bbbp,baseline,scaffold,1,CN1CCOC(c2ccccc2)c2ccccc2C1,1.0,0.9837654830819542
bbbp,baseline,scaffold,1,Cc1cc(NC(=O)c2c(C)cccc2C)no1,1.0,0.9683798024621613
bbbp,baseline,scaffold,1,CC[C@H](NC(=O)c1c(OCCNC(=O)Cc2ccccc2C(=O)O)c(-c2ccccc2)nc2ccccc12)c1ccccc1,0.0,0.2732368892108339
bbbp,baseline,scaffold,1,CC(NNC(=O)c1ccccc1)c1ccccc1,1.0,0.7713020166855249
bbbp,baseline,scaffold,1,CC1C2Cc3ccc(O)cc3C1(C)CCN2CC1CC1,1.0,0.9792621479042894
bbbp,baseline,scaffold,1,CC[C@]12CCN(CC3(O)CC3)[C@H](Cc3ccc(O)cc31)C2(C)C,1.0,0.9536407040386876
bbbp,baseline,scaffold,1,CCC12CCN(CC3CC3)C(Cc3ccc(O)cc31)C2(C)C,1.0,0.9728735219111799
bbbp,baseline,scaffold,1,CN1CCN(CCCN2c3ccccc3Sc3ccc(Cl)cc32)CC1,1.0,0.9816735583764874
bbbp,baseline,scaffold,1,OCCN1CCN(CCCN2c3ccccc3Sc3ccc(Cl)cc32)CC1,1.0,0.984308906569231
bbbp,baseline,scaffold,1,CCSc1ccc2c(c1)N(CCCN1CCN(C)CC1)c1ccccc1S2,1.0,0.9830297671112997
bbbp,baseline,scaffold,1,CN1CCN(CCCN2c3ccccc3Sc3ccc(C(F)(F)F)cc32)CC1,1.0,0.982769062961168
bbbp,baseline,scaffold,1,CC(=O)c1ccc2c(c1)N(CCCN1CCN(CCO)CC1)c1ccccc1S2,1.0,0.9825031596232016
bbbp,baseline,scaffold,1,CCC(=O)c1ccc2c(c1)N(CCCN1CCN(CCO)CC1)c1ccccc1S2,1.0,0.9777941809957134
bbbp,baseline,scaffold,1,CC(CN1CCN(CCOCCO)CC1)CN1c2ccccc2Sc2ccccc21,1.0,0.9652744117413737
bbbp,baseline,scaffold,1,OCCN1CCN(CCCN2c3ccccc3Sc3ccc(C(F)(F)F)cc32)CC1,1.0,0.9850470505094592
bbbp,baseline,scaffold,1,CCCC(=O)c1ccc2c(c1)N(CCCN1CCN(C)CC1)c1ccccc1S2,1.0,0.9777083493044656
bbbp,baseline,scaffold,1,CCCCCCC(=O)OCCN1CCN(CCCN2c3ccccc3Sc3ccc(C(F)(F)F)cc32)CC1,1.0,0.9292516391253213
bbbp,baseline,scaffold,1,CC(=O)OCCN1CCN(CCCN2c3ccccc3Sc3ccc(Cl)cc32)CC1,1.0,0.981880042221237
bbbp,baseline,scaffold,1,CN1CCN(CCCN2c3ccccc3Sc3ccc(S(=O)(=O)N(C)C)cc32)CC1,1.0,0.9828739382860422
bbbp,baseline,scaffold,1,CN(C)[C@@H]1C(=O)/C(=C(\N)O)C(=O)[C@@]2(O)C(=O)C3=C(O)c4c(O)ccc(Cl)c4[C@@](C)(O)[C@H]3C[C@@H]12.[Cl-].[H+],0.0,0.26468156389080866
bbbp,baseline,scaffold,1,CN(C)[C@@H]1C(=O)/C(=C(\N)O)C(=O)[C@@]2(O)C(=O)C3=C(O)c4c(O)ccc(Cl)c4[C@@](C)(O)[C@H]3C[C@@H]12,0.0,0.21201762361150725
bbbp,baseline,scaffold,1,C[C@H]1c2cccc(O)c2C(O)=C2C(=O)[C@]3(O)C(=O)/C(=C(/N)O)C(=O)[C@@H](N(C)C)[C@@H]3[C@@H](O)[C@@H]21.O,0.0,0.16845922930770635
bbbp,baseline,scaffold,1,CN(C)[C@@H]1C(=O)/C(=C(\N)O)C(=O)[C@@]2(O)C(=O)C3=C(O)c4c(O)cccc4[C@@](C)(O)[C@H]3[C@H](O)[C@@H]12.O.O,0.0,0.13849017119287033
bbbp,baseline,scaffold,1,CN(C)[C@@H]1C(=O)/C(=C(\N)O)C(=O)[C@@]2(O)C(=O)C3=C(O)c4c(O)cccc4[C@@](C)(O)[C@H]3C[C@@H]12,0.0,0.18376856759153265
bbbp,baseline,scaffold,1,CN(C)[C@@H]1C(=O)/C(=C(\N)O)C(=O)[C@@]2(O)C(=O)C3=C(O)c4c(O)ccc(Cl)c4[C@@H](O)[C@H]3C[C@@H]12,0.0,0.21254403802271862
bbbp,baseline,scaffold,1,CN(C)[C@@H]1C(=O)/C(=C(\N)O)C(=O)[C@@]2(O)C(=O)C3=C(O)c4c(ccc(N)c4O)C[C@H]3C[C@@H]12,0.0,0.2458361080407261
bbbp,baseline,scaffold,1,CN(C)[C@@H]1C(=O)/C(=C(/O)NCO)C(=O)[C@@]2(O)C(=O)C3=C(O)c4c(O)ccc(Cl)c4[C@@](C)(O)[C@H]3C[C@@H]12,0.0,0.27744037420664597
bbbp,baseline,scaffold,1,CN(C)[C@@H]1C(=O)/C(=C(\N)O)C(=O)[C@@]2(O)C(=O)C3=C(O)c4c(O)cccc4[C@@H](O)[C@H]3C[C@@H]12,0.0,0.1911264730116446
bbbp,baseline,scaffold,1,CN(C)[C@@H]1C(=O)/C(=C(/N)O)C(=O)[C@@]2(O)C(=O)C3=C(O)c4c(O)ccc(Cl)c4[C@@](C)(O)[C@H]3C[C@@H]12.[Cl-].[H+],0.0,0.26468156389080866
bbbp,baseline,scaffold,1,CN(C)[C@@H]1C(=O)/C(=C(\N)O)C(=O)[C@@]2(O)C(=O)C3=C(O)c4c(O)ccc([N+](=O)[O-])c4C[C@H]3C[C@@H]12,0.0,0.1776562592414813
bbbp,baseline,scaffold,1,O=C1C(O)=C(O)OC1C(O)CO,1.0,0.3694873879056512
bbbp,baseline,scaffold,1,CCC1(c2ccccc2)CCC(=O)NC1=O,1.0,0.9788810070624605
bbbp,baseline,scaffold,1,CCC1(c2ccc(N)cc2)CCC(=O)NC1=O,1.0,0.939720501030955
bbbp,baseline,scaffold,1,CC(=O)OCC(=O)OCC/C(SC(=O)c1ccco1)=C(/C)N(C=O)Cc1cnc(C)nc1N,1.0,0.9120789581726576
bbbp,baseline,scaffold,1,CCCSc1ccc2[nH]c(NC(=O)OC)nc2c1,1.0,0.7572342078155095
bbbp,baseline,scaffold,1,CCCSc1ccc2nc(NC(=O)OC)[nH]c2c1,1.0,0.7572342078155095
bbbp,baseline,scaffold,1,CC1(C)S[C@@H]2[C@H](NC(=O)[C@H](N)c3ccccc3)C(=O)N2[C@H]1C(=O)O.CC1(C)[C@H](C(=O)O)N2C(=O)C[C@H]2S1(=O)=O,0.0,0.13700408819295384
bbbp,baseline,scaffold,1,C[C@]12C=CC(=O)C=C1C(Cl)=C[C@@H]1[C@@H]2[C@@H](O)C[C@@]2(C)[C@H]1CC[C@]2(O)C(=O)CO,1.0,0.7725017715813024
bbbp,baseline,scaffold,1,NC1=NC(C(F)(F)F)(C(F)(F)F)NC1(C(F)(F)F)C(F)(F)F,1.0,0.9419991886706851
bbbp,baseline,scaffold,1,CCN[C@@H]1C[C@H](N)[C@@H](O[C@H]2OC(CN)=CC[C@H]2N)[C@H](O)[C@H]1O[C@H]1OC[C@](C)(O)[C@H](NC)[C@H]1O,0.0,0.07405847229775413
bbbp,baseline,scaffold,1,CN[C@@H]1[C@@H](O)[C@@H](O[C@@H]2[C@@H](O)[C@H](O[C@H]3OC(CN)=CC[C@H]3N)[C@@H](N)C[C@H]2N)OC[C@]1(C)O,0.0,0.07027276568993236
bbbp,baseline,scaffold,1,NNc1nncc2ccccc12,0.0,0.7746655364916587
bbbp,baseline,scaffold,1,COc1ccc(CN(CCN(C)C)c2ccccn2)cc1,0.0,0.9637930574811143
bbbp,baseline,scaffold,1,C[C@]12COC(=O)C[C@@H]1CC[C@@H]1[C@@H]2CC[C@@]2(C)[C@H]1CC[C@]2(C)O,0.0,0.7639355742212839
bbbp,baseline,scaffold,1,CC(=O)OCC1=C(C(=O)O)N2C(=O)[C@@H](NC(=O)CSc3ccncc3)[C@H]2SC1,0.0,0.08110748828027255
bbbp,baseline,scaffold,1,CN(CCN(C)CN/C(O)=C1\C(=O)[C@@H](N(C)C)[C@@H]2C[C@H]3C(=C(O)c4c(O)cccc4[C@@]3(C)O)C(=O)[C@]2(O)C1=O)CN/C(O)=C1\C(=O)[C@@H](N(C)C)[C@@H]2C[C@H]3C(=C(O)c4c(O)cccc4[C@@]3(C)O)C(=O)[C@]2(O)C1=O,0.0,0.15798748565903645
bbbp,baseline,scaffold,1,CC(CN(C)C)CN1c2ccccc2S(=O)(=O)c2ccccc21,1.0,0.9558409208558506
bbbp,baseline,scaffold,1,OCCN1CCN(CCCC2c3ccc(F)cc3Sc3ccc(C(F)(F)F)cc32)CC1,1.0,0.9833855842591974
bbbp,baseline,scaffold,1,OCCCN1CCN(CCCC2c3ccccc3Sc3ccc(Cl)cc32)CC1,1.0,0.9796537898229628
bbbp,baseline,scaffold,1,c1cc2c(c(N3CCNCC3)c1)OCCO2,1.0,0.9706736788142818
bbbp,baseline,scaffold,1,CN1CCN2c3ncccc3Cc3ccccc3C2C1,1.0,0.9833368866478832
bbbp,baseline,scaffold,1,Cc1nnc2n1-c1sc(Br)cc1C(c1ccccc1Cl)=NC2,1.0,0.9496994414472991
bbbp,baseline,scaffold,1,CCc1cc2c(s1)-n1c(C)nnc1CN=C2c1ccccc1Cl,1.0,0.9564662039515168
bbbp,baseline,scaffold,1,CN=C1CN(O)C(c2ccccc2)=c2cc(Cl)ccc2=N1,1.0,0.9640026165937163
bbbp,baseline,scaffold,1,O=C1CCCN1CCCCN1CCN(c2cc(C(F)(F)F)ccn2)CC1,1.0,0.979945637622473
bbbp,baseline,scaffold,1,O=C1CCCN1CCCCN1CCN(c2cc(C(F)(F)F)cc(Cl)n2)CC1,1.0,0.9796077491933627
bbbp,baseline,scaffold,1,Clc1ccc([C@@H]2[C@H]3CC[C@@H](C3)C23CCC(N2CCOCC2)=N3)cc1,1.0,0.9751369560793621
bbbp,baseline,scaffold,1,CC(C)(C)C(=O)OCOC(=O)C1N2C(=O)[C@@H](N=CN3CCCCCC3)[C@H]2SC1(C)C,0.0,0.5317301301741856
bbbp,baseline,scaffold,1,CCOC(=O)OC(C)OC(=O)[C@@H]1N2C(=O)[C@@H](N=CN3CCCCCC3)[C@H]2SC1(C)C,0.0,0.4778440100436431
bbbp,baseline,scaffold,1,CC1(C)S[C@@H]2[C@H](N=CN3CCCCCC3)C(=O)N2[C@H]1C(=O)O,0.0,0.33254788124142937
bbbp,baseline,scaffold,1,O=C1CC2(CCCC2)CC(=O)N1CCNCC1COc2ccccc2O1,1.0,0.9436372632516387
bbbp,baseline,scaffold,1,O=C(CCCN1CCN(c2cc3ccccc3cn2)CC1)c1ccc(F)cc1,1.0,0.9798586590282444
bbbp,baseline,scaffold,1,CN1C(CC(=O)c2ccccc2)CCCC1CC(O)c1ccccc1,1.0,0.8282354745098702
bbbp,baseline,scaffold,1,CN1CCN(C2=Cc3cc(Cl)ccc3/C(=C\C#N)c3ccccc32)CC1,1.0,0.9698883275279435
bbbp,baseline,scaffold,1,NCCn1ncc2cc(Cl)c(Cl)cc21,1.0,0.9362872103724202
bbbp,baseline,scaffold,1,CCC(C(N)=O)N1CCCC1=O,1.0,0.9446015104428648
bbbp,baseline,scaffold,1,NC(=O)CN1CC(O)CC1=O,1.0,0.9054428856402801
bbbp,baseline,scaffold,1,NC(=O)CN1CCCC1=O,1.0,0.9411394446746292
bbbp,baseline,scaffold,1,CC(C)N(CCNC(=O)CN1CCCC1=O)C(C)C,1.0,0.9368696610172565
bbbp,baseline,scaffold,1,CC(C)(C)OC(=O)c1ncn2c1[C@@H]1CCCN1C(=O)c1c(Br)cccc1-2,1.0,0.8122403354409397
bbbp,baseline,scaffold,1,OC(CN1CCCCC1)c1cc(-c2ccccc2)on1,1.0,0.9565311711016958
bbbp,baseline,scaffold,1,CC1(C)S[C@@H]2[C@H](NC(=O)c3nc4ccccc4nc3C(=O)O)C(=O)N2[C@H]1C(=O)O,0.0,0.047379691247863114
bbbp,baseline,scaffold,1,CO[C@H](C(=O)[C@@H](O)[C@@H](C)O)[C@@H]1Cc2cc3cc(O[C@H]4C[C@@H](O[C@H]5C[C@@H](O)[C@H](O)[C@@H](C)O5)[C@H](O)[C@@H](C)O4)c(C)c(O)c3c(O)c2C(=O)[C@H]1O[C@H]1C[C@@H](O[C@H]2C[C@@H](O[C@H]3C[C@](C)(O)[C@H](O)[C@@H](C)O3)[C@H](O)[C@@H](C)O2)[C@H](O)[C@@H](C)O1,1.0,0.09071799181145067
bbbp,baseline,scaffold,1,OC(C1=NCCN1)(c1ccc(Cl)cc1)c1ccccn1,1.0,0.7839729067002799
bbbp,baseline,scaffold,1,CCNC1(c2cccs2)CCCCC1=O,1.0,0.9796899040593938
bbbp,baseline,scaffold,1,Clc1ccccc1C1=NCc2nnc(C3CCCCC3)n2-c2sc(Br)cc21,1.0,0.9323969882344411
bbbp,baseline,scaffold,1,O=C(NC(=O)c1ccccc1)NC1CCN(Cc2ccc3ccccc3c2)CC1,1.0,0.7918950803098556
bbbp,baseline,scaffold,1,CN1CCC(=C2c3ccccc3C(O)c3ccccc32)CC1,1.0,0.9816890987182001
bbbp,baseline,scaffold,1,CCCN(CCC)C1Cc2cccc3cc(O)cc(c23)C1,1.0,0.9693171758760819
bbbp,baseline,scaffold,1,CNCCCC1c2ccccc2C=Cc2ccccc21,1.0,0.9809023203775982
bbbp,baseline,scaffold,1,NC(=O)C1c2ccccc2C=Cc2ccccc21,1.0,0.939824903741305
bbbp,baseline,scaffold,1,O=[N+]([O-])c1cc[nH]c1NCCSCc1ccccn1,1.0,0.8402423476855675
bbbp,baseline,scaffold,1,Cc1cc(C(C)(C)SC(C)(C)CNc2[nH]ccc2[N+](=O)[O-])nc(C)c1C,1.0,0.7950379339510139
bbbp,baseline,scaffold,1,CC(C)(Oc1ccc(Cl)cc1)C(=O)N[C@@H](C(=O)N[C@@H]1C(=O)N2[C@@H]1SC(C)(C)[C@@H]2C(=O)O)c1ccccc1,0.0,0.06950384016333865
bbbp,baseline,scaffold,1,Cc1ccc(CC2=CNC(NCCSCc3ccc(CN(C)C)o3)=NC2)cn1,0.0,0.7430231611698684
bbbp,baseline,scaffold,1,CN1CC(=O)N=C1NC(=O)Nc1cccc(Cl)c1,1.0,0.8535775685429424
bbbp,baseline,scaffold,1,CN(CCc1cc2cccc3c2n1-c1ccccc1CC3)Cc1ccccc1,1.0,0.9622843804052543
bbbp,baseline,scaffold,1,CC(C)(C)NC(=O)C1CC2CCCCC2CN1CC(O)C(Cc1ccccc1)NC(=O)C(CC(N)=O)NC(=O)c1ccc2ccccc2n1,1.0,0.16667208161972874
bbbp,baseline,scaffold,1,CC(C)(C)NC(=O)[C@@H]1C[C@@H]2CCCC[C@@H]2CN1C[C@@H](O)[C@H](Cc1ccccc1)NC(=O)[C@H](CC(N)=O)NC(=O)c1ccc2ccccc2n1,0.0,0.16667208161972874
bbbp,baseline,scaffold,1,NC(=O)c1cn(Cc2c(F)cccc2F)nn1,1.0,0.9395609962305794
bbbp,baseline,scaffold,1,CN(C)CCCN1c2ccccc2C=Cc2sccc21,1.0,0.978038369424917
bbbp,baseline,scaffold,1,O=C(Cc1ccc(Cl)c(Cl)c1)N1CCn2ccnc2[C@H]1CN1CCCC1,1.0,0.8926335967451038
bbbp,baseline,scaffold,1,O=C(Cc1ccc(Cl)c(Cl)c1)N1CCn2ccnc2[C@H]1CN1CC[C@@H](O)C1,0.0,0.49041812454651346
bbbp,baseline,scaffold,1,CSc1c(Cl)nc(NC(C)C)nc1N1CCN(C)CC1,1.0,0.9488706387976417
bbbp,baseline,scaffold,1,CNc1nc(Cl)c(SC)c(N2CCN(C)CC2)n1,1.0,0.9608235098150302
bbbp,baseline,scaffold,1,CC(C)C1NC(=O)[C@@H](C(C)C)OC(=O)[C@H](C(C)C)NC(=O)[C@H](C)OC(=O)[C@@H](C(C)C)NC(=O)[C@@H](C(C)C)OC(=O)[C@H](C(C)C)NC(=O)[C@H](C)OC(=O)[C@@H](C(C)C)NC(=O)[C@@H](C(C)C)OC(=O)[C@H](C(C)C)NC(=O)[C@H](C)OC1=O,0.0,0.07304541846950802
bbbp,baseline,scaffold,1,CO/N=C(\C(=O)N[C@@H]1C(=O)N2C(C(=O)O)=C(COC(N)=O)CS[C@H]12)c1ccco1,1.0,0.08540664070252615
bbbp,baseline,scaffold,1,CO/N=C(\C(=O)N[C@@H]1C(=O)N2C(C(=O)O)=C(COC(C)=O)CS[C@H]12)c1ccco1,0.0,0.07989099830392424
bbbp,baseline,scaffold,1,CO/N=C(\C(=O)N[C@@H]1C(=O)N2C(C(=O)OC(C)OC(C)=O)=C(COC(N)=O)CS[C@H]12)c1ccco1,0.0,0.14376868847453617
bbbp,baseline,scaffold,1,COCCCC(=O)OC(C)OC(=O)C1=C(COC(N)=O)CS[C@@H]2[C@H](NC(=O)/C(=N\OC)c3ccco3)C(=O)N12,0.0,0.2845080077345922
bbbp,baseline,scaffold,1,CN(C)CC/C=C1/c2ccccc2COc2ccccc21.[Cl-].[H+],1.0,0.9764378915538297
bbbp,baseline,scaffold,1,CN(C)CCC=C1c2ccccc2COc2ccccc21,1.0,0.9818118953470851
bbbp,baseline,scaffold,1,COc1cc2c(cc1OC)C(c1cccc(Cl)c1)=NN=C(C)C2,1.0,0.9511423666059274
bbbp,baseline,scaffold,1,CCC1C(C)=NN=C(c2ccc(OC)c(OC)c2)c2cc(OC)c(OC)cc21,1.0,0.7984234059219304
bbbp,baseline,scaffold,1,COc1cc2c(cc1OC)C(c1ccc(N)cc1)=NN=C(C)C2,1.0,0.9549428627709418
bbbp,baseline,scaffold,1,CC(Cc1ccc(O)cc1)NCC(O)c1cc(O)cc(O)c1,0.0,0.16001654509925706
bbbp,baseline,scaffold,1,CCC(NC(=O)c1c(C)c(-c2ccccc2)nc2ccccc12)c1ccccc1,1.0,0.7792943709721881
bbbp,baseline,scaffold,1,CC[C@H](NC(=O)c1c(C)c(-c2ccccc2)nc2ccccc12)c1ccccc1,1.0,0.7792943709721881
bbbp,baseline,scaffold,1,CC[C@H](NC(=O)c1c(O)c(-c2ccccc2)nc2ccccc12)c1ccccc1,1.0,0.49748432862194875
bbbp,baseline,scaffold,1,CC[C@H](NC(=O)c1c(OCCCN(C)C)c(-c2ccccc2)nc2ccccc12)c1ccccc1,1.0,0.4065032668480511
bbbp,baseline,scaffold,1,CC[C@H](NC(=O)c1c(OCC(=O)O)c(-c2ccccc2)nc2ccccc12)c1ccccc1,0.0,0.5546776559642581
bbbp,baseline,scaffold,1,CC[C@H](NC(=O)c1c(OCCCC(=O)O)c(-c2ccccc2)nc2ccccc12)c1ccccc1,0.0,0.2717981189238658
bbbp,baseline,scaffold,1,CN(C(=O)CNC1CC1)c1ccc(Cl)cc1C(=O)c1ccccc1Cl,1.0,0.9226058692283227
bbbp,baseline,scaffold,1,CCCC(C)C1(CC)C(=O)NC(=S)NC1=O,0.0,0.9520905638570604
bbbp,baseline,scaffold,1,CCCC(C)C1(CCSC)C(=O)NC(=S)NC1=O,1.0,0.9324931093735168
bbbp,baseline,scaffold,1,C=CCC1(C(C)CCC)C(=O)NC(=S)NC1=O,1.0,0.9568821403773309
bbbp,baseline,scaffold,1,CCCC(CC)C1(CC)C(=O)NC(=S)NC1=O,1.0,0.9527964979612417
bbbp,baseline,scaffold,1,O=C(c1ccc(F)cc1)C1CCN(CCCN2c3ccccc3Sc3ccc(C(F)(F)F)cc32)CC1,1.0,0.9563355174856945
bbbp,baseline,scaffold,1,CC(=O)NCCCOc1cccc(CN2CCCCC2)c1,1.0,0.9441509195905898
bbbp,baseline,scaffold,1,OCCCOc1cccc(CN2CCCCC2)c1,1.0,0.9566063646801676
bbbp,baseline,scaffold,1,OC1OC(COCCOC(O)C(Cl)(Cl)Cl)C(OC2OC(COCCOCCOC(O)C(Cl)(Cl)Cl)CC(OC(O)C(Cl)(Cl)Cl)C2O)C(OCCOCCOC(O)C(Cl)(Cl)Cl)C1O,1.0,0.08293438976337575
bbbp,baseline,scaffold,1,O=C1NC(=O)C2(c3ccc(Cl)cc3)CC12,1.0,0.9652447437337084
bbbp,baseline,scaffold,1,CNCCCN1c2ccccc2C(C)(C)c2ccccc21,1.0,0.9840422043597338
bbbp,baseline,scaffold,1,CN(C)CCCC1c2ccccc2Nc2ccc(Cl)cc21,1.0,0.9585353470571075
bbbp,baseline,scaffold,1,CN(C)CCCN1c2ccccc2C(C)(C)c2ccccc21,1.0,0.9803087577603841
bbbp,baseline,scaffold,1,CC(C)[C@@H](CN1CCCC1)N(C)C(=O)Cc1ccc(Cl)c(Cl)c1,1.0,0.9727628310443528
bbbp,baseline,scaffold,1,CN1CCN(c2c(F)cc3c(=O)c(C(=O)O)cn(CCF)c3c2F)CC1,0.0,0.4728518623967202
bbbp,baseline,scaffold,1,CCn1cc(C(=O)O)c(=O)c2cc(F)c(N3CCNC(C)C3)c(F)c21,0.0,0.35501988111536803
bbbp,baseline,scaffold,1,CCn1cc(C(=O)O)c(=O)c2cc(F)c(N3CCNCC3)cc21,0.0,0.5314654869032518
bbbp,baseline,scaffold,1,CCn1cc(C(=O)O)c(=O)c2cc(F)c(N3CCN(C)CC3)cc21,0.0,0.5060841557660529
bbbp,baseline,scaffold,1,O=C1NCCNC1c1cccs1,1.0,0.9112118374391869
bbbp,baseline,scaffold,1,O=c1ncnc2[nH][nH]cc1-2,0.0,0.6215994767380523
bbbp,baseline,scaffold,1,CC1(C)O[C@@H]2C[C@H]3C4CCC5CC(=O)CCC5(C)[C@@]4(F)[C@@H](O)CC3(C)[C@]2(C(=O)CO)O1,1.0,0.947550194655372
bbbp,baseline,scaffold,1,O=C1c2ccccc2S(=O)(=O)N1CCCCN1CCN(c2ncccn2)CC1.[Cl-].[H+],1.0,0.9355939946323799
bbbp,baseline,scaffold,1,CC(C)N=c1cc2n(-c3ccc(Cl)cc3)c3ccccc3nc-2cc1Nc1ccc(Cl)cc1,0.0,0.6499764603472971
bbbp,baseline,scaffold,1,NC(=O)CN1C(=O)COc2ccccc21,1.0,0.9687916081355629
bbbp,baseline,scaffold,1,O=C(O)/C=C\C(=O)O.O=C(O)/C=C\C(=O)O.c1cc(CN2CCCCC2)cc(OCCCNc2nc3ccccc3s2)c1,1.0,0.3216013947573617
bbbp,baseline,scaffold,1,COc1cccnc1CCCCNc1ncc(Cc2ccc(C)nc2)c(=O)[nH]1.[Cl-].[Cl-].[Cl-].[H+].[H+].[H+],0.0,0.7391943177081551
bbbp,baseline,scaffold,1,Cc1ccc(Cc2cnc(NCCCCc3ncc(Br)cc3C)[nH]c2=O)cn1,0.0,0.7816960683703799
bbbp,baseline,scaffold,1,CN1c2cc(F)ccc2C(c2ccccc2)=NCC1CNC(=O)c1ccoc1,1.0,0.9611155681902874
bbbp,baseline,scaffold,1,COc1ccc2nc(S(=O)Cc3ncc(C)c(OC)c3C)[nH]c2c1,0.0,0.873227092618476
bbbp,baseline,scaffold,1,CC(=O)NCCn1c(C)cc(C=O)c1C,1.0,0.9505928413897046
bbbp,baseline,scaffold,1,Cc1c(N(C)C)c(=O)n(-c2ccccc2)n1C,1.0,0.9696233010039732
bbbp,baseline,scaffold,1,Cc1cc(=O)n(-c2ccccc2)n1C,1.0,0.9792887603377213
bbbp,gnn,scaffold,1,COc1cccc2c1C(=O)c1c(O)c3c(c(O)c1C2=O)C[C@@](O)(C(=O)CO)C[C@@H]3O[C@H]1C[C@H](N)[C@H](O)[C@H](C)O1,0.0,0.00010513101005926728
bbbp,gnn,scaffold,1,COc1cccc2c1C(=O)c1c(O)c3c(c(O)c1C2=O)C[C@@](O)(C(C)=O)C[C@@H]3O[C@H]1C[C@H](N)[C@H](O)[C@H](C)O1,0.0,4.097976125194691e-05
bbbp,gnn,scaffold,1,CC(=O)[C@]1(N)Cc2c(O)c3c(c(O)c2[C@@H](O[C@H]2C[C@H](O)[C@H](O)CO2)C1)C(=O)c1ccccc1C3=O.[Cl-].[H+],0.0,0.000242234455072321
bbbp,gnn,scaffold,1,CC(=O)[C@]1(O)Cc2c(O)c3c(c(O)c2C(OC2CC(N)C(O)C(C)O2)C1)C(=O)c1c(O)cccc1C3=O,0.0,1.0226592621620512e-06
bbbp,gnn,scaffold,1,CCOC(OCC)C(=O)OCC(=O)C1(O)Cc2c(O)c3c(c(O)c2C(OC2CC(N)C(O)C(C)O2)C1)C(=O)c1c(OC)cccc1C3=O,0.0,4.106348569621332e-06
bbbp,gnn,scaffold,1,COc1cccc2c1C(=O)c1c(O)c3c(c(O)c1C2=O)C[C@](O)(C(=O)CO)C[C@H]3OC1CC(N)CC(C)O1,0.0,9.065039193956181e-05
bbbp,gnn,scaffold,1,CC(=O)[C@]1(O)Cc2c(O)c3c(c(O)c2[C@@H](O[C@H]2C[C@H](N)[C@H](O)[C@H](C)O2)C1)C(=O)c1ccccc1C3=O,0.0,8.524720033165067e-05
bbbp,gnn,scaffold,1,COc1cccc2c1C(=O)c1c(O)c3c(c(O)c1C2=O)C[C@@](O)(C(=O)CO)C[C@@H]3O[C@H]1C[C@H](NC(=O)[C@@H](N)CC(C)C)[C@H](O)[C@H](C)O1,0.0,4.711133806267753e-05
bbbp,gnn,scaffold,1,CC1OC(OC2CC(O)(C(=O)CO)Cc3c(O)c4c(c(O)c32)C(=O)c2ccccc2C4=O)CC(N)C1O,0.0,1.1657317372737452e-05
bbbp,gnn,scaffold,1,CO/N=C(\C(=O)N[C@@H]1C(=O)N2C(C(=O)O)=C(CSC(=O)c3ccco3)CS[C@H]12)c1csc(N)n1,0.0,0.10263871401548386
bbbp,gnn,scaffold,1,COc1nc2nc(-c3noc(C)n3)cn2c2c1CCCC2,1.0,0.23127852380275726
bbbp,gnn,scaffold,1,CN1CCC2=C(CC1)c1cc(C#N)ccc1Sc1ccccc12,1.0,0.999991774559021
bbbp,gnn,scaffold,1,CN(C(=O)Cc1ccc(Cl)c(Cl)c1)C1CCCC[C@H]1N1CCCC1,1.0,0.9710120558738708
bbbp,gnn,scaffold,1,COc1cccc2c1C(=O)c1c(O)c3c(c(O)c1C2=O)C[C@@](O)(/C(C)=N/NC(=O)c1ccccc1)C[C@@H]3O[C@H]1C[C@H](N)[C@H](O)[C@H](C)O1.[Cl-].[H+],0.0,8.158986747730523e-05
bbbp,gnn,scaffold,1,CCC1(c2ccccc2)C(=O)NC(=O)NC1=O,1.0,0.996701180934906
bbbp,gnn,scaffold,1,CCCCOCC(CN1C(=O)N(CC(COCCCC)OC(N)=O)C(=O)C(CC)(c2ccccc2)C1=O)OC(N)=O,1.0,0.9992697834968567
bbbp,gnn,scaffold,1,CCCCOCC(CN1C(=O)NC(=O)C(CC)(c2ccccc2)C1=O)OC(N)=O,1.0,0.9940029978752136
bbbp,gnn,scaffold,1,CCC1(c2ccccc2)C(=O)N(COC)C(=O)N(COC)C1=O,1.0,0.9954832792282104
bbbp,gnn,scaffold,1,CCC1(c2ccccc2)C(=O)NC(=O)N(C)C1=O,1.0,0.9986735582351685
bbbp,gnn,scaffold,1,C=C1CC[C@@]2(O)[C@H]3Cc4ccc(O)c5c4[C@@]2(CCN3CC2CC2)[C@H]1O5,1.0,0.9999605417251587
bbbp,gnn,scaffold,1,Nn1cnc2cc3ccccc3cc2c1=O,1.0,0.49558383226394653
bbbp,gnn,scaffold,1,O=C(O)CCc1nc(-c2ccccc2)c(-c2ccccc2)o1,0.0,0.29876214265823364
bbbp,gnn,scaffold,1,CC1=C(C(=O)O)N2C(=O)[C@@H](NC(=O)[C@H](N)C3=CCC=CC3)[C@H]2SC1,0.0,0.00034034467535093427
bbbp,gnn,scaffold,1,CC1(C)O[C@@H]2C[C@H]3[C@@H]4CCC5=CC(=O)C=C[C@]5(C)[C@@]4(F)[C@@H](O)C[C@]3(C)[C@]2(C(=O)COC(=O)c2cc3ccccc3o2)O1,1.0,0.9971151351928711
bbbp,gnn,scaffold,1,Cc1nnc(SCC2=C(C(=O)O)N3C(=O)[C@@H](NC(=O)Cn4cc(Cl)c(=O)c(Cl)c4)[C@H]3SC2)s1,0.0,0.006886832416057587
bbbp,gnn,scaffold,1,C=C1C[C@H](C)[C@H]2[C@H]3Cc4ccc(O)cc4[C@@]2(CCN3CC2CCC2)C1,1.0,0.9999440908432007
bbbp,gnn,scaffold,1,CNc1cc(OC)c(C(=O)N[C@@H]2CCN(Cc3ccccc3)[C@@H]2C)cc1Cl,1.0,0.4220539331436157
bbbp,gnn,scaffold,1,Cc1onc(-c2ccccc2Cl)c1C(=O)N[C@@H]1C(=O)N2[C@@H]1SC(C)(C)[C@@H]2C(=O)O,1.0,0.0022920637857168913
bbbp,gnn,scaffold,1,Cc1onc(-c2ccccc2)c1C(=O)N[C@@H]1C(=O)N2[C@@H]1SC(C)(C)[C@@H]2C(=O)O,0.0,0.00616213446483016
bbbp,gnn,scaffold,1,Cc1onc(-c2c(F)cccc2Cl)c1C(=O)N[C@@H]1C(=O)N2[C@@H]1SC(C)(C)[C@@H]2C(=O)O,0.0,0.0008952756179496646
bbbp,gnn,scaffold,1,Cc1onc(-c2c(Cl)cccc2Cl)c1C(=O)N[C@@H]1C(=O)N2[C@@H]1SC(C)(C)[C@@H]2C(=O)O,0.0,0.0006393069052137434
bbbp,gnn,scaffold,1,O=C1CCNc2ccc(Cl)cc2N1c1ccccc1,1.0,0.9881348609924316
bbbp,gnn,scaffold,1,CCOC(=O)N1CCC(=O)N(c2ccccc2)c2cc(Cl)ccc21,1.0,0.9945327043533325
bbbp,gnn,scaffold,1,CN(C)CCCN1c2ccccc2Sc2cccnc21,1.0,0.9508739113807678
bbbp,gnn,scaffold,1,Cc1cccc2c1Oc1ccccc1C1(O)CCN(C)CC21,1.0,0.9999533891677856
bbbp,gnn,scaffold,1,Cc1cccc2c1Oc1ccccc1C1(O)CCNCC21,1.0,0.9998992681503296
bbbp,gnn,scaffold,1,Cc1cccc2c1Oc1ccccc1[C@@]1(O)CCNC[C@H]21,1.0,0.9985039234161377
bbbp,gnn,scaffold,1,Cc1cccc2c1Oc1ccccc1[C@@]1(O)CCN(C)C[C@H]21,1.0,0.9993589520454407
bbbp,gnn,scaffold,1,CN1CC[C@@H]2c3cc(Cl)ccc3Oc3ccccc3[C@H]2C1,1.0,0.9982699155807495
bbbp,gnn,scaffold,1,Clc1ccc2c(c1)[C@H]1CCNC[C@@H]1c1ccccc1O2,1.0,0.9968240261077881
bbbp,gnn,scaffold,1,Cc1cccc2c1Oc1ccccc1[C@@]1(O)CCN(C)C[C@@H]21,1.0,0.9968168139457703
bbbp,gnn,scaffold,1,CCC1(CC)C(=O)NC=C(C)C1=O,1.0,0.9999439716339111
bbbp,gnn,scaffold,1,CCC1(CC)C(=O)C=CNC1=O,1.0,0.9999611377716064
bbbp,gnn,scaffold,1,C1CCc2nnnn2CC1,1.0,0.8001193404197693
bbbp,gnn,scaffold,1,NC(=O)N1c2ccccc2C=Cc2ccccc21,1.0,0.9446143507957458
bbbp,gnn,scaffold,1,CN(C)CCCN1c2ccccc2C=Cc2ccccc21,1.0,0.977024257183075
bbbp,gnn,scaffold,1,CCc1cc2c(s1)N(C)C(=O)CN=C2c1ccccc1Cl,1.0,0.9979156851768494
bbbp,gnn,scaffold,1,OCCN1CCN(CCCN2c3ccccc3C=Cc3ccccc32)CC1,1.0,0.945141613483429
bbbp,gnn,scaffold,1,O=C(O)c1cc(=O)c2ccccc2[nH]1,1.0,0.3857406675815582
bbbp,gnn,scaffold,1,CC[C@H]1OC(=O)[C@H](C)[C@@H](OC2CC(C)(OC)C(O)C(C)O2)C(C)[C@@H](OC2OC(C)CC(N(C)C)C2O)[C@](C)(O)C[C@@H](C)/C(=N\OC)[C@H](C)[C@@H](O)[C@]1(C)O,0.0,1.5601462344250194e-09
bbbp,gnn,scaffold,1,CC[C@H]1OC(=O)[C@H](C)[C@@H](O[C@H]2C[C@@](C)(OC)[C@@H](O)[C@H](C)O2)[C@H](C)[C@@H](O[C@@H]2O[C@H](C)C[C@H](N(C)C)[C@H]2O)[C@](C)(O)C[C@@H](C)/C(=N/OCOCCOC)[C@H](C)[C@@H](O)[C@]1(C)O,0.0,1.5608918602083577e-07
bbbp,gnn,scaffold,1,Cn1c(=O)c2nc[nH]c2n(C)c1=O,1.0,0.4976005554199219
bbbp,gnn,scaffold,1,Oc1ccc2c(c1)C13CCN(CC4CC4)C(C2)C1CCOC3,1.0,0.9999978542327881
bbbp,gnn,scaffold,1,O=C1CN=C(c2ccccn2)c2cc(Br)ccc2N1,1.0,0.9804176092147827
bbbp,gnn,scaffold,1,CN1CCOC(c2ccccc2)c2ccccc2C1,1.0,0.9999102354049683
bbbp,gnn,scaffold,1,Cc1cc(NC(=O)c2c(C)cccc2C)no1,1.0,0.9169887900352478
bbbp,gnn,scaffold,1,CC[C@H](NC(=O)c1c(OCCNC(=O)Cc2ccccc2C(=O)O)c(-c2ccccc2)nc2ccccc12)c1ccccc1,0.0,0.0478401817381382
bbbp,gnn,scaffold,1,CC(NNC(=O)c1ccccc1)c1ccccc1,1.0,0.6209893226623535
bbbp,gnn,scaffold,1,CC1C2Cc3ccc(O)cc3C1(C)CCN2CC1CC1,1.0,0.9999635219573975
bbbp,gnn,scaffold,1,CC[C@]12CCN(CC3(O)CC3)[C@H](Cc3ccc(O)cc31)C2(C)C,1.0,0.999670147895813
bbbp,gnn,scaffold,1,CCC12CCN(CC3CC3)C(Cc3ccc(O)cc31)C2(C)C,1.0,0.9999997615814209
bbbp,gnn,scaffold,1,CN1CCN(CCCN2c3ccccc3Sc3ccc(Cl)cc32)CC1,1.0,0.9995895028114319
bbbp,gnn,scaffold,1,OCCN1CCN(CCCN2c3ccccc3Sc3ccc(Cl)cc32)CC1,1.0,0.9893326759338379
bbbp,gnn,scaffold,1,CCSc1ccc2c(c1)N(CCCN1CCN(C)CC1)c1ccccc1S2,1.0,0.9980918765068054
bbbp,gnn,scaffold,1,CN1CCN(CCCN2c3ccccc3Sc3ccc(C(F)(F)F)cc32)CC1,1.0,0.9999722242355347
bbbp,gnn,scaffold,1,CC(=O)c1ccc2c(c1)N(CCCN1CCN(CCO)CC1)c1ccccc1S2,1.0,0.9561322331428528
bbbp,gnn,scaffold,1,CCC(=O)c1ccc2c(c1)N(CCCN1CCN(CCO)CC1)c1ccccc1S2,1.0,0.9304702281951904
bbbp,gnn,scaffold,1,CC(CN1CCN(CCOCCO)CC1)CN1c2ccccc2Sc2ccccc21,1.0,0.921449601650238
bbbp,gnn,scaffold,1,OCCN1CCN(CCCN2c3ccccc3Sc3ccc(C(F)(F)F)cc32)CC1,1.0,0.999538779258728
bbbp,gnn,scaffold,1,CCCC(=O)c1ccc2c(c1)N(CCCN1CCN(C)CC1)c1ccccc1S2,1.0,0.9972999691963196
bbbp,gnn,scaffold,1,CCCCCCC(=O)OCCN1CCN(CCCN2c3ccccc3Sc3ccc(C(F)(F)F)cc32)CC1,1.0,0.9999731779098511
bbbp,gnn,scaffold,1,CC(=O)OCCN1CCN(CCCN2c3ccccc3Sc3ccc(Cl)cc32)CC1,1.0,0.9984484910964966
bbbp,gnn,scaffold,1,CN1CCN(CCCN2c3ccccc3Sc3ccc(S(=O)(=O)N(C)C)cc32)CC1,1.0,0.9967753291130066
bbbp,gnn,scaffold,1,CN(C)[C@@H]1C(=O)/C(=C(\N)O)C(=O)[C@@]2(O)C(=O)C3=C(O)c4c(O)ccc(Cl)c4[C@@](C)(O)[C@H]3C[C@@H]12.[Cl-].[H+],0.0,0.000758756825234741
bbbp,gnn,scaffold,1,CN(C)[C@@H]1C(=O)/C(=C(\N)O)C(=O)[C@@]2(O)C(=O)C3=C(O)c4c(O)ccc(Cl)c4[C@@](C)(O)[C@H]3C[C@@H]12,0.0,0.0004929622518830001
bbbp,gnn,scaffold,1,C[C@H]1c2cccc(O)c2C(O)=C2C(=O)[C@]3(O)C(=O)/C(=C(/N)O)C(=O)[C@@H](N(C)C)[C@@H]3[C@@H](O)[C@@H]21.O,0.0,7.180430111475289e-05
bbbp,gnn,scaffold,1,CN(C)[C@@H]1C(=O)/C(=C(\N)O)C(=O)[C@@]2(O)C(=O)C3=C(O)c4c(O)cccc4[C@@](C)(O)[C@H]3[C@H](O)[C@@H]12.O.O,0.0,0.00029385153902694583
bbbp,gnn,scaffold,1,CN(C)[C@@H]1C(=O)/C(=C(\N)O)C(=O)[C@@]2(O)C(=O)C3=C(O)c4c(O)cccc4[C@@](C)(O)[C@H]3C[C@@H]12,0.0,0.0011265658540651202
bbbp,gnn,scaffold,1,CN(C)[C@@H]1C(=O)/C(=C(\N)O)C(=O)[C@@]2(O)C(=O)C3=C(O)c4c(O)ccc(Cl)c4[C@@H](O)[C@H]3C[C@@H]12,0.0,0.00210773223079741
bbbp,gnn,scaffold,1,CN(C)[C@@H]1C(=O)/C(=C(\N)O)C(=O)[C@@]2(O)C(=O)C3=C(O)c4c(ccc(N)c4O)C[C@H]3C[C@@H]12,0.0,0.0046847970224916935
bbbp,gnn,scaffold,1,CN(C)[C@@H]1C(=O)/C(=C(/O)NCO)C(=O)[C@@]2(O)C(=O)C3=C(O)c4c(O)ccc(Cl)c4[C@@](C)(O)[C@H]3C[C@@H]12,0.0,0.0003262335667386651
bbbp,gnn,scaffold,1,CN(C)[C@@H]1C(=O)/C(=C(\N)O)C(=O)[C@@]2(O)C(=O)C3=C(O)c4c(O)cccc4[C@@H](O)[C@H]3C[C@@H]12,0.0,0.004658589139580727
bbbp,gnn,scaffold,1,CN(C)[C@@H]1C(=O)/C(=C(/N)O)C(=O)[C@@]2(O)C(=O)C3=C(O)c4c(O)ccc(Cl)c4[C@@](C)(O)[C@H]3C[C@@H]12.[Cl-].[H+],0.0,0.0006831210921518505
bbbp,gnn,scaffold,1,CN(C)[C@@H]1C(=O)/C(=C(\N)O)C(=O)[C@@]2(O)C(=O)C3=C(O)c4c(O)ccc([N+](=O)[O-])c4C[C@H]3C[C@@H]12,0.0,0.004799563437700272
bbbp,gnn,scaffold,1,O=C1C(O)=C(O)OC1C(O)CO,1.0,0.008031710051000118
bbbp,gnn,scaffold,1,CCC1(c2ccccc2)CCC(=O)NC1=O,1.0,0.9998788833618164
bbbp,gnn,scaffold,1,CCC1(c2ccc(N)cc2)CCC(=O)NC1=O,1.0,0.9986087679862976
bbbp,gnn,scaffold,1,CC(=O)OCC(=O)OCC/C(SC(=O)c1ccco1)=C(/C)N(C=O)Cc1cnc(C)nc1N,1.0,0.9984533786773682
bbbp,gnn,scaffold,1,CCCSc1ccc2[nH]c(NC(=O)OC)nc2c1,1.0,0.9236841797828674
bbbp,gnn,scaffold,1,CCCSc1ccc2nc(NC(=O)OC)[nH]c2c1,1.0,0.9237571358680725
bbbp,gnn,scaffold,1,CC1(C)S[C@@H]2[C@H](NC(=O)[C@H](N)c3ccccc3)C(=O)N2[C@H]1C(=O)O.CC1(C)[C@H](C(=O)O)N2C(=O)C[C@H]2S1(=O)=O,0.0,2.5516326331853634e-06
bbbp,gnn,scaffold,1,C[C@]12C=CC(=O)C=C1C(Cl)=C[C@@H]1[C@@H]2[C@@H](O)C[C@@]2(C)[C@H]1CC[C@]2(O)C(=O)CO,1.0,0.36061930656433105
bbbp,gnn,scaffold,1,NC1=NC(C(F)(F)F)(C(F)(F)F)NC1(C(F)(F)F)C(F)(F)F,1.0,0.9948528409004211
bbbp,gnn,scaffold,1,CCN[C@@H]1C[C@H](N)[C@@H](O[C@H]2OC(CN)=CC[C@H]2N)[C@H](O)[C@H]1O[C@H]1OC[C@](C)(O)[C@H](NC)[C@H]1O,0.0,0.007078539580106735
bbbp,gnn,scaffold,1,CN[C@@H]1[C@@H](O)[C@@H](O[C@@H]2[C@@H](O)[C@H](O[C@H]3OC(CN)=CC[C@H]3N)[C@@H](N)C[C@H]2N)OC[C@]1(C)O,0.0,0.017473485320806503
bbbp,gnn,scaffold,1,NNc1nncc2ccccc12,0.0,0.49752700328826904
bbbp,gnn,scaffold,1,COc1ccc(CN(CCN(C)C)c2ccccn2)cc1,0.0,0.6940867900848389
bbbp,gnn,scaffold,1,C[C@]12COC(=O)C[C@@H]1CC[C@@H]1[C@@H]2CC[C@@]2(C)[C@H]1CC[C@]2(C)O,0.0,0.8422030806541443
bbbp,gnn,scaffold,1,CC(=O)OCC1=C(C(=O)O)N2C(=O)[C@@H](NC(=O)CSc3ccncc3)[C@H]2SC1,0.0,0.007407696917653084
bbbp,gnn,scaffold,1,CN(CCN(C)CN/C(O)=C1\C(=O)[C@@H](N(C)C)[C@@H]2C[C@H]3C(=C(O)c4c(O)cccc4[C@@]3(C)O)C(=O)[C@]2(O)C1=O)CN/C(O)=C1\C(=O)[C@@H](N(C)C)[C@@H]2C[C@H]3C(=C(O)c4c(O)cccc4[C@@]3(C)O)C(=O)[C@]2(O)C1=O,0.0,3.5270266707243536e-09
bbbp,gnn,scaffold,1,CC(CN(C)C)CN1c2ccccc2S(=O)(=O)c2ccccc21,1.0,0.6198062896728516
bbbp,gnn,scaffold,1,OCCN1CCN(CCCC2c3ccc(F)cc3Sc3ccc(C(F)(F)F)cc32)CC1,1.0,0.9998434782028198
bbbp,gnn,scaffold,1,OCCCN1CCN(CCCC2c3ccccc3Sc3ccc(Cl)cc32)CC1,1.0,0.999134361743927
bbbp,gnn,scaffold,1,c1cc2c(c(N3CCNCC3)c1)OCCO2,1.0,0.9997498393058777
bbbp,gnn,scaffold,1,CN1CCN2c3ncccc3Cc3ccccc3C2C1,1.0,0.9999150037765503
bbbp,gnn,scaffold,1,Cc1nnc2n1-c1sc(Br)cc1C(c1ccccc1Cl)=NC2,1.0,0.9683199524879456
bbbp,gnn,scaffold,1,CCc1cc2c(s1)-n1c(C)nnc1CN=C2c1ccccc1Cl,1.0,0.9645518660545349
bbbp,gnn,scaffold,1,CN=C1CN(O)C(c2ccccc2)=c2cc(Cl)ccc2=N1,1.0,0.9750374555587769
bbbp,gnn,scaffold,1,O=C1CCCN1CCCCN1CCN(c2cc(C(F)(F)F)ccn2)CC1,1.0,0.9999744892120361
bbbp,gnn,scaffold,1,O=C1CCCN1CCCCN1CCN(c2cc(C(F)(F)F)cc(Cl)n2)CC1,1.0,0.9999933242797852
bbbp,gnn,scaffold,1,Clc1ccc([C@@H]2[C@H]3CC[C@@H](C3)C23CCC(N2CCOCC2)=N3)cc1,1.0,0.9988446235656738
bbbp,gnn,scaffold,1,CC(C)(C)C(=O)OCOC(=O)C1N2C(=O)[C@@H](N=CN3CCCCCC3)[C@H]2SC1(C)C,0.0,0.008683847263455391
bbbp,gnn,scaffold,1,CCOC(=O)OC(C)OC(=O)[C@@H]1N2C(=O)[C@@H](N=CN3CCCCCC3)[C@H]2SC1(C)C,0.0,0.07826656848192215
bbbp,gnn,scaffold,1,CC1(C)S[C@@H]2[C@H](N=CN3CCCCCC3)C(=O)N2[C@H]1C(=O)O,0.0,0.0464104600250721
bbbp,gnn,scaffold,1,O=C1CC2(CCCC2)CC(=O)N1CCNCC1COc2ccccc2O1,1.0,0.9994768500328064
bbbp,gnn,scaffold,1,O=C(CCCN1CCN(c2cc3ccccc3cn2)CC1)c1ccc(F)cc1,1.0,0.9884325861930847
bbbp,gnn,scaffold,1,CN1C(CC(=O)c2ccccc2)CCCC1CC(O)c1ccccc1,1.0,0.24421432614326477
bbbp,gnn,scaffold,1,CN1CCN(C2=Cc3cc(Cl)ccc3/C(=C\C#N)c3ccccc32)CC1,1.0,0.9979549646377563
bbbp,gnn,scaffold,1,NCCn1ncc2cc(Cl)c(Cl)cc21,1.0,0.948851466178894
bbbp,gnn,scaffold,1,CCC(C(N)=O)N1CCCC1=O,1.0,0.9964740872383118
bbbp,gnn,scaffold,1,NC(=O)CN1CC(O)CC1=O,1.0,0.873985230922699
bbbp,gnn,scaffold,1,NC(=O)CN1CCCC1=O,1.0,0.9918253421783447
bbbp,gnn,scaffold,1,CC(C)N(CCNC(=O)CN1CCCC1=O)C(C)C,1.0,0.9985461235046387
bbbp,gnn,scaffold,1,CC(C)(C)OC(=O)c1ncn2c1[C@@H]1CCCN1C(=O)c1c(Br)cccc1-2,1.0,0.8775981664657593
bbbp,gnn,scaffold,1,OC(CN1CCCCC1)c1cc(-c2ccccc2)on1,1.0,0.6842743158340454
bbbp,gnn,scaffold,1,CC1(C)S[C@@H]2[C@H](NC(=O)c3nc4ccccc4nc3C(=O)O)C(=O)N2[C@H]1C(=O)O,0.0,0.004192830063402653
bbbp,gnn,scaffold,1,CO[C@H](C(=O)[C@@H](O)[C@@H](C)O)[C@@H]1Cc2cc3cc(O[C@H]4C[C@@H](O[C@H]5C[C@@H](O)[C@H](O)[C@@H](C)O5)[C@H](O)[C@@H](C)O4)c(C)c(O)c3c(O)c2C(=O)[C@H]1O[C@H]1C[C@@H](O[C@H]2C[C@@H](O[C@H]3C[C@](C)(O)[C@H](O)[C@@H](C)O3)[C@H](O)[C@@H](C)O2)[C@H](O)[C@@H](C)O1,1.0,2.3252987375599332e-06
bbbp,gnn,scaffold,1,OC(C1=NCCN1)(c1ccc(Cl)cc1)c1ccccn1,1.0,0.03860817104578018
bbbp,gnn,scaffold,1,CCNC1(c2cccs2)CCCCC1=O,1.0,0.9999454021453857
bbbp,gnn,scaffold,1,Clc1ccccc1C1=NCc2nnc(C3CCCCC3)n2-c2sc(Br)cc21,1.0,0.9721643924713135
bbbp,gnn,scaffold,1,O=C(NC(=O)c1ccccc1)NC1CCN(Cc2ccc3ccccc3c2)CC1,1.0,0.8931517601013184
bbbp,gnn,scaffold,1,CN1CCC(=C2c3ccccc3C(O)c3ccccc32)CC1,1.0,0.9993559718132019
bbbp,gnn,scaffold,1,CCCN(CCC)C1Cc2cccc3cc(O)cc(c23)C1,1.0,0.9945927262306213
bbbp,gnn,scaffold,1,CNCCCC1c2ccccc2C=Cc2ccccc21,1.0,0.9966492056846619
bbbp,gnn,scaffold,1,NC(=O)C1c2ccccc2C=Cc2ccccc21,1.0,0.9694541096687317
bbbp,gnn,scaffold,1,O=[N+]([O-])c1cc[nH]c1NCCSCc1ccccn1,1.0,0.48296070098876953
bbbp,gnn,scaffold,1,Cc1cc(C(C)(C)SC(C)(C)CNc2[nH]ccc2[N+](=O)[O-])nc(C)c1C,1.0,0.979599118232727
bbbp,gnn,scaffold,1,CC(C)(Oc1ccc(Cl)cc1)C(=O)N[C@@H](C(=O)N[C@@H]1C(=O)N2[C@@H]1SC(C)(C)[C@@H]2C(=O)O)c1ccccc1,0.0,0.0005262967315502465
bbbp,gnn,scaffold,1,Cc1ccc(CC2=CNC(NCCSCc3ccc(CN(C)C)o3)=NC2)cn1,0.0,0.5390558838844299
bbbp,gnn,scaffold,1,CN1CC(=O)N=C1NC(=O)Nc1cccc(Cl)c1,1.0,0.5753064751625061
bbbp,gnn,scaffold,1,CN(CCc1cc2cccc3c2n1-c1ccccc1CC3)Cc1ccccc1,1.0,0.9804589748382568
bbbp,gnn,scaffold,1,CC(C)(C)NC(=O)C1CC2CCCCC2CN1CC(O)C(Cc1ccccc1)NC(=O)C(CC(N)=O)NC(=O)c1ccc2ccccc2n1,1.0,0.4700658917427063
bbbp,gnn,scaffold,1,CC(C)(C)NC(=O)[C@@H]1C[C@@H]2CCCC[C@@H]2CN1C[C@@H](O)[C@H](Cc1ccccc1)NC(=O)[C@H](CC(N)=O)NC(=O)c1ccc2ccccc2n1,0.0,0.12741191685199738
bbbp,gnn,scaffold,1,NC(=O)c1cn(Cc2c(F)cccc2F)nn1,1.0,0.7654901146888733
bbbp,gnn,scaffold,1,CN(C)CCCN1c2ccccc2C=Cc2sccc21,1.0,0.9625643491744995
bbbp,gnn,scaffold,1,O=C(Cc1ccc(Cl)c(Cl)c1)N1CCn2ccnc2[C@H]1CN1CCCC1,1.0,0.580903172492981
bbbp,gnn,scaffold,1,O=C(Cc1ccc(Cl)c(Cl)c1)N1CCn2ccnc2[C@H]1CN1CC[C@@H](O)C1,0.0,0.03779003024101257
bbbp,gnn,scaffold,1,CSc1c(Cl)nc(NC(C)C)nc1N1CCN(C)CC1,1.0,0.994065523147583
bbbp,gnn,scaffold,1,CNc1nc(Cl)c(SC)c(N2CCN(C)CC2)n1,1.0,0.9941404461860657
bbbp,gnn,scaffold,1,CC(C)C1NC(=O)[C@@H](C(C)C)OC(=O)[C@H](C(C)C)NC(=O)[C@H](C)OC(=O)[C@@H](C(C)C)NC(=O)[C@@H](C(C)C)OC(=O)[C@H](C(C)C)NC(=O)[C@H](C)OC(=O)[C@@H](C(C)C)NC(=O)[C@@H](C(C)C)OC(=O)[C@H](C(C)C)NC(=O)[C@H](C)OC1=O,0.0,7.607108878633726e-15
bbbp,gnn,scaffold,1,CO/N=C(\C(=O)N[C@@H]1C(=O)N2C(C(=O)O)=C(COC(N)=O)CS[C@H]12)c1ccco1,1.0,0.12023446708917618
bbbp,gnn,scaffold,1,CO/N=C(\C(=O)N[C@@H]1C(=O)N2C(C(=O)O)=C(COC(C)=O)CS[C@H]12)c1ccco1,0.0,0.06743565201759338
bbbp,gnn,scaffold,1,CO/N=C(\C(=O)N[C@@H]1C(=O)N2C(C(=O)OC(C)OC(C)=O)=C(COC(N)=O)CS[C@H]12)c1ccco1,0.0,0.8406159281730652
bbbp,gnn,scaffold,1,COCCCC(=O)OC(C)OC(=O)C1=C(COC(N)=O)CS[C@@H]2[C@H](NC(=O)/C(=N\OC)c3ccco3)C(=O)N12,0.0,0.9574043154716492
bbbp,gnn,scaffold,1,CN(C)CC/C=C1/c2ccccc2COc2ccccc21.[Cl-].[H+],1.0,0.9997521042823792
bbbp,gnn,scaffold,1,CN(C)CCC=C1c2ccccc2COc2ccccc21,1.0,0.9983306527137756
bbbp,gnn,scaffold,1,COc1cc2c(cc1OC)C(c1cccc(Cl)c1)=NN=C(C)C2,1.0,0.9829766750335693
bbbp,gnn,scaffold,1,CCC1C(C)=NN=C(c2ccc(OC)c(OC)c2)c2cc(OC)c(OC)cc21,1.0,0.902983546257019
bbbp,gnn,scaffold,1,COc1cc2c(cc1OC)C(c1ccc(N)cc1)=NN=C(C)C2,1.0,0.8579719662666321
bbbp,gnn,scaffold,1,CC(Cc1ccc(O)cc1)NCC(O)c1cc(O)cc(O)c1,0.0,1.065474862116389e-05
bbbp,gnn,scaffold,1,CCC(NC(=O)c1c(C)c(-c2ccccc2)nc2ccccc12)c1ccccc1,1.0,0.42958390712738037
bbbp,gnn,scaffold,1,CC[C@H](NC(=O)c1c(C)c(-c2ccccc2)nc2ccccc12)c1ccccc1,1.0,0.28378772735595703
bbbp,gnn,scaffold,1,CC[C@H](NC(=O)c1c(O)c(-c2ccccc2)nc2ccccc12)c1ccccc1,1.0,0.13754160702228546
bbbp,gnn,scaffold,1,CC[C@H](NC(=O)c1c(OCCCN(C)C)c(-c2ccccc2)nc2ccccc12)c1ccccc1,1.0,0.28681010007858276
bbbp,gnn,scaffold,1,CC[C@H](NC(=O)c1c(OCC(=O)O)c(-c2ccccc2)nc2ccccc12)c1ccccc1,0.0,0.12081211805343628
bbbp,gnn,scaffold,1,CC[C@H](NC(=O)c1c(OCCCC(=O)O)c(-c2ccccc2)nc2ccccc12)c1ccccc1,0.0,0.2096567004919052
bbbp,gnn,scaffold,1,CN(C(=O)CNC1CC1)c1ccc(Cl)cc1C(=O)c1ccccc1Cl,1.0,0.9384771585464478
bbbp,gnn,scaffold,1,CCCC(C)C1(CC)C(=O)NC(=S)NC1=O,0.0,0.9999828338623047
bbbp,gnn,scaffold,1,CCCC(C)C1(CCSC)C(=O)NC(=S)NC1=O,1.0,0.9999849796295166
bbbp,gnn,scaffold,1,C=CCC1(C(C)CCC)C(=O)NC(=S)NC1=O,1.0,0.9999978542327881
bbbp,gnn,scaffold,1,CCCC(CC)C1(CC)C(=O)NC(=S)NC1=O,1.0,0.9999958276748657
bbbp,gnn,scaffold,1,O=C(c1ccc(F)cc1)C1CCN(CCCN2c3ccccc3Sc3ccc(C(F)(F)F)cc32)CC1,1.0,0.9979056119918823
bbbp,gnn,scaffold,1,CC(=O)NCCCOc1cccc(CN2CCCCC2)c1,1.0,0.9839571714401245
bbbp,gnn,scaffold,1,OCCCOc1cccc(CN2CCCCC2)c1,1.0,0.8957615494728088
bbbp,gnn,scaffold,1,OC1OC(COCCOC(O)C(Cl)(Cl)Cl)C(OC2OC(COCCOCCOC(O)C(Cl)(Cl)Cl)CC(OC(O)C(Cl)(Cl)Cl)C2O)C(OCCOCCOC(O)C(Cl)(Cl)Cl)C1O,1.0,0.8869134783744812
bbbp,gnn,scaffold,1,O=C1NC(=O)C2(c3ccc(Cl)cc3)CC12,1.0,0.9999821186065674
bbbp,gnn,scaffold,1,CNCCCN1c2ccccc2C(C)(C)c2ccccc21,1.0,0.9986054301261902
bbbp,gnn,scaffold,1,CN(C)CCCC1c2ccccc2Nc2ccc(Cl)cc21,1.0,0.9990102052688599
bbbp,gnn,scaffold,1,CN(C)CCCN1c2ccccc2C(C)(C)c2ccccc21,1.0,0.9997523427009583
bbbp,gnn,scaffold,1,CC(C)[C@@H](CN1CCCC1)N(C)C(=O)Cc1ccc(Cl)c(Cl)c1,1.0,0.9943583607673645
bbbp,gnn,scaffold,1,CN1CCN(c2c(F)cc3c(=O)c(C(=O)O)cn(CCF)c3c2F)CC1,0.0,0.14328524470329285
bbbp,gnn,scaffold,1,CCn1cc(C(=O)O)c(=O)c2cc(F)c(N3CCNC(C)C3)c(F)c21,0.0,0.009530017152428627
bbbp,gnn,scaffold,1,CCn1cc(C(=O)O)c(=O)c2cc(F)c(N3CCNCC3)cc21,0.0,0.10340096801519394
bbbp,gnn,scaffold,1,CCn1cc(C(=O)O)c(=O)c2cc(F)c(N3CCN(C)CC3)cc21,0.0,0.3749009966850281
bbbp,gnn,scaffold,1,O=C1NCCNC1c1cccs1,1.0,0.9958450198173523
bbbp,gnn,scaffold,1,O=c1ncnc2[nH][nH]cc1-2,0.0,0.5243351459503174
bbbp,gnn,scaffold,1,CC1(C)O[C@@H]2C[C@H]3C4CCC5CC(=O)CCC5(C)[C@@]4(F)[C@@H](O)CC3(C)[C@]2(C(=O)CO)O1,1.0,0.9999995231628418
bbbp,gnn,scaffold,1,O=C1c2ccccc2S(=O)(=O)N1CCCCN1CCN(c2ncccn2)CC1.[Cl-].[H+],1.0,0.8334552049636841
bbbp,gnn,scaffold,1,CC(C)N=c1cc2n(-c3ccc(Cl)cc3)c3ccccc3nc-2cc1Nc1ccc(Cl)cc1,0.0,0.28186464309692383
bbbp,gnn,scaffold,1,NC(=O)CN1C(=O)COc2ccccc21,1.0,0.9750006198883057
bbbp,gnn,scaffold,1,O=C(O)/C=C\C(=O)O.O=C(O)/C=C\C(=O)O.c1cc(CN2CCCCC2)cc(OCCCNc2nc3ccccc3s2)c1,1.0,0.7623909711837769
bbbp,gnn,scaffold,1,COc1cccnc1CCCCNc1ncc(Cc2ccc(C)nc2)c(=O)[nH]1.[Cl-].[Cl-].[Cl-].[H+].[H+].[H+],0.0,0.4784306585788727
bbbp,gnn,scaffold,1,Cc1ccc(Cc2cnc(NCCCCc3ncc(Br)cc3C)[nH]c2=O)cn1,0.0,0.6115115284919739
bbbp,gnn,scaffold,1,CN1c2cc(F)ccc2C(c2ccccc2)=NCC1CNC(=O)c1ccoc1,1.0,0.9752562642097473
bbbp,gnn,scaffold,1,COc1ccc2nc(S(=O)Cc3ncc(C)c(OC)c3C)[nH]c2c1,0.0,0.8476548194885254
bbbp,gnn,scaffold,1,CC(=O)NCCn1c(C)cc(C=O)c1C,1.0,0.9963807463645935
bbbp,gnn,scaffold,1,Cc1c(N(C)C)c(=O)n(-c2ccccc2)n1C,1.0,0.910007655620575
bbbp,gnn,scaffold,1,Cc1cc(=O)n(-c2ccccc2)n1C,1.0,0.8989311456680298
bbbp,baseline,scaffold,2,CNCCCC12CCC(c3ccccc31)c1ccccc12,1.0,0.9710128124599909
bbbp,baseline,scaffold,2,CNCC12CCC(c3ccccc31)c1ccccc12,1.0,0.9747521441950423
bbbp,baseline,scaffold,2,CNC[C@H](O)CC12CCC(c3ccccc31)c1ccccc12,1.0,0.8128386072627815
bbbp,baseline,scaffold,2,CCc1c(O)c(=O)ccn1CCO,0.0,0.8407779718121501
bbbp,baseline,scaffold,2,CCc1c(O)c(=O)ccn1CCCCO,0.0,0.8931906022501842
bbbp,baseline,scaffold,2,Cc1c(O)c(=O)ccn1C,1.0,0.9156527583876611
bbbp,baseline,scaffold,2,CCn1ccc(=O)c(O)c1C,1.0,0.8874304762127965
bbbp,baseline,scaffold,2,CCCCn1ccc(=O)c(O)c1C,1.0,0.8906476892677656
bbbp,baseline,scaffold,2,CCCCCn1ccc(=O)c(O)c1C,1.0,0.8977325307088129
bbbp,baseline,scaffold,2,Cc1c(O)c(=O)ccn1CCCO,0.0,0.780102453754107
bbbp,baseline,scaffold,2,CCc1c(O)c(=O)ccn1CC,1.0,0.8882029485499436
bbbp,baseline,scaffold,2,Cc1cccc(/C=N/N2CCN(C(c3ccccc3)c3ccccc3)CC2)n1,1.0,0.9347926470532684
bbbp,baseline,scaffold,2,CN(C)CCN1C(=O)c2ccccc2N(C)c2ccccc21,1.0,0.9776926554404812
bbbp,baseline,scaffold,2,CCC(=O)N(c1ccccc1)C1(COC)CCN(CCc2cccs2)CC1,1.0,0.9564535294546812
bbbp,baseline,scaffold,2,N[C@@H]1C[C@H]1c1ccccc1.[Cl-].[H+],1.0,0.9552319088766248
bbbp,baseline,scaffold,2,CCN(CC)C(=O)[C@]1(c2ccccc2)C[C@@H]1CN.[Cl-].[H+],1.0,0.9178337220253606
bbbp,baseline,scaffold,2,O=C(c1ccc(F)cc1)C1CCN(CCCn2c(=O)[nH]c3ccccc32)CC1,1.0,0.9685836874211853
bbbp,baseline,scaffold,2,O=C(c1ccc(F)cc1)C1CCN(CCCn2c(=O)[nH]c3cc(Cl)ccc32)CC1,1.0,0.9708478566154257
bbbp,baseline,scaffold,2,Nc1nc(NC2CC2)c2ncn([C@H]3C=C[C@@H](CO)C3)c2n1,1.0,0.6819912005298355
bbbp,baseline,scaffold,2,COc1ccc2c3c1O[C@H]1[C@@H](O)CC[C@H]4[C@@H](C2)N(C)CC[C@@]341,1.0,0.9726954679326056
bbbp,baseline,scaffold,2,CN1CCC23c4c5ccc(O)c4OC2C(O)CCC3C1C5,1.0,0.9598857547837987
bbbp,baseline,scaffold,2,CN1CC[C@]23c4c5ccc(O)c4O[C@H]2[C@@H](O)CC[C@@]3(O)[C@H]1C5,1.0,0.9039551456952928
bbbp,baseline,scaffold,2,CO[C@H]1CC[C@H]2[C@H]3Cc4ccc(O)c5c4[C@@]2(CCN3C)[C@H]1O5,1.0,0.9772606053037557
bbbp,baseline,scaffold,2,CN1CCC23c4c5ccc(O)c4OC2CCCC3C1C5,1.0,0.976594193671948
bbbp,baseline,scaffold,2,Clc1ccc([C@@H]2[C@H]3CC[C@@H](C3)C23CCC(N2CCOCC2)=N3)cc1,1.0,0.9584169906009983
bbbp,baseline,scaffold,2,COc1cccnc1CCCCNc1ncc(Cc2ccc(C)nc2)c(=O)[nH]1.[Cl-].[Cl-].[Cl-].[H+].[H+].[H+],0.0,0.43058803039035426
bbbp,baseline,scaffold,2,Cc1ccc(Cc2cnc(NCCCCc3ncc(Br)cc3C)[nH]c2=O)cn1,0.0,0.4529531235380427
bbbp,baseline,scaffold,2,CCCSc1ccc2[nH]c(NC(=O)OC)nc2c1,1.0,0.7636067298036988
bbbp,baseline,scaffold,2,CCCSc1ccc2nc(NC(=O)OC)[nH]c2c1,1.0,0.7636067298036988
bbbp,baseline,scaffold,2,O=C(O)C1=C/C(=N\Nc2ccc(S(=O)(=O)Nc3ccccn3)cc2)C=CC1=O,0.0,0.2351119989379165
bbbp,baseline,scaffold,2,N#CC(CCN1CCC(C(N)=O)(N2CCCCC2)CC1)(c1ccccc1)c1ccccc1,1.0,0.968059299828027
bbbp,baseline,scaffold,2,CCn1cc(C(=O)O)c(=O)c2ccc(C)nc21,0.0,0.5836832458702992
bbbp,baseline,scaffold,2,OC(c1ccccc1)(c1ccccc1)C1CCCCN1,1.0,0.9272432351251076
bbbp,baseline,scaffold,2,CN1CCN(C2Cc3ccccc3Sc3ccc(Cl)cc32)CC1,1.0,0.9729294456174293
bbbp,baseline,scaffold,2,CSc1ccc2c(c1)C(N1CCN(C)CC1)Cc1ccccc1S2,1.0,0.9705186587975639
bbbp,baseline,scaffold,2,Cn1c(=O)c2[nH]cnc2n(C)c1=O,0.0,0.9121487676435882
bbbp,baseline,scaffold,2,Cn1c(=O)c2c(ncn2C)n(C)c1=O,1.0,0.9373291415602988
bbbp,baseline,scaffold,2,Cn1c(=O)[nH]c2ncn(C)c2c1=O,1.0,0.9122409635669582
bbbp,baseline,scaffold,2,Cn1cnc2c1c(=O)[nH]c(=O)n2C,1.0,0.9117972156801494
bbbp,baseline,scaffold,2,CCCCn1c(=O)c2c(ncn2CC(C)=O)n(CCCC)c1=O,1.0,0.938316819457422
bbbp,baseline,scaffold,2,CN(C)CCn1cnc2c1c(=O)n(C)c(=O)n2C,1.0,0.9326829149093466
bbbp,baseline,scaffold,2,CCN(CC)CCn1cnc2c1c(=O)n(C)c(=O)n2C,1.0,0.9238618085795856
bbbp,baseline,scaffold,2,CC(O)Cn1cnc2c1c(=O)n(C)c(=O)n2C,1.0,0.9224363590565844
bbbp,baseline,scaffold,2,CN1CCN(CCN2CCN(CCCN3c4ccccc4Sc4ccc(Cl)cc43)CC2)C1=O,1.0,0.9703270518229075
bbbp,baseline,scaffold,2,CC(C)(C)[C@]1(O)CCN2C[C@H]3c4ccccc4CCc4cccc(c43)[C@@H]2C1.[Cl-].[H+],1.0,0.9506282742834505
bbbp,baseline,scaffold,2,CC(C)[C@@]1(O)CCN2C[C@@H]3c4ccccc4CCc4cccc(c43)[C@H]2C1,1.0,0.9670547911515683
bbbp,baseline,scaffold,2,c1ccc2c(c1)CCc1cccc3c1C2CN1CCCCC31,1.0,0.9680448591094081
bbbp,baseline,scaffold,2,NC(=O)c1ccc(F)c2c1C[C@@H](N(C1CCC1)C1CCC1)CO2,1.0,0.9637769293582905
bbbp,baseline,scaffold,2,CC(C)CCOC(CN1CCCC1)c1ccccc1,1.0,0.9389120826593902
bbbp,baseline,scaffold,2,CCCC(Cc1ccccc1)N1CCCC1,1.0,0.9693489519310041
bbbp,baseline,scaffold,2,C/C(=C(/CCO)SSCC1CCCO1)N(C=O)Cc1cnc(C)nc1N,1.0,0.8724876340176386
bbbp,baseline,scaffold,2,COC1C(O)CC(=O)OC(C)C/C=C/C=C/C(OC2CCC(N(C)C)C(C)O2)C(C)CC(CC=O)C1OC1OC(C)C(OC2CC(C)(O)C(O)C(C)O2)C(N(C)C)C1O,0.0,0.1534249345958549
bbbp,baseline,scaffold,2,Cc1c(N(C)C)c(=O)n(-c2ccccc2)n1C,1.0,0.9675513210257766
bbbp,baseline,scaffold,2,Cc1cc(=O)n(-c2ccccc2)n1C,1.0,0.9499766929061626
bbbp,baseline,scaffold,2,[Cl].c1ccc(Cn2cc(CCc3ccncc3)c3ccccc32)cc1,1.0,0.8129473967287647
bbbp,baseline,scaffold,2,CC1(C)SC2C(NC(=O)CSc3ccccc3)C(=O)N2C1C(=O)O,0.0,0.09357586281554028
bbbp,baseline,scaffold,2,OCCOC1CCN(CCCN2c3ccccc3Sc3ccc(C(F)(F)F)cc32)CC1,1.0,0.9717513031377004
bbbp,baseline,scaffold,2,CS(=O)(=O)c1ccc2c(c1)N(CCCN1CCC(C(N)=O)CC1)c1ccccc1S2,1.0,0.9685773556463264
bbbp,baseline,scaffold,2,CC(=O)c1ccc2c(c1)N(CCCN1CCC(CCO)CC1)c1ccccc1S2,1.0,0.9743673470715941
bbbp,baseline,scaffold,2,CCCCCCCCCCCCCCCC(=O)OCCC1CCN(CCCN2c3ccccc3Sc3ccc(S(=O)(=O)N(C)C)cc32)CC1,1.0,0.8470804835145155
bbbp,baseline,scaffold,2,N#Cc1ccc2c(c1)N(CCCN1CCC(O)CC1)c1ccccc1S2,1.0,0.9670823821375534
bbbp,baseline,scaffold,2,COc1ccc2c(c1)N(CC(C)CN1CCC(O)CC1)c1ccccc1S2,1.0,0.9368925732294135
bbbp,baseline,scaffold,2,CN(C)S(=O)(=O)c1ccc2c(c1)N(CCCN1CCC(CCO)CC1)c1ccccc1S2,1.0,0.9504381672541865
bbbp,baseline,scaffold,2,CN(C)CCC1(c2ccccc2)C=Cc2ccccc21,1.0,0.9746497615510343
bbbp,baseline,scaffold,2,CN1CCN(CC(=O)[C@@]2(O)CC[C@H]3[C@@H]4CCC5=CC(=O)C=C[C@]5(C)[C@H]4[C@@H](O)C[C@@]32C)CC1,1.0,0.9487017948389168
bbbp,baseline,scaffold,2,CNC1(c2ccccc2Cl)CCCCC1=O,1.0,0.947402223775957
bbbp,baseline,scaffold,2,CCCC(C(=O)c1ccc(C)cc1)N1CCCC1,1.0,0.9663379939766376
bbbp,baseline,scaffold,2,COc1ccc2nc(S(=O)Cc3ncc(C)c(OC)c3C)[nH]c2c1,0.0,0.8747142830407133
bbbp,baseline,scaffold,2,CC(=O)[C@H]1CC[C@H]2[C@@H]3C[C@@H](O)C45CC4CC[C@]5(C)[C@H]3CC[C@]12C,1.0,0.6679597656136841
bbbp,baseline,scaffold,2,FC(F)(F)c1ccc2c(c1)N(CCCN1CCN(C3CC3)CC1)c1ccccc1S2,1.0,0.9673177312424979
bbbp,baseline,scaffold,2,O=C1C(O)=C(O)OC1C(O)CO,1.0,0.3937369888734425
bbbp,baseline,scaffold,2,COc1nc2nc(-c3noc(C)n3)cn2c2c1CCCC2,1.0,0.8899099583181211
bbbp,baseline,scaffold,2,CN1CC[C@]23c4c5ccc(OC(=O)c6cccnc6)c4O[C@H]2[C@@H](OC(=O)c2cccnc2)C=C[C@H]3[C@H]1C5,1.0,0.9013085257264398
bbbp,baseline,scaffold,2,CC[C@H](NC(=O)c1c(Cn2ccnc2)c(-c2ccccc2)nc2ccccc12)c1ccccc1,0.0,0.698919048214852
bbbp,baseline,scaffold,2,CC1(C)S[C@@H]2[C@H](NC(=O)C(Oc3ccccc3)c3ccccc3)C(=O)N2[C@H]1C(=O)O,0.0,0.1115182244766141
bbbp,baseline,scaffold,2,O=C(c1ccccc1)c1ccc2n1CCC2C(=O)O,0.0,0.9706701555126701
bbbp,baseline,scaffold,2,CC(=O)CC(c1ccccc1)c1c(O)oc2ccccc2c1=O,0.0,0.8105568934295581
bbbp,baseline,scaffold,2,Cc1cccc(O[C@H]2CCNC[C@H]2O)c1C,1.0,0.9484122093489569
bbbp,baseline,scaffold,2,CC1CCCC1,1.0,0.978386052968241
bbbp,baseline,scaffold,2,CNC1CCc2ncsc2C1,1.0,0.9723287196085968
bbbp,baseline,scaffold,2,Cc1cccc(N2CCN(CCc3cc(C)[nH]n3)CC2)c1,1.0,0.9752594600299545
bbbp,baseline,scaffold,2,Cc1cc(CCN2CCN(c3cccc(Cl)c3)CC2)n[nH]1,1.0,0.9758499448083717
bbbp,baseline,scaffold,2,C[N+](C)([O-])CC/C=C1/c2ccccc2C=Cc2c(Cl)cccc21,1.0,0.931299906748939
bbbp,baseline,scaffold,2,CN(C)CCC=C1c2ccccc2C=Cc2ccccc21,1.0,0.9685926211309521
bbbp,baseline,scaffold,2,CN(C)CC#CC=C1c2ccccc2C=Cc2ccccc21,1.0,0.9685987189587826
bbbp,baseline,scaffold,2,CCCCC[C@H](O)/C=C/[C@H]1[C@H](O)CC(=O)[C@@H]1CCCCCCC(=O)O,0.0,0.7648395175038417
bbbp,baseline,scaffold,2,OCCN1CCCN(CCCN2c3ccccc3Sc3cc(C(F)(F)F)ccc32)CC1.[Cl-].[Cl-].[H+].[H+],1.0,0.9568135891466432
bbbp,baseline,scaffold,2,OCCN1CCCN(CCCN2c3ccccc3Sc3ccc(C(F)(F)F)cc32)CC1,1.0,0.9823647621418217
bbbp,baseline,scaffold,2,CC[C@H]1CN2CCc3cc(OC)c(OC)cc3[C@@H]2C[C@@H]1C[C@H]1NCCc2cc(OC)c(OC)cc21.[Cl],0.0,0.794645910205198
bbbp,baseline,scaffold,2,COc1cc2c(c(OC)c1OC)-c1ccc(OC)c(=O)cc1C(NC(C)=O)CC2,1.0,0.9173644144805683
bbbp,baseline,scaffold,2,COc1cc2c(c(OC)c1OC)-c1ccc(OC)c(=O)cc1[C@@H](NC(C)=O)CC2,0.0,0.9173644144805683
bbbp,baseline,scaffold,2,CCC(C(=O)OCCN1CCOC(c2ccccc2)C1C)c1ccccc1,1.0,0.9061820033564456
bbbp,baseline,scaffold,2,CC1=NN(c2ccccc2)C(=O)C1,1.0,0.9501377236474027
bbbp,baseline,scaffold,2,O=C1CC[C@@]2(O)[C@H]3Cc4ccc(O)c5c4[C@@]2(CCN3CC2CC2)[C@H]1O5,1.0,0.92385431826272
bbbp,baseline,scaffold,2,CC[C@H]1CC(=O)[C@@H]2Oc3c(OC)ccc4c3[C@@]23CCN(CC2CC2)C(C4)[C@H]13,1.0,0.9710756989212561
bbbp,baseline,scaffold,2,O=C1CN(C(=O)CN2CC(c3ccc(Cl)cc3)CC2=O)CCN1,1.0,0.883843059301342
bbbp,baseline,scaffold,2,Clc1ccc(N2CCN(C/C=C/c3ccccc3)CC2)nn1,1.0,0.9758877793126827
bbbp,baseline,scaffold,2,CN(C)CCCN1c2ccccc2C=Cc2sccc21,1.0,0.9617773896526902
bbbp,baseline,scaffold,2,O=C1CCC(N2C(=O)C3C4CCC(C4)C3C2=O)C(=O)N1,1.0,0.8439972955081916
bbbp,baseline,scaffold,2,CCCCCc1cc(O)c2c(c1)OC(C)(C)[C@@H]1CCC(C)=C[C@@H]21,1.0,0.8423152834002128
bbbp,baseline,scaffold,2,Cc1cc(NS(=O)(=O)c2ccc(N)cc2)no1,1.0,0.7418664768675238
bbbp,baseline,scaffold,2,Fc1ccc(-c2ccc(CN3CCN(c4cccc5ccoc45)CC3)[nH]2)cc1,1.0,0.9659990902881453
bbbp,baseline,scaffold,2,CC(C)C(=O)OCc1cccc(OC(=O)[C@@H]2N3C(=O)[C@@H](NC(=O)Cc4ccccc4)[C@H]3SC2(C)C)c1,0.0,0.18668199908561836
bbbp,baseline,scaffold,2,CCN1C(=O)NC(c2ccccc2)C1=O,1.0,0.9291017348396386
bbbp,baseline,scaffold,2,CCC1(c2ccccc2)NC(=O)N(C)C1=O,1.0,0.9677493195994664
bbbp,baseline,scaffold,2,CCC1(c2ccccc2)C(=O)NC(=O)N1C,1.0,0.9709300099402606
bbbp,baseline,scaffold,2,CC[C@]1(O)C[C@H]2CN(CCc3c([nH]c4ccccc34)[C@@](C(=O)OC)(c3cc4c(cc3OC)N(C)[C@H]3[C@@](O)(C(=O)OC)[C@H](OC(C)=O)[C@]5(CC)C=CCN6CC[C@]43[C@@H]65)C2)C1,1.0,0.5628160208344589
bbbp,baseline,scaffold,2,CC[C@]1(O)C[C@H]2CN(CCc3c([nH]c4ccccc34)[C@@](C(=O)OC)(c3cc4c(cc3OC)N(C=O)[C@H]3[C@@](O)(C(=O)OC)[C@H](OC(C)=O)[C@]5(CC)C=CCN6CC[C@]43[C@@H]65)C2)C1,1.0,0.523286304239179
bbbp,baseline,scaffold,2,CC[C@]1(O)C[C@H]2CN(CCc3c([nH]c4ccccc34)[C@@](C(=O)OC)(c3cc4c(cc3OC)N(C)[C@H]3[C@@](O)(C(N)=O)[C@H](O)[C@]5(CC)C=CCN6CC[C@]43[C@@H]65)C2)C1,0.0,0.3705961226748767
bbbp,baseline,scaffold,2,CN(C)CC(Oc1ccccc1)Oc1ccccc1,1.0,0.9660044425318303
bbbp,baseline,scaffold,2,O=C1CCC2(CCC(=O)c3ccccc32)C(=O)N1,1.0,0.9712863215158899
bbbp,baseline,scaffold,2,CC1(C)S[C@@H]2[C@H](NC(=O)[C@H](C(=O)[O-])c3ccsc3)C(=O)N2[C@H]1C(=O)[O-].[Na+].[Na+],1.0,0.11419457636308747
bbbp,baseline,scaffold,2,CO[C@@]1(NC(=O)C(C(=O)O)c2ccsc2)C(=O)N2[C@@H](C(=O)O)C(C)(C)S[C@@H]21,0.0,0.1589723013248167
bbbp,baseline,scaffold,2,COc1cc([C@@H]2c3cc4c(cc3[C@@H](OC3OC5COC(c6cccs6)OC5C(O)C3O)[C@H]3COC(=O)[C@H]23)OCO4)cc(OC)c1O,1.0,0.25020530053679046
bbbp,baseline,scaffold,2,CC1NC(=O)COC1c1ccccc1,1.0,0.9531622592602511
bbbp,baseline,scaffold,2,OC1(c2ccc(Cl)cc2)c2ccccc2C2=NCCN21,1.0,0.9792936037962823
bbbp,baseline,scaffold,2,CCN(CC)CCOC1(c2ccc(Cl)cc2)CCCCC1,1.0,0.9451345024311598
bbbp,baseline,scaffold,2,CCNC1(c2ccccc2)CCCCC1,1.0,0.9739625389693938
bbbp,baseline,scaffold,2,COc1cccc([C@@]2(O)CCCC[C@@H]2CN(C)C)c1.[Cl-].[H+],1.0,0.9043840161209227
bbbp,baseline,scaffold,2,CC1(C)S[C@@H]2[C@H](N3C(=O)[C@@H](c4ccccc4)NC3(C)C)C(=O)N2[C@H]1C(=O)O,0.0,0.13980101987279686
bbbp,baseline,scaffold,2,COCOC(=O)C1N2C(=O)C(N3C(=O)C(c4ccc(O)cc4)NC3(C)C)C2SC1(C)C,0.0,0.13417231210478112
bbbp,baseline,scaffold,2,COCOC(=O)[C@@H]1N2C(=O)[C@@H](N3C(=O)C(c4ccccc4)NC3(C)C)[C@H]2SC1(C)C,0.0,0.24917304182537306
bbbp,baseline,scaffold,2,c1ccc(C2CCN(CC3CCCc4c3ccc3c4OCO3)C2)cc1,1.0,0.961356105584033
bbbp,baseline,scaffold,2,CC(CCc1ccccc1)NCC(O)c1ccc(O)c(C(N)=O)c1,0.0,0.32159807614937747
bbbp,baseline,scaffold,2,CC(CCc1ccccc1)NC(C)C(O)c1ccc(O)cc1,0.0,0.5831245306165795
bbbp,baseline,scaffold,2,CC#C[C@]1(O)CC[C@H]2[C@@H]3CCC4=CC(=O)CCC4=C3[C@@H](c3ccc(N(C)C)cc3)C[C@@]21C,0.0,0.8733255143624903
bbbp,baseline,scaffold,2,CN1CC[C@@]2(C)c3cc(OC(=O)Nc4ccccc4)ccc3N(C)[C@@H]12,1.0,0.93068326756502
bbbp,baseline,scaffold,2,CO/N=C(\C(=O)N[C@@H]1C(=O)N2C(C(=O)O)=C(COC(N)=O)CS[C@H]12)c1ccco1,1.0,0.08646599290234507
bbbp,baseline,scaffold,2,CO/N=C(\C(=O)N[C@@H]1C(=O)N2C(C(=O)O)=C(COC(C)=O)CS[C@H]12)c1ccco1,0.0,0.09169072184839568
bbbp,baseline,scaffold,2,CO/N=C(\C(=O)N[C@@H]1C(=O)N2C(C(=O)OC(C)OC(C)=O)=C(COC(N)=O)CS[C@H]12)c1ccco1,0.0,0.13237797667100826
bbbp,baseline,scaffold,2,COCCCC(=O)OC(C)OC(=O)C1=C(COC(N)=O)CS[C@@H]2[C@H](NC(=O)/C(=N\OC)c3ccco3)C(=O)N12,0.0,0.25764466956067905
bbbp,baseline,scaffold,2,CNCCCN1c2ccccc2C(C)(C)c2ccccc21,1.0,0.9780189571771613
bbbp,baseline,scaffold,2,CN(C)CCCC1c2ccccc2Nc2ccc(Cl)cc21,1.0,0.9584188305715002
bbbp,baseline,scaffold,2,CN(C)CCCN1c2ccccc2C(C)(C)c2ccccc21,1.0,0.9788857546810094
bbbp,baseline,scaffold,2,Cc1ncc2n1-c1ccc(Cl)cc1C(c1ccccc1F)=NC2,1.0,0.9565932741277865
bbbp,baseline,scaffold,2,OCc1ncc2n1-c1ccc(Cl)cc1C(c1ccccc1F)=NC2,1.0,0.9526954721358237
bbbp,baseline,scaffold,2,Cc1ncc2n1-c1ccc(Cl)cc1C(c1ccccc1F)=NC2O,1.0,0.9200430240063284
bbbp,baseline,scaffold,2,Cc1ncc2n1-c1ccc(Cl)cc1C(c1ccccc1F)=NC2.O=C(O)/C=C\C(=O)O,1.0,0.8846417998072293
bbbp,baseline,scaffold,2,Cc1ncc2n1-c1ccc(Cl)cc1C(c1ccccc1Cl)=NC2,1.0,0.9566304321926432
bbbp,baseline,scaffold,2,Cc1ncc([N+](=O)[O-])n1CC(O)CCl,1.0,0.8763998569153951
bbbp,baseline,scaffold,2,CN=C(NC#N)NCCSCc1nc[nH]c1C,0.0,0.7859215523744435
bbbp,baseline,scaffold,2,Cc1ncc([N+](=O)[O-])n1CCO,1.0,0.8829758442276293
bbbp,baseline,scaffold,2,CCS(=O)(=O)CCn1c([N+](=O)[O-])cnc1C,1.0,0.8873500663617996
bbbp,baseline,scaffold,2,CN1CCN2c3ccccc3Cc3ccccc3C2C1,1.0,0.9798763595509121
bbbp,baseline,scaffold,2,CC(C)c1ccccc1OCC1=NCCN1,0.0,0.9686259823584906
bbbp,baseline,scaffold,2,Cc1ccc(C(C)C)c(OCC2=NCCN2)c1,0.0,0.9582850564590285
bbbp,baseline,scaffold,2,Clc1ccc(OCC2=NCCN2)cc1Cl,1.0,0.9491233444314869
bbbp,baseline,scaffold,2,CCOC(=O)N(Cc1ccccc1)C1CC1,1.0,0.9475633264682448
bbbp,baseline,scaffold,2,CCC(NC(=O)c1c(C)c(-c2ccccc2)nc2ccccc12)c1ccccc1,1.0,0.7358708777553096
bbbp,baseline,scaffold,2,CC[C@H](NC(=O)c1c(C)c(-c2ccccc2)nc2ccccc12)c1ccccc1,1.0,0.7358708777553096
bbbp,baseline,scaffold,2,CC[C@H](NC(=O)c1c(O)c(-c2ccccc2)nc2ccccc12)c1ccccc1,1.0,0.6822631237825925
bbbp,baseline,scaffold,2,CC[C@H](NC(=O)c1c(OCCCN(C)C)c(-c2ccccc2)nc2ccccc12)c1ccccc1,1.0,0.4338835389786049
bbbp,baseline,scaffold,2,CC[C@H](NC(=O)c1c(OCC(=O)O)c(-c2ccccc2)nc2ccccc12)c1ccccc1,0.0,0.6969637825167199
bbbp,baseline,scaffold,2,CC[C@H](NC(=O)c1c(OCCCC(=O)O)c(-c2ccccc2)nc2ccccc12)c1ccccc1,0.0,0.5160214274112186
bbbp,baseline,scaffold,2,CCC1(C)CC(=O)NC(=O)C1,1.0,0.965986939449356
bbbp,baseline,scaffold,2,O=C1N(C(O)C(Cl)(Cl)Cl)CNC1(c1ccccc1)c1ccccc1,1.0,0.8901267113531048
bbbp,baseline,scaffold,2,O=C1NCNC1(c1ccccc1)c1ccccc1,1.0,0.9463842357202102
bbbp,baseline,scaffold,2,CNC[C@@H]1CN(c2ccc(OCc3cccc(Cl)c3)cc2)C(=O)O1,1.0,0.8584555225529924
bbbp,baseline,scaffold,2,COCC1CN(c2ccc(OCc3cccc(C#N)c3)cc2)C(=O)O1,1.0,0.8893792081364142
bbbp,baseline,scaffold,2,CN1CCN(C2=c3ccccc3=Nc3ccc(Cl)cc3N2)CC1,1.0,0.9613325036893609
bbbp,baseline,scaffold,2,CN(C)CCOC1=Cc2ccccc2Sc2ccc(Cl)cc21,1.0,0.9561457492616321
bbbp,baseline,scaffold,2,CN(C)CC1=Cc2ccccc2Sc2ccccc21,1.0,0.9628868918250584
bbbp,baseline,scaffold,2,CCCN(c1ccncc1)n1ccc2ccccc21.[Cl-].[H+],1.0,0.9478996946671919
bbbp,baseline,scaffold,2,CO[C@H]1/C=C/O[C@@]2(C)Oc3c(C)c(O)c4c(c3C2=O)C2=NC3(CCN(CC(C)C)CC3)NC2=C(NC(=O)/C(C)=C\C=C\[C@H](C)[C@H](O)[C@@H](C)[C@@H](O)[C@@H](C)[C@H](OC(C)=O)[C@@H]1C)C4=O,0.0,0.11611988824525445
bbbp,baseline,scaffold,2,OC(C1=NCCN1)(c1ccc(Cl)cc1)c1ccccn1,1.0,0.7886594685721323
bbbp,baseline,scaffold,2,CC(C)(C)c1ccc(C(O)CCCN2CCC(C(O)(c3ccccc3)c3ccccc3)CC2)cc1,0.0,0.7043118453261743
bbbp,baseline,scaffold,2,CC(C)(C(=O)O)c1ccc(C(O)CCCN2CCC(C(O)(c3ccccc3)c3ccccc3)CC2)cc1,0.0,0.5993424184555849
bbbp,baseline,scaffold,2,OC(CN1CCCCC1)c1cc(-c2ccccc2)on1,1.0,0.9629239408170983
bbbp,baseline,scaffold,2,CN(C)Cc1ccc(CSCCNC2N=CC=C2[N+](=O)[O-])o1,0.0,0.7451974196573559
bbbp,baseline,scaffold,2,CCOC(=O)c1ncn2c1CN(C)C(=O)c1cc(F)ccc1-2,1.0,0.9330119455876652
bbbp,baseline,scaffold,2,CC(=O)Nc1ccc(OC(=O)[C@@H]2CCC(=O)N2)cc1,1.0,0.8410422143967818
bbbp,baseline,scaffold,2,CC/C=C(\C(=O)N[C@@H]1C(=O)N2C(C(=O)O)=C(COC(N)=O)CS[C@H]12)c1csc(N)n1,0.0,0.09341832015357952
bbbp,baseline,scaffold,2,Nc1nc(/C(=C/CC(=O)O)C(=O)N[C@@H]2C(=O)N3C(C(=O)O)=CCS[C@H]23)cs1.O.O,0.0,0.15041287773523307
bbbp,baseline,scaffold,2,COc1cc(Cc2cnc(N)nc2N)cc(OC)c1OC,1.0,0.7198441599477846
bbbp,baseline,scaffold,2,COC1=CC(=O)OC1C(O)c1ccccc1Cl,1.0,0.9472176433780527
bbbp,baseline,scaffold,2,CCC1(c2ccccc2)NCC(=O)NC1=O,1.0,0.9443959494993177
bbbp,baseline,scaffold,2,COC1C=COC2(C)Oc3c(C)c(O)c4c(O)c(c(C=NN5CCN(C)CC5)c(O)c4c3C2=O)NC(=O)C(C)=CC=CC(C)C(O)C(C)C(O)C(C)C(OC(C)=O)C1C,0.0,0.10071084208672128
bbbp,baseline,scaffold,2,COc1cc(NCc2ccc3nc(N)nc(N)c3c2C)cc(OC)c1OC,0.0,0.6328782435993097
bbbp,baseline,scaffold,2,OCCC1CCN(CC/C=C2\c3ccc(F)cc3Sc3ccc(C(F)(F)F)cc32)CC1,1.0,0.9688985151463916
bbbp,baseline,scaffold,2,C#C[C@]1(O)CC[C@H]2C3CCC4=Cc5c(cnn5-c5ccc(F)cc5)CC4(C)[C@H]3CCC21C,1.0,0.7157579209214193
bbbp,baseline,scaffold,2,O=C1CN=C(c2ccccc2)c2cc(Cl)ccc2N1CCOCC1CC1,1.0,0.9735274783191563
bbbp,baseline,scaffold,2,Nc1ccc(N=Nc2ccccc2)c(N)n1,0.0,0.8326916798899986
bbbp,baseline,scaffold,2,Cc1ncc(CSSCc2cnc(C)c(O)c2CO)c(CO)c1O,1.0,0.5541017978251809
bbbp,baseline,scaffold,2,Cc1[nH]ccc2c1[nH]c1cc(=O)ccc12,1.0,0.8568813475058568
bbbp,baseline,scaffold,2,NS(=O)(=O)c1cc2c(cc1Cl)NC=NS2(=O)=O,0.0,0.4255504806949861
bbbp,baseline,scaffold,2,CCC(=O)O[C@](Cc1ccccc1)(c1ccccc1)[C@H](C)CN(C)C,1.0,0.799166607436646
bbbp,baseline,scaffold,2,CC(Cc1ccccc1)(NC(=O)CN)c1ccccc1,1.0,0.8817448501475709
bbbp,baseline,scaffold,2,CCC(=O)O[C@](Cc1ccccc1)(c1ccccc1)[C@H](C)CN(C)C.[Cl-].[H+],1.0,0.7108108179988979
bbbp,baseline,scaffold,2,Cc1noc(NS(=O)(=O)c2ccc(N)cc2)c1C,1.0,0.6830460838065038
bbbp,baseline,scaffold,2,C/C=C/C=C/C1OC(O)(C(CC)C(=O)NC/C=C/C=C(\C)C(OC)C(C)C2OC(/C=C/C=C/C=C(\C)C(=O)c3c(O)n(C)ccc3=O)C(O)C2O)C(O)C(OC2OC(C)C(OC3OC(C)C(OC)C(O)C3OC)C(OC)C2O)C1(C)C,0.0,0.12598627098067885
bbbp,baseline,scaffold,2,CN1C(=O)NC(=O)C(C)(C2=CCCCC2)C1=O,1.0,0.9028141745428561
bbbp,baseline,scaffold,2,CCC1(C2=CCCCC2)C(=O)NC(=O)NC1=O,1.0,0.9084305869030632
bbbp,baseline,scaffold,2,OC(CCN1CCCCC1)(c1ccccc1)C1CC2C=CC1C2,1.0,0.9698441507243548
bbbp,baseline,scaffold,2,O=C(CN1CCCC1=O)NNC(=O)CN1CCCC1=O,1.0,0.7293488250406496
bbbp,baseline,scaffold,2,NCCn1ncc2cc(Cl)c(Cl)cc21,1.0,0.9503244382509949
bbbp,baseline,scaffold,2,O=C1CCC(N2C(=O)c3ccccc3C2=O)C(=O)N1,1.0,0.9537738720082525
bbbp,baseline,scaffold,2,Clc1cccc(Cl)c1NC1=NCCN1,1.0,0.9432620784767093
bbbp,baseline,scaffold,2,Fc1cccc(Br)c1NC1=NCCN1,1.0,0.9199046900433558
bbbp,gnn,scaffold,2,CNCCCC12CCC(c3ccccc31)c1ccccc12,1.0,0.9990191459655762
bbbp,gnn,scaffold,2,CNCC12CCC(c3ccccc31)c1ccccc12,1.0,0.9993534684181213
bbbp,gnn,scaffold,2,CNC[C@H](O)CC12CCC(c3ccccc31)c1ccccc12,1.0,0.9325008392333984
bbbp,gnn,scaffold,2,CCc1c(O)c(=O)ccn1CCO,0.0,0.17962996661663055
bbbp,gnn,scaffold,2,CCc1c(O)c(=O)ccn1CCCCO,0.0,0.2962992489337921
bbbp,gnn,scaffold,2,Cc1c(O)c(=O)ccn1C,1.0,0.745348334312439
bbbp,gnn,scaffold,2,CCn1ccc(=O)c(O)c1C,1.0,0.7308421730995178
bbbp,gnn,scaffold,2,CCCCn1ccc(=O)c(O)c1C,1.0,0.7222859859466553
bbbp,gnn,scaffold,2,CCCCCn1ccc(=O)c(O)c1C,1.0,0.7542697787284851
bbbp,gnn,scaffold,2,Cc1c(O)c(=O)ccn1CCCO,0.0,0.30492061376571655
bbbp,gnn,scaffold,2,CCc1c(O)c(=O)ccn1CC,1.0,0.5274118185043335
bbbp,gnn,scaffold,2,Cc1cccc(/C=N/N2CCN(C(c3ccccc3)c3ccccc3)CC2)n1,1.0,0.7629786729812622
bbbp,gnn,scaffold,2,CN(C)CCN1C(=O)c2ccccc2N(C)c2ccccc21,1.0,0.9856907725334167
bbbp,gnn,scaffold,2,CCC(=O)N(c1ccccc1)C1(COC)CCN(CCc2cccs2)CC1,1.0,0.9159044623374939
bbbp,gnn,scaffold,2,N[C@@H]1C[C@H]1c1ccccc1.[Cl-].[H+],1.0,0.9817683696746826
bbbp,gnn,scaffold,2,CCN(CC)C(=O)[C@]1(c2ccccc2)C[C@@H]1CN.[Cl-].[H+],1.0,0.8390373587608337
bbbp,gnn,scaffold,2,O=C(c1ccc(F)cc1)C1CCN(CCCn2c(=O)[nH]c3ccccc32)CC1,1.0,0.8040627837181091
bbbp,gnn,scaffold,2,O=C(c1ccc(F)cc1)C1CCN(CCCn2c(=O)[nH]c3cc(Cl)ccc32)CC1,1.0,0.8216128349304199
bbbp,gnn,scaffold,2,Nc1nc(NC2CC2)c2ncn([C@H]3C=C[C@@H](CO)C3)c2n1,1.0,0.4982821047306061
bbbp,gnn,scaffold,2,COc1ccc2c3c1O[C@H]1[C@@H](O)CC[C@H]4[C@@H](C2)N(C)CC[C@@]341,1.0,0.9635931253433228
bbbp,gnn,scaffold,2,CN1CCC23c4c5ccc(O)c4OC2C(O)CCC3C1C5,1.0,0.9984594583511353
bbbp,gnn,scaffold,2,CN1CC[C@]23c4c5ccc(O)c4O[C@H]2[C@@H](O)CC[C@@]3(O)[C@H]1C5,1.0,0.7248111963272095
bbbp,gnn,scaffold,2,CO[C@H]1CC[C@H]2[C@H]3Cc4ccc(O)c5c4[C@@]2(CCN3C)[C@H]1O5,1.0,0.9151239395141602
bbbp,gnn,scaffold,2,CN1CCC23c4c5ccc(O)c4OC2CCCC3C1C5,1.0,0.9996776580810547
bbbp,gnn,scaffold,2,Clc1ccc([C@@H]2[C@H]3CC[C@@H](C3)C23CCC(N2CCOCC2)=N3)cc1,1.0,0.9908416271209717
bbbp,gnn,scaffold,2,COc1cccnc1CCCCNc1ncc(Cc2ccc(C)nc2)c(=O)[nH]1.[Cl-].[Cl-].[Cl-].[H+].[H+].[H+],0.0,0.20711253583431244
bbbp,gnn,scaffold,2,Cc1ccc(Cc2cnc(NCCCCc3ncc(Br)cc3C)[nH]c2=O)cn1,0.0,0.45729562640190125
bbbp,gnn,scaffold,2,CCCSc1ccc2[nH]c(NC(=O)OC)nc2c1,1.0,0.4988340437412262
bbbp,gnn,scaffold,2,CCCSc1ccc2nc(NC(=O)OC)[nH]c2c1,1.0,0.4994000196456909
bbbp,gnn,scaffold,2,O=C(O)C1=C/C(=N\Nc2ccc(S(=O)(=O)Nc3ccccn3)cc2)C=CC1=O,0.0,0.4848601520061493
bbbp,gnn,scaffold,2,N#CC(CCN1CCC(C(N)=O)(N2CCCCC2)CC1)(c1ccccc1)c1ccccc1,1.0,0.9620386958122253
bbbp,gnn,scaffold,2,CCn1cc(C(=O)O)c(=O)c2ccc(C)nc21,0.0,0.45588764548301697
bbbp,gnn,scaffold,2,OC(c1ccccc1)(c1ccccc1)C1CCCCN1,1.0,0.9604814648628235
bbbp,gnn,scaffold,2,CN1CCN(C2Cc3ccccc3Sc3ccc(Cl)cc32)CC1,1.0,0.9999011754989624
bbbp,gnn,scaffold,2,CSc1ccc2c(c1)C(N1CCN(C)CC1)Cc1ccccc1S2,1.0,0.9996875524520874
bbbp,gnn,scaffold,2,Cn1c(=O)c2[nH]cnc2n(C)c1=O,0.0,0.7126367688179016
bbbp,gnn,scaffold,2,Cn1c(=O)c2c(ncn2C)n(C)c1=O,1.0,0.9575024247169495
bbbp,gnn,scaffold,2,Cn1c(=O)[nH]c2ncn(C)c2c1=O,1.0,0.6736024022102356
bbbp,gnn,scaffold,2,Cn1cnc2c1c(=O)[nH]c(=O)n2C,1.0,0.7769211530685425
bbbp,gnn,scaffold,2,CCCCn1c(=O)c2c(ncn2CC(C)=O)n(CCCC)c1=O,1.0,0.9505196809768677
bbbp,gnn,scaffold,2,CN(C)CCn1cnc2c1c(=O)n(C)c(=O)n2C,1.0,0.9645182490348816
bbbp,gnn,scaffold,2,CCN(CC)CCn1cnc2c1c(=O)n(C)c(=O)n2C,1.0,0.9252687692642212
bbbp,gnn,scaffold,2,CC(O)Cn1cnc2c1c(=O)n(C)c(=O)n2C,1.0,0.6993827819824219
bbbp,gnn,scaffold,2,CN1CCN(CCN2CCN(CCCN3c4ccccc4Sc4ccc(Cl)cc43)CC2)C1=O,1.0,0.9995385408401489
bbbp,gnn,scaffold,2,CC(C)(C)[C@]1(O)CCN2C[C@H]3c4ccccc4CCc4cccc(c43)[C@@H]2C1.[Cl-].[H+],1.0,0.9119079113006592
bbbp,gnn,scaffold,2,CC(C)[C@@]1(O)CCN2C[C@@H]3c4ccccc4CCc4cccc(c43)[C@H]2C1,1.0,0.7905963063240051
bbbp,gnn,scaffold,2,c1ccc2c(c1)CCc1cccc3c1C2CN1CCCCC31,1.0,0.9998041987419128
bbbp,gnn,scaffold,2,NC(=O)c1ccc(F)c2c1C[C@@H](N(C1CCC1)C1CCC1)CO2,1.0,0.9982655644416809
bbbp,gnn,scaffold,2,CC(C)CCOC(CN1CCCC1)c1ccccc1,1.0,0.8217226266860962
bbbp,gnn,scaffold,2,CCCC(Cc1ccccc1)N1CCCC1,1.0,0.9912949800491333
bbbp,gnn,scaffold,2,C/C(=C(/CCO)SSCC1CCCO1)N(C=O)Cc1cnc(C)nc1N,1.0,0.8616055250167847
bbbp,gnn,scaffold,2,COC1C(O)CC(=O)OC(C)C/C=C/C=C/C(OC2CCC(N(C)C)C(C)O2)C(C)CC(CC=O)C1OC1OC(C)C(OC2CC(C)(O)C(O)C(C)O2)C(N(C)C)C1O,0.0,4.576207983516753e-14
bbbp,gnn,scaffold,2,Cc1c(N(C)C)c(=O)n(-c2ccccc2)n1C,1.0,0.8950611352920532
bbbp,gnn,scaffold,2,Cc1cc(=O)n(-c2ccccc2)n1C,1.0,0.7883509397506714
bbbp,gnn,scaffold,2,[Cl].c1ccc(Cn2cc(CCc3ccncc3)c3ccccc32)cc1,1.0,0.5982029438018799
bbbp,gnn,scaffold,2,CC1(C)SC2C(NC(=O)CSc3ccccc3)C(=O)N2C1C(=O)O,0.0,0.0002741523494478315
bbbp,gnn,scaffold,2,OCCOC1CCN(CCCN2c3ccccc3Sc3ccc(C(F)(F)F)cc32)CC1,1.0,0.9181258082389832
bbbp,gnn,scaffold,2,CS(=O)(=O)c1ccc2c(c1)N(CCCN1CCC(C(N)=O)CC1)c1ccccc1S2,1.0,0.9426820278167725
bbbp,gnn,scaffold,2,CC(=O)c1ccc2c(c1)N(CCCN1CCC(CCO)CC1)c1ccccc1S2,1.0,0.9274101853370667
bbbp,gnn,scaffold,2,CCCCCCCCCCCCCCCC(=O)OCCC1CCN(CCCN2c3ccccc3Sc3ccc(S(=O)(=O)N(C)C)cc32)CC1,1.0,0.8155758380889893
bbbp,gnn,scaffold,2,N#Cc1ccc2c(c1)N(CCCN1CCC(O)CC1)c1ccccc1S2,1.0,0.9658396244049072
bbbp,gnn,scaffold,2,COc1ccc2c(c1)N(CC(C)CN1CCC(O)CC1)c1ccccc1S2,1.0,0.9601320028305054
bbbp,gnn,scaffold,2,CN(C)S(=O)(=O)c1ccc2c(c1)N(CCCN1CCC(CCO)CC1)c1ccccc1S2,1.0,0.8319883942604065
bbbp,gnn,scaffold,2,CN(C)CCC1(c2ccccc2)C=Cc2ccccc21,1.0,0.9973324537277222
bbbp,gnn,scaffold,2,CN1CCN(CC(=O)[C@@]2(O)CC[C@H]3[C@@H]4CCC5=CC(=O)C=C[C@]5(C)[C@H]4[C@@H](O)C[C@@]32C)CC1,1.0,0.4076540768146515
bbbp,gnn,scaffold,2,CNC1(c2ccccc2Cl)CCCCC1=O,1.0,0.9977915287017822
bbbp,gnn,scaffold,2,CCCC(C(=O)c1ccc(C)cc1)N1CCCC1,1.0,0.9529615640640259
bbbp,gnn,scaffold,2,COc1ccc2nc(S(=O)Cc3ncc(C)c(OC)c3C)[nH]c2c1,0.0,0.4612830877304077
bbbp,gnn,scaffold,2,CC(=O)[C@H]1CC[C@H]2[C@@H]3C[C@@H](O)C45CC4CC[C@]5(C)[C@H]3CC[C@]12C,1.0,0.5175315141677856
bbbp,gnn,scaffold,2,FC(F)(F)c1ccc2c(c1)N(CCCN1CCN(C3CC3)CC1)c1ccccc1S2,1.0,0.9995012283325195
bbbp,gnn,scaffold,2,O=C1C(O)=C(O)OC1C(O)CO,1.0,0.13903364539146423
bbbp,gnn,scaffold,2,COc1nc2nc(-c3noc(C)n3)cn2c2c1CCCC2,1.0,0.5975776314735413
bbbp,gnn,scaffold,2,CN1CC[C@]23c4c5ccc(OC(=O)c6cccnc6)c4O[C@H]2[C@@H](OC(=O)c2cccnc2)C=C[C@H]3[C@H]1C5,1.0,0.968718945980072
bbbp,gnn,scaffold,2,CC[C@H](NC(=O)c1c(Cn2ccnc2)c(-c2ccccc2)nc2ccccc12)c1ccccc1,0.0,0.5335102677345276
bbbp,gnn,scaffold,2,CC1(C)S[C@@H]2[C@H](NC(=O)C(Oc3ccccc3)c3ccccc3)C(=O)N2[C@H]1C(=O)O,0.0,0.007115938235074282
bbbp,gnn,scaffold,2,O=C(c1ccccc1)c1ccc2n1CCC2C(=O)O,0.0,0.7410451769828796
bbbp,gnn,scaffold,2,CC(=O)CC(c1ccccc1)c1c(O)oc2ccccc2c1=O,0.0,0.5015232563018799
bbbp,gnn,scaffold,2,Cc1cccc(O[C@H]2CCNC[C@H]2O)c1C,1.0,0.8204441070556641
bbbp,gnn,scaffold,2,CC1CCCC1,1.0,0.9980734586715698
bbbp,gnn,scaffold,2,CNC1CCc2ncsc2C1,1.0,0.9989269375801086
bbbp,gnn,scaffold,2,Cc1cccc(N2CCN(CCc3cc(C)[nH]n3)CC2)c1,1.0,0.8800852298736572
bbbp,gnn,scaffold,2,Cc1cc(CCN2CCN(c3cccc(Cl)c3)CC2)n[nH]1,1.0,0.9052962064743042
bbbp,gnn,scaffold,2,C[N+](C)([O-])CC/C=C1/c2ccccc2C=Cc2c(Cl)cccc21,1.0,0.9740070104598999
bbbp,gnn,scaffold,2,CN(C)CCC=C1c2ccccc2C=Cc2ccccc21,1.0,0.9910929799079895
bbbp,gnn,scaffold,2,CN(C)CC#CC=C1c2ccccc2C=Cc2ccccc21,1.0,0.9825084209442139
bbbp,gnn,scaffold,2,CCCCC[C@H](O)/C=C/[C@H]1[C@H](O)CC(=O)[C@@H]1CCCCCCC(=O)O,0.0,0.5262454152107239
bbbp,gnn,scaffold,2,OCCN1CCCN(CCCN2c3ccccc3Sc3cc(C(F)(F)F)ccc32)CC1.[Cl-].[Cl-].[H+].[H+],1.0,0.9888880848884583
bbbp,gnn,scaffold,2,OCCN1CCCN(CCCN2c3ccccc3Sc3ccc(C(F)(F)F)cc32)CC1,1.0,0.9911847710609436
bbbp,gnn,scaffold,2,CC[C@H]1CN2CCc3cc(OC)c(OC)cc3[C@@H]2C[C@@H]1C[C@H]1NCCc2cc(OC)c(OC)cc21.[Cl],0.0,0.05323253199458122
bbbp,gnn,scaffold,2,COc1cc2c(c(OC)c1OC)-c1ccc(OC)c(=O)cc1C(NC(C)=O)CC2,1.0,0.8219450116157532
bbbp,gnn,scaffold,2,COc1cc2c(c(OC)c1OC)-c1ccc(OC)c(=O)cc1[C@@H](NC(C)=O)CC2,0.0,0.5874389410018921
bbbp,gnn,scaffold,2,CCC(C(=O)OCCN1CCOC(c2ccccc2)C1C)c1ccccc1,1.0,0.9556147456169128
bbbp,gnn,scaffold,2,CC1=NN(c2ccccc2)C(=O)C1,1.0,0.9890368580818176
bbbp,gnn,scaffold,2,O=C1CC[C@@]2(O)[C@H]3Cc4ccc(O)c5c4[C@@]2(CCN3CC2CC2)[C@H]1O5,1.0,0.816800594329834
bbbp,gnn,scaffold,2,CC[C@H]1CC(=O)[C@@H]2Oc3c(OC)ccc4c3[C@@]23CCN(CC2CC2)C(C4)[C@H]13,1.0,0.9031594395637512
bbbp,gnn,scaffold,2,O=C1CN(C(=O)CN2CC(c3ccc(Cl)cc3)CC2=O)CCN1,1.0,0.7847145795822144
bbbp,gnn,scaffold,2,Clc1ccc(N2CCN(C/C=C/c3ccccc3)CC2)nn1,1.0,0.9959747195243835
bbbp,gnn,scaffold,2,CN(C)CCCN1c2ccccc2C=Cc2sccc21,1.0,0.9713335037231445
bbbp,gnn,scaffold,2,O=C1CCC(N2C(=O)C3C4CCC(C4)C3C2=O)C(=O)N1,1.0,0.8095746040344238
bbbp,gnn,scaffold,2,CCCCCc1cc(O)c2c(c1)OC(C)(C)[C@@H]1CCC(C)=C[C@@H]21,1.0,0.4174337387084961
bbbp,gnn,scaffold,2,Cc1cc(NS(=O)(=O)c2ccc(N)cc2)no1,1.0,0.4775998592376709
bbbp,gnn,scaffold,2,Fc1ccc(-c2ccc(CN3CCN(c4cccc5ccoc45)CC3)[nH]2)cc1,1.0,0.8826301693916321
bbbp,gnn,scaffold,2,CC(C)C(=O)OCc1cccc(OC(=O)[C@@H]2N3C(=O)[C@@H](NC(=O)Cc4ccccc4)[C@H]3SC2(C)C)c1,0.0,0.0023046722635626793
bbbp,gnn,scaffold,2,CCN1C(=O)NC(c2ccccc2)C1=O,1.0,0.9810945987701416
bbbp,gnn,scaffold,2,CCC1(c2ccccc2)NC(=O)N(C)C1=O,1.0,0.9668289422988892
bbbp,gnn,scaffold,2,CCC1(c2ccccc2)C(=O)NC(=O)N1C,1.0,0.9450036287307739
bbbp,gnn,scaffold,2,CC[C@]1(O)C[C@H]2CN(CCc3c([nH]c4ccccc34)[C@@](C(=O)OC)(c3cc4c(cc3OC)N(C)[C@H]3[C@@](O)(C(=O)OC)[C@H](OC(C)=O)[C@]5(CC)C=CCN6CC[C@]43[C@@H]65)C2)C1,1.0,0.0013822719920426607
bbbp,gnn,scaffold,2,CC[C@]1(O)C[C@H]2CN(CCc3c([nH]c4ccccc34)[C@@](C(=O)OC)(c3cc4c(cc3OC)N(C=O)[C@H]3[C@@](O)(C(=O)OC)[C@H](OC(C)=O)[C@]5(CC)C=CCN6CC[C@]43[C@@H]65)C2)C1,1.0,0.003950408194214106
bbbp,gnn,scaffold,2,CC[C@]1(O)C[C@H]2CN(CCc3c([nH]c4ccccc34)[C@@](C(=O)OC)(c3cc4c(cc3OC)N(C)[C@H]3[C@@](O)(C(N)=O)[C@H](O)[C@]5(CC)C=CCN6CC[C@]43[C@@H]65)C2)C1,0.0,0.0036754535976797342
bbbp,gnn,scaffold,2,CN(C)CC(Oc1ccccc1)Oc1ccccc1,1.0,0.6612623929977417
bbbp,gnn,scaffold,2,O=C1CCC2(CCC(=O)c3ccccc32)C(=O)N1,1.0,0.9487120509147644
bbbp,gnn,scaffold,2,CC1(C)S[C@@H]2[C@H](NC(=O)[C@H](C(=O)[O-])c3ccsc3)C(=O)N2[C@H]1C(=O)[O-].[Na+].[Na+],1.0,0.0005724243819713593
bbbp,gnn,scaffold,2,CO[C@@]1(NC(=O)C(C(=O)O)c2ccsc2)C(=O)N2[C@@H](C(=O)O)C(C)(C)S[C@@H]21,0.0,4.208339669276029e-05
bbbp,gnn,scaffold,2,COc1cc([C@@H]2c3cc4c(cc3[C@@H](OC3OC5COC(c6cccs6)OC5C(O)C3O)[C@H]3COC(=O)[C@H]23)OCO4)cc(OC)c1O,1.0,0.14403410255908966
bbbp,gnn,scaffold,2,CC1NC(=O)COC1c1ccccc1,1.0,0.9964706897735596
bbbp,gnn,scaffold,2,OC1(c2ccc(Cl)cc2)c2ccccc2C2=NCCN21,1.0,0.9961280226707458
bbbp,gnn,scaffold,2,CCN(CC)CCOC1(c2ccc(Cl)cc2)CCCCC1,1.0,0.7693299651145935
bbbp,gnn,scaffold,2,CCNC1(c2ccccc2)CCCCC1,1.0,0.9963662624359131
bbbp,gnn,scaffold,2,COc1cccc([C@@]2(O)CCCC[C@@H]2CN(C)C)c1.[Cl-].[H+],1.0,0.6800482869148254
bbbp,gnn,scaffold,2,CC1(C)S[C@@H]2[C@H](N3C(=O)[C@@H](c4ccccc4)NC3(C)C)C(=O)N2[C@H]1C(=O)O,0.0,2.1314492641977267e-06
bbbp,gnn,scaffold,2,COCOC(=O)C1N2C(=O)C(N3C(=O)C(c4ccc(O)cc4)NC3(C)C)C2SC1(C)C,0.0,1.1206842742694789e-07
bbbp,gnn,scaffold,2,COCOC(=O)[C@@H]1N2C(=O)[C@@H](N3C(=O)C(c4ccccc4)NC3(C)C)[C@H]2SC1(C)C,0.0,1.3335062476471649e-06
bbbp,gnn,scaffold,2,c1ccc(C2CCN(CC3CCCc4c3ccc3c4OCO3)C2)cc1,1.0,0.9997983574867249
bbbp,gnn,scaffold,2,CC(CCc1ccccc1)NCC(O)c1ccc(O)c(C(N)=O)c1,0.0,0.3736704885959625
bbbp,gnn,scaffold,2,CC(CCc1ccccc1)NC(C)C(O)c1ccc(O)cc1,0.0,0.20533378422260284
bbbp,gnn,scaffold,2,CC#C[C@]1(O)CC[C@H]2[C@@H]3CCC4=CC(=O)CCC4=C3[C@@H](c3ccc(N(C)C)cc3)C[C@@]21C,0.0,0.26554328203201294
bbbp,gnn,scaffold,2,CN1CC[C@@]2(C)c3cc(OC(=O)Nc4ccccc4)ccc3N(C)[C@@H]12,1.0,0.06516124308109283
bbbp,gnn,scaffold,2,CO/N=C(\C(=O)N[C@@H]1C(=O)N2C(C(=O)O)=C(COC(N)=O)CS[C@H]12)c1ccco1,1.0,0.24705004692077637
bbbp,gnn,scaffold,2,CO/N=C(\C(=O)N[C@@H]1C(=O)N2C(C(=O)O)=C(COC(C)=O)CS[C@H]12)c1ccco1,0.0,0.15615412592887878
bbbp,gnn,scaffold,2,CO/N=C(\C(=O)N[C@@H]1C(=O)N2C(C(=O)OC(C)OC(C)=O)=C(COC(N)=O)CS[C@H]12)c1ccco1,0.0,0.45356202125549316
bbbp,gnn,scaffold,2,COCCCC(=O)OC(C)OC(=O)C1=C(COC(N)=O)CS[C@@H]2[C@H](NC(=O)/C(=N\OC)c3ccco3)C(=O)N12,0.0,0.5308430194854736
bbbp,gnn,scaffold,2,CNCCCN1c2ccccc2C(C)(C)c2ccccc21,1.0,0.9913620352745056
bbbp,gnn,scaffold,2,CN(C)CCCC1c2ccccc2Nc2ccc(Cl)cc21,1.0,0.9590994715690613
bbbp,gnn,scaffold,2,CN(C)CCCN1c2ccccc2C(C)(C)c2ccccc21,1.0,0.9930868744850159
bbbp,gnn,scaffold,2,Cc1ncc2n1-c1ccc(Cl)cc1C(c1ccccc1F)=NC2,1.0,0.9904829263687134
bbbp,gnn,scaffold,2,OCc1ncc2n1-c1ccc(Cl)cc1C(c1ccccc1F)=NC2,1.0,0.9297619462013245
bbbp,gnn,scaffold,2,Cc1ncc2n1-c1ccc(Cl)cc1C(c1ccccc1F)=NC2O,1.0,0.9819684624671936
bbbp,gnn,scaffold,2,Cc1ncc2n1-c1ccc(Cl)cc1C(c1ccccc1F)=NC2.O=C(O)/C=C\C(=O)O,1.0,0.9860483407974243
bbbp,gnn,scaffold,2,Cc1ncc2n1-c1ccc(Cl)cc1C(c1ccccc1Cl)=NC2,1.0,0.9890182018280029
bbbp,gnn,scaffold,2,Cc1ncc([N+](=O)[O-])n1CC(O)CCl,1.0,0.4982821047306061
bbbp,gnn,scaffold,2,CN=C(NC#N)NCCSCc1nc[nH]c1C,0.0,0.48960429430007935
bbbp,gnn,scaffold,2,Cc1ncc([N+](=O)[O-])n1CCO,1.0,0.5025578737258911
bbbp,gnn,scaffold,2,CCS(=O)(=O)CCn1c([N+](=O)[O-])cnc1C,1.0,0.7472022771835327
bbbp,gnn,scaffold,2,CN1CCN2c3ccccc3Cc3ccccc3C2C1,1.0,0.9982543587684631
bbbp,gnn,scaffold,2,CC(C)c1ccccc1OCC1=NCCN1,0.0,0.9876603484153748
bbbp,gnn,scaffold,2,Cc1ccc(C(C)C)c(OCC2=NCCN2)c1,0.0,0.9552035331726074
bbbp,gnn,scaffold,2,Clc1ccc(OCC2=NCCN2)cc1Cl,1.0,0.9914515614509583
bbbp,gnn,scaffold,2,CCOC(=O)N(Cc1ccccc1)C1CC1,1.0,0.9917064905166626
bbbp,gnn,scaffold,2,CCC(NC(=O)c1c(C)c(-c2ccccc2)nc2ccccc12)c1ccccc1,1.0,0.8647111058235168
bbbp,gnn,scaffold,2,CC[C@H](NC(=O)c1c(C)c(-c2ccccc2)nc2ccccc12)c1ccccc1,1.0,0.6790644526481628
bbbp,gnn,scaffold,2,CC[C@H](NC(=O)c1c(O)c(-c2ccccc2)nc2ccccc12)c1ccccc1,1.0,0.5814099907875061
bbbp,gnn,scaffold,2,CC[C@H](NC(=O)c1c(OCCCN(C)C)c(-c2ccccc2)nc2ccccc12)c1ccccc1,1.0,0.6575590372085571
bbbp,gnn,scaffold,2,CC[C@H](NC(=O)c1c(OCC(=O)O)c(-c2ccccc2)nc2ccccc12)c1ccccc1,0.0,0.5459846258163452
bbbp,gnn,scaffold,2,CC[C@H](NC(=O)c1c(OCCCC(=O)O)c(-c2ccccc2)nc2ccccc12)c1ccccc1,0.0,0.5433029532432556
bbbp,gnn,scaffold,2,CCC1(C)CC(=O)NC(=O)C1,1.0,0.9568910002708435
bbbp,gnn,scaffold,2,O=C1N(C(O)C(Cl)(Cl)Cl)CNC1(c1ccccc1)c1ccccc1,1.0,0.7240298390388489
bbbp,gnn,scaffold,2,O=C1NCNC1(c1ccccc1)c1ccccc1,1.0,0.9538751840591431
bbbp,gnn,scaffold,2,CNC[C@@H]1CN(c2ccc(OCc3cccc(Cl)c3)cc2)C(=O)O1,1.0,0.5646698474884033
bbbp,gnn,scaffold,2,COCC1CN(c2ccc(OCc3cccc(C#N)c3)cc2)C(=O)O1,1.0,0.5326611399650574
bbbp,gnn,scaffold,2,CN1CCN(C2=c3ccccc3=Nc3ccc(Cl)cc3N2)CC1,1.0,0.9724069833755493
bbbp,gnn,scaffold,2,CN(C)CCOC1=Cc2ccccc2Sc2ccc(Cl)cc21,1.0,0.982463002204895
bbbp,gnn,scaffold,2,CN(C)CC1=Cc2ccccc2Sc2ccccc21,1.0,0.9945000410079956
bbbp,gnn,scaffold,2,CCCN(c1ccncc1)n1ccc2ccccc21.[Cl-].[H+],1.0,0.5007424354553223
bbbp,gnn,scaffold,2,CO[C@H]1/C=C/O[C@@]2(C)Oc3c(C)c(O)c4c(c3C2=O)C2=NC3(CCN(CC(C)C)CC3)NC2=C(NC(=O)/C(C)=C\C=C\[C@H](C)[C@H](O)[C@@H](C)[C@@H](O)[C@@H](C)[C@H](OC(C)=O)[C@@H]1C)C4=O,0.0,1.6581144564042916e-06
bbbp,gnn,scaffold,2,OC(C1=NCCN1)(c1ccc(Cl)cc1)c1ccccn1,1.0,0.7060349583625793
bbbp,gnn,scaffold,2,CC(C)(C)c1ccc(C(O)CCCN2CCC(C(O)(c3ccccc3)c3ccccc3)CC2)cc1,0.0,0.3300361931324005
bbbp,gnn,scaffold,2,CC(C)(C(=O)O)c1ccc(C(O)CCCN2CCC(C(O)(c3ccccc3)c3ccccc3)CC2)cc1,0.0,0.295399934053421
bbbp,gnn,scaffold,2,OC(CN1CCCCC1)c1cc(-c2ccccc2)on1,1.0,0.7572516202926636
bbbp,gnn,scaffold,2,CN(C)Cc1ccc(CSCCNC2N=CC=C2[N+](=O)[O-])o1,0.0,0.522499144077301
bbbp,gnn,scaffold,2,CCOC(=O)c1ncn2c1CN(C)C(=O)c1cc(F)ccc1-2,1.0,0.9434411525726318
bbbp,gnn,scaffold,2,CC(=O)Nc1ccc(OC(=O)[C@@H]2CCC(=O)N2)cc1,1.0,0.46150290966033936
bbbp,gnn,scaffold,2,CC/C=C(\C(=O)N[C@@H]1C(=O)N2C(C(=O)O)=C(COC(N)=O)CS[C@H]12)c1csc(N)n1,0.0,0.40010079741477966
bbbp,gnn,scaffold,2,Nc1nc(/C(=C/CC(=O)O)C(=O)N[C@@H]2C(=O)N3C(C(=O)O)=CCS[C@H]23)cs1.O.O,0.0,0.13880829513072968
bbbp,gnn,scaffold,2,COc1cc(Cc2cnc(N)nc2N)cc(OC)c1OC,1.0,0.3300505578517914
bbbp,gnn,scaffold,2,COC1=CC(=O)OC1C(O)c1ccccc1Cl,1.0,0.8854921460151672
bbbp,gnn,scaffold,2,CCC1(c2ccccc2)NCC(=O)NC1=O,1.0,0.9275472164154053
bbbp,gnn,scaffold,2,COC1C=COC2(C)Oc3c(C)c(O)c4c(O)c(c(C=NN5CCN(C)CC5)c(O)c4c3C2=O)NC(=O)C(C)=CC=CC(C)C(O)C(C)C(O)C(C)C(OC(C)=O)C1C,0.0,3.772056516027078e-07
bbbp,gnn,scaffold,2,COc1cc(NCc2ccc3nc(N)nc(N)c3c2C)cc(OC)c1OC,0.0,0.5026495456695557
bbbp,gnn,scaffold,2,OCCC1CCN(CC/C=C2\c3ccc(F)cc3Sc3ccc(C(F)(F)F)cc32)CC1,1.0,0.9947814345359802
bbbp,gnn,scaffold,2,C#C[C@]1(O)CC[C@H]2C3CCC4=Cc5c(cnn5-c5ccc(F)cc5)CC4(C)[C@H]3CCC21C,1.0,0.3377663791179657
bbbp,gnn,scaffold,2,O=C1CN=C(c2ccccc2)c2cc(Cl)ccc2N1CCOCC1CC1,1.0,0.9387568235397339
bbbp,gnn,scaffold,2,Nc1ccc(N=Nc2ccccc2)c(N)n1,0.0,0.5005006790161133
bbbp,gnn,scaffold,2,Cc1ncc(CSSCc2cnc(C)c(O)c2CO)c(CO)c1O,1.0,0.013097075745463371
bbbp,gnn,scaffold,2,Cc1[nH]ccc2c1[nH]c1cc(=O)ccc12,1.0,0.5428592562675476
bbbp,gnn,scaffold,2,NS(=O)(=O)c1cc2c(cc1Cl)NC=NS2(=O)=O,0.0,0.23275266587734222
bbbp,gnn,scaffold,2,CCC(=O)O[C@](Cc1ccccc1)(c1ccccc1)[C@H](C)CN(C)C,1.0,0.5860122442245483
bbbp,gnn,scaffold,2,CC(Cc1ccccc1)(NC(=O)CN)c1ccccc1,1.0,0.9071182012557983
bbbp,gnn,scaffold,2,CCC(=O)O[C@](Cc1ccccc1)(c1ccccc1)[C@H](C)CN(C)C.[Cl-].[H+],1.0,0.6407667398452759
bbbp,gnn,scaffold,2,Cc1noc(NS(=O)(=O)c2ccc(N)cc2)c1C,1.0,0.5266997218132019
bbbp,gnn,scaffold,2,C/C=C/C=C/C1OC(O)(C(CC)C(=O)NC/C=C/C=C(\C)C(OC)C(C)C2OC(/C=C/C=C/C=C(\C)C(=O)c3c(O)n(C)ccc3=O)C(O)C2O)C(O)C(OC2OC(C)C(OC3OC(C)C(OC)C(O)C3OC)C(OC)C2O)C1(C)C,0.0,4.416739751711418e-10
bbbp,gnn,scaffold,2,CN1C(=O)NC(=O)C(C)(C2=CCCCC2)C1=O,1.0,0.9605807065963745
bbbp,gnn,scaffold,2,CCC1(C2=CCCCC2)C(=O)NC(=O)NC1=O,1.0,0.7491358518600464
bbbp,gnn,scaffold,2,OC(CCN1CCCCC1)(c1ccccc1)C1CC2C=CC1C2,1.0,0.9955703616142273
bbbp,gnn,scaffold,2,O=C(CN1CCCC1=O)NNC(=O)CN1CCCC1=O,1.0,0.7715898752212524
bbbp,gnn,scaffold,2,NCCn1ncc2cc(Cl)c(Cl)cc21,1.0,0.7979363799095154
bbbp,gnn,scaffold,2,O=C1CCC(N2C(=O)c3ccccc3C2=O)C(=O)N1,1.0,0.9823359847068787
bbbp,gnn,scaffold,2,Clc1cccc(Cl)c1NC1=NCCN1,1.0,0.5894359350204468
bbbp,gnn,scaffold,2,Fc1cccc(Br)c1NC1=NCCN1,1.0,0.6181079745292664
