dataset,model,split,seed,smiles,y_true,y_pred
bace,baseline,random,0,NC1=NC2(c3cc(NC(=O)c4ccc(Cl)cn4)ccc3F)CC2COC1,1.0,0.7586114478899461
bace,baseline,random,0,COc1cc(Cl)cc(C[NH+]2CCC(NC(=O)COc3ccc(S(N)(=O)=O)cc3)CC2)c1OC(C)C,1.0,0.6828710230525338
bace,baseline,random,0,CCn1ccc2c(N3CCCC3=O)cc(C(=O)NC(Cc3ccccc3)C(O)C[NH2+]Cc3cccc(C(F)(F)F)c3)cc21,1.0,0.8066693325964304
bace,baseline,random,0,COc1ccc(COCC(CC(O)C(COc2cc(F)cc(F)c2)NC(=O)c2cc(N(C)CC3CC3C)nc(N(C)S(C)(=O)=O)c2)OC)cc1,0.0,0.06457395630444543
bace,baseline,random,0,CCCCC1CCN(C(C)C(=O)NC(Cc2cc(F)cc(F)c2)C(O)C2CC(OCCC)C[NH2+]2)C1=O,1.0,0.6438868641061646
bace,baseline,random,0,CC1(C)Cc2cc(Cl)ccc2C(NC(Cc2ccccc2)c2nc3ccccc3c(=O)[nH]2)=N1,0.0,0.0586176124261939
bace,baseline,random,0,CCC(C)C1(NC(C)=O)CCN(C(CCc2ccccc2)C(=O)NC(Cc2cc(F)cc(F)c2)C(O)C2CC(O)C[NH2+]2)C1=O,1.0,0.9478453409219212
bace,baseline,random,0,COc1cccc(CN2CC(C(=O)NC(Cc3ccccc3)C(O)C[NH2+]Cc3cccc(N(C)C)c3)NC2=O)c1,1.0,0.5999198024056871
bace,baseline,random,0,CC(=O)NC(Cc1cc(F)cc(F)c1)C(O)C[NH2+]C1(c2cc(N)cc(C(C)(C)C)c2)CCCCC1,0.0,0.3298916484736827
bace,baseline,random,0,CO/N=C(\C)c1cc(C(=O)NC(Cc2cc(F)cc(F)c2)[C@@H](O)C[NH2+]Cc2cccc(OC)c2)cc(N(C)S(C)(=O)=O)c1,1.0,0.5778795791204631
bace,baseline,random,0,CCc1cn2c3c(cc(C(=O)NC(Cc4ccccc4)[C@H](O)C[NH2+]C4CC4)cc13)OS(=O)(=O)CC2,0.0,0.39696914922473714
bace,baseline,random,0,CC(=O)NC(Cc1cc(F)cc(F)c1)C(O)C[NH2+]C1(c2cccc(-n3nccn3)c2)CCCCC1,0.0,0.12232828199179419
bace,baseline,random,0,CC(=O)NC(Cc1cccc(C(F)(F)F)c1)C(O)C[NH2+]C1CC2(CCC2)Oc2ncc(CC(C)(C)C)cc21,1.0,0.9748619044240673
bace,baseline,random,0,CN1C(=O)[C@@](c2ccc(OC(F)F)cc2)(c2cccc(C#CC3CCCCC3)c2)N=C1N,0.0,0.9601006763509214
bace,baseline,random,0,CN1C(=O)[C@]2(CC(C)(C)Oc3ccc(-c4cccc(C#N)c4)cc32)N=C1N,1.0,0.8595932565750566
bace,baseline,random,0,CN1C(=O)C2(CC(C)(C)Sc3ccc(-c4cncc(Cl)c4)cc32)N=C1N,1.0,0.873869856516814
bace,baseline,random,0,CC(=O)NC(Cc1ccccc1F)C(O)C[NH2+]C1CC2(CCC2)Oc2ncc(CC(C)(C)C)cc21,1.0,0.9686107485396608
bace,baseline,random,0,CC(=O)NC(Cc1cc(F)cc(F)c1)C(O)C[NH2+]C1(c2ccc(Br)c(C(C)(C)C)c2)CCCCC1,0.0,0.37373094991191
bace,baseline,random,0,CN1C(=O)[C@](c2ccccc2)(c2ccc(OCCF)cc2)N=C1N,0.0,0.08075077748974485
bace,baseline,random,0,CN1C(=O)C2(CC(C)(C)Oc3ccc(-c4cccc(C(F)(F)F)c4)cc32)N=C1N,1.0,0.6709610362108184
bace,baseline,random,0,CN1C(=O)C(c2cccc(-c3cncnc3)c2)(c2cnn(CCC(C)(C)C)c2)N=C1N,1.0,0.8979747462422958
bace,baseline,random,0,CC(=O)C1=C(C)N(CC(=O)OC(C)C)C(C)=C(C(=O)N[C@@H](Cc2ccccc2)[C@H](O)CNc2cccc(F)c2)[C@@H]1C,0.0,0.09147255652739393
bace,baseline,random,0,CN1C(=O)C2CN(C(=O)c3ccccc3)CC2(c2cc(-c3cccc(C#N)c3)cs2)N=C1N,1.0,0.6806864267419163
bace,baseline,random,0,Cc1cc(C2(c3cccc(-c4cncnc4)c3)N=C(N)N(C)C2=O)cc(C(C)C)n1,0.0,0.7219114164843634
bace,baseline,random,0,NC1=NC2(c3cccc(NC(=O)c4ccc(Cl)cn4)c3)CC2CCS1,0.0,0.0580831961540396
bace,baseline,random,0,CC1CC2(CC[NH+]1Cc1cccc(-c3ccccc3Cl)c1)CNS(=O)(=O)N2c1cccc(F)c1,0.0,0.06941738596045394
bace,baseline,random,0,COCC(Oc1cc(CC2CS(=O)CC([NH2+]Cc3cccc(C(C)(C)O)c3)C2O)cc(F)c1N)C(F)(F)F,1.0,0.9043106289390296
bace,baseline,random,0,CCCN(CCC)C(=O)c1cc(C)cc(C(=O)N[C@@H](Cc2cc(F)cc(F)c2)[C@H](O)[C@H]2C[C@@H](OCc3ccccc3)C[NH2+]2)c1,1.0,0.9236361830239371
bace,baseline,random,0,CN1C(=O)[C@@](c2ccc(OC(F)F)cc2)(c2cccc(/C=C/CCF)c2)N=C1N,1.0,0.8736428665792365
bace,baseline,random,0,COc1cccc(-c2ccc(C3CC3c3cc(=O)n(C)c(N)n3)cc2)n1,0.0,0.019996660137938736
bace,baseline,random,0,CC1(c2cc(NC(=O)c3ccc(F)cn3)ccc2F)N=C(N)OCC1(F)F,1.0,0.8364876525065907
bace,baseline,random,0,CCNc1cc(C(=O)N[C@@H](Cc2ccccc2)[C@H](O)C[NH2+]C2CCCCC2)cc(N2CCCC2=O)c1,0.0,0.3015166931892835
bace,baseline,random,0,CCCCNC(=O)[C@H](C)C[C@H](O)[C@@H]1CSC/C=C/CS[C@H]2CCC[NH2+][C@H]2C(=O)N[C@@H](C)C(=O)N1,0.0,0.24081264251307388
bace,baseline,random,0,CCCC[NH2+]C(=O)[C@@H](NC(=O)[C@@H]1CC(=O)C[C@H]1[C@H](O)[C@H](CC(C)C)NC(=O)[C@H](CCSC)NC(=O)[C@H](CC(C)C)NC(C)=O)C(C)C,1.0,0.6953893162709607
bace,baseline,random,0,CCCO[C@H]1C[NH2+][C@@H]([C@@H](O)[C@H](Cc2cc(F)cc(F)c2)NC(=O)[C@H](CCc2ccccc2)N2CC[C@@](CC(C)C)(NC(C)=O)C2=O)C1,1.0,0.9717427396199975
bace,baseline,random,0,COCc1cc2cc(c1)C(=O)NC(C(O)C[NH2+]C1(c3cccc(C(C)(C)C)c3)CCC1)Cc1cccc(c1)OCCCCN2,1.0,0.5102625426687822
bace,baseline,random,0,CC(=O)NC(Cc1cc(F)cc(F)c1)C(O)C[NH2+]C1(c2cccc(C3CCCCO3)c2)CC1,0.0,0.03674687960660252
bace,baseline,random,0,CN1C(=O)C2(CC(C)(C)Oc3ccc(-c4cccc(OC(F)F)c4)cc32)N=C1N,1.0,0.8475998559949959
bace,baseline,random,0,CC(=O)NC(Cc1cc(F)cc(F)c1)C(O)C[NH2+]C1(c2cc(C(C)(C)C)ncn2)CCCCC1,0.0,0.10727683852945338
bace,baseline,random,0,Cc1cc(C2(c3cccc(-c4cncnc4)c3)N=C(N)c3c(F)cccc32)cc(C)n1,0.0,0.3319170813799306
bace,baseline,random,0,COCC(=O)NC(Cc1cc(F)cc(-c2nccs2)c1)C(O)C[NH2+]C1CC2(CCC2)Oc2ncc(CC(C)(C)C)cc21,1.0,0.9815453386835793
bace,baseline,random,0,CCC(CC(=O)NC(COC(C)(C)C)C(=O)[O-])n1c(N)nc2cc(Cl)ccc21,0.0,0.024892665993658098
bace,baseline,random,0,CN1C(=O)C2(CC(C)(C)Oc3ccc(-c4ccncc4)cc32)N=C1N,0.0,0.08539242807584056
bace,baseline,random,0,N#CCCCOc1ccc(-c2ccc(-c3ccccc3Cl)n2Cc2cccc(N)n2)cc1,0.0,0.0827988393747162
bace,baseline,random,0,CC(=O)NC(Cc1cc(F)cc(F)c1)C(O)C[NH2+]C1(c2cccc(N3CCCOCC3)c2)CCCCC1,0.0,0.08644967015804833
bace,baseline,random,0,CC(C)Cn1cc(C2(c3cccc(-c4cncnc4)c3)N=C(N)N(C)C2=O)cn1,1.0,0.9499038071194809
bace,baseline,random,0,NC1=[NH+]C(c2ccc(OC(F)(F)F)cc2)(c2cccc(-c3cccnc3F)c2)C2=NCCN21,1.0,0.3651006950536234
bace,baseline,random,0,CCCCNC(=O)C(C)CC(O)C(Cc1ccccc1)NC(=O)C1CCCC(C2(NC(C)=O)CCCC2)C1,0.0,0.08806018809760166
bace,baseline,random,0,CN1C(=O)[C@@](c2ccncc2)(c2cccc(-c3cc(F)ccc3F)c2)N=C1N,1.0,0.7066034007991278
bace,baseline,random,0,NC1=[NH+]C(c2cccc(-c3cccnc3F)c2)(c2ccc3c(c2)OCO3)C2=NCCCN21,0.0,0.25825284648703756
bace,baseline,random,0,CC(C)C(=O)Nc1c(Cl)cc(CNC(=[NH2+])NC(=O)Cn2ccc3ccccc32)cc1Cl,0.0,0.37381248250642296
bace,baseline,random,0,COc1ccc(C2(c3cccc(-c4cncnc4)c3)CCC(N)=N2)cc1,0.0,0.032892578744882904
bace,baseline,random,0,COCC(Oc1cc(CC2CS(=O)CC([NH2+]Cc3cnn(CC(C)(C)C)c3)C2O)cc(F)c1N)C(F)(F)F,1.0,0.8688266361162056
bace,baseline,random,0,CC(=O)NC(Cc1cc(F)cc(F)c1)C(O)C[NH2+]C1(c2cccc(C(C)(C)C)c2)CCCN(C(=O)OCc2ccccc2)C1,0.0,0.34368657492822585
bace,baseline,random,0,CCNc1cc(C(=O)NC(Cc2ccccc2)C(O)C[NH2+]C2CC2)cc(N2CCCCS2(=O)=O)c1,0.0,0.5559786474018419
bace,baseline,random,0,CN1C(=O)CC(C)(c2cc(-c3cccc(C#N)c3)cs2)N=C1N,1.0,0.20983646737638875
bace,baseline,random,0,CC(C)CCn1cc(C2(c3cccc(-c4cccnc4F)c3)N=C(N)N(C)C2=O)cn1,1.0,0.9611440608972975
bace,baseline,random,0,CCc1cc(C2(c3cccc(-c4cncnc4)c3)N=C(N)N(C)C2=O)cs1,1.0,0.9137654500181386
bace,baseline,random,0,CN1C(=O)C2(CC(C)(C)Oc3ccc(-c4cccnc4F)cc32)N=C1N,0.0,0.5420072184361274
bace,baseline,random,0,CCC(C)C1(NC(C)=O)CCN(C(CCc2ccccc2)C(=O)NC(Cc2cc(F)cc(F)c2)C(O)C2CC(OCc3cccc(C(F)(F)F)c3)C[NH2+]2)C1=O,1.0,0.9460324671555643
bace,baseline,random,0,COc1ccc(N(c2cccc(C(=O)NC(Cc3ccccc3)C(O)C[NH2+]C(C)C(=O)NC3CCCCC3)c2)S(C)(=O)=O)cc1,1.0,0.7389862658925894
bace,baseline,random,0,COCC(=O)NC(Cc1ccc(-c2nccs2)cc1)C(O)C[NH2+]C1CC2(CCC2)Oc2ncc(CC(C)(C)C)cc21,1.0,0.9837840267242993
bace,baseline,random,0,CCCN(CCC)C(=O)c1cc(C)cc(C(=O)NC(Cc2cc(F)cc(F)c2)[C@@H](O)C[NH2+]Cc2cccc(OC)c2)c1,1.0,0.6697858460354676
bace,baseline,random,0,CC(=O)Nc1c(Cl)cc(CNC(=[NH2+])NC(=O)Cn2ccc3cc(Br)ccc32)cc1Cl,0.0,0.5979616071134566
bace,baseline,random,0,COc1cc(C(C)(C)C)cc(C2([NH2+]CC(O)C(Cc3cc(F)cc(F)c3)NC(C)=O)CCCCC2)c1,1.0,0.19341044951562583
bace,baseline,random,0,C[C@@]1([NH3+])Cc2cccc(c2)CC[C@H](c2ccccc2)NC(=O)c2cc(cc(-c3ccccc3C#N)c2)COC1=O,1.0,0.3449377460164393
bace,baseline,random,0,COc1ccc2c(c1)C1(COC(N)=N1)c1cc(-c3ccc(Cl)cc3)ccc1O2,0.0,0.02122993958850613
bace,baseline,random,0,CCC[C@H]1C(C(=O)N[C@@H](Cc2ccccc2)[C@H](O)CNc2cccc(OC)c2)=CN(CC(=O)OC(C)C)C=C1C(=O)N[C@H](C)c1ccccc1,0.0,0.19962766088077682
bace,baseline,random,0,COc1ccc(-c2cccc(C3CC3C3(C)CC(=O)N(C)C(N)=N3)c2)cc1,0.0,0.04137982182882784
bace,baseline,random,0,CN1C(=O)[C@]2(CC(C)(C)Cc3ccc(-c4cncnc4)cc32)N=C1N,1.0,0.1335012334001077
bace,baseline,random,0,CN1C(=O)C(c2ccc(OC(F)(F)F)cc2)(c2cccc(-c3cccnc3F)c2)N=C1N,1.0,0.5256383078362624
bace,baseline,random,0,COc1cccc(N2CC3C(=O)N(C)C(N)=NC3(c3cc(-c4cccc(C#N)c4)cs3)C2)n1,1.0,0.8235702805651441
bace,baseline,random,0,C#Cc1cscc1CC(NC1=NC(C)(C)Cc2cc(Cl)ccc21)C(=O)[O-],0.0,0.04134483427868858
bace,baseline,random,0,COc1ccc(CC2CS(=O)(=O)CC([NH2+]Cc3cccc(C(C)C)c3)C2O)cc1Br,0.0,0.19743083641947382
bace,baseline,random,0,COc1ccccc1-c1ccc2c(c1)C1(CC(C)(C)O2)N=C(N)N(C)C1=O,0.0,0.6429286784493492
bace,baseline,random,0,CCCN(CCC)C(=O)c1cc(CC(C)O)cc(C(=O)NC(Cc2cc(F)cc(F)c2)C(O)C[NH2+]Cc2cccc(OC)c2)c1,1.0,0.8991981898855406
bace,baseline,random,0,CN1C(=O)[C@@](c2ccccc2)(C23CC4CC(CC(C4)C2)C3)N=C1N,0.0,0.038930873520163944
bace,baseline,random,0,CC(C)Oc1cccc(C[NH2+]C2CS(=O)(=O)CC(Cc3ccc(O)c(Br)c3)C2O)c1,0.0,0.1671619294512445
bace,baseline,random,0,CCCc1cccc(-c2ccc(C3CC3c3cc(=O)n(C)c(N)n3)cc2)c1,0.0,0.014297479274828105
bace,baseline,random,0,COCCOC(CC(O)C(COc1cc(F)cc(F)c1)NC(=O)c1cc(C(=O)NC(C)c2ccccc2)cc(N(C)S(C)(=O)=O)c1)C(=O)NC(C(=O)NCc1ccccc1)C(C)C,1.0,0.7688515150792051
bace,baseline,random,0,COc1cccc([C@@]2(c3ccccc3)[NH+]=C(N)N3CCCN=C32)c1,0.0,0.07684364306818549
bace,baseline,random,0,CC(=O)NC(Cc1cc(F)cc(F)c1)C(O)C[NH2+]C1(c2cccc(C(C)(C)C)c2)CCOCC1,1.0,0.18255912256802734
bace,baseline,random,0,CC1(C)Cc2cc(Cl)ccc2C(NC(Cc2ccsc2)C(=O)[O-])=N1,0.0,0.05892020001235873
bace,baseline,random,0,CN1C(=O)C(c2cccc(-c3cncnc3)c2)(c2csc(Cl)c2)N=C1N,1.0,0.7655434149221788
bace,baseline,random,0,CCc1cn2c3c(cc(C(=O)NC(Cc4ccccc4)C(O)C[NH2+]Cc4cccc(OC)c4)cc13)N(C)S(=O)(=O)C2,1.0,0.9337458908060949
bace,baseline,random,0,O=S1(=O)CC(Cc2ccc(O)c(Br)c2)C(O)C([NH2+]Cc2ccccc2)C1,0.0,0.026924997943187118
bace,baseline,random,0,CCOC[C@@H](Oc1cc(C[C@@H]2CS(=O)(=O)C[C@H]([NH2+]Cc3cccc(C(C)(C)C)c3)[C@H]2O)cc(F)c1N)C(F)(F)F,1.0,0.937150440765376
bace,baseline,random,0,CC(C)(C)c1cccc(C[NH2+]C2CS(=O)(=O)CC(Cc3cc(F)c(N)c(Br)c3)C2O)c1,1.0,0.2418336019649589
bace,baseline,random,0,Cc1ccc(-c2ccc(C3CC3c3cc(=O)n(C)c(N)n3)cc2)cc1,0.0,0.0112453353531744
bace,baseline,random,0,CS(=O)(=O)N(c1ccccc1)c1cncc(C(=O)NC(Cc2ccccc2)C(O)C[NH2+]Cc2cccc(C(F)(F)F)c2)c1,1.0,0.7993086819145869
bace,baseline,random,0,CC1(C)Cc2cc(Cl)ccc2C(NC(Cc2cscc2-c2ccncc2)C(=O)[O-])=N1,0.0,0.051772146662082144
bace,baseline,random,0,[NH3+]C1CS(=O)(=O)CC(Cc2ccc(O)c(Br)c2)C1O,0.0,0.07069944764572315
bace,baseline,random,0,COc1cncc(-c2cccc(C3(c4ccc(OC(F)F)cc4)N=C(N)N4CC(F)(F)CN=C43)c2)c1,1.0,0.9375496800678896
bace,baseline,random,0,CN1C(=O)C(C)(c2cccc(NC(=O)c3ccc(Cl)cn3)c2)N=C1N,0.0,0.1778507145989489
bace,baseline,random,0,C=CCNC(=O)c1ccc(-c2ccc(-c3ccccc3)n2Cc2cccc(N)n2)cc1,0.0,0.06139260568360232
bace,baseline,random,0,N#Cc1ccc(C(=O)Nc2ccc(F)c([C@@]3(CF)N=C(N)OCC3(F)F)c2)nc1,1.0,0.7500755516684343
bace,baseline,random,0,O=C(O[C@H]1CCS(=O)(=O)c2ccc(Br)cc21)[C@H]1C[C@]2(C[NH2+]1)C(=O)Nc1ccccc12,0.0,0.2936425650007077
bace,baseline,random,0,CC(NC(=O)c1cc(-c2ccc(C(C)([NH3+])Cc3ccccc3)o2)cc(N(C)S(C)(=O)=O)c1)c1ccc(F)cc1,1.0,0.24987776872099055
bace,baseline,random,0,COc1cccc(C[NH2+]C[C@H](O)[C@H](Cc2cc(F)cc(F)c2)NC(=O)c2cccc(N(c3ccccc3)S(C)(=O)=O)c2)c1,1.0,0.7164182347854882
bace,baseline,random,0,NC1=NC(c2ccncc2)(c2cccc(-c3cncc(F)c3)c2)c2cccc(F)c21,0.0,0.061097459532349234
bace,baseline,random,0,CCC(=O)c1cc([C@@]2(c3cccc(-c4cccnc4F)c3)N=C(N)N(C)C2=O)cs1,0.0,0.9396940516390959
bace,baseline,random,0,CC(C)CNC(=O)[C@H](C)C[C@H](O)[C@H](CC(C)C)NC(=O)[C@H](Cc1ccccc1)NC(=O)c1ccc2c(c1)OCO2,0.0,0.1043641498786512
bace,baseline,random,0,NC1=NC(c2cccc(-c3cncnc3)c2)(c2ccnc(C3CC3)c2)c2cccc(F)c21,1.0,0.30712945660971186
bace,baseline,random,0,CCCN(CCC)C(=O)c1cccc(C(=O)NC(Cc2cc(F)cc(F)c2)C(O)C[NH2+]Cc2cccc(OC)c2)c1,1.0,0.45318403199825963
bace,baseline,random,0,CC(NC(=O)c1cc(SCCC([NH3+])(CO)Cc2ccccc2)cc(N(C)S(C)(=O)=O)c1)c1ccc(F)cc1,0.0,0.07584494648057402
bace,baseline,random,0,CC(C)c1cccc(C[NH2+]C2CS(=O)(=O)CC(Cc3cccc(Br)c3)C2O)c1,0.0,0.02550158157314811
bace,baseline,random,0,CC(=O)NC1CCC([NH2+]CC(O)C(Cc2cc(F)cc(F)c2)NC(C)=O)(c2cccc(C(C)(C)C)c2)CC1,0.0,0.28280236958418703
bace,baseline,random,0,CCNc1cc(C(=O)NC(Cc2ccccc2)C(O)C[NH2+]Cc2cccc(C(F)(F)F)c2)cc(N2CCCC2=O)c1C,1.0,0.5440411186051898
bace,baseline,random,0,CCC(Cc1cc2cc(-c3ccccc3C)ccc2nc1N)C(=O)NCC1CCCCC1,1.0,0.9503871376594488
bace,baseline,random,0,CC(=O)NC(Cc1cc(F)cc(F)c1)C(O)C[NH2+]C1(c2cc(I)cc(C(C)(C)C)c2)CCCCC1,0.0,0.4470679503219127
bace,baseline,random,0,CCCCN(C)C(=O)n1cc(C(=O)NC(Cc2ccccc2)C(O)CNC(=O)c2cccc(OC)c2)c2cccnc21,0.0,0.33694062627893995
bace,baseline,random,0,CCn1cc2c3c(cc(C(=O)NC(Cc4ccccc4)C(O)C[NH2+]C4CCOCC4)cc31)N(C)S(=O)(=O)CC2,1.0,0.9517449588887088
bace,baseline,random,0,CC(NC(=O)c1cc(C(=O)NCC([NH3+])(CO)Cc2ccccc2)cc(N(C)S(C)(=O)=O)c1)c1ccc(F)cc1,0.0,0.11510435753729528
bace,baseline,random,0,NC1=[NH+]C(c2ccccc2)(c2cccc(Cc3ccc(F)cc3)c2)C2=NCCCN21,0.0,0.06182929857302459
bace,baseline,random,0,CCCC(O)C1CCN(C(CCc2ccccc2)C(=O)NC(Cc2cc(F)cc(F)c2)C(O)C[NH2+]Cc2cccc(OC)c2)C1=O,1.0,0.9329238297572311
bace,baseline,random,0,COc1ccc(C2(c3cccc(-c4cccnc4)c3)N=C(N)N(C)C2=O)cc1C(F)(F)F,1.0,0.2913536454000565
bace,baseline,random,0,CN(C(=O)CCc1cc2ccccc2nc1N)C1CCCCC1,1.0,0.08038853593640509
bace,baseline,random,0,CC1(c2cc(NC(=O)c3ccc(Cl)cn3)ccc2F)Cc2ccccc2C(N)=N1,1.0,0.39974077350539694
bace,baseline,random,0,CCCO/N=C(/C)c1cc(C(=O)NC(Cc2cc(F)cc(F)c2)[C@@H](O)C[NH2+]Cc2cccc(OC)c2)cc(N(C)S(C)(=O)=O)c1,1.0,0.6143093544112807
bace,baseline,random,0,CC(NC(=O)c1cc(COC(=O)C([NH3+])(CO)Cc2ccccc2)cc(N(C)S(C)(=O)=O)c1)c1ccc(F)cc1,0.0,0.07511717716081798
bace,baseline,random,0,Nc1nc(Cn2c(-c3ccc(Oc4cncnc4)cc3)ccc2-c2ccccc2Cl)ccc1OCCO,1.0,0.646298368863931
bace,baseline,random,0,COc1ccc2c(c1)[C@@]1(COC(N)=N1)c1cc(-c3cncnc3)ccc1O2,0.0,0.08978246132677706
bace,baseline,random,0,CCCCC1CCN(C(C)C(=O)NC(Cc2cc(F)cc(F)c2)C(O)C2CC(O)C[NH2+]2)C1=O,1.0,0.3983554008723976
bace,baseline,random,0,CCCCN(C)C(=O)n1cc(C(=O)NC(Cc2cc(F)cc(F)c2)C(O)C[NH2+]Cc2cccc(OC)c2)c2cc(C(=O)[O-])ccc21,1.0,0.4909469434986978
bace,baseline,random,0,CCCCCOc1ccc(-c2ccc(-c3ccccc3Cl)n2Cc2ccc(OCCO)c(N)n2)cc1,0.0,0.1384399543498782
bace,baseline,random,0,CN1C(=O)C2(CC(C)(C)Cc3ccc(-c4cccnc4F)cc32)N=C1N,1.0,0.7152861934079362
bace,baseline,random,0,COc1ccc2c(ccn2CC(=O)NC(=[NH2+])NCc2cc(Cl)c(NC(C)=O)c(Cl)c2)c1,0.0,0.33706516776574047
bace,baseline,random,0,CCn1cc2c3c(cc(C(=O)NC(Cc4ccccc4)[C@H](O)CNc4ccccc4)cc31)N(C)S(=O)(=O)CC2,1.0,0.8453136630279209
bace,baseline,random,0,CN1C(=O)C(c2ccncc2)(c2cccc(-c3ccccc3)c2)N=C1N,0.0,0.7768730318365059
bace,baseline,random,0,CCCCOC(=O)n1cc(C(=O)NC(Cc2cc(F)cc(F)c2)C(O)C[NH2+]Cc2cccc(OC)c2)c2ccccc21,0.0,0.5732614439925022
bace,baseline,random,0,CCc1cnc2c(c1)C([NH2+]CC(O)C(Cc1ccccc1)NC(C)=O)CC1(CCC1)O2,1.0,0.33539281811770844
bace,baseline,random,0,CS(=O)(=O)N(c1ccncc1)c1cccc(C(=O)NC(Cc2ccccc2)C(O)C[NH2+]Cc2cccc(C(F)(F)F)c2)c1,0.0,0.5527043410684511
bace,baseline,random,0,CC(C)C[C@H](NC(=O)[C@@H](NC(=O)[C@@H]([NH3+])CNC(=O)c1nnn[n-]1)C(C)C)C(=O)NC[C@](O)(CCc1ccccc1)C(=O)Nc1cccc(C(=O)[O-])c1,0.0,0.5574203307523032
bace,baseline,random,0,CC1(c2cccc(NC(=O)c3ccccn3)c2)CSC(N)=N1,0.0,0.03334912325318866
bace,baseline,random,0,C[N@@H+](Cc1cccc(CCc2cccnc2N)c1)Cc1ccco1,0.0,0.025910960459850932
bace,baseline,random,0,CC(C)(C)c1cccc(C[NH2+][C@H]2CS(=O)(=O)C[C@@H](Cc3cc(F)c4c(c3)C3(CCC(F)(F)CC3)CN4)[C@@H]2O)c1,0.0,0.5481842724281423
bace,baseline,random,0,CC1(C)Cc2ccccc2/C(=[NH+]/[C@@H](Cc2ccccc2)C(=O)[O-])N1,0.0,0.12275841318980167
bace,baseline,random,0,CC#Cc1cncc(-c2cccc([C@@]3(c4cc(C)c(=O)n(CC)c4)[NH+]=C(N)c4c(F)cccc43)c2)c1,1.0,0.9100548601123676
bace,baseline,random,0,CCC(CC)Cn1cc(C2(c3cccc(-c4cccnc4F)c3)N=C(N)N(C)C2=O)cn1,1.0,0.9687149389084057
bace,baseline,random,0,CC(=O)NC(Cc1cc(F)cc(F)c1)C(O)C[NH2+]C1(c2cccc(C(C)(C)C)c2)CCC(=NO)CC1,1.0,0.337431616557541
bace,baseline,random,0,CCOC[C@H](Oc1cc(CC2CS(=O)(=O)CC([NH2+]Cc3cccc(C(C)(C)C)c3)C2O)cc(F)c1N)C(F)(F)F,1.0,0.937150440765376
bace,baseline,random,0,CC(=O)N[C@@H](Cc1cc(F)cc(F)c1)[C@H](O)C[NH2+]C(C)(C)c1cccc(C(C)(C)C)c1,0.0,0.09856957654339381
bace,baseline,random,0,CCCCN(CCCC)C(=O)n1cc(C(=O)NC(Cc2cc(F)cc(F)c2)C(O)C[NH2+]Cc2cccc(OC)c2)c2ccccc21,1.0,0.7390277162996104
bace,baseline,random,0,CN1C(=O)[C@@](c2ccc(OC(F)F)cc2)(c2cccc(C#CCCCCO)c2)N=C1N,1.0,0.966328649077305
bace,baseline,random,0,CCCOc1ccc(-c2ccc(-c3ccccc3Cl)n2Cc2cccc(N)n2)cc1,0.0,0.03459808702261657
bace,baseline,random,0,COc1cccc(C[NH2+]C[C@H](O)[C@H](Cc2cc(F)cc(F)c2)NC(=O)c2cc(C(C)O)cc(N(C)S(C)(=O)=O)c2)c1,1.0,0.6503832733511319
bace,baseline,random,0,CCc1ccc2c(c1)C([NH2+]CC(O)C1Cc3cccc(c3)CCCCn3cc(cc(-c4ccccn4)c3=O)C(=O)N1)CC1(CCC1)O2,1.0,0.9470981322989597
bace,baseline,random,0,CC(=O)N[C@@H](Cc1ccccc1)[C@H](O)C[NH2+][C@H]1CC(C)(C)Oc2sc(CC(C)(C)C)cc21,1.0,0.29556710012159615
bace,baseline,random,0,CN(CC1CCCCC1)C(=O)CCCn1c(N)nc2cc(Cl)ccc21,0.0,0.021019049006652347
bace,baseline,random,0,Nc1cccc(CCc2ccc3cc[nH]c3c2)n1,0.0,0.03689666848569302
bace,baseline,random,0,Nc1cccc(Cn2c(-c3ccc(Oc4cccnc4)cc3)ccc2-c2ccccc2Cl)n1,0.0,0.16323331222658896
bace,baseline,random,0,CN1C(=O)C2(CC(C)(C)Oc3ccc(-c4cc(F)cc(Cl)c4)cc32)N=C1N,1.0,0.8838815751140137
bace,gnn,random,0,NC1=NC2(c3cc(NC(=O)c4ccc(Cl)cn4)ccc3F)CC2COC1,1.0,0.5307973623275757
bace,gnn,random,0,COc1cc(Cl)cc(C[NH+]2CCC(NC(=O)COc3ccc(S(N)(=O)=O)cc3)CC2)c1OC(C)C,1.0,0.2891468405723572
bace,gnn,random,0,CCn1ccc2c(N3CCCC3=O)cc(C(=O)NC(Cc3ccccc3)C(O)C[NH2+]Cc3cccc(C(F)(F)F)c3)cc21,1.0,0.5231128334999084
bace,gnn,random,0,COc1ccc(COCC(CC(O)C(COc2cc(F)cc(F)c2)NC(=O)c2cc(N(C)CC3CC3C)nc(N(C)S(C)(=O)=O)c2)OC)cc1,0.0,0.00012422750296536833
bace,gnn,random,0,CCCCC1CCN(C(C)C(=O)NC(Cc2cc(F)cc(F)c2)C(O)C2CC(OCCC)C[NH2+]2)C1=O,1.0,0.9312773942947388
bace,gnn,random,0,CC1(C)Cc2cc(Cl)ccc2C(NC(Cc2ccccc2)c2nc3ccccc3c(=O)[nH]2)=N1,0.0,0.0003748796007130295
bace,gnn,random,0,CCC(C)C1(NC(C)=O)CCN(C(CCc2ccccc2)C(=O)NC(Cc2cc(F)cc(F)c2)C(O)C2CC(O)C[NH2+]2)C1=O,1.0,0.9701761603355408
bace,gnn,random,0,COc1cccc(CN2CC(C(=O)NC(Cc3ccccc3)C(O)C[NH2+]Cc3cccc(N(C)C)c3)NC2=O)c1,1.0,0.40618032217025757
bace,gnn,random,0,CC(=O)NC(Cc1cc(F)cc(F)c1)C(O)C[NH2+]C1(c2cc(N)cc(C(C)(C)C)c2)CCCCC1,0.0,0.37529146671295166
bace,gnn,random,0,CO/N=C(\C)c1cc(C(=O)NC(Cc2cc(F)cc(F)c2)[C@@H](O)C[NH2+]Cc2cccc(OC)c2)cc(N(C)S(C)(=O)=O)c1,1.0,0.33817920088768005
bace,gnn,random,0,CCc1cn2c3c(cc(C(=O)NC(Cc4ccccc4)[C@H](O)C[NH2+]C4CC4)cc13)OS(=O)(=O)CC2,0.0,0.8369878530502319
bace,gnn,random,0,CC(=O)NC(Cc1cc(F)cc(F)c1)C(O)C[NH2+]C1(c2cccc(-n3nccn3)c2)CCCCC1,0.0,0.09538429230451584
bace,gnn,random,0,CC(=O)NC(Cc1cccc(C(F)(F)F)c1)C(O)C[NH2+]C1CC2(CCC2)Oc2ncc(CC(C)(C)C)cc21,1.0,0.9526942372322083
bace,gnn,random,0,CN1C(=O)[C@@](c2ccc(OC(F)F)cc2)(c2cccc(C#CC3CCCCC3)c2)N=C1N,0.0,0.9180454611778259
bace,gnn,random,0,CN1C(=O)[C@]2(CC(C)(C)Oc3ccc(-c4cccc(C#N)c4)cc32)N=C1N,1.0,0.4612789750099182
bace,gnn,random,0,CN1C(=O)C2(CC(C)(C)Sc3ccc(-c4cncc(Cl)c4)cc32)N=C1N,1.0,0.8677757978439331
bace,gnn,random,0,CC(=O)NC(Cc1ccccc1F)C(O)C[NH2+]C1CC2(CCC2)Oc2ncc(CC(C)(C)C)cc21,1.0,0.9738145470619202
bace,gnn,random,0,CC(=O)NC(Cc1cc(F)cc(F)c1)C(O)C[NH2+]C1(c2ccc(Br)c(C(C)(C)C)c2)CCCCC1,0.0,0.3352643847465515
bace,gnn,random,0,CN1C(=O)[C@](c2ccccc2)(c2ccc(OCCF)cc2)N=C1N,0.0,0.2841121554374695
bace,gnn,random,0,CN1C(=O)C2(CC(C)(C)Oc3ccc(-c4cccc(C(F)(F)F)c4)cc32)N=C1N,1.0,0.2746429443359375
bace,gnn,random,0,CN1C(=O)C(c2cccc(-c3cncnc3)c2)(c2cnn(CCC(C)(C)C)c2)N=C1N,1.0,0.9256815910339355
bace,gnn,random,0,CC(=O)C1=C(C)N(CC(=O)OC(C)C)C(C)=C(C(=O)N[C@@H](Cc2ccccc2)[C@H](O)CNc2cccc(F)c2)[C@@H]1C,0.0,0.0021023922599852085
bace,gnn,random,0,CN1C(=O)C2CN(C(=O)c3ccccc3)CC2(c2cc(-c3cccc(C#N)c3)cs2)N=C1N,1.0,0.6825260519981384
bace,gnn,random,0,Cc1cc(C2(c3cccc(-c4cncnc4)c3)N=C(N)N(C)C2=O)cc(C(C)C)n1,0.0,0.9442108273506165
bace,gnn,random,0,NC1=NC2(c3cccc(NC(=O)c4ccc(Cl)cn4)c3)CC2CCS1,0.0,0.03228215128183365
bace,gnn,random,0,CC1CC2(CC[NH+]1Cc1cccc(-c3ccccc3Cl)c1)CNS(=O)(=O)N2c1cccc(F)c1,0.0,0.0009082785109058022
bace,gnn,random,0,COCC(Oc1cc(CC2CS(=O)CC([NH2+]Cc3cccc(C(C)(C)O)c3)C2O)cc(F)c1N)C(F)(F)F,1.0,0.7293575406074524
bace,gnn,random,0,CCCN(CCC)C(=O)c1cc(C)cc(C(=O)N[C@@H](Cc2cc(F)cc(F)c2)[C@H](O)[C@H]2C[C@@H](OCc3ccccc3)C[NH2+]2)c1,1.0,0.7345008254051208
bace,gnn,random,0,CN1C(=O)[C@@](c2ccc(OC(F)F)cc2)(c2cccc(/C=C/CCF)c2)N=C1N,1.0,0.9161350727081299
bace,gnn,random,0,COc1cccc(-c2ccc(C3CC3c3cc(=O)n(C)c(N)n3)cc2)n1,0.0,9.30760579649359e-05
bace,gnn,random,0,CC1(c2cc(NC(=O)c3ccc(F)cn3)ccc2F)N=C(N)OCC1(F)F,1.0,0.5175596475601196
bace,gnn,random,0,CCNc1cc(C(=O)N[C@@H](Cc2ccccc2)[C@H](O)C[NH2+]C2CCCCC2)cc(N2CCCC2=O)c1,0.0,0.2414606660604477
bace,gnn,random,0,CCCCNC(=O)[C@H](C)C[C@H](O)[C@@H]1CSC/C=C/CS[C@H]2CCC[NH2+][C@H]2C(=O)N[C@@H](C)C(=O)N1,0.0,0.2749153971672058
bace,gnn,random,0,CCCC[NH2+]C(=O)[C@@H](NC(=O)[C@@H]1CC(=O)C[C@H]1[C@H](O)[C@H](CC(C)C)NC(=O)[C@H](CCSC)NC(=O)[C@H](CC(C)C)NC(C)=O)C(C)C,1.0,0.6118925213813782
bace,gnn,random,0,CCCO[C@H]1C[NH2+][C@@H]([C@@H](O)[C@H](Cc2cc(F)cc(F)c2)NC(=O)[C@H](CCc2ccccc2)N2CC[C@@](CC(C)C)(NC(C)=O)C2=O)C1,1.0,0.9155068397521973
bace,gnn,random,0,COCc1cc2cc(c1)C(=O)NC(C(O)C[NH2+]C1(c3cccc(C(C)(C)C)c3)CCC1)Cc1cccc(c1)OCCCCN2,1.0,0.7565536499023438
bace,gnn,random,0,CC(=O)NC(Cc1cc(F)cc(F)c1)C(O)C[NH2+]C1(c2cccc(C3CCCCO3)c2)CC1,0.0,0.08275293558835983
bace,gnn,random,0,CN1C(=O)C2(CC(C)(C)Oc3ccc(-c4cccc(OC(F)F)c4)cc32)N=C1N,1.0,0.7902504205703735
bace,gnn,random,0,CC(=O)NC(Cc1cc(F)cc(F)c1)C(O)C[NH2+]C1(c2cc(C(C)(C)C)ncn2)CCCCC1,0.0,0.1226324811577797
bace,gnn,random,0,Cc1cc(C2(c3cccc(-c4cncnc4)c3)N=C(N)c3c(F)cccc32)cc(C)n1,0.0,0.9270164370536804
bace,gnn,random,0,COCC(=O)NC(Cc1cc(F)cc(-c2nccs2)c1)C(O)C[NH2+]C1CC2(CCC2)Oc2ncc(CC(C)(C)C)cc21,1.0,0.9943976402282715
bace,gnn,random,0,CCC(CC(=O)NC(COC(C)(C)C)C(=O)[O-])n1c(N)nc2cc(Cl)ccc21,0.0,1.990512464544736e-05
bace,gnn,random,0,CN1C(=O)C2(CC(C)(C)Oc3ccc(-c4ccncc4)cc32)N=C1N,0.0,0.31913942098617554
bace,gnn,random,0,N#CCCCOc1ccc(-c2ccc(-c3ccccc3Cl)n2Cc2cccc(N)n2)cc1,0.0,0.00012106822396162897
bace,gnn,random,0,CC(=O)NC(Cc1cc(F)cc(F)c1)C(O)C[NH2+]C1(c2cccc(N3CCCOCC3)c2)CCCCC1,0.0,0.057016801089048386
bace,gnn,random,0,CC(C)Cn1cc(C2(c3cccc(-c4cncnc4)c3)N=C(N)N(C)C2=O)cn1,1.0,0.9444648027420044
bace,gnn,random,0,NC1=[NH+]C(c2ccc(OC(F)(F)F)cc2)(c2cccc(-c3cccnc3F)c2)C2=NCCN21,1.0,0.3079771399497986
bace,gnn,random,0,CCCCNC(=O)C(C)CC(O)C(Cc1ccccc1)NC(=O)C1CCCC(C2(NC(C)=O)CCCC2)C1,0.0,0.2723107635974884
bace,gnn,random,0,CN1C(=O)[C@@](c2ccncc2)(c2cccc(-c3cc(F)ccc3F)c2)N=C1N,1.0,0.8010711669921875
bace,gnn,random,0,NC1=[NH+]C(c2cccc(-c3cccnc3F)c2)(c2ccc3c(c2)OCO3)C2=NCCCN21,0.0,0.526981770992279
bace,gnn,random,0,CC(C)C(=O)Nc1c(Cl)cc(CNC(=[NH2+])NC(=O)Cn2ccc3ccccc32)cc1Cl,0.0,0.5376822352409363
bace,gnn,random,0,COc1ccc(C2(c3cccc(-c4cncnc4)c3)CCC(N)=N2)cc1,0.0,0.04804358631372452
bace,gnn,random,0,COCC(Oc1cc(CC2CS(=O)CC([NH2+]Cc3cnn(CC(C)(C)C)c3)C2O)cc(F)c1N)C(F)(F)F,1.0,0.8765631914138794
bace,gnn,random,0,CC(=O)NC(Cc1cc(F)cc(F)c1)C(O)C[NH2+]C1(c2cccc(C(C)(C)C)c2)CCCN(C(=O)OCc2ccccc2)C1,0.0,0.232462540268898
bace,gnn,random,0,CCNc1cc(C(=O)NC(Cc2ccccc2)C(O)C[NH2+]C2CC2)cc(N2CCCCS2(=O)=O)c1,0.0,0.6987247467041016
bace,gnn,random,0,CN1C(=O)CC(C)(c2cc(-c3cccc(C#N)c3)cs2)N=C1N,1.0,0.5786302089691162
bace,gnn,random,0,CC(C)CCn1cc(C2(c3cccc(-c4cccnc4F)c3)N=C(N)N(C)C2=O)cn1,1.0,0.9542207717895508
bace,gnn,random,0,CCc1cc(C2(c3cccc(-c4cncnc4)c3)N=C(N)N(C)C2=O)cs1,1.0,0.7767512798309326
bace,gnn,random,0,CN1C(=O)C2(CC(C)(C)Oc3ccc(-c4cccnc4F)cc32)N=C1N,0.0,0.6009435653686523
bace,gnn,random,0,CCC(C)C1(NC(C)=O)CCN(C(CCc2ccccc2)C(=O)NC(Cc2cc(F)cc(F)c2)C(O)C2CC(OCc3cccc(C(F)(F)F)c3)C[NH2+]2)C1=O,1.0,0.8997492790222168
bace,gnn,random,0,COc1ccc(N(c2cccc(C(=O)NC(Cc3ccccc3)C(O)C[NH2+]C(C)C(=O)NC3CCCCC3)c2)S(C)(=O)=O)cc1,1.0,0.41850975155830383
bace,gnn,random,0,COCC(=O)NC(Cc1ccc(-c2nccs2)cc1)C(O)C[NH2+]C1CC2(CCC2)Oc2ncc(CC(C)(C)C)cc21,1.0,0.9865460395812988
bace,gnn,random,0,CCCN(CCC)C(=O)c1cc(C)cc(C(=O)NC(Cc2cc(F)cc(F)c2)[C@@H](O)C[NH2+]Cc2cccc(OC)c2)c1,1.0,0.642177402973175
bace,gnn,random,0,CC(=O)Nc1c(Cl)cc(CNC(=[NH2+])NC(=O)Cn2ccc3cc(Br)ccc32)cc1Cl,0.0,0.2828213572502136
bace,gnn,random,0,COc1cc(C(C)(C)C)cc(C2([NH2+]CC(O)C(Cc3cc(F)cc(F)c3)NC(C)=O)CCCCC2)c1,1.0,0.3621009886264801
bace,gnn,random,0,C[C@@]1([NH3+])Cc2cccc(c2)CC[C@H](c2ccccc2)NC(=O)c2cc(cc(-c3ccccc3C#N)c2)COC1=O,1.0,0.20580032467842102
bace,gnn,random,0,COc1ccc2c(c1)C1(COC(N)=N1)c1cc(-c3ccc(Cl)cc3)ccc1O2,0.0,0.0003694386687129736
bace,gnn,random,0,CCC[C@H]1C(C(=O)N[C@@H](Cc2ccccc2)[C@H](O)CNc2cccc(OC)c2)=CN(CC(=O)OC(C)C)C=C1C(=O)N[C@H](C)c1ccccc1,0.0,0.021246612071990967
bace,gnn,random,0,COc1ccc(-c2cccc(C3CC3C3(C)CC(=O)N(C)C(N)=N3)c2)cc1,0.0,0.06815938651561737
bace,gnn,random,0,CN1C(=O)[C@]2(CC(C)(C)Cc3ccc(-c4cncnc4)cc32)N=C1N,1.0,0.29207101464271545
bace,gnn,random,0,CN1C(=O)C(c2ccc(OC(F)(F)F)cc2)(c2cccc(-c3cccnc3F)c2)N=C1N,1.0,0.37116196751594543
bace,gnn,random,0,COc1cccc(N2CC3C(=O)N(C)C(N)=NC3(c3cc(-c4cccc(C#N)c4)cs3)C2)n1,1.0,0.8430063128471375
bace,gnn,random,0,C#Cc1cscc1CC(NC1=NC(C)(C)Cc2cc(Cl)ccc21)C(=O)[O-],0.0,0.015805324539542198
bace,gnn,random,0,COc1ccc(CC2CS(=O)(=O)CC([NH2+]Cc3cccc(C(C)C)c3)C2O)cc1Br,0.0,0.2951052486896515
bace,gnn,random,0,COc1ccccc1-c1ccc2c(c1)C1(CC(C)(C)O2)N=C(N)N(C)C1=O,0.0,0.31284162402153015
bace,gnn,random,0,CCCN(CCC)C(=O)c1cc(CC(C)O)cc(C(=O)NC(Cc2cc(F)cc(F)c2)C(O)C[NH2+]Cc2cccc(OC)c2)c1,1.0,0.7939700484275818
bace,gnn,random,0,CN1C(=O)[C@@](c2ccccc2)(C23CC4CC(CC(C4)C2)C3)N=C1N,0.0,0.11941364407539368
bace,gnn,random,0,CC(C)Oc1cccc(C[NH2+]C2CS(=O)(=O)CC(Cc3ccc(O)c(Br)c3)C2O)c1,0.0,0.3083299696445465
bace,gnn,random,0,CCCc1cccc(-c2ccc(C3CC3c3cc(=O)n(C)c(N)n3)cc2)c1,0.0,0.007068080827593803
bace,gnn,random,0,COCCOC(CC(O)C(COc1cc(F)cc(F)c1)NC(=O)c1cc(C(=O)NC(C)c2ccccc2)cc(N(C)S(C)(=O)=O)c1)C(=O)NC(C(=O)NCc1ccccc1)C(C)C,1.0,0.08183176815509796
bace,gnn,random,0,COc1cccc([C@@]2(c3ccccc3)[NH+]=C(N)N3CCCN=C32)c1,0.0,0.1324375569820404
bace,gnn,random,0,CC(=O)NC(Cc1cc(F)cc(F)c1)C(O)C[NH2+]C1(c2cccc(C(C)(C)C)c2)CCOCC1,1.0,0.304668128490448
bace,gnn,random,0,CC1(C)Cc2cc(Cl)ccc2C(NC(Cc2ccsc2)C(=O)[O-])=N1,0.0,0.00023219417198561132
bace,gnn,random,0,CN1C(=O)C(c2cccc(-c3cncnc3)c2)(c2csc(Cl)c2)N=C1N,1.0,0.7597359418869019
bace,gnn,random,0,CCc1cn2c3c(cc(C(=O)NC(Cc4ccccc4)C(O)C[NH2+]Cc4cccc(OC)c4)cc13)N(C)S(=O)(=O)C2,1.0,0.842311441898346
bace,gnn,random,0,O=S1(=O)CC(Cc2ccc(O)c(Br)c2)C(O)C([NH2+]Cc2ccccc2)C1,0.0,0.008030904456973076
bace,gnn,random,0,CCOC[C@@H](Oc1cc(C[C@@H]2CS(=O)(=O)C[C@H]([NH2+]Cc3cccc(C(C)(C)C)c3)[C@H]2O)cc(F)c1N)C(F)(F)F,1.0,0.8497698307037354
bace,gnn,random,0,CC(C)(C)c1cccc(C[NH2+]C2CS(=O)(=O)CC(Cc3cc(F)c(N)c(Br)c3)C2O)c1,1.0,0.7802717089653015
bace,gnn,random,0,Cc1ccc(-c2ccc(C3CC3c3cc(=O)n(C)c(N)n3)cc2)cc1,0.0,0.0004803446354344487
bace,gnn,random,0,CS(=O)(=O)N(c1ccccc1)c1cncc(C(=O)NC(Cc2ccccc2)C(O)C[NH2+]Cc2cccc(C(F)(F)F)c2)c1,1.0,0.6409483551979065
bace,gnn,random,0,CC1(C)Cc2cc(Cl)ccc2C(NC(Cc2cscc2-c2ccncc2)C(=O)[O-])=N1,0.0,0.0019180522067472339
bace,gnn,random,0,[NH3+]C1CS(=O)(=O)CC(Cc2ccc(O)c(Br)c2)C1O,0.0,0.026663197204470634
bace,gnn,random,0,COc1cncc(-c2cccc(C3(c4ccc(OC(F)F)cc4)N=C(N)N4CC(F)(F)CN=C43)c2)c1,1.0,0.8711141347885132
bace,gnn,random,0,CN1C(=O)C(C)(c2cccc(NC(=O)c3ccc(Cl)cn3)c2)N=C1N,0.0,0.13645298779010773
bace,gnn,random,0,C=CCNC(=O)c1ccc(-c2ccc(-c3ccccc3)n2Cc2cccc(N)n2)cc1,0.0,0.007703341543674469
bace,gnn,random,0,N#Cc1ccc(C(=O)Nc2ccc(F)c([C@@]3(CF)N=C(N)OCC3(F)F)c2)nc1,1.0,0.5843904614448547
bace,gnn,random,0,O=C(O[C@H]1CCS(=O)(=O)c2ccc(Br)cc21)[C@H]1C[C@]2(C[NH2+]1)C(=O)Nc1ccccc12,0.0,0.015401339158415794
bace,gnn,random,0,CC(NC(=O)c1cc(-c2ccc(C(C)([NH3+])Cc3ccccc3)o2)cc(N(C)S(C)(=O)=O)c1)c1ccc(F)cc1,1.0,0.25905653834342957
bace,gnn,random,0,COc1cccc(C[NH2+]C[C@H](O)[C@H](Cc2cc(F)cc(F)c2)NC(=O)c2cccc(N(c3ccccc3)S(C)(=O)=O)c2)c1,1.0,0.6399205923080444
bace,gnn,random,0,NC1=NC(c2ccncc2)(c2cccc(-c3cncc(F)c3)c2)c2cccc(F)c21,0.0,0.283951997756958
bace,gnn,random,0,CCC(=O)c1cc([C@@]2(c3cccc(-c4cccnc4F)c3)N=C(N)N(C)C2=O)cs1,0.0,0.8444322943687439
bace,gnn,random,0,CC(C)CNC(=O)[C@H](C)C[C@H](O)[C@H](CC(C)C)NC(=O)[C@H](Cc1ccccc1)NC(=O)c1ccc2c(c1)OCO2,0.0,0.20855098962783813
bace,gnn,random,0,NC1=NC(c2cccc(-c3cncnc3)c2)(c2ccnc(C3CC3)c2)c2cccc(F)c21,1.0,0.7287319302558899
bace,gnn,random,0,CCCN(CCC)C(=O)c1cccc(C(=O)NC(Cc2cc(F)cc(F)c2)C(O)C[NH2+]Cc2cccc(OC)c2)c1,1.0,0.6206491589546204
bace,gnn,random,0,CC(NC(=O)c1cc(SCCC([NH3+])(CO)Cc2ccccc2)cc(N(C)S(C)(=O)=O)c1)c1ccc(F)cc1,0.0,5.920431067352183e-05
bace,gnn,random,0,CC(C)c1cccc(C[NH2+]C2CS(=O)(=O)CC(Cc3cccc(Br)c3)C2O)c1,0.0,0.02629612758755684
bace,gnn,random,0,CC(=O)NC1CCC([NH2+]CC(O)C(Cc2cc(F)cc(F)c2)NC(C)=O)(c2cccc(C(C)(C)C)c2)CC1,0.0,0.44265875220298767
bace,gnn,random,0,CCNc1cc(C(=O)NC(Cc2ccccc2)C(O)C[NH2+]Cc2cccc(C(F)(F)F)c2)cc(N2CCCC2=O)c1C,1.0,0.3347843289375305
bace,gnn,random,0,CCC(Cc1cc2cc(-c3ccccc3C)ccc2nc1N)C(=O)NCC1CCCCC1,1.0,0.9767027497291565
bace,gnn,random,0,CC(=O)NC(Cc1cc(F)cc(F)c1)C(O)C[NH2+]C1(c2cc(I)cc(C(C)(C)C)c2)CCCCC1,0.0,0.3128129541873932
bace,gnn,random,0,CCCCN(C)C(=O)n1cc(C(=O)NC(Cc2ccccc2)C(O)CNC(=O)c2cccc(OC)c2)c2cccnc21,0.0,0.10244275629520416
bace,gnn,random,0,CCn1cc2c3c(cc(C(=O)NC(Cc4ccccc4)C(O)C[NH2+]C4CCOCC4)cc31)N(C)S(=O)(=O)CC2,1.0,0.9120453000068665
bace,gnn,random,0,CC(NC(=O)c1cc(C(=O)NCC([NH3+])(CO)Cc2ccccc2)cc(N(C)S(C)(=O)=O)c1)c1ccc(F)cc1,0.0,0.011434610933065414
bace,gnn,random,0,NC1=[NH+]C(c2ccccc2)(c2cccc(Cc3ccc(F)cc3)c2)C2=NCCCN21,0.0,0.36201485991477966
bace,gnn,random,0,CCCC(O)C1CCN(C(CCc2ccccc2)C(=O)NC(Cc2cc(F)cc(F)c2)C(O)C[NH2+]Cc2cccc(OC)c2)C1=O,1.0,0.9529206156730652
bace,gnn,random,0,COc1ccc(C2(c3cccc(-c4cccnc4)c3)N=C(N)N(C)C2=O)cc1C(F)(F)F,1.0,0.45570090413093567
bace,gnn,random,0,CN(C(=O)CCc1cc2ccccc2nc1N)C1CCCCC1,1.0,0.5357802510261536
bace,gnn,random,0,CC1(c2cc(NC(=O)c3ccc(Cl)cn3)ccc2F)Cc2ccccc2C(N)=N1,1.0,0.43141791224479675
bace,gnn,random,0,CCCO/N=C(/C)c1cc(C(=O)NC(Cc2cc(F)cc(F)c2)[C@@H](O)C[NH2+]Cc2cccc(OC)c2)cc(N(C)S(C)(=O)=O)c1,1.0,0.5890699625015259
bace,gnn,random,0,CC(NC(=O)c1cc(COC(=O)C([NH3+])(CO)Cc2ccccc2)cc(N(C)S(C)(=O)=O)c1)c1ccc(F)cc1,0.0,0.05443821847438812
bace,gnn,random,0,Nc1nc(Cn2c(-c3ccc(Oc4cncnc4)cc3)ccc2-c2ccccc2Cl)ccc1OCCO,1.0,0.43279096484184265
bace,gnn,random,0,COc1ccc2c(c1)[C@@]1(COC(N)=N1)c1cc(-c3cncnc3)ccc1O2,0.0,0.1052386686205864
bace,gnn,random,0,CCCCC1CCN(C(C)C(=O)NC(Cc2cc(F)cc(F)c2)C(O)C2CC(O)C[NH2+]2)C1=O,1.0,0.9383247494697571
bace,gnn,random,0,CCCCN(C)C(=O)n1cc(C(=O)NC(Cc2cc(F)cc(F)c2)C(O)C[NH2+]Cc2cccc(OC)c2)c2cc(C(=O)[O-])ccc21,1.0,0.23856620490550995
bace,gnn,random,0,CCCCCOc1ccc(-c2ccc(-c3ccccc3Cl)n2Cc2ccc(OCCO)c(N)n2)cc1,0.0,0.006573842838406563
bace,gnn,random,0,CN1C(=O)C2(CC(C)(C)Cc3ccc(-c4cccnc4F)cc32)N=C1N,1.0,0.6477711200714111
bace,gnn,random,0,COc1ccc2c(ccn2CC(=O)NC(=[NH2+])NCc2cc(Cl)c(NC(C)=O)c(Cl)c2)c1,0.0,0.2410910576581955
bace,gnn,random,0,CCn1cc2c3c(cc(C(=O)NC(Cc4ccccc4)[C@H](O)CNc4ccccc4)cc31)N(C)S(=O)(=O)CC2,1.0,0.5814147591590881
bace,gnn,random,0,CN1C(=O)C(c2ccncc2)(c2cccc(-c3ccccc3)c2)N=C1N,0.0,0.42605990171432495
bace,gnn,random,0,CCCCOC(=O)n1cc(C(=O)NC(Cc2cc(F)cc(F)c2)C(O)C[NH2+]Cc2cccc(OC)c2)c2ccccc21,0.0,0.3118910491466522
bace,gnn,random,0,CCc1cnc2c(c1)C([NH2+]CC(O)C(Cc1ccccc1)NC(C)=O)CC1(CCC1)O2,1.0,0.5042991042137146
bace,gnn,random,0,CS(=O)(=O)N(c1ccncc1)c1cccc(C(=O)NC(Cc2ccccc2)C(O)C[NH2+]Cc2cccc(C(F)(F)F)c2)c1,0.0,0.5378133654594421
bace,gnn,random,0,CC(C)C[C@H](NC(=O)[C@@H](NC(=O)[C@@H]([NH3+])CNC(=O)c1nnn[n-]1)C(C)C)C(=O)NC[C@](O)(CCc1ccccc1)C(=O)Nc1cccc(C(=O)[O-])c1,0.0,0.8969811201095581
bace,gnn,random,0,CC1(c2cccc(NC(=O)c3ccccn3)c2)CSC(N)=N1,0.0,0.004671113565564156
bace,gnn,random,0,C[N@@H+](Cc1cccc(CCc2cccnc2N)c1)Cc1ccco1,0.0,0.7309605479240417
bace,gnn,random,0,CC(C)(C)c1cccc(C[NH2+][C@H]2CS(=O)(=O)C[C@@H](Cc3cc(F)c4c(c3)C3(CCC(F)(F)CC3)CN4)[C@@H]2O)c1,0.0,0.9415492415428162
bace,gnn,random,0,CC1(C)Cc2ccccc2/C(=[NH+]/[C@@H](Cc2ccccc2)C(=O)[O-])N1,0.0,0.00030283970409072936
bace,gnn,random,0,CC#Cc1cncc(-c2cccc([C@@]3(c4cc(C)c(=O)n(CC)c4)[NH+]=C(N)c4c(F)cccc43)c2)c1,1.0,0.9717952013015747
bace,gnn,random,0,CCC(CC)Cn1cc(C2(c3cccc(-c4cccnc4F)c3)N=C(N)N(C)C2=O)cn1,1.0,0.8904261589050293
bace,gnn,random,0,CC(=O)NC(Cc1cc(F)cc(F)c1)C(O)C[NH2+]C1(c2cccc(C(C)(C)C)c2)CCC(=NO)CC1,1.0,0.44377800822257996
bace,gnn,random,0,CCOC[C@H](Oc1cc(CC2CS(=O)(=O)CC([NH2+]Cc3cccc(C(C)(C)C)c3)C2O)cc(F)c1N)C(F)(F)F,1.0,0.8087997436523438
bace,gnn,random,0,CC(=O)N[C@@H](Cc1cc(F)cc(F)c1)[C@H](O)C[NH2+]C(C)(C)c1cccc(C(C)(C)C)c1,0.0,0.5611511468887329
bace,gnn,random,0,CCCCN(CCCC)C(=O)n1cc(C(=O)NC(Cc2cc(F)cc(F)c2)C(O)C[NH2+]Cc2cccc(OC)c2)c2ccccc21,1.0,0.4825976490974426
bace,gnn,random,0,CN1C(=O)[C@@](c2ccc(OC(F)F)cc2)(c2cccc(C#CCCCCO)c2)N=C1N,1.0,0.9393811821937561
bace,gnn,random,0,CCCOc1ccc(-c2ccc(-c3ccccc3Cl)n2Cc2cccc(N)n2)cc1,0.0,0.0036708517000079155
bace,gnn,random,0,COc1cccc(C[NH2+]C[C@H](O)[C@H](Cc2cc(F)cc(F)c2)NC(=O)c2cc(C(C)O)cc(N(C)S(C)(=O)=O)c2)c1,1.0,0.7858473658561707
bace,gnn,random,0,CCc1ccc2c(c1)C([NH2+]CC(O)C1Cc3cccc(c3)CCCCn3cc(cc(-c4ccccn4)c3=O)C(=O)N1)CC1(CCC1)O2,1.0,0.9953592419624329
bace,gnn,random,0,CC(=O)N[C@@H](Cc1ccccc1)[C@H](O)C[NH2+][C@H]1CC(C)(C)Oc2sc(CC(C)(C)C)cc21,1.0,0.949299693107605
bace,gnn,random,0,CN(CC1CCCCC1)C(=O)CCCn1c(N)nc2cc(Cl)ccc21,0.0,0.0014083291171118617
bace,gnn,random,0,Nc1cccc(CCc2ccc3cc[nH]c3c2)n1,0.0,0.001407607807777822
bace,gnn,random,0,Nc1cccc(Cn2c(-c3ccc(Oc4cccnc4)cc3)ccc2-c2ccccc2Cl)n1,0.0,0.043496813625097275
bace,gnn,random,0,CN1C(=O)C2(CC(C)(C)Oc3ccc(-c4cc(F)cc(Cl)c4)cc32)N=C1N,1.0,0.8496331572532654
bace,baseline,random,1,CN1C(=O)C2(CC(C)(C)Oc3ccc(-c4ccsn4)cc32)N=C1N,0.0,0.19277762774079507
bace,baseline,random,1,COCCCC1NC(=O)c2cc(cc(N(C)S(C)(=O)=O)c2)C(=O)NC(C(O)CC(C(=O)NCC(C)C)C(C)C)COCc2cccc1c2,0.0,0.23349054383475676
bace,baseline,random,1,COc1cccc(C[NH2+]C[C@H](O)[C@H](Cc2cc(F)cc(F)c2)NC(=O)c2cc(/C(C)=N\OCC(C)C)cc(N3CCCCS3(=O)=O)c2)c1,0.0,0.7406939825457427
bace,baseline,random,1,CC(=O)NC(Cc1cc(F)cc(F)c1)C(O)C[NH2+]C1(c2cc(C)cc(C(C)(C)C)c2)CCCCC1,0.0,0.4926497083535834
bace,baseline,random,1,C[C@@H](NC(=O)c1cc(C(=O)N[C@@H](Cc2ccccc2)[C@H](O)C[NH2+]C2CC2)cc(N(C)S(C)(=O)=O)c1)c1ccccc1,1.0,0.42706164452774026
bace,baseline,random,1,N#Cc1ccc(C(=O)Nc2ccc(F)c([C@]3(C(F)F)CCOC(N)=N3)c2)nc1,1.0,0.7288345291883824
bace,baseline,random,1,CN1C(=O)[C@@](c2ccc(OC(F)F)cc2)(c2cccc(OC(F)F)c2)N=C1N,0.0,0.7282951713068769
bace,baseline,random,1,CC(C)C(=O)NC(Cc1ccc2c(c1)OCO2)C(O)C[NH2+]C1CC2(CCC2)Oc2ncc(CC(C)(C)C)cc21,0.0,0.8855329905127486
bace,baseline,random,1,COc1ccc(C2(c3cccc(-c4cccnc4)c3)COC(N)=N2)cc1,0.0,0.12842786435948983
bace,baseline,random,1,CC(C)c1cccc(C[NH2+]CC(O)C2Cc3cccc(c3)OCCCCNc3cccc(c3)C(=O)N2)c1,0.0,0.6208875514485155
bace,baseline,random,1,CC(NC(=O)c1cc(-c2n[nH]c(C(C)([NH3+])Cc3ccccc3)n2)cc(N(C)S(C)(=O)=O)c1)c1ccc(F)cc1,0.0,0.3011007155862409
bace,baseline,random,1,COc1cccc(C[NH2+]CC(O)C(Cc2cc(F)cc(F)c2)NC(=O)c2cn(C(=O)N(C)CCC(C)C)c3ncccc23)c1,1.0,0.7149747329576979
bace,baseline,random,1,COc1cccc(COCC(CC(O)C(COc2cc(F)cc(F)c2)NC(=O)c2cc(C(=O)NC(C)c3ccccc3)cc(N(C)S(C)(=O)=O)c2)OC)c1,0.0,0.20457016495446614
bace,baseline,random,1,CCc1cc(CC[NH3+])ccc1O,1.0,0.38749162053296793
bace,baseline,random,1,CC(=O)Nc1c(Cl)cc(CNC(=[NH2+])NC(=O)Cn2ccc3ccc(C#N)cc32)cc1Cl,1.0,0.4303406953311794
bace,baseline,random,1,CCCOC1C[NH2+]C(C(O)C(Cc2cc(F)cc(F)c2)NC(=O)C(CCc2ccccc2)N2CCC(C(C)C)C2=O)C1,1.0,0.7786534809083552
bace,baseline,random,1,N#CCCCOc1ccc(-c2ccc(-c3ccccc3Cl)n2Cc2cccc(N)n2)cc1,0.0,0.19212406657703052
bace,baseline,random,1,COc1ccc(C2(c3ccc(C)c(-c4cccnc4)c3)N=C(N)N(C)C2=O)cc1C,0.0,0.724155141993216
bace,baseline,random,1,CC1CC2(CC[NH+]1Cc1ccc(O)c(Cl)c1)CN(C)S(=O)(=O)N2c1cccc(F)c1,0.0,0.13099012502791574
bace,baseline,random,1,Cc1ccc(C(=O)Nc2ccc(F)c(C3(C)N=C(N)OCC3(F)F)c2)nc1,1.0,0.6969832592928649
bace,baseline,random,1,CCNc1cc(C(=O)N[C@@H](Cc2ccccc2)[C@H](O)C[NH2+][C@@H](C)C(=O)NC2CCCCC2)cc(N2CCCC2=O)c1,1.0,0.4095325343738017
bace,baseline,random,1,CC(C)C[C@@]1(C)NC(=N)N(Cc2ccc(CNC(=O)Nc3ccc(C#N)cc3)cc2)C1=O,0.0,0.30637962957584686
bace,baseline,random,1,CCCCN(C)C(=O)n1cc(C(=O)NC(Cc2ccccc2)C(O)C[NH2+]C2CC2)c2cccnc21,0.0,0.23405954993460093
bace,baseline,random,1,COC[C@H]1CCCCN1C(=O)n1cc(C(=O)N[C@@H](Cc2cc(F)cc(F)c2)[C@H](O)C[NH2+]Cc2cccc(OC)c2)c2cccnc21,1.0,0.6434158772146035
bace,baseline,random,1,CCCCNC(=O)C(C)CC(O)C(CC(C)C)NC(=O)C(CCSC)NC(=O)C(NC(C)=O)C(C)C,0.0,0.4522440710128317
bace,baseline,random,1,CC(=O)NC(Cc1cc(F)cc(F)c1)C(O)C[NH2+]C1(c2cc(C(C)=O)cc(C(C)(C)C)c2)CCCCC1,0.0,0.3648352360163657
bace,baseline,random,1,C[C@@H](NC(=O)c1cc(-c2nnc([C@](C)([NH3+])Cc3ccccc3)o2)cc(N(C)S(C)(=O)=O)c1)c1ccc(F)cc1,1.0,0.267091163608119
bace,baseline,random,1,CCC(C)C1(NC(C)=O)CCN(C(CCc2ccccc2)C(=O)NC(Cc2cc(F)cc(F)c2)C(O)C2Cc3ccccc3C[NH2+]2)C1=O,1.0,0.651279770943242
bace,baseline,random,1,CC1=NC(c2cccc(-c3cncc(Cl)c3)c2)(C2CC2)N=C1N,0.0,0.15299143943159962
bace,baseline,random,1,CC(C)CC(NC(=O)C1CC(=O)NCCCCCCOC(=O)NC(C(C)C)C(=O)N1)C(O)CC(C)C(=O)NC(C(=O)NCc1ccccc1)C(C)C,1.0,0.30966524096758385
bace,baseline,random,1,NC1=NC2(c3cccc(NC(=O)c4ccc(F)cn4)c3)CCOCC2O1,0.0,0.15162945156995652
bace,baseline,random,1,CCCCNC(=O)C(C)CC(O)C(CC(C)C)NC(=O)C(CCSC)NC(=O)C(C)NC(C)=O,0.0,0.42311483906971714
bace,baseline,random,1,COc1cccc(C[NH2+]C[C@H](O)[C@H](Cc2cc(F)cc(F)c2)NC(=O)c2cccc(N(c3ccccc3)S(C)(=O)=O)c2)c1,1.0,0.6444720526244628
bace,baseline,random,1,COc1ccc(C2(c3cccc(-c4cccnc4)c3)CC(OC)C(N)=N2)cc1,0.0,0.1549410032730804
bace,baseline,random,1,CCCCN(C)C(=O)n1cc(C(=O)NC(Cc2cc(F)cc(F)c2)C(O)C[NH2+]Cc2cccc(CC)c2)c2cccnc21,1.0,0.6827323426213219
bace,baseline,random,1,CN1C(=O)C2(CC(C)(C)Oc3ccc(-c4cccnc4)cc32)N=C1N,0.0,0.33733858181084386
bace,baseline,random,1,Cc1ccccc1-c1ccc2nc(N)c(CC(C)C(=O)NCc3ccccc3)cc2c1,1.0,0.7268775724008181
bace,baseline,random,1,CCCOCc1cccc(CC2CS(=O)(=O)CC([NH2+]Cc3cccc(C(C)C)c3)C2O)c1,0.0,0.22293479033432792
bace,baseline,random,1,CCC[C@H]1C(C(=O)N[C@@H](Cc2ccccc2)[C@H](O)CNc2cccc(OC)c2)=CN(CC(=O)OC(C)C)C=C1C(=O)N[C@H](C)c1ccccc1,0.0,0.33258354962306935
bace,baseline,random,1,CC1=C(C(=O)N[C@@H](Cc2ccccc2)[C@H](O)C[NH2+]C2CC2)[C@H](C)C(C(=O)OCc2ccccc2)=C(C)N1CC(=O)N1CCOCC1,0.0,0.18090588230741386
bace,baseline,random,1,CN1C(=O)CC(C)(C2CC2c2cccc(-c3cccc(CO)c3)c2)N=C1N,0.0,0.17105179801546144
bace,baseline,random,1,CC1(C)CN2C(=N1)[C@@](c1ccc(OC(F)(F)F)cc1)(c1cccc(-c3cccnc3F)c1)[NH+]=C2N,0.0,0.6126358488936161
bace,baseline,random,1,C[C@@H](NC(=O)c1cc(COC(=O)[C@](C)([NH3+])Cc2ccccc2)cc(N(C)S(C)(=O)=O)c1)c1ccc(F)cc1,1.0,0.16191680861984034
bace,baseline,random,1,COc1ccc2c(c1)C1(COC(N)=N1)c1cc(-c3ccncc3)ccc1O2,0.0,0.1422662874874034
bace,baseline,random,1,CC#Cc1cncc(-c2cccc(C3(c4ccnc(C(F)F)c4)N=C(N)c4c(F)cccc43)c2)c1,1.0,0.5067774434333527
bace,baseline,random,1,Cc1cccnc1-c1ccc2nc(N)c(CC(C)C(=O)NCCC(C)(C)C)cc2c1,1.0,0.7225398177919922
bace,baseline,random,1,NC1=[NH+]C(c2ccccc2)(c2cccc(C(F)(F)F)c2)C2=NCCCN21,0.0,0.1229627412639989
bace,baseline,random,1,COC(=O)[C@@H]1CCCN1C(=O)[C@@H](CC1CCCCC1)N(C)C(=O)[C@H](C)NC(=O)[C@H](CC(C)C)NC(=O)C[C@H](O)[C@H](CC1CCCCC1)NC(=O)[C@H](CCC(N)=O)N(C)C(=O)[C@@H](NC(=O)[C@H](C)O)C(C)C,0.0,0.7447658281551673
bace,baseline,random,1,CC(=O)NC(Cc1cc(F)cc(F)c1)C(O)C[NH2+]C1(c2cccc(-n3cccn3)c2)CCCOC1,0.0,0.1944290163910063
bace,baseline,random,1,NC1=NC(c2ccc(OC(F)F)cc2)(c2cccc(-c3cccnc3F)c2)CO1,0.0,0.1828547624041306
bace,baseline,random,1,CCC(CC(=O)N(C)CC1CCCCC1)n1c(N)nc2cc(Cl)ccc21,0.0,0.11311585259072263
bace,baseline,random,1,O=C(C1C[NH2+]CC12CCCc1cc(Br)ccc12)N1CCC(c2ccccc2)CC1c1ccccc1,1.0,0.41318009610680373
bace,baseline,random,1,N#Cc1ccc(COC(=O)[C@H]2C[C@]3(C[NH2+]2)C(=O)Nc2ccccc23)cc1,0.0,0.17744839399790469
bace,baseline,random,1,Cn1c(N)nc([C@H]2C[C@H]2c2ccccc2)cc1=O,0.0,0.11696500173971112
bace,baseline,random,1,CCn1cc(C2(c3cccc(-c4cncnc4)c3)N=C(N)c3c(F)cccc32)cc(C)c1=O,1.0,0.7532257312475982
bace,baseline,random,1,CC(=O)NC(Cc1cc(F)cc(F)c1)C(O)C[NH2+]C1(c2ccccc2)CCCCC1,0.0,0.115368464792374
bace,baseline,random,1,CN1C(=O)C2(CC(C)(C)Oc3ccc(-c4cc(Cl)cc(Cl)c4)cc32)N=C1N,1.0,0.6918182371088971
bace,baseline,random,1,CC(NC(=O)c1cc(C[NH2+]CC([NH3+])(CO)Cc2ccccc2)cc(N(C)S(C)(=O)=O)c1)c1ccc(F)cc1,0.0,0.241425044116047
bace,baseline,random,1,COc1cccc(C[NH2+]C[C@H](O)[C@H](Cc2cc(F)cc(F)c2)NC(=O)c2cc(/C(C)=N/OCC(C)C)cc(N(c3ccccc3)S(C)(=O)=O)c2)c1,0.0,0.7915174785868819
bace,baseline,random,1,CN1C(=O)C(c2ccncc2)(c2cccc(-c3ccccc3)c2)N=C1N,0.0,0.7587024293805512
bace,baseline,random,1,CCn1cc(C2(c3cccc(-c4cncc(C#N)c4)c3)N=C(N)c3c(F)cccc32)cc(C)c1=O,1.0,0.7448234258166846
bace,baseline,random,1,CC(F)(F)c1cccc(C[NH2+][C@H]2CS(=O)(=O)C[C@@H](Cc3cc(F)c(N)c(Br)c3)[C@@H]2O)c1,0.0,0.40725269437174205
bace,baseline,random,1,CC(=O)NC(Cc1cc(F)cc(F)c1)C(O)C[NH2+]C1(c2nc(CC(C)(C)C)cs2)CC1,0.0,0.12958063607650383
bace,baseline,random,1,CN1C(=O)[C@@](c2ccc(OC(F)F)cc2)(c2ccc(F)c(OCCC=C(F)F)c2)N=C1N,1.0,0.8164427619417257
bace,baseline,random,1,C#Cc1cc(F)cc(CC(NC(=O)COC)C(O)C[NH2+]C2CC3(CCC3)Oc3ncc(CC(C)(C)C)cc32)c1,1.0,0.8834066968929083
bace,baseline,random,1,C#Cc1cccc(CC(NC(=O)COC)C(O)C[NH2+]C2CC3(CCC3)Oc3ncc(CC(C)(C)C)cc32)c1F,1.0,0.8868882787281335
bace,baseline,random,1,CCC(C)C1(NC(C)=O)CCN(C(CCc2ccccc2)C(=O)NC(Cc2cc(F)cc(F)c2)[C@H](O)[C@@H]2Cc3cccc(OC)c3C[NH2+]2)C1=O,0.0,0.7167896447731179
bace,baseline,random,1,NC1=NC(c2cccc(-c3cncnc3)c2)(c2ccnc(C(F)(F)F)c2)c2cccc(F)c21,0.0,0.4275534089726233
bace,baseline,random,1,COc1ccc2c(c1)C1(COC(N)=N1)c1cc(-c3ccc(F)nc3)ccc1O2,0.0,0.14462203496070278
bace,baseline,random,1,Cn1c(N)nc(C2CC2c2ccc(-c3cccc(OCC4CC4)c3)cc2)cc1=O,0.0,0.1277307139337373
bace,baseline,random,1,CC(=O)NC(Cc1cc(F)cc(F)c1)C(O)C[NH2+]C1(c2cc(CC(C)(C)C)cs2)CCCCC1,0.0,0.22341447416254576
bace,baseline,random,1,CN1C(=O)C(c2ccsc2)(c2ccc(F)c(-c3cccnc3F)c2)N=C1N,1.0,0.7632215517615097
bace,baseline,random,1,CCCCn1cc(C2(c3cccc(-c4cncnc4)c3)N=C(N)N(C)C2=O)cn1,1.0,0.7490950929247135
bace,baseline,random,1,Cc1cc([C@]2(c3ccc(F)c(C#CCF)c3)N=C(N)N(C)C2=O)ccc1OC(F)F,1.0,0.8210622112421482
bace,baseline,random,1,Nc1cccc(Cn2c(-c3ccc(Oc4cncnc4)cc3)ccc2-c2ccccc2Cl)n1,1.0,0.23612021809187367
bace,baseline,random,1,COCC(=O)NC(Cc1cccc(-c2nccs2)c1F)C(O)C[NH2+]C1CC2(CCC2)Oc2ncc(CC(C)(C)C)cc21,1.0,0.8854456000740025
bace,baseline,random,1,CCn1cc2c3c(cc(C(=O)NC(Cc4ccccc4)C(O)C[NH2+]C4CCOCC4)cc31)N(C)S(=O)(=O)CC2,1.0,0.827407726974244
bace,baseline,random,1,CC(C)CNC(=O)[C@H](C)C[C@H](O)[C@H](CC(C)C)NC(=O)[C@H](Cc1ccc([N+](=O)[O-])cc1)NC(=O)/C=C/c1ccc(C(F)(F)F)cc1,0.0,0.31656270739371933
bace,baseline,random,1,CCCN(CCC)C(=O)c1cc(C)cc(C(=O)N[C@@H](Cc2cc(F)cc(F)c2)[C@@H](O)C[NH2+]Cc2cccc(OC)c2)c1,0.0,0.808271299144118
bace,baseline,random,1,CCCCCOc1ccc(-c2ccc(-c3ccccc3Cl)n2Cc2ccc(NCCO)c(N)n2)cc1,0.0,0.20327782521332602
bace,baseline,random,1,CCCCn1cc(C2(c3cccc(-c4cccnc4F)c3)N=C(N)N(C)C2=O)cn1,1.0,0.7967119202245229
bace,baseline,random,1,CN1C(=O)C(c2ccncc2)(c2cccc(-c3ccoc3)c2)N=C1N,0.0,0.43145936370366933
bace,baseline,random,1,CNC(=O)Oc1ccc(CC2CS(=O)(=O)CC([NH2+]Cc3cccc(C(C)C)c3)C2O)cc1Br,1.0,0.4032398362979166
bace,baseline,random,1,CC(C)c1cccc(C[NH2+]C2CS(=O)(=O)CC(Cc3ccc(O)c(CCO)c3)C2O)c1,0.0,0.1618850107777882
bace,baseline,random,1,C[C@@H](NC(=O)c1cc(C(=O)OC[C@@]([NH3+])(CO)Cc2ccccc2)cc(N(C)S(C)(=O)=O)c1)c1ccc(F)cc1,0.0,0.15968377539370526
bace,baseline,random,1,COC(CO)CC(O)C(COc1cc(F)cc(F)c1)NC(=O)c1cc(C(=O)NC(C)c2ccccc2)cc(N(C)S(C)(=O)=O)c1,0.0,0.18954170202084888
bace,baseline,random,1,CC1(c2cc(NC(=O)c3ccc(Cl)cn3)ccc2F)CCC2(CC2)C(N)=N1,1.0,0.6768454812732185
bace,baseline,random,1,Cc1ccc(-c2ccc(C3CC3c3cc(=O)n(C)c(N)n3)cc2)s1,0.0,0.1162575772266523
bace,baseline,random,1,O=C(C1C[NH2+]CC1c1ccccc1)N1CCC(c2ccccc2)CC1,0.0,0.1752024160625383
bace,baseline,random,1,CCCC(O)C1CCN(C(CCc2ccccc2)C(=O)NC(Cc2cc(F)cc(F)c2)C(O)C2CC(O)C[NH2+]2)C1=O,1.0,0.6876563143682854
bace,baseline,random,1,CC(=O)NC(Cc1cc(F)cc(F)c1)C(O)C[NH2+]C1(c2cccc(C(C)(C)C)c2)CCC(=NO)CC1,1.0,0.31852342408790685
bace,baseline,random,1,CC(=O)NC(Cc1cc(F)cc(F)c1)C(O)C[NH2+]C1(c2cccc(C(C)(C)C)c2)CCC[NH2+]C1,0.0,0.3364118890150603
bace,baseline,random,1,CCCN(CCC)C(=O)n1cc(C(=O)NC(Cc2ccccc2)C(O)C[NH2+]Cc2cccc(OC)c2)c2ccccc21,0.0,0.6159706750038646
bace,baseline,random,1,CCCCNC(=O)C(C)CC(O)C(CC(C)C)NC(=O)C(C)NC(=O)C(CC(C)C)NC(C)=O,0.0,0.40712924928018823
bace,baseline,random,1,COc1cccc(-c2ccc(C3CC3c3cc(=O)n(C)c(N)n3)cc2)c1,0.0,0.11099662845034829
bace,baseline,random,1,COc1cccc(-c2cccc(C3(C)N=C(N)CCO3)c2)c1,0.0,0.11325694252562264
bace,baseline,random,1,CC(=O)NC(Cc1cc(F)cc(F)c1)C(O)C[NH2+]C1(c2cccc(CC(C)C)c2)CCCCC1,0.0,0.2547413722701208
bace,baseline,random,1,CN1C(=O)CC(C)(CCc2cccc(-c3ccccc3)c2)N=C1N,0.0,0.15758464108966777
bace,baseline,random,1,CCCO/N=C(/C)c1cc(C(=O)NC(Cc2cc(F)cc(F)c2)[C@@H](O)C[NH2+]Cc2cccc(OC)c2)cc(N2CCCCS2(=O)=O)c1,1.0,0.7585887010386874
bace,baseline,random,1,CC(C)c1cccc(C[NH2+]CC(O)C2COC/C=C\CCN(C)C(=O)c3cc(cc(N(C)S(C)(=O)=O)c3)C(=O)N2)c1,1.0,0.6219614432723533
bace,baseline,random,1,CCNc1cc(C(=O)N[C@@H](Cc2ccccc2)[C@H](O)C[NH2+]C(C)(C)CCCC(C)C)cc(N2CCCC2=O)c1,1.0,0.47253256242492536
bace,baseline,random,1,CCC(C)C1(NC(C)=O)CCN(C(C)C(=O)NC(Cc2cc(F)cc(F)c2)C(O)C2CC(O)C[NH2+]2)C1=O,1.0,0.6102976712352045
bace,baseline,random,1,COc1ccc(C2(c3cccc(-c4cccnc4F)c3)[NH+]=C(N)N3CCCN=C32)cc1,1.0,0.3518093450668295
bace,baseline,random,1,CN1C(=O)C(c2ccccc2)(c2ccncc2)N=C1N,0.0,0.22065995402383962
bace,baseline,random,1,Cc1ccc(C)c(OCC(O)C[NH+]2CCOCC2)c1,0.0,0.18678915999461057
bace,baseline,random,1,COc1cccc(C[NH2+]CC(O)C(Cc2ccccc2)NC(=O)c2cc(C(=O)NC(C)c3ccccc3)cc(N(C)S(C)(=O)=O)c2)c1,1.0,0.6172801580589414
bace,baseline,random,1,CC(=O)NC(Cc1cc(F)cc(F)c1)C(O)C[NH2+]C1(c2cccc(N3CCOC3=O)c2)CCCCC1,0.0,0.18772133772499153
bace,baseline,random,1,O=C(C1C[NH2+]CC1c1ccccc1Br)N1CCOCC1c1ccccc1,0.0,0.14957946314630682
bace,baseline,random,1,COc1ccc(C(=O)N[C@@H](Cc2ccc([N+](=O)[O-])cc2)C(=O)N[C@@H](CC(C)C)[C@@H](O)C[C@@H](C)C(=O)NCC(C)C)cc1OC,0.0,0.33391712497960324
bace,baseline,random,1,O=C(C1C[NH2+]CC12CCCc1nc(Cl)ccc12)N1CCC(c2ccccc2)CC1C1CCCCC1,1.0,0.463534164770528
bace,baseline,random,1,CCn1cc2c3c(cc(C(=O)NC(Cc4ccccc4)[C@H](O)CNc4ccccc4)cc31)N(C)S(=O)(=O)CC2,1.0,0.7575038583007442
bace,baseline,random,1,CN1C(=O)[C@@](c2ccc(OC(F)F)cc2)(c2ccc(F)c(C#CCCCF)c2)N=C1N,1.0,0.8177332892123582
bace,baseline,random,1,CCc1cn2c3c(cc(C(=O)N[C@@H](Cc4ccccc4)[C@H](O)C[NH2+]Cc4cccc(OC)c4)cc13)N(C)S(=O)(=O)CC2,1.0,0.8019327021751017
bace,baseline,random,1,COc1cccc(C[NH2+]C[C@@H](O)[C@H](Cc2ccccc2)NC(=O)C2=CN(CC(=O)OC(C)C)C(C)=C(C(C)=O)[C@H]2C)c1,0.0,0.4357396526008091
bace,baseline,random,1,CCc1cn2c3c(cc(C(=O)NC(Cc4ccccc4)C(O)CNc4ccc(OC)cc4)cc13)NS(=O)(=O)CCC2,1.0,0.5728979035371091
bace,baseline,random,1,CC(=O)NC(Cc1ccc(F)c(OC(F)(F)F)c1)C(O)C[NH2+]C1CC2(CCC2)Oc2ncc(CC(C)(C)C)cc21,1.0,0.8779935139185648
bace,baseline,random,1,CC1=C(C(=O)NOCc2ccccc2)[C@@H](c2ccccc2)C(C(=O)N[C@@H](Cc2ccccc2)[C@H](O)C[NH2+]C2CC2)=C(C)N1S(C)(=O)=O,0.0,0.23014140375896797
bace,baseline,random,1,Cc1cc(C2(c3cccc(-c4cncnc4)c3)N=C(N)N(C)C2=O)c(Cl)s1,0.0,0.5733039445517388
bace,baseline,random,1,COc1c(C)cc(C2(c3cccc(-c4cncnc4)c3)N=C(N)c3c(F)cccc32)cc1C#N,1.0,0.6904290582338337
bace,baseline,random,1,CC(=O)NC(Cc1cc(F)cc(F)c1)C(O)C[NH2+]C1(c2cccc(C#N)c2)CCCCC1,0.0,0.22426970257492185
bace,baseline,random,1,CN1C(=O)C2(CC(C)(C)Oc3ccc(-c4cncc(Cl)c4)cc32)N=C1N,1.0,0.6376606712022476
bace,baseline,random,1,CC(C)Oc1cccc(C[NH+]2CCC3(CC2C)CN(c2ncccn2)S(=O)(=O)N3c2cccc(F)c2)c1,0.0,0.21112711573503976
bace,baseline,random,1,CCN1CC2(CC[NH+](Cc3cccc(OC(C)C)c3)C(C)C2)N(c2cccc(F)c2)S1(=O)=O,0.0,0.14310026035773624
bace,baseline,random,1,CC[C@H]1C(C(=O)N[C@@H](Cc2ccccc2)[C@H](O)C[NH2+]C2CC2)=C(C)N(S(C)(=O)=O)C(C)=C1C(=O)N[C@H](C)c1ccccc1,0.0,0.13894832621508332
bace,baseline,random,1,CCc1cn2c3c(cc(C(=O)NC(Cc4ccccc4)C(O)C[NH2+]C4CCOCC4)cc13)N(C)S(=O)(=O)CC2,1.0,0.8204029784152873
bace,baseline,random,1,CC(C)CNC(=O)[C@H](C)C[C@H](O)[C@H](CC(C)C)NC(=O)[C@H](Cc1ccccc1)NC(=O)/C=C/c1ccc(C(F)(F)F)cc1,0.0,0.278840963831133
bace,baseline,random,1,CCNc1cc(C(=O)NC(Cc2ccccc2)C(O)C[NH2+]CCC(F)(F)F)cc2c1CCCS(=O)(=O)N2C,1.0,0.5144669534302684
bace,baseline,random,1,CCNc1cc(C(=O)N[C@@H](Cc2ccccc2)[C@H](O)C[NH2+]Cc2cccc(C(F)(F)F)c2)cc(N2CCCCS2(=O)=O)c1,1.0,0.8258366496240138
bace,baseline,random,1,C[NH+]1CCC(NC(=O)CCCn2c(N)nc3cc(Cl)ccc32)CC1,0.0,0.15402984956648041
bace,baseline,random,1,CCC(CC(=O)NC(C)C)n1c(N)nc2cc(Cl)ccc21,0.0,0.15913390999036792
bace,baseline,random,1,COCC(=O)NC(Cc1ccc(F)c(-c2nccs2)c1)C(O)C[NH2+]C1CC2(CCC2)Oc2ncc(CC(C)(C)C)cc21,1.0,0.8850340409639749
bace,baseline,random,1,CC(C)CNC(=O)[C@H](C)C[C@H](O)[C@H](CC(C)C)NC(=O)[C@H](Cc1ccccc1)NC(=O)c1ccccc1,0.0,0.20612641682090013
bace,baseline,random,1,CC(=O)N[C@@H](Cc1cc(F)cc(F)c1)[C@H](O)C[NH2+]C1(c2cccc(-n3cccn3)c2)CC1,0.0,0.14462940000002353
bace,baseline,random,1,CC(=O)NC(Cc1ccc(F)cc1F)C(O)C[NH2+]C1CC2(CCC2)Oc2ncc(CC(C)(C)C)cc21,1.0,0.8838131166889324
bace,baseline,random,1,Cc1ccccc1-c1ccc2nc(N)c(CC(C)C(=O)NCc3cnccn3)cc2c1,1.0,0.6502541716993624
bace,baseline,random,1,CN1C(=O)C(c2ccccc2)(c2ccc(Cl)cc2)N=C1N,0.0,0.16556364852000163
bace,baseline,random,1,CCc1cc(CC2CS(=O)(=O)CC([NH2+]Cc3cccc(C(C)(C)C)c3)C2O)cc(F)c1N,0.0,0.4803009264800934
bace,baseline,random,1,CCn1cc(C2(c3ccc(F)c(-c4cccnc4F)c3)N=C(N)N(C)C2=O)cn1,1.0,0.7389737340614024
bace,baseline,random,1,CNC(=O)C(CC(O)C1COCc2cccc(c2)C(c2ccccc2)NC(=O)c2cc(cc(N(C)S(C)(=O)=O)c2)C(=O)N1)C(C)C,0.0,0.3126642751784055
bace,baseline,random,1,CCc1cn(C)c2c(N3CCCC3=O)cc(C(=O)NC(Cc3ccccc3)C(O)C[NH2+]Cc3cccc(C(F)(F)F)c3)cc12,1.0,0.7571178340936164
bace,baseline,random,1,COc1ccc(C2(c3ccc(C#N)c(-c4cccnc4)c3)N=C(N)N(C)C2=O)cc1C,0.0,0.6681761330847072
bace,baseline,random,1,CCCCc1cccc([C@@]2(c3ccc(OC(F)F)cc3)N=C(N)N(C)C2=O)c1,1.0,0.626775680228007
bace,baseline,random,1,CC(C)c1cc(C2(c3cccc(-c4cncnc4)c3)N=C(N)N(C)C2=O)ccn1,1.0,0.7386019039573521
bace,baseline,random,1,CCCC(O)C1CCN(C(CCc2ccccc2)C(=O)NC(Cc2cc(F)cc(F)c2)C(O)C[NH2+]Cc2cccc(OC)c2)C1=O,1.0,0.779286822139732
bace,baseline,random,1,CC[C@H]1C(C(=O)NOCc2ccccc2)=C(C)N(S(C)(=O)=O)C(C)=C1C(=O)N[C@@H](Cc1ccccc1)[C@H](O)C[NH2+]C1CC1,0.0,0.149169485957675
bace,baseline,random,1,CC(=O)N[C@@H](Cc1cc(F)cc(F)c1)[C@H](O)C[NH2+]C1(c2cccc(C(C)(C)C)c2)CCCCC1,1.0,0.35955545116082627
bace,baseline,random,1,CCCO/N=C(/C)c1cc(C(=O)NC(Cc2cc(F)cc(F)c2)[C@@H](O)C[NH2+]Cc2cccc(OC)c2)cc(N(C)S(C)(=O)=O)c1,1.0,0.6076787670592932
bace,baseline,random,1,N#CC1(OC(=O)[C@H]2C[C@]3(C[NH2+]2)C(=O)Nc2ccccc23)CCCCC1,0.0,0.14733364992259324
bace,baseline,random,1,NC1=[NH+][C@](c2ccccc2)(c2cccc(Cc3ccccc3)c2)C2=NCCCN21,0.0,0.1445438198575931
bace,baseline,random,1,Cc1cc(C)n(COC(=O)NC(CS(C)(=O)=O)C(=O)NC(CC(C)C)C(O)CC(C)C(=O)NC(C(=O)NCC(C)C)C(C)C)n1,1.0,0.5357042231286002
bace,baseline,random,1,CCCN(CCC)C(=O)c1cc(C)cc(C(=O)N[C@@H](Cc2cc(F)cc(F)c2)[C@H](O)[C@H]2C[N@@H+](Cc3ccccc3)CC[NH2+]2)c1,0.0,0.7025575535448341
bace,baseline,random,1,CN1C(=O)CC(C)(C2CC2c2cccc(-c3cccs3)c2)N=C1N,0.0,0.1350202546809506
bace,gnn,random,1,CN1C(=O)C2(CC(C)(C)Oc3ccc(-c4ccsn4)cc32)N=C1N,0.0,0.27096423506736755
bace,gnn,random,1,COCCCC1NC(=O)c2cc(cc(N(C)S(C)(=O)=O)c2)C(=O)NC(C(O)CC(C(=O)NCC(C)C)C(C)C)COCc2cccc1c2,0.0,0.18678265810012817
bace,gnn,random,1,COc1cccc(C[NH2+]C[C@H](O)[C@H](Cc2cc(F)cc(F)c2)NC(=O)c2cc(/C(C)=N\OCC(C)C)cc(N3CCCCS3(=O)=O)c2)c1,0.0,0.9283490777015686
bace,gnn,random,1,CC(=O)NC(Cc1cc(F)cc(F)c1)C(O)C[NH2+]C1(c2cc(C)cc(C(C)(C)C)c2)CCCCC1,0.0,0.32767418026924133
bace,gnn,random,1,C[C@@H](NC(=O)c1cc(C(=O)N[C@@H](Cc2ccccc2)[C@H](O)C[NH2+]C2CC2)cc(N(C)S(C)(=O)=O)c1)c1ccccc1,1.0,0.759917140007019
bace,gnn,random,1,N#Cc1ccc(C(=O)Nc2ccc(F)c([C@]3(C(F)F)CCOC(N)=N3)c2)nc1,1.0,0.9868432879447937
bace,gnn,random,1,CN1C(=O)[C@@](c2ccc(OC(F)F)cc2)(c2cccc(OC(F)F)c2)N=C1N,0.0,0.9707005620002747
bace,gnn,random,1,CC(C)C(=O)NC(Cc1ccc2c(c1)OCO2)C(O)C[NH2+]C1CC2(CCC2)Oc2ncc(CC(C)(C)C)cc21,0.0,0.9992039799690247
bace,gnn,random,1,COc1ccc(C2(c3cccc(-c4cccnc4)c3)COC(N)=N2)cc1,0.0,6.6318802964815404e-06
bace,gnn,random,1,CC(C)c1cccc(C[NH2+]CC(O)C2Cc3cccc(c3)OCCCCNc3cccc(c3)C(=O)N2)c1,0.0,0.9589383006095886
bace,gnn,random,1,CC(NC(=O)c1cc(-c2n[nH]c(C(C)([NH3+])Cc3ccccc3)n2)cc(N(C)S(C)(=O)=O)c1)c1ccc(F)cc1,0.0,9.644217789173126e-05
bace,gnn,random,1,COc1cccc(C[NH2+]CC(O)C(Cc2cc(F)cc(F)c2)NC(=O)c2cn(C(=O)N(C)CCC(C)C)c3ncccc23)c1,1.0,0.5579768419265747
bace,gnn,random,1,COc1cccc(COCC(CC(O)C(COc2cc(F)cc(F)c2)NC(=O)c2cc(C(=O)NC(C)c3ccccc3)cc(N(C)S(C)(=O)=O)c2)OC)c1,0.0,2.1890959033044055e-05
bace,gnn,random,1,CCc1cc(CC[NH3+])ccc1O,1.0,0.9625061750411987
bace,gnn,random,1,CC(=O)Nc1c(Cl)cc(CNC(=[NH2+])NC(=O)Cn2ccc3ccc(C#N)cc32)cc1Cl,1.0,0.9125784039497375
bace,gnn,random,1,CCCOC1C[NH2+]C(C(O)C(Cc2cc(F)cc(F)c2)NC(=O)C(CCc2ccccc2)N2CCC(C(C)C)C2=O)C1,1.0,0.9549433588981628
bace,gnn,random,1,N#CCCCOc1ccc(-c2ccc(-c3ccccc3Cl)n2Cc2cccc(N)n2)cc1,0.0,0.0012175129959359765
bace,gnn,random,1,COc1ccc(C2(c3ccc(C)c(-c4cccnc4)c3)N=C(N)N(C)C2=O)cc1C,0.0,0.8892533779144287
bace,gnn,random,1,CC1CC2(CC[NH+]1Cc1ccc(O)c(Cl)c1)CN(C)S(=O)(=O)N2c1cccc(F)c1,0.0,5.08404009451624e-05
bace,gnn,random,1,Cc1ccc(C(=O)Nc2ccc(F)c(C3(C)N=C(N)OCC3(F)F)c2)nc1,1.0,0.6219402551651001
bace,gnn,random,1,CCNc1cc(C(=O)N[C@@H](Cc2ccccc2)[C@H](O)C[NH2+][C@@H](C)C(=O)NC2CCCCC2)cc(N2CCCC2=O)c1,1.0,0.0887419730424881
bace,gnn,random,1,CC(C)C[C@@]1(C)NC(=N)N(Cc2ccc(CNC(=O)Nc3ccc(C#N)cc3)cc2)C1=O,0.0,0.33502763509750366
bace,gnn,random,1,CCCCN(C)C(=O)n1cc(C(=O)NC(Cc2ccccc2)C(O)C[NH2+]C2CC2)c2cccnc21,0.0,0.42094436287879944
bace,gnn,random,1,COC[C@H]1CCCCN1C(=O)n1cc(C(=O)N[C@@H](Cc2cc(F)cc(F)c2)[C@H](O)C[NH2+]Cc2cccc(OC)c2)c2cccnc21,1.0,0.8861178159713745
bace,gnn,random,1,CCCCNC(=O)C(C)CC(O)C(CC(C)C)NC(=O)C(CCSC)NC(=O)C(NC(C)=O)C(C)C,0.0,0.8350979089736938
bace,gnn,random,1,CC(=O)NC(Cc1cc(F)cc(F)c1)C(O)C[NH2+]C1(c2cc(C(C)=O)cc(C(C)(C)C)c2)CCCCC1,0.0,0.5978143215179443
bace,gnn,random,1,C[C@@H](NC(=O)c1cc(-c2nnc([C@](C)([NH3+])Cc3ccccc3)o2)cc(N(C)S(C)(=O)=O)c1)c1ccc(F)cc1,1.0,7.381864270428196e-05
bace,gnn,random,1,CCC(C)C1(NC(C)=O)CCN(C(CCc2ccccc2)C(=O)NC(Cc2cc(F)cc(F)c2)C(O)C2Cc3ccccc3C[NH2+]2)C1=O,1.0,0.7823169827461243
bace,gnn,random,1,CC1=NC(c2cccc(-c3cncc(Cl)c3)c2)(C2CC2)N=C1N,0.0,0.005655406974256039
bace,gnn,random,1,CC(C)CC(NC(=O)C1CC(=O)NCCCCCCOC(=O)NC(C(C)C)C(=O)N1)C(O)CC(C)C(=O)NC(C(=O)NCc1ccccc1)C(C)C,1.0,0.039243727922439575
bace,gnn,random,1,NC1=NC2(c3cccc(NC(=O)c4ccc(F)cn4)c3)CCOCC2O1,0.0,0.00010125258268089965
bace,gnn,random,1,CCCCNC(=O)C(C)CC(O)C(CC(C)C)NC(=O)C(CCSC)NC(=O)C(C)NC(C)=O,0.0,0.6214136481285095
bace,gnn,random,1,COc1cccc(C[NH2+]C[C@H](O)[C@H](Cc2cc(F)cc(F)c2)NC(=O)c2cccc(N(c3ccccc3)S(C)(=O)=O)c2)c1,1.0,0.9428874850273132
bace,gnn,random,1,COc1ccc(C2(c3cccc(-c4cccnc4)c3)CC(OC)C(N)=N2)cc1,0.0,6.018547992425738e-06
bace,gnn,random,1,CCCCN(C)C(=O)n1cc(C(=O)NC(Cc2cc(F)cc(F)c2)C(O)C[NH2+]Cc2cccc(CC)c2)c2cccnc21,1.0,0.6608453392982483
bace,gnn,random,1,CN1C(=O)C2(CC(C)(C)Oc3ccc(-c4cccnc4)cc32)N=C1N,0.0,0.1456676870584488
bace,gnn,random,1,Cc1ccccc1-c1ccc2nc(N)c(CC(C)C(=O)NCc3ccccc3)cc2c1,1.0,0.8018372654914856
bace,gnn,random,1,CCCOCc1cccc(CC2CS(=O)(=O)CC([NH2+]Cc3cccc(C(C)C)c3)C2O)c1,0.0,2.3605392925674096e-05
bace,gnn,random,1,CCC[C@H]1C(C(=O)N[C@@H](Cc2ccccc2)[C@H](O)CNc2cccc(OC)c2)=CN(CC(=O)OC(C)C)C=C1C(=O)N[C@H](C)c1ccccc1,0.0,0.006024561356753111
bace,gnn,random,1,CC1=C(C(=O)N[C@@H](Cc2ccccc2)[C@H](O)C[NH2+]C2CC2)[C@H](C)C(C(=O)OCc2ccccc2)=C(C)N1CC(=O)N1CCOCC1,0.0,0.004427989479154348
bace,gnn,random,1,CN1C(=O)CC(C)(C2CC2c2cccc(-c3cccc(CO)c3)c2)N=C1N,0.0,0.002503169234842062
bace,gnn,random,1,CC1(C)CN2C(=N1)[C@@](c1ccc(OC(F)(F)F)cc1)(c1cccc(-c3cccnc3F)c1)[NH+]=C2N,0.0,0.5617243051528931
bace,gnn,random,1,C[C@@H](NC(=O)c1cc(COC(=O)[C@](C)([NH3+])Cc2ccccc2)cc(N(C)S(C)(=O)=O)c1)c1ccc(F)cc1,1.0,0.00010401694453321397
bace,gnn,random,1,COc1ccc2c(c1)C1(COC(N)=N1)c1cc(-c3ccncc3)ccc1O2,0.0,0.000486943987198174
bace,gnn,random,1,CC#Cc1cncc(-c2cccc(C3(c4ccnc(C(F)F)c4)N=C(N)c4c(F)cccc43)c2)c1,1.0,0.9925671815872192
bace,gnn,random,1,Cc1cccnc1-c1ccc2nc(N)c(CC(C)C(=O)NCCC(C)(C)C)cc2c1,1.0,0.9334869980812073
bace,gnn,random,1,NC1=[NH+]C(c2ccccc2)(c2cccc(C(F)(F)F)c2)C2=NCCCN21,0.0,0.0857965499162674
bace,gnn,random,1,COC(=O)[C@@H]1CCCN1C(=O)[C@@H](CC1CCCCC1)N(C)C(=O)[C@H](C)NC(=O)[C@H](CC(C)C)NC(=O)C[C@H](O)[C@H](CC1CCCCC1)NC(=O)[C@H](CCC(N)=O)N(C)C(=O)[C@@H](NC(=O)[C@H](C)O)C(C)C,0.0,0.9983606934547424
bace,gnn,random,1,CC(=O)NC(Cc1cc(F)cc(F)c1)C(O)C[NH2+]C1(c2cccc(-n3cccn3)c2)CCCOC1,0.0,0.003108368720859289
bace,gnn,random,1,NC1=NC(c2ccc(OC(F)F)cc2)(c2cccc(-c3cccnc3F)c2)CO1,0.0,0.042628347873687744
bace,gnn,random,1,CCC(CC(=O)N(C)CC1CCCCC1)n1c(N)nc2cc(Cl)ccc21,0.0,0.0005510150804184377
bace,gnn,random,1,O=C(C1C[NH2+]CC12CCCc1cc(Br)ccc12)N1CCC(c2ccccc2)CC1c1ccccc1,1.0,0.11806301772594452
bace,gnn,random,1,N#Cc1ccc(COC(=O)[C@H]2C[C@]3(C[NH2+]2)C(=O)Nc2ccccc23)cc1,0.0,4.454977533896454e-05
bace,gnn,random,1,Cn1c(N)nc([C@H]2C[C@H]2c2ccccc2)cc1=O,0.0,2.5767088462913534e-10
bace,gnn,random,1,CCn1cc(C2(c3cccc(-c4cncnc4)c3)N=C(N)c3c(F)cccc32)cc(C)c1=O,1.0,0.98333340883255
bace,gnn,random,1,CC(=O)NC(Cc1cc(F)cc(F)c1)C(O)C[NH2+]C1(c2ccccc2)CCCCC1,0.0,0.032257355749607086
bace,gnn,random,1,CN1C(=O)C2(CC(C)(C)Oc3ccc(-c4cc(Cl)cc(Cl)c4)cc32)N=C1N,1.0,0.954020082950592
bace,gnn,random,1,CC(NC(=O)c1cc(C[NH2+]CC([NH3+])(CO)Cc2ccccc2)cc(N(C)S(C)(=O)=O)c1)c1ccc(F)cc1,0.0,0.2248203158378601
bace,gnn,random,1,COc1cccc(C[NH2+]C[C@H](O)[C@H](Cc2cc(F)cc(F)c2)NC(=O)c2cc(/C(C)=N/OCC(C)C)cc(N(c3ccccc3)S(C)(=O)=O)c2)c1,0.0,0.9993970394134521
bace,gnn,random,1,CN1C(=O)C(c2ccncc2)(c2cccc(-c3ccccc3)c2)N=C1N,0.0,0.6372354030609131
bace,gnn,random,1,CCn1cc(C2(c3cccc(-c4cncc(C#N)c4)c3)N=C(N)c3c(F)cccc32)cc(C)c1=O,1.0,0.9971262812614441
bace,gnn,random,1,CC(F)(F)c1cccc(C[NH2+][C@H]2CS(=O)(=O)C[C@@H](Cc3cc(F)c(N)c(Br)c3)[C@@H]2O)c1,0.0,0.8437727093696594
bace,gnn,random,1,CC(=O)NC(Cc1cc(F)cc(F)c1)C(O)C[NH2+]C1(c2nc(CC(C)(C)C)cs2)CC1,0.0,2.008650881180074e-05
bace,gnn,random,1,CN1C(=O)[C@@](c2ccc(OC(F)F)cc2)(c2ccc(F)c(OCCC=C(F)F)c2)N=C1N,1.0,0.9892604351043701
bace,gnn,random,1,C#Cc1cc(F)cc(CC(NC(=O)COC)C(O)C[NH2+]C2CC3(CCC3)Oc3ncc(CC(C)(C)C)cc32)c1,1.0,0.993839681148529
bace,gnn,random,1,C#Cc1cccc(CC(NC(=O)COC)C(O)C[NH2+]C2CC3(CCC3)Oc3ncc(CC(C)(C)C)cc32)c1F,1.0,0.9943420886993408
bace,gnn,random,1,CCC(C)C1(NC(C)=O)CCN(C(CCc2ccccc2)C(=O)NC(Cc2cc(F)cc(F)c2)[C@H](O)[C@@H]2Cc3cccc(OC)c3C[NH2+]2)C1=O,0.0,0.8636855483055115
bace,gnn,random,1,NC1=NC(c2cccc(-c3cncnc3)c2)(c2ccnc(C(F)(F)F)c2)c2cccc(F)c21,0.0,0.484224408864975
bace,gnn,random,1,COc1ccc2c(c1)C1(COC(N)=N1)c1cc(-c3ccc(F)nc3)ccc1O2,0.0,0.0017960695549845695
bace,gnn,random,1,Cn1c(N)nc(C2CC2c2ccc(-c3cccc(OCC4CC4)c3)cc2)cc1=O,0.0,1.9513690219241653e-08
bace,gnn,random,1,CC(=O)NC(Cc1cc(F)cc(F)c1)C(O)C[NH2+]C1(c2cc(CC(C)(C)C)cs2)CCCCC1,0.0,0.0024724432732909918
bace,gnn,random,1,CN1C(=O)C(c2ccsc2)(c2ccc(F)c(-c3cccnc3F)c2)N=C1N,1.0,0.8156811594963074
bace,gnn,random,1,CCCCn1cc(C2(c3cccc(-c4cncnc4)c3)N=C(N)N(C)C2=O)cn1,1.0,0.9946297407150269
bace,gnn,random,1,Cc1cc([C@]2(c3ccc(F)c(C#CCF)c3)N=C(N)N(C)C2=O)ccc1OC(F)F,1.0,0.9998086094856262
bace,gnn,random,1,Nc1cccc(Cn2c(-c3ccc(Oc4cncnc4)cc3)ccc2-c2ccccc2Cl)n1,1.0,0.127137690782547
bace,gnn,random,1,COCC(=O)NC(Cc1cccc(-c2nccs2)c1F)C(O)C[NH2+]C1CC2(CCC2)Oc2ncc(CC(C)(C)C)cc21,1.0,0.9992645382881165
bace,gnn,random,1,CCn1cc2c3c(cc(C(=O)NC(Cc4ccccc4)C(O)C[NH2+]C4CCOCC4)cc31)N(C)S(=O)(=O)CC2,1.0,0.9996335506439209
bace,gnn,random,1,CC(C)CNC(=O)[C@H](C)C[C@H](O)[C@H](CC(C)C)NC(=O)[C@H](Cc1ccc([N+](=O)[O-])cc1)NC(=O)/C=C/c1ccc(C(F)(F)F)cc1,0.0,0.3357064425945282
bace,gnn,random,1,CCCN(CCC)C(=O)c1cc(C)cc(C(=O)N[C@@H](Cc2cc(F)cc(F)c2)[C@@H](O)C[NH2+]Cc2cccc(OC)c2)c1,0.0,0.8458805084228516
bace,gnn,random,1,CCCCCOc1ccc(-c2ccc(-c3ccccc3Cl)n2Cc2ccc(NCCO)c(N)n2)cc1,0.0,0.014046822674572468
bace,gnn,random,1,CCCCn1cc(C2(c3cccc(-c4cccnc4F)c3)N=C(N)N(C)C2=O)cn1,1.0,0.9959321618080139
bace,gnn,random,1,CN1C(=O)C(c2ccncc2)(c2cccc(-c3ccoc3)c2)N=C1N,0.0,0.5154237747192383
bace,gnn,random,1,CNC(=O)Oc1ccc(CC2CS(=O)(=O)CC([NH2+]Cc3cccc(C(C)C)c3)C2O)cc1Br,1.0,0.07279491424560547
bace,gnn,random,1,CC(C)c1cccc(C[NH2+]C2CS(=O)(=O)CC(Cc3ccc(O)c(CCO)c3)C2O)c1,0.0,0.03214144706726074
bace,gnn,random,1,C[C@@H](NC(=O)c1cc(C(=O)OC[C@@]([NH3+])(CO)Cc2ccccc2)cc(N(C)S(C)(=O)=O)c1)c1ccc(F)cc1,0.0,0.00010312905942555517
bace,gnn,random,1,COC(CO)CC(O)C(COc1cc(F)cc(F)c1)NC(=O)c1cc(C(=O)NC(C)c2ccccc2)cc(N(C)S(C)(=O)=O)c1,0.0,0.037566933780908585
bace,gnn,random,1,CC1(c2cc(NC(=O)c3ccc(Cl)cn3)ccc2F)CCC2(CC2)C(N)=N1,1.0,0.7709477543830872
bace,gnn,random,1,Cc1ccc(-c2ccc(C3CC3c3cc(=O)n(C)c(N)n3)cc2)s1,0.0,3.570993811763401e-08
bace,gnn,random,1,O=C(C1C[NH2+]CC1c1ccccc1)N1CCC(c2ccccc2)CC1,0.0,0.00010234034562017769
bace,gnn,random,1,CCCC(O)C1CCN(C(CCc2ccccc2)C(=O)NC(Cc2cc(F)cc(F)c2)C(O)C2CC(O)C[NH2+]2)C1=O,1.0,0.9785845875740051
bace,gnn,random,1,CC(=O)NC(Cc1cc(F)cc(F)c1)C(O)C[NH2+]C1(c2cccc(C(C)(C)C)c2)CCC(=NO)CC1,1.0,0.41970542073249817
bace,gnn,random,1,CC(=O)NC(Cc1cc(F)cc(F)c1)C(O)C[NH2+]C1(c2cccc(C(C)(C)C)c2)CCC[NH2+]C1,0.0,0.03031708300113678
bace,gnn,random,1,CCCN(CCC)C(=O)n1cc(C(=O)NC(Cc2ccccc2)C(O)C[NH2+]Cc2cccc(OC)c2)c2ccccc21,0.0,0.5721936821937561
bace,gnn,random,1,CCCCNC(=O)C(C)CC(O)C(CC(C)C)NC(=O)C(C)NC(=O)C(CC(C)C)NC(C)=O,0.0,0.6751947999000549
bace,gnn,random,1,COc1cccc(-c2ccc(C3CC3c3cc(=O)n(C)c(N)n3)cc2)c1,0.0,3.1932234634268752e-09
bace,gnn,random,1,COc1cccc(-c2cccc(C3(C)N=C(N)CCO3)c2)c1,0.0,6.9581615207425784e-06
bace,gnn,random,1,CC(=O)NC(Cc1cc(F)cc(F)c1)C(O)C[NH2+]C1(c2cccc(CC(C)C)c2)CCCCC1,0.0,0.09435170888900757
bace,gnn,random,1,CN1C(=O)CC(C)(CCc2cccc(-c3ccccc3)c2)N=C1N,0.0,0.009769463911652565
bace,gnn,random,1,CCCO/N=C(/C)c1cc(C(=O)NC(Cc2cc(F)cc(F)c2)[C@@H](O)C[NH2+]Cc2cccc(OC)c2)cc(N2CCCCS2(=O)=O)c1,1.0,0.9513380527496338
bace,gnn,random,1,CC(C)c1cccc(C[NH2+]CC(O)C2COC/C=C\CCN(C)C(=O)c3cc(cc(N(C)S(C)(=O)=O)c3)C(=O)N2)c1,1.0,0.7975777983665466
bace,gnn,random,1,CCNc1cc(C(=O)N[C@@H](Cc2ccccc2)[C@H](O)C[NH2+]C(C)(C)CCCC(C)C)cc(N2CCCC2=O)c1,1.0,0.3753727376461029
bace,gnn,random,1,CCC(C)C1(NC(C)=O)CCN(C(C)C(=O)NC(Cc2cc(F)cc(F)c2)C(O)C2CC(O)C[NH2+]2)C1=O,1.0,0.9069986939430237
bace,gnn,random,1,COc1ccc(C2(c3cccc(-c4cccnc4F)c3)[NH+]=C(N)N3CCCN=C32)cc1,1.0,0.8263142108917236
bace,gnn,random,1,CN1C(=O)C(c2ccccc2)(c2ccncc2)N=C1N,0.0,0.06794149428606033
bace,gnn,random,1,Cc1ccc(C)c(OCC(O)C[NH+]2CCOCC2)c1,0.0,0.7079229950904846
bace,gnn,random,1,COc1cccc(C[NH2+]CC(O)C(Cc2ccccc2)NC(=O)c2cc(C(=O)NC(C)c3ccccc3)cc(N(C)S(C)(=O)=O)c2)c1,1.0,0.7663096785545349
bace,gnn,random,1,CC(=O)NC(Cc1cc(F)cc(F)c1)C(O)C[NH2+]C1(c2cccc(N3CCOC3=O)c2)CCCCC1,0.0,0.008812562562525272
bace,gnn,random,1,O=C(C1C[NH2+]CC1c1ccccc1Br)N1CCOCC1c1ccccc1,0.0,0.0007278977427631617
bace,gnn,random,1,COc1ccc(C(=O)N[C@@H](Cc2ccc([N+](=O)[O-])cc2)C(=O)N[C@@H](CC(C)C)[C@@H](O)C[C@@H](C)C(=O)NCC(C)C)cc1OC,0.0,0.0012894646497443318
bace,gnn,random,1,O=C(C1C[NH2+]CC12CCCc1nc(Cl)ccc12)N1CCC(c2ccccc2)CC1C1CCCCC1,1.0,0.9576273560523987
bace,gnn,random,1,CCn1cc2c3c(cc(C(=O)NC(Cc4ccccc4)[C@H](O)CNc4ccccc4)cc31)N(C)S(=O)(=O)CC2,1.0,0.9983226656913757
bace,gnn,random,1,CN1C(=O)[C@@](c2ccc(OC(F)F)cc2)(c2ccc(F)c(C#CCCCF)c2)N=C1N,1.0,0.997078537940979
bace,gnn,random,1,CCc1cn2c3c(cc(C(=O)N[C@@H](Cc4ccccc4)[C@H](O)C[NH2+]Cc4cccc(OC)c4)cc13)N(C)S(=O)(=O)CC2,1.0,0.9997949004173279
bace,gnn,random,1,COc1cccc(C[NH2+]C[C@@H](O)[C@H](Cc2ccccc2)NC(=O)C2=CN(CC(=O)OC(C)C)C(C)=C(C(C)=O)[C@H]2C)c1,0.0,0.015859443694353104
bace,gnn,random,1,CCc1cn2c3c(cc(C(=O)NC(Cc4ccccc4)C(O)CNc4ccc(OC)cc4)cc13)NS(=O)(=O)CCC2,1.0,0.14166338741779327
bace,gnn,random,1,CC(=O)NC(Cc1ccc(F)c(OC(F)(F)F)c1)C(O)C[NH2+]C1CC2(CCC2)Oc2ncc(CC(C)(C)C)cc21,1.0,0.9886273741722107
bace,gnn,random,1,CC1=C(C(=O)NOCc2ccccc2)[C@@H](c2ccccc2)C(C(=O)N[C@@H](Cc2ccccc2)[C@H](O)C[NH2+]C2CC2)=C(C)N1S(C)(=O)=O,0.0,0.0018882324220612645
bace,gnn,random,1,Cc1cc(C2(c3cccc(-c4cncnc4)c3)N=C(N)N(C)C2=O)c(Cl)s1,0.0,0.00892845168709755
bace,gnn,random,1,COc1c(C)cc(C2(c3cccc(-c4cncnc4)c3)N=C(N)c3c(F)cccc32)cc1C#N,1.0,0.9585841298103333
bace,gnn,random,1,CC(=O)NC(Cc1cc(F)cc(F)c1)C(O)C[NH2+]C1(c2cccc(C#N)c2)CCCCC1,0.0,0.09401146322488785
bace,gnn,random,1,CN1C(=O)C2(CC(C)(C)Oc3ccc(-c4cncc(Cl)c4)cc32)N=C1N,1.0,0.7113726139068604
bace,gnn,random,1,CC(C)Oc1cccc(C[NH+]2CCC3(CC2C)CN(c2ncccn2)S(=O)(=O)N3c2cccc(F)c2)c1,0.0,4.739139285447891e-07
bace,gnn,random,1,CCN1CC2(CC[NH+](Cc3cccc(OC(C)C)c3)C(C)C2)N(c2cccc(F)c2)S1(=O)=O,0.0,4.427216936164768e-06
bace,gnn,random,1,CC[C@H]1C(C(=O)N[C@@H](Cc2ccccc2)[C@H](O)C[NH2+]C2CC2)=C(C)N(S(C)(=O)=O)C(C)=C1C(=O)N[C@H](C)c1ccccc1,0.0,0.006194143556058407
bace,gnn,random,1,CCc1cn2c3c(cc(C(=O)NC(Cc4ccccc4)C(O)C[NH2+]C4CCOCC4)cc13)N(C)S(=O)(=O)CC2,1.0,0.9998348951339722
bace,gnn,random,1,CC(C)CNC(=O)[C@H](C)C[C@H](O)[C@H](CC(C)C)NC(=O)[C@H](Cc1ccccc1)NC(=O)/C=C/c1ccc(C(F)(F)F)cc1,0.0,0.6399381756782532
bace,gnn,random,1,CCNc1cc(C(=O)NC(Cc2ccccc2)C(O)C[NH2+]CCC(F)(F)F)cc2c1CCCS(=O)(=O)N2C,1.0,0.8660159707069397
bace,gnn,random,1,CCNc1cc(C(=O)N[C@@H](Cc2ccccc2)[C@H](O)C[NH2+]Cc2cccc(C(F)(F)F)c2)cc(N2CCCCS2(=O)=O)c1,1.0,0.9678241610527039
bace,gnn,random,1,C[NH+]1CCC(NC(=O)CCCn2c(N)nc3cc(Cl)ccc32)CC1,0.0,0.008883954957127571
bace,gnn,random,1,CCC(CC(=O)NC(C)C)n1c(N)nc2cc(Cl)ccc21,0.0,1.4577721231034957e-05
bace,gnn,random,1,COCC(=O)NC(Cc1ccc(F)c(-c2nccs2)c1)C(O)C[NH2+]C1CC2(CCC2)Oc2ncc(CC(C)(C)C)cc21,1.0,0.9993565678596497
bace,gnn,random,1,CC(C)CNC(=O)[C@H](C)C[C@H](O)[C@H](CC(C)C)NC(=O)[C@H](Cc1ccccc1)NC(=O)c1ccccc1,0.0,0.10357189178466797
bace,gnn,random,1,CC(=O)N[C@@H](Cc1cc(F)cc(F)c1)[C@H](O)C[NH2+]C1(c2cccc(-n3cccn3)c2)CC1,0.0,0.06767234206199646
bace,gnn,random,1,CC(=O)NC(Cc1ccc(F)cc1F)C(O)C[NH2+]C1CC2(CCC2)Oc2ncc(CC(C)(C)C)cc21,1.0,0.9962716102600098
bace,gnn,random,1,Cc1ccccc1-c1ccc2nc(N)c(CC(C)C(=O)NCc3cnccn3)cc2c1,1.0,0.8726723194122314
bace,gnn,random,1,CN1C(=O)C(c2ccccc2)(c2ccc(Cl)cc2)N=C1N,0.0,0.045611631125211716
bace,gnn,random,1,CCc1cc(CC2CS(=O)(=O)CC([NH2+]Cc3cccc(C(C)(C)C)c3)C2O)cc(F)c1N,0.0,0.9343996047973633
bace,gnn,random,1,CCn1cc(C2(c3ccc(F)c(-c4cccnc4F)c3)N=C(N)N(C)C2=O)cn1,1.0,0.9937453269958496
bace,gnn,random,1,CNC(=O)C(CC(O)C1COCc2cccc(c2)C(c2ccccc2)NC(=O)c2cc(cc(N(C)S(C)(=O)=O)c2)C(=O)N1)C(C)C,0.0,0.03309827670454979
bace,gnn,random,1,CCc1cn(C)c2c(N3CCCC3=O)cc(C(=O)NC(Cc3ccccc3)C(O)C[NH2+]Cc3cccc(C(F)(F)F)c3)cc12,1.0,0.9533267617225647
bace,gnn,random,1,COc1ccc(C2(c3ccc(C#N)c(-c4cccnc4)c3)N=C(N)N(C)C2=O)cc1C,0.0,0.9320608377456665
bace,gnn,random,1,CCCCc1cccc([C@@]2(c3ccc(OC(F)F)cc3)N=C(N)N(C)C2=O)c1,1.0,0.7642456889152527
bace,gnn,random,1,CC(C)c1cc(C2(c3cccc(-c4cncnc4)c3)N=C(N)N(C)C2=O)ccn1,1.0,0.7079614400863647
bace,gnn,random,1,CCCC(O)C1CCN(C(CCc2ccccc2)C(=O)NC(Cc2cc(F)cc(F)c2)C(O)C[NH2+]Cc2cccc(OC)c2)C1=O,1.0,0.9630514979362488
bace,gnn,random,1,CC[C@H]1C(C(=O)NOCc2ccccc2)=C(C)N(S(C)(=O)=O)C(C)=C1C(=O)N[C@@H](Cc1ccccc1)[C@H](O)C[NH2+]C1CC1,0.0,0.001844927086494863
bace,gnn,random,1,CC(=O)N[C@@H](Cc1cc(F)cc(F)c1)[C@H](O)C[NH2+]C1(c2cccc(C(C)(C)C)c2)CCCCC1,1.0,0.16806815564632416
bace,gnn,random,1,CCCO/N=C(/C)c1cc(C(=O)NC(Cc2cc(F)cc(F)c2)[C@@H](O)C[NH2+]Cc2cccc(OC)c2)cc(N(C)S(C)(=O)=O)c1,1.0,0.5767123699188232
bace,gnn,random,1,N#CC1(OC(=O)[C@H]2C[C@]3(C[NH2+]2)C(=O)Nc2ccccc23)CCCCC1,0.0,2.5378905775141902e-05
bace,gnn,random,1,NC1=[NH+][C@](c2ccccc2)(c2cccc(Cc3ccccc3)c2)C2=NCCCN21,0.0,0.0006830791244283319
bace,gnn,random,1,Cc1cc(C)n(COC(=O)NC(CS(C)(=O)=O)C(=O)NC(CC(C)C)C(O)CC(C)C(=O)NC(C(=O)NCC(C)C)C(C)C)n1,1.0,0.12475976347923279
bace,gnn,random,1,CCCN(CCC)C(=O)c1cc(C)cc(C(=O)N[C@@H](Cc2cc(F)cc(F)c2)[C@H](O)[C@H]2C[N@@H+](Cc3ccccc3)CC[NH2+]2)c1,0.0,0.9918163418769836
bace,gnn,random,1,CN1C(=O)CC(C)(C2CC2c2cccc(-c3cccs3)c2)N=C1N,0.0,0.0012584858341142535
bace,baseline,random,2,CC(NC(=O)c1cc(OCCC([NH3+])(CO)Cc2ccccc2)cc(N(C)S(C)(=O)=O)c1)c1ccc(F)cc1,0.0,0.086704031348876
bace,baseline,random,2,C#Cc1cccc(CC(NC(=O)COC)C(O)C[NH2+]C2CC3(CCC3)Oc3ncc(CC(C)(C)C)cc32)c1F,1.0,0.9818416183942774
bace,baseline,random,2,CC1=C(C(=O)OCc2ccccc2)[C@@H](C)C(C(=O)N[C@@H](Cc2ccccc2)[C@H](O)C[NH2+]C2CC2)=CN1CC(=O)OC(C)C,0.0,0.025573474381533744
bace,baseline,random,2,CCCN(CCC)C(=O)c1cc(C)cc(C(=O)N[C@@H](Cc2cc(F)cc(F)c2)[C@H](O)[C@H]2C[C@@H](OCc3ccccc3)C[NH2+]2)c1,1.0,0.9127815175836242
bace,baseline,random,2,CCC(C)C1(NC(C)=O)CCN(C(CCc2ccccc2)C(=O)NC(Cc2cc(F)cc(F)c2)C(O)C2CC(OCc3cccnc3)C[NH2+]2)C1=O,1.0,0.949464235560952
bace,baseline,random,2,CC(C)CC(CC(=O)NCc1cccc(F)c1)n1c(N)nc2cc(Cl)ccc21,0.0,0.1084650475375217
bace,baseline,random,2,CC1(C)Cc2cc(Cl)ccc2C(NC(Cc2sccc2Br)C(=O)[O-])=N1,0.0,0.02912449420183161
bace,baseline,random,2,CC(=O)NC(Cc1cc(F)cc(F)c1)C(O)C[NH2+]C1(c2cccc(N3CCOCC3=O)c2)CCCCC1,0.0,0.06716353862228014
bace,baseline,random,2,CC(C)C[C@H](NC(=O)[C@@H](NC(=O)[C@@H]([NH3+])CNC(=O)c1nnn[n-]1)C(C)C)C(=O)NC[C@](O)(CCc1ccccc1)C(=O)Nc1cccc(C(=O)[O-])c1,0.0,0.6862267395137868
bace,baseline,random,2,Cc1nnc(C(Cc2ccccc2)NC2=NC(C)(C)Cc3cc(Cl)ccc32)o1,0.0,0.044360348503590906
bace,baseline,random,2,COCC(CC(O)C(COc1cc(F)cc(F)c1)NC(=O)c1cc(C(=O)NC(C)c2ccccc2)cc(N(C)S(C)(=O)=O)c1)OC,0.0,0.06089645918608031
bace,baseline,random,2,NC1=[NH+]C(c2ccc(OC(F)(F)F)cc2)(c2cccc(-c3cccnc3F)c2)C2=NCCCCN21,1.0,0.4262001129044846
bace,baseline,random,2,CC(C)CNC(=O)C([NH2+]CC(Cc1ccccc1)NC(=O)c1cc(C(=O)NC(C)c2ccccc2)cc(N(C)S(C)(=O)=O)c1)C(C)O,1.0,0.7406949419943173
bace,baseline,random,2,O=C(C1C[NH2+]CC1c1ccccc1)N1CCC(c2ccccc2)CC1,0.0,0.0500459444716038
bace,baseline,random,2,COCCOC1NC(=O)c2cc(cc(N(C)S(C)(=O)=O)c2)C(=O)NC(C(O)CC(C(=O)NCC(C)C)C(C)C)COCc2cccc1c2,0.0,0.1583282318901374
bace,baseline,random,2,CCCO/N=C(/C)c1cc(C(=O)NC(Cc2cc(F)cc(F)c2)[C@@H](O)C[NH2+]Cc2cccc(OC)c2)cc(N(c2ccccc2)S(C)(=O)=O)c1,1.0,0.918530348946573
bace,baseline,random,2,CCc1cc([C@]2(c3cccc(-c4cncnc4)c3)N=C(N)N(C)C2=O)ccn1,1.0,0.7897655094824952
bace,baseline,random,2,CC(C)(C)c1cccc(C[NH2+]C2CS(=O)(=O)CC(Cc3ccc(N)c(Br)c3)C2O)c1,0.0,0.3115577236958854
bace,baseline,random,2,CCCCN(C)C(=O)n1cc(C(=O)NC(Cc2cc(F)cc(F)c2)C(O)C2Cc3ccccc3C[NH2+]2)c2cccnc21,0.0,0.5395386036275506
bace,baseline,random,2,COCCOC[C@@H](Oc1cc(CC2CS(=O)(=O)CC([NH2+]Cc3cccc(C(C)(C)C)c3)C2O)cc(F)c1N)C(F)(F)F,1.0,0.9131324015389046
bace,baseline,random,2,CC(C)c1cccc(C[NH2+]C2CS(=O)(=O)CC(Cc3ccc(O)c(CCO)c3)C2O)c1,0.0,0.08934720250757387
bace,baseline,random,2,CC(C)CC(CC(=O)NC(C)C)n1c(N)nc2cc(Cl)ccc21,0.0,0.03979373014876868
bace,baseline,random,2,COc1ccc(C2(C34CC5CC(CC(C5)C3)C4)N=C(N)N(C)C2=O)cc1OC,0.0,0.15633544749917788
bace,baseline,random,2,COc1ccc2c(c1)C1(COC(N)=N1)c1cc(-c3cccnc3F)ccc1O2,0.0,0.0935116129182404
bace,baseline,random,2,Cc1cc([C@]2(c3ccccc3)N=C(N)N(C)C2=O)ccc1OC(F)F,1.0,0.11023804758830735
bace,baseline,random,2,CC(=O)NC(Cc1cc(F)cc(F)c1)C(O)C[NH2+]C1(c2cccc(C(C)(C)C)c2)CCC(NC=O)CC1,0.0,0.2612052669607958
bace,baseline,random,2,COCc1cccc(-c2ccc(C3CC3c3cc(=O)n(C)c(N)n3)cc2)c1,0.0,0.0211596553223269
bace,baseline,random,2,COc1ccc(C2(c3cccc(-c4cc(Cl)cc(Cl)c4)c3)N=C(N)N3CCCN=C32)cc1,1.0,0.38108708558475574
bace,baseline,random,2,[NH3+]C1CS(=O)(=O)CC(Cc2ccc(O)c(Br)c2)C1O,0.0,0.08250241241013659
bace,baseline,random,2,CCOc1cc(CC2CS(=O)(=O)CC([NH2+]Cc3cccc(C(C)(C)C)c3)C2O)cc(F)c1N,1.0,0.8481792914730979
bace,baseline,random,2,CN1C(=O)[C@@](c2ccc(OC(F)F)cc2)(c2cccc(-c3cccnc3F)c2)N=C1N,1.0,0.8826768949119138
bace,baseline,random,2,Cc1cc2cc(n1)OCCCCOc1cccc(c1)CC(C(O)C[NH2+]Cc1cccc(C(C)C)c1)NC2=O,1.0,0.4833288754418158
bace,baseline,random,2,CN(c1cc2cc(c1)C(=O)NC(C(O)C[NH2+]Cc1ccccc1)COC/C=C/CCNC2=O)S(C)(=O)=O,0.0,0.2844700062313621
bace,baseline,random,2,CCCc1cscc1CC(NC1=NC(C)(C)Cc2cc(Cl)ccc21)C(=O)[O-],0.0,0.051520292435631915
bace,baseline,random,2,CC(=O)NC(Cc1cc(F)cc(F)c1)C(O)C[NH2+]C1(c2cccc(-c3cccs3)c2)CCCCC1,0.0,0.23168865911354128
bace,baseline,random,2,CC#Cc1ccnc(-c2cc(C3(C4CC4)N=C(C)C(N)=N3)ccc2O)c1,0.0,0.3983771456433432
bace,baseline,random,2,CC(=O)NC(Cc1cc(F)cc(F)c1)C(O)C[NH2+]C1(c2cccc(N3CCCCC3=O)c2)CCCCC1,0.0,0.08086182357359205
bace,baseline,random,2,CC1CC2(CC[NH+]1Cc1cccc(-c3ccccc3Cl)c1)CNS(=O)(=O)N2c1cccc(F)c1,0.0,0.060285859285634395
bace,baseline,random,2,COCCOc1cc(CC2CS(=O)(=O)CC([NH2+]Cc3cccc(C(C)(C)C)c3)C2O)cc(F)c1N,1.0,0.9021005432201541
bace,baseline,random,2,CN(C(=O)CCN1Cc2cc(C(=O)c3ccccc3)ccc2[NH+]=C1N)C1CCCCC1,1.0,0.049003998434222845
bace,baseline,random,2,CCCN(CCC)C(=O)c1cccc(C(=O)NC(Cc2ccccc2)C([NH3+])CC(C)C(=O)Nc2ccc(F)cc2)c1,1.0,0.2123989384401045
bace,baseline,random,2,CCCC[NH2+]C(=O)[C@@H](NC(=O)[C@@H]1CC(=O)C[C@H]1[C@H](O)[C@H](CC(C)C)NC(=O)[C@H](CCSC)NC(=O)[C@H](CC(C)C)NC(C)=O)C(C)C,1.0,0.7140227614461567
bace,baseline,random,2,CCCOc1cccc(-c2cccc(C3CC3C3(C)CC(=O)N(C)C(N)=N3)c2)c1,0.0,0.11031236643161518
bace,baseline,random,2,CN1C(=O)[C@@](c2ccc(OC(F)F)cc2)(c2cccc(/C=C/CCCO)c2)N=C1N,1.0,0.9052550353072593
bace,baseline,random,2,CC1(C)OCc2ccc(C[NH2+]C3CS(=O)(=O)CC(Cc4cc(F)c(N)c(OC(C(F)(F)F)C(F)(F)F)c4)C3O)cc21,1.0,0.9330781804908703
bace,baseline,random,2,CC(Cc1cc2cc(-c3ncccc3C#N)ccc2nc1N)C(=O)NCCC(C)(C)C,0.0,0.8916652398996787
bace,baseline,random,2,NC1=[NH+][C@](c2ccc(OC(F)(F)F)cc2)(c2cccc(CCC3CC3)c2)C2=NCCCN21,0.0,0.08179881104995608
bace,baseline,random,2,CC(=O)NC(Cc1cc(F)cc(F)c1)C(O)C[NH2+]C1(c2cccc(C3CCCO3)c2)CC1,0.0,0.026428032560130685
bace,baseline,random,2,CCc1c[nH]c2c(N3CCCC3=O)cc(C(=O)NC(Cc3ccccc3)C(O)C[NH2+]Cc3cccc(C(F)(F)F)c3)cc12,1.0,0.8634626583674748
bace,baseline,random,2,CC(C)Oc1cccc(C[NH+]2CCC3(CC2C)CN(c2ncco2)S(=O)(=O)N3c2cccc(F)c2)c1,0.0,0.06883412869973234
bace,baseline,random,2,CC(C)Oc1cc(C[N@H+]2CC[C@@]3(C[C@@H]2C)CN(C)S(=O)(=O)N3c2cccc(F)c2)ccc1O,1.0,0.06847121637863723
bace,baseline,random,2,CC(=O)NC(Cc1cc(F)cc(F)c1)C(O)C[NH2+]C1(c2cccc(C3CCOC3)c2)CCCCC1,1.0,0.053897445995345995
bace,baseline,random,2,COc1cccc(C[NH2+]CC(O)C(Cc2cc(F)cc(F)c2)NC(=O)c2cccc(N3CCCCS3(=O)=O)c2)c1,1.0,0.5860192837566225
bace,baseline,random,2,CC(=O)NC(Cc1cc(F)cc(F)c1)C(O)C[NH2+]C1(c2ccn(CC(C)(C)C)n2)CC1,0.0,0.03784135895230902
bace,baseline,random,2,CN1C(=O)[C@@](c2ccsc2)(c2cccc(-c3cccnc3)c2)N=C1N,1.0,0.6468548541313464
bace,baseline,random,2,CC1(C)Cc2cc(Cl)ccc2C(NC(Cc2ccccc2)c2ncc3ccoc3n2)=N1,0.0,0.051150411042672185
bace,baseline,random,2,CCn1cc2c3c(cc(C(=O)NC(Cc4ccccc4)[C@H](O)C[NH2+]CC(F)F)cc31)N(C)S(=O)(=O)CC2,1.0,0.9320347334930568
bace,baseline,random,2,CC(=O)NC(Cc1cc(F)cc(F)c1)C(O)C[NH2+]C1(c2cccc(C(C)(C)C)c2)CCC(O)CC1,1.0,0.314144348663073
bace,baseline,random,2,COc1ccc2c(c1)C1(COC(N)=N1)c1cc(-c3cccc(OC)c3F)ccc1O2,0.0,0.12312547223081777
bace,baseline,random,2,CN1C(=O)CC(C)(C2CC2c2cccc(-c3ccsc3)c2)N=C1N,0.0,0.06443065808280869
bace,baseline,random,2,COc1cccc(N(c2cccc(C(=O)NC(Cc3ccccc3)C(O)C[NH2+]C(C)C(=O)NC3CCCCC3)c2)S(C)(=O)=O)c1,1.0,0.5785558265420894
bace,baseline,random,2,Cc1ccnc(C(Cc2ccccc2)NC2=NC(C)(C)Cc3cc(Cl)ccc32)n1,0.0,0.03057499018539742
bace,baseline,random,2,Nc1nc2cc(Cl)ccc2[nH]1,0.0,0.08476119204695513
bace,baseline,random,2,CC(C)c1cccc(C[NH2+]C2CS(=O)(=O)CC(Cc3cccc(Br)c3)C2O)c1,0.0,0.03690949789543041
bace,baseline,random,2,C=CCOCC(CC(O)C(COc1cc(F)cc(F)c1)NC(=O)c1cc(C(=O)NC(C)c2ccccc2)cc(N(C)S(C)(=O)=O)c1)OC,0.0,0.05309282940132638
bace,baseline,random,2,CC([NH2+]CC(O)C(Cc1ccccc1)NC(=O)c1cccc(S(=O)(=O)N(C)Cc2ccccc2)c1)C(=O)NC1CCCCC1,0.0,0.2148639990608442
bace,baseline,random,2,NC1=[NH+]C(c2ccccc2)(c2cccc(C(F)(F)F)c2)C2=NCCCN21,0.0,0.02632586919781902
bace,baseline,random,2,CC(=O)NC(Cc1cc(F)cc(F)c1)C(O)C[NH2+]C1(c2cccc(N3C(=O)C4CCC3C4)c2)CCCCC1,0.0,0.11974234396059497
bace,baseline,random,2,CC(C)(C)c1cccc(C[NH2+]C2CS(=O)(=O)CC(Cc3cc(F)c(N)c(OCC(F)F)c3)C2O)c1,1.0,0.9146835458003316
bace,baseline,random,2,CC1(C)Cc2cc(Cl)ccc2C(NC(Cc2ccccc2)c2n[nH]c(=O)[nH]2)=N1,0.0,0.030420569474027104
bace,baseline,random,2,CCNc1cc(C(=O)N[C@@H](Cc2ccccc2)[C@H](O)C[NH2+]C(C)(C)CCCC(C)C)cc(N2CCCC2=O)c1,1.0,0.5517051165748823
bace,baseline,random,2,CCCN(CCC)C(=O)c1cc(C(=O)NC(Cc2cc(F)cc(F)c2)C(O)C[NH2+]Cc2cccc(OC)c2)cc(/C(C)=N\OC)c1,1.0,0.8573438865577854
bace,baseline,random,2,COc1ccc(C2(c3cccc(-c4cccnc4)c3)N=C(N)N3CCCN=C32)cc1,1.0,0.24327696694398285
bace,baseline,random,2,CNC(=O)c1cc(C(=O)NC(COCc2cc(F)cc(F)c2)C(O)CC(C)C(=O)NC(C(=O)NCc2ccccc2)C(C)C)cc(N(C)S(C)(=O)=O)c1,0.0,0.6498927989764027
bace,baseline,random,2,CC(C)NC(=O)CCCn1c(N)nc2cc(Cl)ccc21,0.0,0.025642759287282907
bace,baseline,random,2,CC1(c2cc(NC(=O)c3ccc(Cl)cn3)ccc2F)COCC(N)=N1,1.0,0.3011584683386048
bace,baseline,random,2,CC(C)(C)c1cccc(C[NH2+]C2CS(=O)(=O)CC(Cc3cc(F)c(N)c(OC(C(F)(F)F)C(F)(F)F)c3)C2O)c1,1.0,0.9412266169680925
bace,baseline,random,2,COCC(=O)NC(Cc1ccc(-c2nccs2)cc1)C(O)C[NH2+]C1CC2(CCC2)Oc2ncc(CC(C)(C)C)cc21,1.0,0.9806183994082708
bace,baseline,random,2,NC1=NC(c2ccncc2)(c2cccc(-c3cncnc3)c2)C2=NCC(F)(F)CN12,0.0,0.23055943510172563
bace,baseline,random,2,Nc1cccc(Cn2c(-c3ccc(Oc4cccnc4)cc3)ccc2-c2ccccc2Cl)n1,0.0,0.07931580673096787
bace,baseline,random,2,CN1C(=O)C(c2ccncc2)(c2cccc(-c3cccc(F)c3)c2)N=C1N,1.0,0.6352102609413387
bace,baseline,random,2,CN1C(=O)CC(C)(C2CC2c2cccc(-c3cccs3)c2)N=C1N,0.0,0.052123499803427814
bace,baseline,random,2,CC[NH2+]CC(O)C(Cc1ccccc1)NC(=O)c1cc2c3c(c1)c(CC)cn3CCS(=O)(=O)N2C,1.0,0.9190095827236564
bace,baseline,random,2,CC(=O)Nc1c(Cl)cc(CNC(=[NH2+])NC(=O)Cn2ccc3cc(C#N)ccc32)cc1Cl,1.0,0.35050763033662863
bace,baseline,random,2,O=C(C1C[NH2+]CC1c1ccccc1Br)N1CCC(c2ccccc2)CC1,0.0,0.042507707546023704
bace,baseline,random,2,CCCN(CCC)C(=O)c1cc(C)cc(C(=O)N[C@@H](Cc2cc(F)cc(F)c2)[C@H](O)[C@H]2C[N@@H+](Cc3ccccc3)CC[NH2+]2)c1,0.0,0.6857705062224717
bace,baseline,random,2,CC(=O)NC(Cc1ccccc1)C(O)C[NH2+]C1CC2(CCC2)Oc2ncc(CC(C)(C)C)cc21,1.0,0.9574210587263313
bace,baseline,random,2,CCCO/N=C(/C)c1cc(C(=O)NC(Cc2cc(F)cc(F)c2)[C@@H](O)C[NH2+]Cc2cccc(OC)c2)cc(N2CCCCS2(=O)=O)c1,1.0,0.697959635858093
bace,baseline,random,2,CC(C)(C)c1cccc(C[NH2+]C2CS(=O)CC(Cc3cc(F)c(N)c(OC(CO)C(F)(F)F)c3)C2O)c1,1.0,0.9355969483896653
bace,baseline,random,2,CC([NH2+]CC(O)C(Cc1ccccc1)NC(=O)c1cccc(S(=O)(=O)Cc2ccccc2)c1)C(=O)NC1CCCCC1,0.0,0.10511877407185738
bace,baseline,random,2,Nc1ncccc1NCc1cccc(-c2cccnc2)c1,0.0,0.03536890551643132
bace,baseline,random,2,CC(=O)NC(Cc1ccc(F)c(C#N)c1)C(O)C[NH2+]C1CC2(CCC2)Oc2ncc(CC(C)(C)C)cc21,1.0,0.9766585272755521
bace,baseline,random,2,CCC(C)C1(NC(C)=O)CCN(C(CCc2ccccc2)C(=O)NC(Cc2cc(F)cc(F)c2)C(O)C2Cc3ccccc3C[NH2+]2)C1=O,1.0,0.4818268481184306
bace,baseline,random,2,CCSc1cccc(-c2ccc(C3CC3c3cc(=O)n(C)c(N)n3)cc2)c1,0.0,0.02087204459224996
bace,baseline,random,2,CC([NH2+]CC(O)C(Cc1ccccc1)NC(=O)c1cccc(N(C2CCCCC2)S(C)(=O)=O)c1)C(=O)NC1CCCCC1,0.0,0.22716338597912264
bace,baseline,random,2,Cc1cc2cc(n1)NCCCCOc1cccc(c1)CC(C(O)C[NH2+]Cc1cccc(C(C)C)c1)NC2=O,1.0,0.5573857877622544
bace,baseline,random,2,CCCCOC(=O)n1cc(C(=O)NC(Cc2cc(F)cc(F)c2)C(O)C[NH2+]Cc2cccc(OC)c2)c2ccccc21,0.0,0.6065189820219675
bace,baseline,random,2,CCCc1scc(-c2cn[nH]c2)c1CC(NC1=NC(C)(C)Cc2cc(Cl)ccc21)C(=O)[O-],1.0,0.22346139370172485
bace,baseline,random,2,COc1cncc(-c2cccc(C3(c4ccc(OC(F)F)cc4)N=C(N)N4CC(F)(F)CN=C43)c2)c1,1.0,0.8514472999393167
bace,baseline,random,2,CN1C(=O)C(C2CCCCC2)(C2CCCCC2)N=C1N,0.0,0.036352815977756484
bace,baseline,random,2,CCOc1cccc(-c2ccc(C3CC3c3cc(=O)n(C)c(N)n3)cc2)c1,0.0,0.022480655668141235
bace,baseline,random,2,CN1C(=O)[C@@](c2ccc(OCCF)cc2)(c2cccc(-c3cccnc3F)c2)N=C1N,1.0,0.8145018783399983
bace,baseline,random,2,CC(=O)NC(C)(C)C1CCCC(C(=O)NC(Cc2ccccc2)C(O)C[NH2+]Cc2cccc(C(C)C)c2)C1,0.0,0.2249113339775312
bace,baseline,random,2,CN1C(=O)C2(CC(C)(C)Oc3ccc(-c4cccnc4F)cc32)N=C1N,0.0,0.37050108312832974
bace,baseline,random,2,COc1ccc([C@@]2(c3cccc(-c4cccnc4)c3)C[C@@H](OC)C(N)=[NH+]2)cc1,0.0,0.15718203702928457
bace,baseline,random,2,CCCCNC(=O)C(C)CC(O)C(CC(C)C)NC(=O)C(CCSC)NC(=O)C(C)NC(C)=O,0.0,0.2532406642398719
bace,baseline,random,2,CN1C(=O)C(c2ccncc2)(c2cccc(-c3cccc(F)c3F)c2)N=C1N,1.0,0.6126307970815711
bace,baseline,random,2,C[C@H]([NH2+]C[C@@H](O)[C@H](Cc1ccccc1)NC(=O)c1cccc(N(c2ccccc2)S(C)(=O)=O)c1)C(=O)NC1CCCCC1,1.0,0.4529039600614714
bace,baseline,random,2,CC(=O)NC(Cc1cc(F)cc(F)c1)C(O)C[NH2+]C1(c2cccc(C3(C)CCCO3)c2)CC1,0.0,0.04499940813275814
bace,baseline,random,2,CS(=O)(=O)c1ccc(-c2ccccc2C2C[NH2+]CC2C(=O)N2CCOCC2c2ccccc2)cc1,0.0,0.20019813326137448
bace,baseline,random,2,CC(=O)NC(Cc1cc(F)cc(F)c1)C(O)C[NH2+]C1(c2ncc(C(C)(C)C)o2)CC1,0.0,0.11518150224505014
bace,baseline,random,2,CCCOc1cc(CC2CS(=O)(=O)CC([NH2+]Cc3cccc(C(C)(C)C)c3)C2O)ccc1N,1.0,0.6901571821806113
bace,baseline,random,2,CCNc1cc(C(=O)NC(Cc2ccccc2)C(O)C[NH2+]Cc2cccc(C(F)(F)F)c2)cc(N2CCCC2=O)c1C,1.0,0.7834500877625641
bace,baseline,random,2,O=S1(=O)CC(Cc2ccc(O)c(Br)c2)C(O)C([NH2+]Cc2ccccc2)C1,0.0,0.030480169056258992
bace,baseline,random,2,NC1=NC(c2ccccc2)(C2CCCCC2)C(=O)N1CC1CCC(C(=O)[O-])CC1,0.0,0.04397706365337852
bace,baseline,random,2,CCCCNC(=O)NCc1ccc(CN2C(=N)NC(CCC3CCCCC3)(CC(C)C)C2=O)cc1,0.0,0.06134794353291658
bace,baseline,random,2,CC(=O)NC(Cc1cc(F)cc(F)c1)C(O)C[NH2+]C1(c2csc(CC(C)(C)C)n2)CC1,0.0,0.04580274872767477
bace,baseline,random,2,C#Cc1csc(C2([NH2+]CC(O)C(Cc3cc(F)cc(F)c3)NC(C)=O)CCCCC2)c1,0.0,0.03723195899130483
bace,baseline,random,2,C[C@@H](NC(=O)c1cc(COC(=O)[C@](C)([NH3+])Cc2ccccc2)cc(N(C)S(C)(=O)=O)c1)c1ccc(F)cc1,1.0,0.06651309258888957
bace,baseline,random,2,CC(C)c1cc(C2(c3cccc(-c4cncnc4)c3)N=C(N)N(C)C2=O)ccn1,1.0,0.8069230745103102
bace,baseline,random,2,COCC1CCCN1C(=O)c1cc(C)cc(C(=O)NC(Cc2cc(F)cc(F)c2)C(O)C2CN(S(=O)(=O)c3cccc(C)c3)CC[NH2+]2)c1,1.0,0.7620006375669601
bace,baseline,random,2,CC(C)[C@H](NC(=O)C[C@H](O)[C@H](COc1cc(F)cc(F)c1)NC(=O)c1cc(C(=O)N[C@H](C)c2ccccc2)cc(N(C)S(C)(=O)=O)c1)C(=O)Nc1cc(C(=O)[O-])cc(C(=O)[O-])c1,1.0,0.6723018831233728
bace,baseline,random,2,COCC1CCCN1C(=O)c1cc(C)cc(C(=O)NC(Cc2cc(F)cc(F)c2)C(O)C2CC(Oc3ccccc3)C[NH2+]2)c1,1.0,0.9148153318146599
bace,baseline,random,2,CC1(c2cc(NC(=O)c3ccc(Cl)cn3)ccc2F)CCCOC(N)=N1,1.0,0.6817782068093569
bace,baseline,random,2,CCc1ccc2c(c1)[C@@H]([NH2+]C[C@@H](O)[C@@H]1Cc3cccc(c3)CCCCCCC(=O)N1)CC1(CCC1)O2,1.0,0.8759922548698204
bace,baseline,random,2,CN1C(=O)C2(CC(C)(C)Sc3ccc(-c4cncc(Cl)c4)cc32)N=C1N,1.0,0.876404591793209
bace,baseline,random,2,CC(=O)NC(Cc1cc(F)cc(F)c1)C(O)C[NH2+]C1(c2cncc(CC(C)(C)C)c2)CC1,0.0,0.1483577891065744
bace,baseline,random,2,Cn1c(N)nc(CCc2ccccc2)cc1=O,0.0,0.09797323846791246
bace,baseline,random,2,CCn1nnc2c(N3CCCC3=O)cc(C(=O)NC(Cc3ccccc3)C(O)C[NH2+]Cc3cccc(C(F)(F)F)c3)cc21,1.0,0.8822777051891969
bace,baseline,random,2,CC(=O)NC(Cc1ccc2c(c1)OCO2)C(O)C[NH2+]C1CC2(CCC2)Oc2ncc(CC(C)(C)C)cc21,1.0,0.9726119476135018
bace,baseline,random,2,CC(C)COc1ccc2c(c1)C1(CC(C)(C)O2)N=C(N)N(C)C1=O,0.0,0.052402802971962634
bace,baseline,random,2,Nc1cccc(Cn2c(-c3ccc(Nc4cncnc4)cc3)ccc2-c2ccccc2Cl)n1,0.0,0.13447478150994532
bace,baseline,random,2,COc1cccc(-c2cccc(C3(C)N=C(N)CS3)c2)c1,0.0,0.025202885932886967
bace,baseline,random,2,CCCCCc1cccc([C@@]2(c3ccc(OC(F)F)cc3)N=C(N)N(C)C2=O)c1,1.0,0.5758407236301933
bace,baseline,random,2,CC(=O)NC(Cc1cc(F)cc(F)c1)C(O)C[NH2+]C1(c2cccs2)CCCCC1,0.0,0.024726843889939433
bace,baseline,random,2,CC(=O)NC(Cc1cc(F)cc(F)c1)C(O)C[NH2+]C1(c2ncc(C(C)(C)C)o2)CCCCC1,0.0,0.24850297575737826
bace,baseline,random,2,CCCN(CCC)C(=O)c1cc(C(=O)NC(Cc2cc(F)cc(F)c2)C(O)C[NH2+]Cc2cccc(OC)c2)cc(C(C)NC(C)=O)c1,1.0,0.847235476664706
bace,baseline,random,2,CC(=O)NC(Cc1cc(F)cc(F)c1)C(O)C[NH2+]C1(c2cccc(-n3ccnc3)c2)CCCCC1,0.0,0.15257608287358956
bace,baseline,random,2,CC1=NC(c2cccc(-c3cccnc3)c2)(C2CCCCC2)N=C1N,0.0,0.04779293527341663
bace,baseline,random,2,CN1C(=O)CC(C)(c2cc(-c3cccc(C#N)c3)cs2)N=C1N,1.0,0.17596636301229054
bace,baseline,random,2,COc1ccc([C@]2(c3cccc(-c4cncnc4)c3)[NH+]=C(N)N3CCCN=C32)cc1,1.0,0.262762300086034
bace,baseline,random,2,CCc1cn2c3c(cc(C(=O)NC(Cc4ccccc4)[C@H](O)C[NH2+]Cc4cccc(C(F)(F)F)c4)cc13)OS(=O)(=O)CC2,1.0,0.8268654470736772
bace,baseline,random,2,CCCCCCN1C(=O)C(c2ccccc2)(C2CCCCC2)N=C1N,0.0,0.047346989914231745
bace,baseline,random,2,C[C@@]1(c2cc(NC(=O)c3ccc(C#N)cn3)ccc2F)C[C@@H](C(F)(F)F)OC(N)=N1,1.0,0.6879186823186186
bace,baseline,random,2,CS(=O)(=O)N(c1ccccc1)c1cccc(C(=O)NC(Cc2ccccc2)C(O)C[NH2+]Cc2cccc(C(F)(F)F)c2)n1,0.0,0.5168610881282059
bace,baseline,random,2,NC1=NC2(c3cccc(-c4cncc(Cl)c4)c3)CCOCC2O1,0.0,0.04693343028204302
bace,baseline,random,2,C#Cc1cccc(CC(NC(=O)COC)C(O)C[NH2+]C2CC3(CCC3)Oc3ncc(CC(C)(C)C)cc32)c1,1.0,0.9791226491900066
bace,baseline,random,2,CC(C)c1cccc(C[NH2+]CC(O)C2COC/C=C/C[C@H](c3ccccc3)NC(=O)c3cc(cc(N(C)S(C)(=O)=O)c3)C(=O)N2)c1,1.0,0.34696775176728667
bace,baseline,random,2,CCNc1cc(C(=O)NC(Cc2ccccc2)C(O)C[NH2+]Cc2cncc(C#N)c2)cc(N2CCCCS2(=O)=O)c1,1.0,0.8987552665346019
bace,baseline,random,2,COCc1cc2cc(n1)OCCCCOc1cccc(c1)CC(C(O)C[NH2+]C1(c3cccc(C(C)C)c3)CC1)NC2=O,1.0,0.8183211974952136
bace,baseline,random,2,Cc1cc([C@]2(c3cccc(-c4cncnc4)c3)N=C(N)N(C)C2=O)cc(C)n1,0.0,0.35519884003705104
bace,baseline,random,2,CC(C)C[C@@]1(C)NC(=N)N(Cc2cccc(Cl)c2)C1=O,0.0,0.04319353950511393
bace,gnn,random,2,CC(NC(=O)c1cc(OCCC([NH3+])(CO)Cc2ccccc2)cc(N(C)S(C)(=O)=O)c1)c1ccc(F)cc1,0.0,6.86634739395231e-05
bace,gnn,random,2,C#Cc1cccc(CC(NC(=O)COC)C(O)C[NH2+]C2CC3(CCC3)Oc3ncc(CC(C)(C)C)cc32)c1F,1.0,0.9997408986091614
bace,gnn,random,2,CC1=C(C(=O)OCc2ccccc2)[C@@H](C)C(C(=O)N[C@@H](Cc2ccccc2)[C@H](O)C[NH2+]C2CC2)=CN1CC(=O)OC(C)C,0.0,1.988039002753794e-06
bace,gnn,random,2,CCCN(CCC)C(=O)c1cc(C)cc(C(=O)N[C@@H](Cc2cc(F)cc(F)c2)[C@H](O)[C@H]2C[C@@H](OCc3ccccc3)C[NH2+]2)c1,1.0,0.9980465173721313
bace,gnn,random,2,CCC(C)C1(NC(C)=O)CCN(C(CCc2ccccc2)C(=O)NC(Cc2cc(F)cc(F)c2)C(O)C2CC(OCc3cccnc3)C[NH2+]2)C1=O,1.0,0.9997281432151794
bace,gnn,random,2,CC(C)CC(CC(=O)NCc1cccc(F)c1)n1c(N)nc2cc(Cl)ccc21,0.0,8.200920092349406e-06
bace,gnn,random,2,CC1(C)Cc2cc(Cl)ccc2C(NC(Cc2sccc2Br)C(=O)[O-])=N1,0.0,1.0309681108822133e-08
bace,gnn,random,2,CC(=O)NC(Cc1cc(F)cc(F)c1)C(O)C[NH2+]C1(c2cccc(N3CCOCC3=O)c2)CCCCC1,0.0,0.00427827937528491
bace,gnn,random,2,CC(C)C[C@H](NC(=O)[C@@H](NC(=O)[C@@H]([NH3+])CNC(=O)c1nnn[n-]1)C(C)C)C(=O)NC[C@](O)(CCc1ccccc1)C(=O)Nc1cccc(C(=O)[O-])c1,0.0,0.9999964237213135
bace,gnn,random,2,Cc1nnc(C(Cc2ccccc2)NC2=NC(C)(C)Cc3cc(Cl)ccc32)o1,0.0,1.0804586392243465e-10
bace,gnn,random,2,COCC(CC(O)C(COc1cc(F)cc(F)c1)NC(=O)c1cc(C(=O)NC(C)c2ccccc2)cc(N(C)S(C)(=O)=O)c1)OC,0.0,0.0004198567767161876
bace,gnn,random,2,NC1=[NH+]C(c2ccc(OC(F)(F)F)cc2)(c2cccc(-c3cccnc3F)c2)C2=NCCCCN21,1.0,0.8653112053871155
bace,gnn,random,2,CC(C)CNC(=O)C([NH2+]CC(Cc1ccccc1)NC(=O)c1cc(C(=O)NC(C)c2ccccc2)cc(N(C)S(C)(=O)=O)c1)C(C)O,1.0,0.9959579110145569
bace,gnn,random,2,O=C(C1C[NH2+]CC1c1ccccc1)N1CCC(c2ccccc2)CC1,0.0,3.474233380984515e-06
bace,gnn,random,2,COCCOC1NC(=O)c2cc(cc(N(C)S(C)(=O)=O)c2)C(=O)NC(C(O)CC(C(=O)NCC(C)C)C(C)C)COCc2cccc1c2,0.0,0.08293343335390091
bace,gnn,random,2,CCCO/N=C(/C)c1cc(C(=O)NC(Cc2cc(F)cc(F)c2)[C@@H](O)C[NH2+]Cc2cccc(OC)c2)cc(N(c2ccccc2)S(C)(=O)=O)c1,1.0,0.9796981811523438
bace,gnn,random,2,CCc1cc([C@]2(c3cccc(-c4cncnc4)c3)N=C(N)N(C)C2=O)ccn1,1.0,0.9234964847564697
bace,gnn,random,2,CC(C)(C)c1cccc(C[NH2+]C2CS(=O)(=O)CC(Cc3ccc(N)c(Br)c3)C2O)c1,0.0,0.860928475856781
bace,gnn,random,2,CCCCN(C)C(=O)n1cc(C(=O)NC(Cc2cc(F)cc(F)c2)C(O)C2Cc3ccccc3C[NH2+]2)c2cccnc21,0.0,0.37667906284332275
bace,gnn,random,2,COCCOC[C@@H](Oc1cc(CC2CS(=O)(=O)CC([NH2+]Cc3cccc(C(C)(C)C)c3)C2O)cc(F)c1N)C(F)(F)F,1.0,0.9962054491043091
bace,gnn,random,2,CC(C)c1cccc(C[NH2+]C2CS(=O)(=O)CC(Cc3ccc(O)c(CCO)c3)C2O)c1,0.0,0.004065338987857103
bace,gnn,random,2,CC(C)CC(CC(=O)NC(C)C)n1c(N)nc2cc(Cl)ccc21,0.0,0.0008700418402440846
bace,gnn,random,2,COc1ccc(C2(C34CC5CC(CC(C5)C3)C4)N=C(N)N(C)C2=O)cc1OC,0.0,0.23553824424743652
bace,gnn,random,2,COc1ccc2c(c1)C1(COC(N)=N1)c1cc(-c3cccnc3F)ccc1O2,0.0,0.0005029399180784822
bace,gnn,random,2,Cc1cc([C@]2(c3ccccc3)N=C(N)N(C)C2=O)ccc1OC(F)F,1.0,0.07614941895008087
bace,gnn,random,2,CC(=O)NC(Cc1cc(F)cc(F)c1)C(O)C[NH2+]C1(c2cccc(C(C)(C)C)c2)CCC(NC=O)CC1,0.0,0.3710004985332489
bace,gnn,random,2,COCc1cccc(-c2ccc(C3CC3c3cc(=O)n(C)c(N)n3)cc2)c1,0.0,4.556360011509497e-10
bace,gnn,random,2,COc1ccc(C2(c3cccc(-c4cc(Cl)cc(Cl)c4)c3)N=C(N)N3CCCN=C32)cc1,1.0,0.9303576350212097
bace,gnn,random,2,[NH3+]C1CS(=O)(=O)CC(Cc2ccc(O)c(Br)c2)C1O,0.0,3.204036715942493e-07
bace,gnn,random,2,CCOc1cc(CC2CS(=O)(=O)CC([NH2+]Cc3cccc(C(C)(C)C)c3)C2O)cc(F)c1N,1.0,0.9706912636756897
bace,gnn,random,2,CN1C(=O)[C@@](c2ccc(OC(F)F)cc2)(c2cccc(-c3cccnc3F)c2)N=C1N,1.0,0.9637701511383057
bace,gnn,random,2,Cc1cc2cc(n1)OCCCCOc1cccc(c1)CC(C(O)C[NH2+]Cc1cccc(C(C)C)c1)NC2=O,1.0,0.966912031173706
bace,gnn,random,2,CN(c1cc2cc(c1)C(=O)NC(C(O)C[NH2+]Cc1ccccc1)COC/C=C/CCNC2=O)S(C)(=O)=O,0.0,0.15971779823303223
bace,gnn,random,2,CCCc1cscc1CC(NC1=NC(C)(C)Cc2cc(Cl)ccc21)C(=O)[O-],0.0,0.0009375432855449617
bace,gnn,random,2,CC(=O)NC(Cc1cc(F)cc(F)c1)C(O)C[NH2+]C1(c2cccc(-c3cccs3)c2)CCCCC1,0.0,0.22371335327625275
bace,gnn,random,2,CC#Cc1ccnc(-c2cc(C3(C4CC4)N=C(C)C(N)=N3)ccc2O)c1,0.0,0.998534083366394
bace,gnn,random,2,CC(=O)NC(Cc1cc(F)cc(F)c1)C(O)C[NH2+]C1(c2cccc(N3CCCCC3=O)c2)CCCCC1,0.0,0.007790382485836744
bace,gnn,random,2,CC1CC2(CC[NH+]1Cc1cccc(-c3ccccc3Cl)c1)CNS(=O)(=O)N2c1cccc(F)c1,0.0,1.8786886357702315e-06
bace,gnn,random,2,COCCOc1cc(CC2CS(=O)(=O)CC([NH2+]Cc3cccc(C(C)(C)C)c3)C2O)cc(F)c1N,1.0,0.9377887845039368
bace,gnn,random,2,CN(C(=O)CCN1Cc2cc(C(=O)c3ccccc3)ccc2[NH+]=C1N)C1CCCCC1,1.0,0.0770627036690712
bace,gnn,random,2,CCCN(CCC)C(=O)c1cccc(C(=O)NC(Cc2ccccc2)C([NH3+])CC(C)C(=O)Nc2ccc(F)cc2)c1,1.0,0.005601156037300825
bace,gnn,random,2,CCCC[NH2+]C(=O)[C@@H](NC(=O)[C@@H]1CC(=O)C[C@H]1[C@H](O)[C@H](CC(C)C)NC(=O)[C@H](CCSC)NC(=O)[C@H](CC(C)C)NC(C)=O)C(C)C,1.0,0.21628589928150177
bace,gnn,random,2,CCCOc1cccc(-c2cccc(C3CC3C3(C)CC(=O)N(C)C(N)=N3)c2)c1,0.0,0.002698658499866724
bace,gnn,random,2,CN1C(=O)[C@@](c2ccc(OC(F)F)cc2)(c2cccc(/C=C/CCCO)c2)N=C1N,1.0,0.9995612502098083
bace,gnn,random,2,CC1(C)OCc2ccc(C[NH2+]C3CS(=O)(=O)CC(Cc4cc(F)c(N)c(OC(C(F)(F)F)C(F)(F)F)c4)C3O)cc21,1.0,0.9524568915367126
bace,gnn,random,2,CC(Cc1cc2cc(-c3ncccc3C#N)ccc2nc1N)C(=O)NCCC(C)(C)C,0.0,0.9988194108009338
bace,gnn,random,2,NC1=[NH+][C@](c2ccc(OC(F)(F)F)cc2)(c2cccc(CCC3CC3)c2)C2=NCCCN21,0.0,0.04761303588747978
bace,gnn,random,2,CC(=O)NC(Cc1cc(F)cc(F)c1)C(O)C[NH2+]C1(c2cccc(C3CCCO3)c2)CC1,0.0,0.00017223523173015565
bace,gnn,random,2,CCc1c[nH]c2c(N3CCCC3=O)cc(C(=O)NC(Cc3ccccc3)C(O)C[NH2+]Cc3cccc(C(F)(F)F)c3)cc12,1.0,0.5179696679115295
bace,gnn,random,2,CC(C)Oc1cccc(C[NH+]2CCC3(CC2C)CN(c2ncco2)S(=O)(=O)N3c2cccc(F)c2)c1,0.0,4.1359914604299775e-08
bace,gnn,random,2,CC(C)Oc1cc(C[N@H+]2CC[C@@]3(C[C@@H]2C)CN(C)S(=O)(=O)N3c2cccc(F)c2)ccc1O,1.0,0.00010552501771599054
bace,gnn,random,2,CC(=O)NC(Cc1cc(F)cc(F)c1)C(O)C[NH2+]C1(c2cccc(C3CCOC3)c2)CCCCC1,1.0,0.00740303099155426
bace,gnn,random,2,COc1cccc(C[NH2+]CC(O)C(Cc2cc(F)cc(F)c2)NC(=O)c2cccc(N3CCCCS3(=O)=O)c2)c1,1.0,0.04709840565919876
bace,gnn,random,2,CC(=O)NC(Cc1cc(F)cc(F)c1)C(O)C[NH2+]C1(c2ccn(CC(C)(C)C)n2)CC1,0.0,0.0003185044333804399
bace,gnn,random,2,CN1C(=O)[C@@](c2ccsc2)(c2cccc(-c3cccnc3)c2)N=C1N,1.0,0.5166890025138855
bace,gnn,random,2,CC1(C)Cc2cc(Cl)ccc2C(NC(Cc2ccccc2)c2ncc3ccoc3n2)=N1,0.0,5.490586545420229e-07
bace,gnn,random,2,CCn1cc2c3c(cc(C(=O)NC(Cc4ccccc4)[C@H](O)C[NH2+]CC(F)F)cc31)N(C)S(=O)(=O)CC2,1.0,0.9997028708457947
bace,gnn,random,2,CC(=O)NC(Cc1cc(F)cc(F)c1)C(O)C[NH2+]C1(c2cccc(C(C)(C)C)c2)CCC(O)CC1,1.0,0.4924645721912384
bace,gnn,random,2,COc1ccc2c(c1)C1(COC(N)=N1)c1cc(-c3cccc(OC)c3F)ccc1O2,0.0,0.010669098235666752
bace,gnn,random,2,CN1C(=O)CC(C)(C2CC2c2cccc(-c3ccsc3)c2)N=C1N,0.0,0.005162314046174288
bace,gnn,random,2,COc1cccc(N(c2cccc(C(=O)NC(Cc3ccccc3)C(O)C[NH2+]C(C)C(=O)NC3CCCCC3)c2)S(C)(=O)=O)c1,1.0,0.7117071747779846
bace,gnn,random,2,Cc1ccnc(C(Cc2ccccc2)NC2=NC(C)(C)Cc3cc(Cl)ccc32)n1,0.0,1.8668206536176513e-08
bace,gnn,random,2,Nc1nc2cc(Cl)ccc2[nH]1,0.0,3.298407591501018e-06
bace,gnn,random,2,CC(C)c1cccc(C[NH2+]C2CS(=O)(=O)CC(Cc3cccc(Br)c3)C2O)c1,0.0,0.0003391037171240896
bace,gnn,random,2,C=CCOCC(CC(O)C(COc1cc(F)cc(F)c1)NC(=O)c1cc(C(=O)NC(C)c2ccccc2)cc(N(C)S(C)(=O)=O)c1)OC,0.0,6.370848859660327e-05
bace,gnn,random,2,CC([NH2+]CC(O)C(Cc1ccccc1)NC(=O)c1cccc(S(=O)(=O)N(C)Cc2ccccc2)c1)C(=O)NC1CCCCC1,0.0,0.0011399508221074939
bace,gnn,random,2,NC1=[NH+]C(c2ccccc2)(c2cccc(C(F)(F)F)c2)C2=NCCCN21,0.0,0.02355796843767166
bace,gnn,random,2,CC(=O)NC(Cc1cc(F)cc(F)c1)C(O)C[NH2+]C1(c2cccc(N3C(=O)C4CCC3C4)c2)CCCCC1,0.0,0.05225174129009247
bace,gnn,random,2,CC(C)(C)c1cccc(C[NH2+]C2CS(=O)(=O)CC(Cc3cc(F)c(N)c(OCC(F)F)c3)C2O)c1,1.0,0.9963292479515076
bace,gnn,random,2,CC1(C)Cc2cc(Cl)ccc2C(NC(Cc2ccccc2)c2n[nH]c(=O)[nH]2)=N1,0.0,7.304487326109665e-08
bace,gnn,random,2,CCNc1cc(C(=O)N[C@@H](Cc2ccccc2)[C@H](O)C[NH2+]C(C)(C)CCCC(C)C)cc(N2CCCC2=O)c1,1.0,0.5036991238594055
bace,gnn,random,2,CCCN(CCC)C(=O)c1cc(C(=O)NC(Cc2cc(F)cc(F)c2)C(O)C[NH2+]Cc2cccc(OC)c2)cc(/C(C)=N\OC)c1,1.0,0.9918133020401001
bace,gnn,random,2,COc1ccc(C2(c3cccc(-c4cccnc4)c3)N=C(N)N3CCCN=C32)cc1,1.0,0.02166004665195942
bace,gnn,random,2,CNC(=O)c1cc(C(=O)NC(COCc2cc(F)cc(F)c2)C(O)CC(C)C(=O)NC(C(=O)NCc2ccccc2)C(C)C)cc(N(C)S(C)(=O)=O)c1,0.0,0.8322873711585999
bace,gnn,random,2,CC(C)NC(=O)CCCn1c(N)nc2cc(Cl)ccc21,0.0,2.3764609068166465e-05
bace,gnn,random,2,CC1(c2cc(NC(=O)c3ccc(Cl)cn3)ccc2F)COCC(N)=N1,1.0,0.9831686019897461
bace,gnn,random,2,CC(C)(C)c1cccc(C[NH2+]C2CS(=O)(=O)CC(Cc3cc(F)c(N)c(OC(C(F)(F)F)C(F)(F)F)c3)C2O)c1,1.0,0.9791659712791443
bace,gnn,random,2,COCC(=O)NC(Cc1ccc(-c2nccs2)cc1)C(O)C[NH2+]C1CC2(CCC2)Oc2ncc(CC(C)(C)C)cc21,1.0,0.999845027923584
bace,gnn,random,2,NC1=NC(c2ccncc2)(c2cccc(-c3cncnc3)c2)C2=NCC(F)(F)CN12,0.0,0.6555854678153992
bace,gnn,random,2,Nc1cccc(Cn2c(-c3ccc(Oc4cccnc4)cc3)ccc2-c2ccccc2Cl)n1,0.0,0.003193782176822424
bace,gnn,random,2,CN1C(=O)C(c2ccncc2)(c2cccc(-c3cccc(F)c3)c2)N=C1N,1.0,0.7904894948005676
bace,gnn,random,2,CN1C(=O)CC(C)(C2CC2c2cccc(-c3cccs3)c2)N=C1N,0.0,0.0006727259024046361
bace,gnn,random,2,CC[NH2+]CC(O)C(Cc1ccccc1)NC(=O)c1cc2c3c(c1)c(CC)cn3CCS(=O)(=O)N2C,1.0,0.9992868304252625
bace,gnn,random,2,CC(=O)Nc1c(Cl)cc(CNC(=[NH2+])NC(=O)Cn2ccc3cc(C#N)ccc32)cc1Cl,1.0,0.7273804545402527
bace,gnn,random,2,O=C(C1C[NH2+]CC1c1ccccc1Br)N1CCC(c2ccccc2)CC1,0.0,8.24065791675821e-05
bace,gnn,random,2,CCCN(CCC)C(=O)c1cc(C)cc(C(=O)N[C@@H](Cc2cc(F)cc(F)c2)[C@H](O)[C@H]2C[N@@H+](Cc3ccccc3)CC[NH2+]2)c1,0.0,0.8249182105064392
bace,gnn,random,2,CC(=O)NC(Cc1ccccc1)C(O)C[NH2+]C1CC2(CCC2)Oc2ncc(CC(C)(C)C)cc21,1.0,0.9990467429161072
bace,gnn,random,2,CCCO/N=C(/C)c1cc(C(=O)NC(Cc2cc(F)cc(F)c2)[C@@H](O)C[NH2+]Cc2cccc(OC)c2)cc(N2CCCCS2(=O)=O)c1,1.0,0.9646338224411011
bace,gnn,random,2,CC(C)(C)c1cccc(C[NH2+]C2CS(=O)CC(Cc3cc(F)c(N)c(OC(CO)C(F)(F)F)c3)C2O)c1,1.0,0.9686218500137329
bace,gnn,random,2,CC([NH2+]CC(O)C(Cc1ccccc1)NC(=O)c1cccc(S(=O)(=O)Cc2ccccc2)c1)C(=O)NC1CCCCC1,0.0,0.0012776927324011922
bace,gnn,random,2,Nc1ncccc1NCc1cccc(-c2cccnc2)c1,0.0,0.1683679223060608
bace,gnn,random,2,CC(=O)NC(Cc1ccc(F)c(C#N)c1)C(O)C[NH2+]C1CC2(CCC2)Oc2ncc(CC(C)(C)C)cc21,1.0,0.9996453523635864
bace,gnn,random,2,CCC(C)C1(NC(C)=O)CCN(C(CCc2ccccc2)C(=O)NC(Cc2cc(F)cc(F)c2)C(O)C2Cc3ccccc3C[NH2+]2)C1=O,1.0,0.46593210101127625
bace,gnn,random,2,CCSc1cccc(-c2ccc(C3CC3c3cc(=O)n(C)c(N)n3)cc2)c1,0.0,1.259982007617566e-09
bace,gnn,random,2,CC([NH2+]CC(O)C(Cc1ccccc1)NC(=O)c1cccc(N(C2CCCCC2)S(C)(=O)=O)c1)C(=O)NC1CCCCC1,0.0,0.6354613304138184
bace,gnn,random,2,Cc1cc2cc(n1)NCCCCOc1cccc(c1)CC(C(O)C[NH2+]Cc1cccc(C(C)C)c1)NC2=O,1.0,0.8753830790519714
bace,gnn,random,2,CCCCOC(=O)n1cc(C(=O)NC(Cc2cc(F)cc(F)c2)C(O)C[NH2+]Cc2cccc(OC)c2)c2ccccc21,0.0,0.6092469692230225
bace,gnn,random,2,CCCc1scc(-c2cn[nH]c2)c1CC(NC1=NC(C)(C)Cc2cc(Cl)ccc21)C(=O)[O-],1.0,0.0024798596277832985
bace,gnn,random,2,COc1cncc(-c2cccc(C3(c4ccc(OC(F)F)cc4)N=C(N)N4CC(F)(F)CN=C43)c2)c1,1.0,0.9864131212234497
bace,gnn,random,2,CN1C(=O)C(C2CCCCC2)(C2CCCCC2)N=C1N,0.0,0.018609289079904556
bace,gnn,random,2,CCOc1cccc(-c2ccc(C3CC3c3cc(=O)n(C)c(N)n3)cc2)c1,0.0,3.0754065960536536e-09
bace,gnn,random,2,CN1C(=O)[C@@](c2ccc(OCCF)cc2)(c2cccc(-c3cccnc3F)c2)N=C1N,1.0,0.8110051155090332
bace,gnn,random,2,CC(=O)NC(C)(C)C1CCCC(C(=O)NC(Cc2ccccc2)C(O)C[NH2+]Cc2cccc(C(C)C)c2)C1,0.0,0.18915852904319763
bace,gnn,random,2,CN1C(=O)C2(CC(C)(C)Oc3ccc(-c4cccnc4F)cc32)N=C1N,0.0,0.7840076088905334
bace,gnn,random,2,COc1ccc([C@@]2(c3cccc(-c4cccnc4)c3)C[C@@H](OC)C(N)=[NH+]2)cc1,0.0,7.264001311568791e-08
bace,gnn,random,2,CCCCNC(=O)C(C)CC(O)C(CC(C)C)NC(=O)C(CCSC)NC(=O)C(C)NC(C)=O,0.0,0.0255060363560915
bace,gnn,random,2,CN1C(=O)C(c2ccncc2)(c2cccc(-c3cccc(F)c3F)c2)N=C1N,1.0,0.959632933139801
bace,gnn,random,2,C[C@H]([NH2+]C[C@@H](O)[C@H](Cc1ccccc1)NC(=O)c1cccc(N(c2ccccc2)S(C)(=O)=O)c1)C(=O)NC1CCCCC1,1.0,0.7891138195991516
bace,gnn,random,2,CC(=O)NC(Cc1cc(F)cc(F)c1)C(O)C[NH2+]C1(c2cccc(C3(C)CCCO3)c2)CC1,0.0,0.0028799893334507942
bace,gnn,random,2,CS(=O)(=O)c1ccc(-c2ccccc2C2C[NH2+]CC2C(=O)N2CCOCC2c2ccccc2)cc1,0.0,3.3624357456574216e-05
bace,gnn,random,2,CC(=O)NC(Cc1cc(F)cc(F)c1)C(O)C[NH2+]C1(c2ncc(C(C)(C)C)o2)CC1,0.0,0.002747704740613699
bace,gnn,random,2,CCCOc1cc(CC2CS(=O)(=O)CC([NH2+]Cc3cccc(C(C)(C)C)c3)C2O)ccc1N,1.0,0.7948228716850281
bace,gnn,random,2,CCNc1cc(C(=O)NC(Cc2ccccc2)C(O)C[NH2+]Cc2cccc(C(F)(F)F)c2)cc(N2CCCC2=O)c1C,1.0,0.7740740776062012
bace,gnn,random,2,O=S1(=O)CC(Cc2ccc(O)c(Br)c2)C(O)C([NH2+]Cc2ccccc2)C1,0.0,1.4675661077490076e-06
bace,gnn,random,2,NC1=NC(c2ccccc2)(C2CCCCC2)C(=O)N1CC1CCC(C(=O)[O-])CC1,0.0,0.26980480551719666
bace,gnn,random,2,CCCCNC(=O)NCc1ccc(CN2C(=N)NC(CCC3CCCCC3)(CC(C)C)C2=O)cc1,0.0,0.0007759845466352999
bace,gnn,random,2,CC(=O)NC(Cc1cc(F)cc(F)c1)C(O)C[NH2+]C1(c2csc(CC(C)(C)C)n2)CC1,0.0,6.933029908395838e-06
bace,gnn,random,2,C#Cc1csc(C2([NH2+]CC(O)C(Cc3cc(F)cc(F)c3)NC(C)=O)CCCCC2)c1,0.0,0.017477553337812424
bace,gnn,random,2,C[C@@H](NC(=O)c1cc(COC(=O)[C@](C)([NH3+])Cc2ccccc2)cc(N(C)S(C)(=O)=O)c1)c1ccc(F)cc1,1.0,0.2082592248916626
bace,gnn,random,2,CC(C)c1cc(C2(c3cccc(-c4cncnc4)c3)N=C(N)N(C)C2=O)ccn1,1.0,0.3123458921909332
bace,gnn,random,2,COCC1CCCN1C(=O)c1cc(C)cc(C(=O)NC(Cc2cc(F)cc(F)c2)C(O)C2CN(S(=O)(=O)c3cccc(C)c3)CC[NH2+]2)c1,1.0,0.7829650640487671
bace,gnn,random,2,CC(C)[C@H](NC(=O)C[C@H](O)[C@H](COc1cc(F)cc(F)c1)NC(=O)c1cc(C(=O)N[C@H](C)c2ccccc2)cc(N(C)S(C)(=O)=O)c1)C(=O)Nc1cc(C(=O)[O-])cc(C(=O)[O-])c1,1.0,0.9999994039535522
bace,gnn,random,2,COCC1CCCN1C(=O)c1cc(C)cc(C(=O)NC(Cc2cc(F)cc(F)c2)C(O)C2CC(Oc3ccccc3)C[NH2+]2)c1,1.0,0.9452915787696838
bace,gnn,random,2,CC1(c2cc(NC(=O)c3ccc(Cl)cn3)ccc2F)CCCOC(N)=N1,1.0,0.5654031038284302
bace,gnn,random,2,CCc1ccc2c(c1)[C@@H]([NH2+]C[C@@H](O)[C@@H]1Cc3cccc(c3)CCCCCCC(=O)N1)CC1(CCC1)O2,1.0,0.9651888608932495
bace,gnn,random,2,CN1C(=O)C2(CC(C)(C)Sc3ccc(-c4cncc(Cl)c4)cc32)N=C1N,1.0,0.9956353306770325
bace,gnn,random,2,CC(=O)NC(Cc1cc(F)cc(F)c1)C(O)C[NH2+]C1(c2cncc(CC(C)(C)C)c2)CC1,0.0,0.2916410565376282
bace,gnn,random,2,Cn1c(N)nc(CCc2ccccc2)cc1=O,0.0,2.1405291761311673e-07
bace,gnn,random,2,CCn1nnc2c(N3CCCC3=O)cc(C(=O)NC(Cc3ccccc3)C(O)C[NH2+]Cc3cccc(C(F)(F)F)c3)cc21,1.0,0.9948786497116089
bace,gnn,random,2,CC(=O)NC(Cc1ccc2c(c1)OCO2)C(O)C[NH2+]C1CC2(CCC2)Oc2ncc(CC(C)(C)C)cc21,1.0,0.9992745518684387
bace,gnn,random,2,CC(C)COc1ccc2c(c1)C1(CC(C)(C)O2)N=C(N)N(C)C1=O,0.0,0.002184700919315219
bace,gnn,random,2,Nc1cccc(Cn2c(-c3ccc(Nc4cncnc4)cc3)ccc2-c2ccccc2Cl)n1,0.0,0.03807172551751137
bace,gnn,random,2,COc1cccc(-c2cccc(C3(C)N=C(N)CS3)c2)c1,0.0,2.6765549137053313e-06
bace,gnn,random,2,CCCCCc1cccc([C@@]2(c3ccc(OC(F)F)cc3)N=C(N)N(C)C2=O)c1,1.0,0.9296998977661133
bace,gnn,random,2,CC(=O)NC(Cc1cc(F)cc(F)c1)C(O)C[NH2+]C1(c2cccs2)CCCCC1,0.0,0.0008898386731743813
bace,gnn,random,2,CC(=O)NC(Cc1cc(F)cc(F)c1)C(O)C[NH2+]C1(c2ncc(C(C)(C)C)o2)CCCCC1,0.0,0.012284887954592705
bace,gnn,random,2,CCCN(CCC)C(=O)c1cc(C(=O)NC(Cc2cc(F)cc(F)c2)C(O)C[NH2+]Cc2cccc(OC)c2)cc(C(C)NC(C)=O)c1,1.0,0.95932537317276
bace,gnn,random,2,CC(=O)NC(Cc1cc(F)cc(F)c1)C(O)C[NH2+]C1(c2cccc(-n3ccnc3)c2)CCCCC1,0.0,0.06408540904521942
bace,gnn,random,2,CC1=NC(c2cccc(-c3cccnc3)c2)(C2CCCCC2)N=C1N,0.0,5.3757445130031556e-05
bace,gnn,random,2,CN1C(=O)CC(C)(c2cc(-c3cccc(C#N)c3)cs2)N=C1N,1.0,0.9945805668830872
bace,gnn,random,2,COc1ccc([C@]2(c3cccc(-c4cncnc4)c3)[NH+]=C(N)N3CCCN=C32)cc1,1.0,0.5774880647659302
bace,gnn,random,2,CCc1cn2c3c(cc(C(=O)NC(Cc4ccccc4)[C@H](O)C[NH2+]Cc4cccc(C(F)(F)F)c4)cc13)OS(=O)(=O)CC2,1.0,0.9847537279129028
bace,gnn,random,2,CCCCCCN1C(=O)C(c2ccccc2)(C2CCCCC2)N=C1N,0.0,0.00029920958331786096
bace,gnn,random,2,C[C@@]1(c2cc(NC(=O)c3ccc(C#N)cn3)ccc2F)C[C@@H](C(F)(F)F)OC(N)=N1,1.0,0.8713557720184326
bace,gnn,random,2,CS(=O)(=O)N(c1ccccc1)c1cccc(C(=O)NC(Cc2ccccc2)C(O)C[NH2+]Cc2cccc(C(F)(F)F)c2)n1,0.0,0.9323874711990356
bace,gnn,random,2,NC1=NC2(c3cccc(-c4cncc(Cl)c4)c3)CCOCC2O1,0.0,1.9128710846416652e-06
bace,gnn,random,2,C#Cc1cccc(CC(NC(=O)COC)C(O)C[NH2+]C2CC3(CCC3)Oc3ncc(CC(C)(C)C)cc32)c1,1.0,0.9997554421424866
bace,gnn,random,2,CC(C)c1cccc(C[NH2+]CC(O)C2COC/C=C/C[C@H](c3ccccc3)NC(=O)c3cc(cc(N(C)S(C)(=O)=O)c3)C(=O)N2)c1,1.0,0.3551986813545227
bace,gnn,random,2,CCNc1cc(C(=O)NC(Cc2ccccc2)C(O)C[NH2+]Cc2cncc(C#N)c2)cc(N2CCCCS2(=O)=O)c1,1.0,0.9943320751190186
bace,gnn,random,2,COCc1cc2cc(n1)OCCCCOc1cccc(c1)CC(C(O)C[NH2+]C1(c3cccc(C(C)C)c3)CC1)NC2=O,1.0,0.9733498096466064
bace,gnn,random,2,Cc1cc([C@]2(c3cccc(-c4cncnc4)c3)N=C(N)N(C)C2=O)cc(C)n1,0.0,0.36358842253685
bace,gnn,random,2,CC(C)C[C@@]1(C)NC(=N)N(Cc2cccc(Cl)c2)C1=O,0.0,0.00021430294145829976
bace,baseline,scaffold,0,CC(C)CNC(=O)[C@H](C)[NH2+]C[C@H](Cc1ccccc1)NC(=O)c1cc(C(=O)N[C@H](C)c2ccc(F)cc2)cc(N(C)S(C)(=O)=O)c1,1.0,0.17477186469648737
bace,baseline,scaffold,0,CC(C)CNC(=O)C([NH2+]CC(Cc1ccccc1)NC(=O)c1cc(C(=O)NC(C)c2ccccc2)cc(N(C)S(C)(=O)=O)c1)C(C)O,1.0,0.3621880054966127
bace,baseline,scaffold,0,CC[C@@H](CC(=O)NCC1CCCCC1)n1c(N)nc2cc(Cl)ccc21,0.0,0.04718933210670315
bace,baseline,scaffold,0,CCC(CC(=O)N(C)CC1CCCCC1)n1c(N)nc2cc(Cl)ccc21,0.0,0.04162970197480104
bace,baseline,scaffold,0,C#CC[NH2+]C[C@@H](O)C(Cc1ccccc1)NC(=O)c1cc2c3c(c1)c(CC)cn3CCS(=O)(=O)O2,0.0,0.7550846396803121
bace,baseline,scaffold,0,CC1(C)Cc2ccccc2/C(=[NH+]/[C@@H](Cc2ccccc2)C(=O)[O-])N1,0.0,0.05460205452398418
bace,baseline,scaffold,0,CC(=O)N[C@@H](Cc1cc(F)cc(F)c1)[C@H](O)C[NH2+]C1(c2cc(CC(C)(C)C)cs2)CC1,0.0,0.0710472416156349
bace,baseline,scaffold,0,CC(=O)NC(Cc1cc(F)cc(F)c1)C(O)C[NH2+]C1(c2ccc(CC(C)(C)C)s2)CC1,0.0,0.06571663820327711
bace,baseline,scaffold,0,CC(C)(C)Cn1cc(C[NH2+]C2CS(=O)(=O)CC(Cc3cc(F)c(N)c(OC(C(F)(F)F)C(F)(F)F)c3)C2O)cn1,1.0,0.8909438181763765
bace,baseline,scaffold,0,CCC(C)C1(NC(C)=O)CCN(C(CCc2ccccc2)C(=O)NC(Cc2cc(F)cc(F)c2)C(O)C2CC(Oc3cccnc3)C[NH2+]2)C1=O,1.0,0.8829087386084719
bace,baseline,scaffold,0,CC(C)(C)Cc1cnc2c(c1)C([NH2+]CC(O)C(Cc1ccc3c(c1)OCO3)NC(=O)c1ccccc1F)CC1(CCC1)O2,1.0,0.938663986488027
bace,baseline,scaffold,0,COC(C[NH2+]Cc1ccccc1)CC(O)C(COc1cc(F)cc(F)c1)NC(=O)c1cc(C(=O)NC(C)c2ccccc2)cc(N(C)S(C)(=O)=O)c1,0.0,0.27090277080434355
bace,baseline,scaffold,0,CC(=O)NC(Cc1cc(F)cc(F)c1)C(O)C[NH2+]C1(c2nc(CC(C)(C)C)cs2)CC1,0.0,0.06763845573406753
bace,baseline,scaffold,0,COc1cccc(CN2CC(C(=O)NC(Cc3ccccc3)C(O)C[NH2+]Cc3cccc(N(C)C)c3)NC2=O)c1,1.0,0.6592069300296882
bace,baseline,scaffold,0,CC(=O)NC(Cc1cc(F)cc(F)c1)C(O)C[NH2+]C1(c2cccc(C(C)(C)C)c2)CCOCC1,1.0,0.33285698114861356
bace,baseline,scaffold,0,CCOC[C@@H](Oc1cc(C[C@@H]2CS(=O)(=O)C[C@H]([NH2+]Cc3cccc(C(C)(C)C)c3)[C@H]2O)cc(F)c1N)C(F)(F)F,1.0,0.8142377997215546
bace,baseline,scaffold,0,CC(C)(C)c1cccc(C[NH2+][C@H]2CS(=O)(=O)C[C@@H](Cc3cc(F)c(N)c(C[C@H](O)C(F)(F)F)c3)[C@@H]2O)c1,1.0,0.6598983994746128
bace,baseline,scaffold,0,CC(F)(F)c1cccc(C[NH2+][C@H]2CS(=O)(=O)C[C@@H](Cc3cc(F)c(N)c(Br)c3)[C@@H]2O)c1,0.0,0.31152337695197907
bace,baseline,scaffold,0,CC(C)(C)c1cccc(C[NH2+]C2CS(=O)(=O)CC(Cc3cc(F)c(N)c(OC(C(F)(F)F)C(F)(F)F)c3)C2O)c1,1.0,0.8639809570612039
bace,baseline,scaffold,0,COC[C@@H](Oc1cc(CC2CS(=O)(=O)CC([NH2+]Cc3cccc(C(C)(C)C)c3)C2O)cc(F)c1N)C(F)(F)F,1.0,0.8194413840297299
bace,baseline,scaffold,0,CC(C)(O)c1cccc(C[NH2+]C2CS(=O)(=O)CC(Cc3cc(F)c(N)c(OC(C(F)(F)F)C(F)(F)F)c3)C2O)c1,1.0,0.8632680799861377
bace,baseline,scaffold,0,CC(C)(CO)c1cccc(C[NH2+]C2CS(=O)(=O)CC(Cc3cc(F)c(N)c(OC(C(F)(F)F)C(F)(F)F)c3)C2O)c1,1.0,0.8709599557978324
bace,baseline,scaffold,0,C[C@@H](Oc1cc(CC2CS(=O)(=O)CC([NH2+]Cc3cccc(C(C)(C)C)c3)C2O)cc(F)c1N)C(F)(F)F,1.0,0.8754680569703481
bace,baseline,scaffold,0,COCCOC[C@@H](Oc1cc(CC2CS(=O)(=O)CC([NH2+]Cc3cccc(C(C)(C)C)c3)C2O)cc(F)c1N)C(F)(F)F,1.0,0.7972581431806824
bace,baseline,scaffold,0,CC(C)(C)c1cccc(C[NH2+]C2CS(=O)(=O)CC(Cc3cc(F)c(N)c(OCC(F)F)c3)C2O)c1,1.0,0.8258459051604653
bace,baseline,scaffold,0,CC(C)(C)c1cccc(C[NH2+]C2CS(=O)(=O)CC(Cc3cc(F)c(N)c(OCC(F)(F)F)c3)C2O)c1,1.0,0.8223333001213988
bace,baseline,scaffold,0,CCc1cc(CC2CS(=O)(=O)CC([NH2+]Cc3cccc(C(C)(C)C)c3)C2O)cc(F)c1NC(C)=O,1.0,0.4085772083134202
bace,baseline,scaffold,0,CCOc1cc(CC2CS(=O)(=O)CC([NH2+]Cc3cccc(C(C)(C)C)c3)C2O)cc(F)c1N,1.0,0.8106287474671955
bace,baseline,scaffold,0,CCOC[C@H](Oc1cc(CC2CS(=O)(=O)CC([NH2+]Cc3cccc(C(C)(C)C)c3)C2O)cc(F)c1N)C(F)(F)F,1.0,0.8142377997215546
bace,baseline,scaffold,0,CC(C)(C)c1cccc(C[NH2+]C2CS(=O)(=O)CC(Cc3ccc(N)c(OCC(F)(F)F)c3)C2O)c1,1.0,0.6428647401276363
bace,baseline,scaffold,0,CC(C)(C)c1cccc(C[NH2+]C2CS(=O)(=O)CC(Cc3cc(F)c(N)c(OCCF)c3)C2O)c1,1.0,0.8043249301821496
bace,baseline,scaffold,0,CC(C)Oc1cc(CC2CS(=O)(=O)CC([NH2+]Cc3cccc(C(C)(C)C)c3)C2O)cc(F)c1N,1.0,0.8584224988452336
bace,baseline,scaffold,0,Nc1c(F)cc(CC2CS(=O)(=O)CC([NH2+]Cc3cccc(OC(F)(F)F)c3)C2O)cc1OC(C(F)(F)F)C(F)(F)F,1.0,0.7505800819071762
bace,baseline,scaffold,0,CCCOc1cc(CC2CS(=O)(=O)CC([NH2+]Cc3cccc(C(C)(C)C)c3)C2O)ccc1N,1.0,0.6809519652330864
bace,baseline,scaffold,0,CCc1cc(CC2CS(=O)(=O)CC([NH2+]Cc3cccc(C(C)(C)C)c3)C2O)cc(F)c1NC(=O)C[NH+](C)C,1.0,0.5145467221632573
bace,baseline,scaffold,0,CC(C)(C)c1cccc(C[NH2+]C2CS(=O)(=O)CC(Cc3ccc(O)c(Br)c3)C2O)c1,1.0,0.16907189357772065
bace,baseline,scaffold,0,CC(C)(C)c1cccc(C[NH2+]C2CS(=O)(=O)CC(Cc3cc(F)c(N)c(Br)c3)C2O)c1,1.0,0.47739461874084405
bace,baseline,scaffold,0,CCCOc1cc(CC2CS(=O)(=O)CC([NH2+]Cc3cccc(C(C)(C)C)c3)C2O)cc(F)c1N,1.0,0.8309262180570223
bace,baseline,scaffold,0,CNC(=O)Oc1ccc(CC2CS(=O)(=O)CC([NH2+]Cc3cccc(C(C)C)c3)C2O)cc1Br,1.0,0.3645926608752921
bace,baseline,scaffold,0,C[NH+](C)CC(=O)Nc1ccc(CC2CS(=O)(=O)CC([NH2+]Cc3cccc(C(C)(C)C)c3)C2O)cc1F,1.0,0.36919754649686715
bace,baseline,scaffold,0,CC(C)(C)c1cccc(C[NH2+]C2CS(=O)(=O)CC(Cc3cc(F)c(N)c(OCCC(F)(F)F)c3)C2O)c1,1.0,0.8585519719337309
bace,baseline,scaffold,0,COC(Cc1cc(CC2CS(=O)(=O)CC([NH2+]Cc3cccc(C(C)(C)C)c3)C2O)cc(F)c1N)C(F)(F)F,1.0,0.6515919499172432
bace,baseline,scaffold,0,COCCOc1cc(CC2CS(=O)(=O)CC([NH2+]Cc3cccc(C(C)(C)C)c3)C2O)cc(F)c1N,1.0,0.8237417515877491
bace,baseline,scaffold,0,CC(C)(C)c1cccc(C[NH2+]C2CS(=O)(=O)CC(Cc3cc(O)c(N)c(F)c3)C2O)c1,0.0,0.4405823852661114
bace,baseline,scaffold,0,CC(C)(C)c1cccc(C[NH2+]C2CS(=O)(=O)CC(Cc3ccc(N)c(OC(F)(F)F)c3)C2O)c1,0.0,0.4672145933196659
bace,baseline,scaffold,0,CCCc1cc(CC2CS(=O)(=O)CC([NH2+]Cc3cccc(C(C)(C)C)c3)C2O)cc(F)c1N,0.0,0.6423811524189325
bace,baseline,scaffold,0,CC(C)(C)c1cccc(C[NH2+]C2CS(=O)(=O)CC(Cc3cc(F)c(N)c(CCC(F)(F)F)c3)C2O)c1,0.0,0.641171805379108
bace,baseline,scaffold,0,CC(C)(C)c1cccc(C[NH2+]C2CS(=O)(=O)CC(Cc3ccc(N)c(Br)c3)C2O)c1,0.0,0.24529834481623766
bace,baseline,scaffold,0,CCCCc1cc(CC2CS(=O)(=O)CC([NH2+]Cc3cccc(C(C)C)c3)C2O)ccc1O,0.0,0.3321944287241218
bace,baseline,scaffold,0,CCCc1cc(CC2CS(=O)(=O)CC([NH2+]Cc3cccc(C(C)C)c3)C2O)ccc1O,0.0,0.18955124735625314
bace,baseline,scaffold,0,CC(C)c1cccc(C[NH2+]C2CS(=O)(=O)CC(Cc3ccc(O)c(Br)c3)C2O)c1,0.0,0.14101138508608585
bace,baseline,scaffold,0,CC(C)(C)c1cccc(C[NH2+]C2CS(=O)(=O)CC(Cc3ccc(N)c(F)c3)C2O)c1,0.0,0.2508778439291263
bace,baseline,scaffold,0,CCc1cc(CC2CS(=O)(=O)CC([NH2+]Cc3cccc(C(C)C)c3)C2O)ccc1O,0.0,0.1269346823148717
bace,baseline,scaffold,0,CC(C)(C)c1cccc(C[NH2+]C2CS(=O)(=O)CC(Cc3cccc(Br)c3)C2O)c1,0.0,0.13230348691926844
bace,baseline,scaffold,0,CCCOc1cccc(CC2CS(=O)(=O)CC([NH2+]Cc3cccc(C(C)(C)C)c3)C2O)c1,0.0,0.39544188547908177
bace,baseline,scaffold,0,CC(C)c1cccc(C[NH2+]C2CS(=O)(=O)CC(Cc3cccc(Br)c3)C2O)c1,0.0,0.10204680613662888
bace,baseline,scaffold,0,CCc1cc(CC2CS(=O)(=O)CC([NH2+]Cc3cccc(C(C)(C)C)c3)C2O)cc(F)c1N,0.0,0.5066068105147331
bace,baseline,scaffold,0,CC(C)c1cccc(C[NH2+]C2CS(=O)(=O)CC(Cc3ccc(O)c(CCO)c3)C2O)c1,0.0,0.21738647508394734
bace,baseline,scaffold,0,CC(C)c1cccc(C[NH2+]C2CS(=O)(=O)CC(Cc3ccccc3)C2O)c1,0.0,0.07551398019991777
bace,baseline,scaffold,0,CCCOCc1cccc(CC2CS(=O)(=O)CC([NH2+]Cc3cccc(C(C)C)c3)C2O)c1,0.0,0.2777004683315969
bace,baseline,scaffold,0,CC(C)c1cccc(C[NH2+]C2CS(=O)(=O)CC(Cc3ccc(O)c(CO)c3)C2O)c1,0.0,0.19213630418094857
bace,baseline,scaffold,0,CC(C)Oc1cccc(C[NH2+]C2CS(=O)(=O)CC(Cc3ccc(O)c(Br)c3)C2O)c1,0.0,0.22718272326611666
bace,baseline,scaffold,0,CC(C)(C)c1cccc(C[NH2+]C2CS(=O)(=O)CC(Cc3ccccc3)C2O)c1,0.0,0.07396692756774774
bace,baseline,scaffold,0,CC(C)c1cccc(C[NH2+]C2CS(=O)(=O)CC(Cc3ccc(O)cc3)C2O)c1,0.0,0.13217131473009067
bace,baseline,scaffold,0,CCCOc1cccc(CC2CS(=O)(=O)CC([NH2+]Cc3cccc(C(C)C)c3)C2O)c1,0.0,0.16725911343236
bace,baseline,scaffold,0,COc1ccc(CC2CS(=O)(=O)CC([NH2+]Cc3cccc(C(C)C)c3)C2O)cc1Br,0.0,0.2069914933842431
bace,baseline,scaffold,0,O=S1(=O)CC(Cc2ccc(O)c(Br)c2)C(O)C([NH2+]Cc2cc(Cl)cc(Cl)c2)C1,0.0,0.10784724810818903
bace,baseline,scaffold,0,O=S1(=O)CC(Cc2ccc(O)c(Br)c2)C(O)C([NH2+]Cc2ccccc2)C1,0.0,0.07713409455648579
bace,baseline,scaffold,0,CC(C)CC(CC(=O)NCc1cccc(F)c1)n1c(N)nc2cc(Cl)ccc21,0.0,0.11086405639096963
bace,baseline,scaffold,0,CCC(CC(=O)NCc1ccccc1)n1c(N)nc2cc(Cl)ccc21,0.0,0.04352490653019279
bace,baseline,scaffold,0,CCC(CC(=O)NCc1ccc(F)cc1)n1c(N)nc2cc(Cl)ccc21,0.0,0.09043003036978754
bace,baseline,scaffold,0,CCC(CC(=O)NCc1cccc(F)c1)n1c(N)nc2cc(Cl)ccc21,0.0,0.08602098026563854
bace,baseline,scaffold,0,CC1(c2cccc(-c3cncnc3)c2)N=C(N)CCS1,0.0,0.042796558289271286
bace,baseline,scaffold,0,COc1cccc(-c2cccc(CCc3cccc(N)n3)c2)c1,0.0,0.05768790378047371
bace,baseline,scaffold,0,CC(=O)NC(Cc1cc(F)cc(F)c1)C(O)C[NH2+]C1(c2cccc(-n3cccn3)c2)CCCOC1,0.0,0.1287302714797485
bace,baseline,scaffold,0,CC(C)(C)c1cccc(C[NH2+][C@H]2CS(=O)(=O)C[C@@H](Cc3ccc4[nH]cc(CC(F)F)c4c3)[C@@H]2O)c1,1.0,0.3536888369392511
bace,baseline,scaffold,0,CC(C)(C)c1cccc(C[NH2+]C2CS(=O)(=O)CC(Cc3ccc4[nH]cc(CC(F)(F)F)c4c3)C2O)c1,0.0,0.3003914561949572
bace,baseline,scaffold,0,CCc1c[nH]c2ccc(CC3CS(=O)(=O)CC([NH2+]Cc4cccc(C(C)(C)C)c4)C3O)cc12,0.0,0.24615499364061474
bace,baseline,scaffold,0,CC(C)(C)c1cccc(C[NH2+]C2CS(=O)(=O)CC(Cc3ccc4[nH]ccc4c3)C2O)c1,0.0,0.15603076610197542
bace,baseline,scaffold,0,Cc1cc2cc(c1)[C@@H](O)[NH2+][C@@H](c1ccccc1)C/C=C/COC[C@@H]([C@H](O)C[NH2+]Cc1cccc(C(C)C)c1)NC2=O,1.0,0.6650605685624351
bace,baseline,scaffold,0,CC(=O)NC(Cc1cc(F)cc(F)c1)C(O)C[NH2+]C1(c2cc(CC(C)(C)C)c[n+]([O-])c2)CC1,0.0,0.08632558286138793
bace,baseline,scaffold,0,Nc1nc(CCc2ccc3cc[nH]c3c2)cc(=O)[nH]1,0.0,0.10420313540105616
bace,baseline,scaffold,0,CC(=O)NC(Cc1cc(F)cc(F)c1)C(O)C[NH2+]C1(c2cccc(N3CCCOCC3=O)c2)CCCCC1,0.0,0.14064481298825277
bace,baseline,scaffold,0,COc1cccc(-c2cccc(C3(c4ccncc4)N=C(C)C(N)=N3)c2)c1,0.0,0.0639042217200071
bace,baseline,scaffold,0,CC(C)(C)C#Cc1ccccc1-c1ccc2nc(N)ccc2c1,1.0,0.14535937048332673
bace,baseline,scaffold,0,Cc1ccccc1-c1ccc2nc(N)c(CC(C)C(=O)NCCC(C)(C)C)cc2c1,1.0,0.7888326254756446
bace,baseline,scaffold,0,CC(=O)c1ccccc1-c1ccc2nc(N)c(CC(C)C(=O)NCCC(C)(C)C)cc2c1,1.0,0.6152435094478745
bace,baseline,scaffold,0,CC(C)(C)Cc1cnc2c(c1)C([NH2+]CC(O)C(Cc1ccc3c(c1)OCO3)NC(=O)C1CCCO1)CC1(CCC1)O2,1.0,0.9331559335741543
bace,baseline,scaffold,0,CC(=O)NC(Cc1cc(F)cc(F)c1)C(O)C[NH2+]C1(c2cc(C(C)(C)C)ncn2)CCCCC1,0.0,0.13650409935293847
bace,baseline,scaffold,0,NC1=[NH+][C@](c2ccccc2)(c2cccc(Cc3ccccc3)c2)C2=NCCCN21,0.0,0.09096451725495217
bace,baseline,scaffold,0,COc1ccc(Cc2cccc([C@@]3(c4ccccc4)[NH+]=C(N)N4CCCN=C43)c2)cc1,0.0,0.15723196145004717
bace,baseline,scaffold,0,NC1=[NH+]C(c2ccccc2)(c2cccc(Cc3ccc(F)cc3)c2)C2=NCCCN21,0.0,0.10266923042268906
bace,baseline,scaffold,0,Nc1cccc(Cn2c(-c3ccc(Oc4cnccn4)cc3)ccc2-c2ccccc2Cl)n1,0.0,0.2874462052033821
bace,baseline,scaffold,0,CCCN(CCC)C(=O)c1cc(C)cc(C(=O)N[C@@H](Cc2cc(F)cc(F)c2)[C@H](O)[C@H]2C[C@@H](OCC)CC[NH2+]2)c1,1.0,0.572160114013249
bace,baseline,scaffold,0,C/C=C\C=C\C[C@H]1CC[NH2+][C@@H]([C@@H](O)[C@H](Cc2cc(F)cc(F)c2)NC(=O)c2cc(C)cc(C(=O)N(CCC)CCC)c2)C1,1.0,0.3892045641726836
bace,baseline,scaffold,0,CC(=O)NC(Cc1cc(F)cc(F)c1)C(O)C[NH2+]C1(c2cccc(-c3cccs3)c2)CCCCC1,0.0,0.21861042593849156
bace,baseline,scaffold,0,CCc1cn2c3c(cc(C(=O)NC(Cc4ccccc4)C(O)C[NH2+]C4CC4)cc13)NS(=O)(=O)CCC2,0.0,0.689626915516581
bace,baseline,scaffold,0,CC1CC2(CC[NH+]1Cc1ccc3[nH]ccc3c1)CN(C)S(=O)(=O)N2c1cccc(F)c1,0.0,0.061365896911181966
bace,baseline,scaffold,0,Nc1cccc(Cn2c(-c3ccccc3)ccc2-c2ccc(C(=O)NC3CC3)cc2)n1,0.0,0.0671003411305328
bace,baseline,scaffold,0,Cc1cc2cc(n1)NCCCCOc1cccc(c1)CC(C(O)C[NH2+]Cc1cccc(C(C)C)c1)NC2=O,1.0,0.6740025466146015
bace,baseline,scaffold,0,CC(C)(C)OC1CC1C[NH2+]C1CS(=O)(=O)CC(Cc2cc(F)c(N)c(OC(C(F)(F)F)C(F)(F)F)c2)C1O,0.0,0.7481761635988606
bace,baseline,scaffold,0,CCn1nnc2c(N3CCCC3=O)cc(C(=O)NC(Cc3ccccc3)C(O)C[NH2+]Cc3cccc(C(F)(F)F)c3)cc21,1.0,0.7972145380092915
bace,baseline,scaffold,0,CCCCNC(=O)NCc1ccc(CN2C(=N)NC(CCc3ccccc3)(CC(C)C)C2=O)cc1,0.0,0.14279483207426988
bace,baseline,scaffold,0,COCC(Oc1cc(CC2CS(=O)CC([NH2+]Cc3cnn(CC(C)(C)C)c3)C2O)cc(F)c1N)C(F)(F)F,1.0,0.870002312685884
bace,baseline,scaffold,0,O=C(C1C[NH2+]CC12CCCc1nc(Cl)ccc12)N1CCC(c2ccccc2)CC1C1CCCCC1,1.0,0.3926679671626369
bace,baseline,scaffold,0,Cc1ccc2c(n1)CCCC21C[NH2+]CC1C(=O)N1CCC(c2ccccc2)CC1C1CCCCC1,1.0,0.38116348233891717
bace,baseline,scaffold,0,CC(NC(=O)c1cc(N(C)S(C)(=O)=O)cc(-n2cc(C(C)([NH3+])Cc3ccccc3)nn2)c1)c1ccc(F)cc1,0.0,0.4307676258406756
bace,baseline,scaffold,0,CC(C)(C)Cc1cnc2c(c1)C([NH2+]CC(O)C1Cc3cccc(c3)CCCCn3cc(ccc3=O)C(=O)N1)CC1(CCC1)O2,1.0,0.9492479484328898
bace,baseline,scaffold,0,CC(C)Oc1cccc(C[NH+]2CCC3(CC2C)CN(c2ccncc2)S(=O)(=O)N3c2cccc(F)c2)c1,0.0,0.12220514300847383
bace,baseline,scaffold,0,CCCCNC(=O)NCc1ccc(CN2C(=N)NC(C)(CC3CCCCC3)C2=O)cc1,0.0,0.11029630703895979
bace,baseline,scaffold,0,Cn1c(N)nc(CCc2cccc(Br)c2)cc1=O,0.0,0.05680666640150413
bace,baseline,scaffold,0,Cn1c(N)nc(CCc2ccccc2)cc1=O,0.0,0.07724851034428036
bace,baseline,scaffold,0,C[NH+]1CC(N)=NC(C)(c2cccc(NC(=O)c3ccc(Cl)cn3)c2)C1,1.0,0.14079029730584125
bace,baseline,scaffold,0,CC(=O)NC(Cc1cc(F)cc(F)c1)C(O)C[NH2+]C1(c2cccc(C(C)(C)C)c2)CC[NH2+]CC1,0.0,0.34492616161501727
bace,baseline,scaffold,0,NC1=NC2(c3cc(NC(=O)c4ccc(Cl)cn4)ccc3F)CC2COC1,1.0,0.7680632491171357
bace,baseline,scaffold,0,Cc1ccccc1-c1ccc2nc(N)c(CCC(=O)NC3CCCCC3)cc2c1,1.0,0.6617861628411602
bace,baseline,scaffold,0,Cc1ccccc1-c1ccc2nc(N)c(CCC(=O)N(C)C3CCCCC3)cc2c1,0.0,0.4718378078293309
bace,baseline,scaffold,0,CC1(C)Cc2cc(Cl)ccc2C(N[C@@H](Cc2ccccc2)c2noc(=O)[n-]2)=[NH+]1,0.0,0.05896224372305301
bace,baseline,scaffold,0,CCc1cn2c3c(cc(C(=O)NC(Cc4ccccc4)C(O)C[NH2+]C(C)(C)CCCC(C)C)cc13)N(C)S(=O)(=O)C2,1.0,0.9087893712344228
bace,baseline,scaffold,0,CCc1cn2c3c(cc(C(=O)NC(Cc4ccccc4)C(O)C[NH2+]C)cc13)N(C)S(=O)(=O)C2,1.0,0.8429563306990127
bace,baseline,scaffold,0,CN1C(=[NH2+])NC(c2ccccc2)(c2ccccc2)C1=O,1.0,0.10758645020214308
bace,baseline,scaffold,0,CC(=O)NC(Cc1cc(F)cc(F)c1)C(O)C[NH2+]C1(c2cccc(-c3ccco3)c2)CCCCC1,0.0,0.18036738342758896
bace,baseline,scaffold,0,CC(C)c1cccc(C[NH2+]C[C@@H](O)[C@@H]2COC/C=C/C[C@@H](c3ccccc3)NC(=O)c3cc(cc(N(C)S(C)(=O)=O)c3)C(=O)N2)c1,0.0,0.6344552654244384
bace,baseline,scaffold,0,CC(C)c1cccc(C[NH2+]CC(O)C2COC/C=C/C[C@H](c3ccccc3)NC(=O)c3cc(cc(N(C)S(C)(=O)=O)c3)C(=O)N2)c1,1.0,0.6344552654244384
bace,baseline,scaffold,0,Cc1cc2cc(c1)C(=O)N[C@H](c1ccccc1)C/C=C/COCC(C(O)C[NH2+]Cc1cccc(C(C)C)c1)NC2=O,0.0,0.6928895694795625
bace,baseline,scaffold,0,CC#Cc1cncc(-c2cc(Cl)c(C3(C)CC(=O)N(C)C(=[NH2+])N3)s2)c1,1.0,0.649726107997046
bace,baseline,scaffold,0,CCc1ccc2c(c1)[C@@H]([NH2+]C[C@@H](O)[C@@H]1Cc3cccc(c3)CCCCn3cc(ccc3=O)C(=O)N1)CC1(CCC1)O2,1.0,0.9282113207374946
bace,baseline,scaffold,0,Nc1cccc(Cn2c(-c3ccc(Nc4cncnc4)cc3)ccc2-c2ccccc2Cl)n1,0.0,0.40417222977937667
bace,baseline,scaffold,0,CC(=O)NC(Cc1cc(F)cc(F)c1)C(O)C[NH2+]C1(c2cccc(C(C)(C)C)c2)CCC(Nc2ccccn2)CC1,1.0,0.3343469041408551
bace,baseline,scaffold,0,CC1(C)Cc2cc(Cl)ccc2C(NC(Cc2ccccc2)c2nc3ccccc3c(=O)[nH]2)=N1,0.0,0.11901032906617776
bace,baseline,scaffold,0,COc1cccc(-c2ccc(C3CC3c3cc(=O)n(C)c(N)n3)cc2)n1,0.0,0.06185111652852309
bace,baseline,scaffold,0,CN1C(=O)C(c2cccc(-c3cccnc3)c2)(c2ccc3c(c2)CCO3)N=C1N,0.0,0.527216584657991
bace,baseline,scaffold,0,CCn1cc([C@]2(c3cccc(-c4cncnc4)c3)N=C(N)N(C)C2=O)cn1,1.0,0.7326121015808963
bace,baseline,scaffold,0,CCCCn1cc(C2(c3cccc(-c4cncnc4)c3)N=C(N)N(C)C2=O)cn1,1.0,0.7343703874438562
bace,baseline,scaffold,0,CN1C(=O)C(c2cccc(-c3cncnc3)c2)(c2cnn(CCC(C)(C)C)c2)N=C1N,1.0,0.7699259872139309
bace,baseline,scaffold,0,CC(C)Cn1cc(C2(c3cccc(-c4cncnc4)c3)N=C(N)N(C)C2=O)cn1,1.0,0.7641258546860147
bace,baseline,scaffold,0,CC(C)CCn1cc(C2(c3cccc(-c4cncnc4)c3)N=C(N)N(C)C2=O)cn1,1.0,0.7699416788107298
bace,baseline,scaffold,0,CCn1cc(C2(c3ccc(F)c(-c4cncnc4)c3)N=C(N)N(C)C2=O)cn1,1.0,0.7628936217901527
bace,baseline,scaffold,0,CC(C)n1cc(C2(c3ccc(F)c(-c4cncnc4)c3)N=C(N)N(C)C2=O)cn1,1.0,0.8145804716696683
bace,baseline,scaffold,0,CN1C(=O)C(c2cccc(-c3cncnc3)c2)(c2cnn(C)c2)N=C1N,1.0,0.5324301611478783
bace,baseline,scaffold,0,CN1C(=O)C(c2ccc(F)c(-c3cncnc3)c2)(c2cnn(CC(F)(F)F)c2)N=C1N,0.0,0.7960708886829552
bace,baseline,scaffold,0,NC1=NC2(c3cccc(NC(=O)c4ccc(Cl)cn4)c3)CC2CCS1,0.0,0.11331376685225499
bace,baseline,scaffold,0,CC1(c2cc(NC(=O)c3ccc(Cl)cn3)ccc2F)CCC2(CC2)C(N)=N1,1.0,0.6744674124391676
bace,baseline,scaffold,0,CCC[C@H](Cc1cc2cc(-c3ccccc3C)ccc2nc1N)C(=O)NCC1CCCCC1,1.0,0.7734856375001508
bace,baseline,scaffold,0,Cc1ccccc1-c1ccc2nc(N)c(CC(C)C(=O)NCC3CCCCC3)cc2c1,1.0,0.787400718619054
bace,baseline,scaffold,0,CCC(Cc1cc2cc(-c3ccccc3C)ccc2nc1N)C(=O)NCC1CCCCC1,1.0,0.7836878433298021
bace,baseline,scaffold,0,Cc1ccccc1-c1ccc2nc(N)c(CC(C(=O)NCC3CCCCC3)C(C)C)cc2c1,1.0,0.7861375323225032
bace,baseline,scaffold,0,Cc1ccccc1-c1ccc2nc(N)c(CCC(=O)NCC3CCCCC3)cc2c1,1.0,0.7055944308496124
bace,baseline,scaffold,0,CC(=O)NC(Cc1cc(F)cc(F)c1)C(O)C[NH2+]C1(c2cccc(N3C(=O)C4CCC3C4)c2)CCCCC1,0.0,0.1322197382541442
bace,baseline,scaffold,0,CCCN(CCC)C(=O)c1cccc(C(=O)NC(Cc2ccccc2)C([NH3+])CC(C)C(=O)Nc2ccc(F)cc2)c1,1.0,0.1832533605964173
bace,baseline,scaffold,0,CC(=O)NC(Cc1cc(F)cc(F)c1)C(O)C[NH2+]C1(c2cccc(N3CCOC3=O)c2)CCCCC1,0.0,0.1675397579731556
bace,baseline,scaffold,0,CC([NH2+]CC(O)C(Cc1ccccc1)NC(=O)c1cccc(OS(=O)(=O)Cc2ccccc2)c1)C(=O)NC1CCCCC1,0.0,0.16218941893218608
bace,gnn,scaffold,0,CC(C)CNC(=O)[C@H](C)[NH2+]C[C@H](Cc1ccccc1)NC(=O)c1cc(C(=O)N[C@H](C)c2ccc(F)cc2)cc(N(C)S(C)(=O)=O)c1,1.0,0.9343845248222351
bace,gnn,scaffold,0,CC(C)CNC(=O)C([NH2+]CC(Cc1ccccc1)NC(=O)c1cc(C(=O)NC(C)c2ccccc2)cc(N(C)S(C)(=O)=O)c1)C(C)O,1.0,0.9080188870429993
bace,gnn,scaffold,0,CC[C@@H](CC(=O)NCC1CCCCC1)n1c(N)nc2cc(Cl)ccc21,0.0,0.0012820143019780517
bace,gnn,scaffold,0,CCC(CC(=O)N(C)CC1CCCCC1)n1c(N)nc2cc(Cl)ccc21,0.0,0.07186975330114365
bace,gnn,scaffold,0,C#CC[NH2+]C[C@@H](O)C(Cc1ccccc1)NC(=O)c1cc2c3c(c1)c(CC)cn3CCS(=O)(=O)O2,0.0,0.9870737791061401
bace,gnn,scaffold,0,CC1(C)Cc2ccccc2/C(=[NH+]/[C@@H](Cc2ccccc2)C(=O)[O-])N1,0.0,6.117841166997096e-07
bace,gnn,scaffold,0,CC(=O)N[C@@H](Cc1cc(F)cc(F)c1)[C@H](O)C[NH2+]C1(c2cc(CC(C)(C)C)cs2)CC1,0.0,0.4642229378223419
bace,gnn,scaffold,0,CC(=O)NC(Cc1cc(F)cc(F)c1)C(O)C[NH2+]C1(c2ccc(CC(C)(C)C)s2)CC1,0.0,0.24539315700531006
bace,gnn,scaffold,0,CC(C)(C)Cn1cc(C[NH2+]C2CS(=O)(=O)CC(Cc3cc(F)c(N)c(OC(C(F)(F)F)C(F)(F)F)c3)C2O)cn1,1.0,0.9544439911842346
bace,gnn,scaffold,0,CCC(C)C1(NC(C)=O)CCN(C(CCc2ccccc2)C(=O)NC(Cc2cc(F)cc(F)c2)C(O)C2CC(Oc3cccnc3)C[NH2+]2)C1=O,1.0,0.9806344509124756
bace,gnn,scaffold,0,CC(C)(C)Cc1cnc2c(c1)C([NH2+]CC(O)C(Cc1ccc3c(c1)OCO3)NC(=O)c1ccccc1F)CC1(CCC1)O2,1.0,0.9282233715057373
bace,gnn,scaffold,0,COC(C[NH2+]Cc1ccccc1)CC(O)C(COc1cc(F)cc(F)c1)NC(=O)c1cc(C(=O)NC(C)c2ccccc2)cc(N(C)S(C)(=O)=O)c1,0.0,0.487371563911438
bace,gnn,scaffold,0,CC(=O)NC(Cc1cc(F)cc(F)c1)C(O)C[NH2+]C1(c2nc(CC(C)(C)C)cs2)CC1,0.0,0.21100778877735138
bace,gnn,scaffold,0,COc1cccc(CN2CC(C(=O)NC(Cc3ccccc3)C(O)C[NH2+]Cc3cccc(N(C)C)c3)NC2=O)c1,1.0,0.8917579054832458
bace,gnn,scaffold,0,CC(=O)NC(Cc1cc(F)cc(F)c1)C(O)C[NH2+]C1(c2cccc(C(C)(C)C)c2)CCOCC1,1.0,0.3194732367992401
bace,gnn,scaffold,0,CCOC[C@@H](Oc1cc(C[C@@H]2CS(=O)(=O)C[C@H]([NH2+]Cc3cccc(C(C)(C)C)c3)[C@H]2O)cc(F)c1N)C(F)(F)F,1.0,0.8994560837745667
bace,gnn,scaffold,0,CC(C)(C)c1cccc(C[NH2+][C@H]2CS(=O)(=O)C[C@@H](Cc3cc(F)c(N)c(C[C@H](O)C(F)(F)F)c3)[C@@H]2O)c1,1.0,0.8767299056053162
bace,gnn,scaffold,0,CC(F)(F)c1cccc(C[NH2+][C@H]2CS(=O)(=O)C[C@@H](Cc3cc(F)c(N)c(Br)c3)[C@@H]2O)c1,0.0,0.7033947110176086
bace,gnn,scaffold,0,CC(C)(C)c1cccc(C[NH2+]C2CS(=O)(=O)CC(Cc3cc(F)c(N)c(OC(C(F)(F)F)C(F)(F)F)c3)C2O)c1,1.0,0.8032559156417847
bace,gnn,scaffold,0,COC[C@@H](Oc1cc(CC2CS(=O)(=O)CC([NH2+]Cc3cccc(C(C)(C)C)c3)C2O)cc(F)c1N)C(F)(F)F,1.0,0.6731522083282471
bace,gnn,scaffold,0,CC(C)(O)c1cccc(C[NH2+]C2CS(=O)(=O)CC(Cc3cc(F)c(N)c(OC(C(F)(F)F)C(F)(F)F)c3)C2O)c1,1.0,0.8600701093673706
bace,gnn,scaffold,0,CC(C)(CO)c1cccc(C[NH2+]C2CS(=O)(=O)CC(Cc3cc(F)c(N)c(OC(C(F)(F)F)C(F)(F)F)c3)C2O)c1,1.0,0.8541132211685181
bace,gnn,scaffold,0,C[C@@H](Oc1cc(CC2CS(=O)(=O)CC([NH2+]Cc3cccc(C(C)(C)C)c3)C2O)cc(F)c1N)C(F)(F)F,1.0,0.7823562622070312
bace,gnn,scaffold,0,COCCOC[C@@H](Oc1cc(CC2CS(=O)(=O)CC([NH2+]Cc3cccc(C(C)(C)C)c3)C2O)cc(F)c1N)C(F)(F)F,1.0,0.2332257628440857
bace,gnn,scaffold,0,CC(C)(C)c1cccc(C[NH2+]C2CS(=O)(=O)CC(Cc3cc(F)c(N)c(OCC(F)F)c3)C2O)c1,1.0,0.9606006145477295
bace,gnn,scaffold,0,CC(C)(C)c1cccc(C[NH2+]C2CS(=O)(=O)CC(Cc3cc(F)c(N)c(OCC(F)(F)F)c3)C2O)c1,1.0,0.7460614442825317
bace,gnn,scaffold,0,CCc1cc(CC2CS(=O)(=O)CC([NH2+]Cc3cccc(C(C)(C)C)c3)C2O)cc(F)c1NC(C)=O,1.0,0.6315276622772217
bace,gnn,scaffold,0,CCOc1cc(CC2CS(=O)(=O)CC([NH2+]Cc3cccc(C(C)(C)C)c3)C2O)cc(F)c1N,1.0,0.7486987113952637
bace,gnn,scaffold,0,CCOC[C@H](Oc1cc(CC2CS(=O)(=O)CC([NH2+]Cc3cccc(C(C)(C)C)c3)C2O)cc(F)c1N)C(F)(F)F,1.0,0.7666264772415161
bace,gnn,scaffold,0,CC(C)(C)c1cccc(C[NH2+]C2CS(=O)(=O)CC(Cc3ccc(N)c(OCC(F)(F)F)c3)C2O)c1,1.0,0.07668250799179077
bace,gnn,scaffold,0,CC(C)(C)c1cccc(C[NH2+]C2CS(=O)(=O)CC(Cc3cc(F)c(N)c(OCCF)c3)C2O)c1,1.0,0.8390489220619202
bace,gnn,scaffold,0,CC(C)Oc1cc(CC2CS(=O)(=O)CC([NH2+]Cc3cccc(C(C)(C)C)c3)C2O)cc(F)c1N,1.0,0.8183409571647644
bace,gnn,scaffold,0,Nc1c(F)cc(CC2CS(=O)(=O)CC([NH2+]Cc3cccc(OC(F)(F)F)c3)C2O)cc1OC(C(F)(F)F)C(F)(F)F,1.0,0.8771365880966187
bace,gnn,scaffold,0,CCCOc1cc(CC2CS(=O)(=O)CC([NH2+]Cc3cccc(C(C)(C)C)c3)C2O)ccc1N,1.0,0.04037229344248772
bace,gnn,scaffold,0,CCc1cc(CC2CS(=O)(=O)CC([NH2+]Cc3cccc(C(C)(C)C)c3)C2O)cc(F)c1NC(=O)C[NH+](C)C,1.0,0.8077637553215027
bace,gnn,scaffold,0,CC(C)(C)c1cccc(C[NH2+]C2CS(=O)(=O)CC(Cc3ccc(O)c(Br)c3)C2O)c1,1.0,0.0011018997756764293
bace,gnn,scaffold,0,CC(C)(C)c1cccc(C[NH2+]C2CS(=O)(=O)CC(Cc3cc(F)c(N)c(Br)c3)C2O)c1,1.0,0.27962931990623474
bace,gnn,scaffold,0,CCCOc1cc(CC2CS(=O)(=O)CC([NH2+]Cc3cccc(C(C)(C)C)c3)C2O)cc(F)c1N,1.0,0.8222032785415649
bace,gnn,scaffold,0,CNC(=O)Oc1ccc(CC2CS(=O)(=O)CC([NH2+]Cc3cccc(C(C)C)c3)C2O)cc1Br,1.0,0.0017536960076540709
bace,gnn,scaffold,0,C[NH+](C)CC(=O)Nc1ccc(CC2CS(=O)(=O)CC([NH2+]Cc3cccc(C(C)(C)C)c3)C2O)cc1F,1.0,0.2286531627178192
bace,gnn,scaffold,0,CC(C)(C)c1cccc(C[NH2+]C2CS(=O)(=O)CC(Cc3cc(F)c(N)c(OCCC(F)(F)F)c3)C2O)c1,1.0,0.7702053189277649
bace,gnn,scaffold,0,COC(Cc1cc(CC2CS(=O)(=O)CC([NH2+]Cc3cccc(C(C)(C)C)c3)C2O)cc(F)c1N)C(F)(F)F,1.0,0.7199428081512451
bace,gnn,scaffold,0,COCCOc1cc(CC2CS(=O)(=O)CC([NH2+]Cc3cccc(C(C)(C)C)c3)C2O)cc(F)c1N,1.0,0.6128729581832886
bace,gnn,scaffold,0,CC(C)(C)c1cccc(C[NH2+]C2CS(=O)(=O)CC(Cc3cc(O)c(N)c(F)c3)C2O)c1,0.0,0.36549657583236694
bace,gnn,scaffold,0,CC(C)(C)c1cccc(C[NH2+]C2CS(=O)(=O)CC(Cc3ccc(N)c(OC(F)(F)F)c3)C2O)c1,0.0,0.07972101122140884
bace,gnn,scaffold,0,CCCc1cc(CC2CS(=O)(=O)CC([NH2+]Cc3cccc(C(C)(C)C)c3)C2O)cc(F)c1N,0.0,0.8661717176437378
bace,gnn,scaffold,0,CC(C)(C)c1cccc(C[NH2+]C2CS(=O)(=O)CC(Cc3cc(F)c(N)c(CCC(F)(F)F)c3)C2O)c1,0.0,0.7805553674697876
bace,gnn,scaffold,0,CC(C)(C)c1cccc(C[NH2+]C2CS(=O)(=O)CC(Cc3ccc(N)c(Br)c3)C2O)c1,0.0,0.003201638348400593
bace,gnn,scaffold,0,CCCCc1cc(CC2CS(=O)(=O)CC([NH2+]Cc3cccc(C(C)C)c3)C2O)ccc1O,0.0,0.003342469921335578
bace,gnn,scaffold,0,CCCc1cc(CC2CS(=O)(=O)CC([NH2+]Cc3cccc(C(C)C)c3)C2O)ccc1O,0.0,0.00225214846432209
bace,gnn,scaffold,0,CC(C)c1cccc(C[NH2+]C2CS(=O)(=O)CC(Cc3ccc(O)c(Br)c3)C2O)c1,0.0,3.166367969242856e-05
bace,gnn,scaffold,0,CC(C)(C)c1cccc(C[NH2+]C2CS(=O)(=O)CC(Cc3ccc(N)c(F)c3)C2O)c1,0.0,0.0073863547295331955
bace,gnn,scaffold,0,CCc1cc(CC2CS(=O)(=O)CC([NH2+]Cc3cccc(C(C)C)c3)C2O)ccc1O,0.0,0.0008042767294682562
bace,gnn,scaffold,0,CC(C)(C)c1cccc(C[NH2+]C2CS(=O)(=O)CC(Cc3cccc(Br)c3)C2O)c1,0.0,0.000122668978292495
bace,gnn,scaffold,0,CCCOc1cccc(CC2CS(=O)(=O)CC([NH2+]Cc3cccc(C(C)(C)C)c3)C2O)c1,0.0,0.00032198644476011395
bace,gnn,scaffold,0,CC(C)c1cccc(C[NH2+]C2CS(=O)(=O)CC(Cc3cccc(Br)c3)C2O)c1,0.0,5.0859193834185135e-06
bace,gnn,scaffold,0,CCc1cc(CC2CS(=O)(=O)CC([NH2+]Cc3cccc(C(C)(C)C)c3)C2O)cc(F)c1N,0.0,0.7943086624145508
bace,gnn,scaffold,0,CC(C)c1cccc(C[NH2+]C2CS(=O)(=O)CC(Cc3ccc(O)c(CCO)c3)C2O)c1,0.0,0.0004265126772224903
bace,gnn,scaffold,0,CC(C)c1cccc(C[NH2+]C2CS(=O)(=O)CC(Cc3ccccc3)C2O)c1,0.0,4.705058245235705e-07
bace,gnn,scaffold,0,CCCOCc1cccc(CC2CS(=O)(=O)CC([NH2+]Cc3cccc(C(C)C)c3)C2O)c1,0.0,3.1743541057949187e-06
bace,gnn,scaffold,0,CC(C)c1cccc(C[NH2+]C2CS(=O)(=O)CC(Cc3ccc(O)c(CO)c3)C2O)c1,0.0,0.00010934058809652925
bace,gnn,scaffold,0,CC(C)Oc1cccc(C[NH2+]C2CS(=O)(=O)CC(Cc3ccc(O)c(Br)c3)C2O)c1,0.0,6.843200389994308e-05
bace,gnn,scaffold,0,CC(C)(C)c1cccc(C[NH2+]C2CS(=O)(=O)CC(Cc3ccccc3)C2O)c1,0.0,1.1849612747028004e-05
bace,gnn,scaffold,0,CC(C)c1cccc(C[NH2+]C2CS(=O)(=O)CC(Cc3ccc(O)cc3)C2O)c1,0.0,6.775069323339267e-06
bace,gnn,scaffold,0,CCCOc1cccc(CC2CS(=O)(=O)CC([NH2+]Cc3cccc(C(C)C)c3)C2O)c1,0.0,1.2048790267726872e-05
bace,gnn,scaffold,0,COc1ccc(CC2CS(=O)(=O)CC([NH2+]Cc3cccc(C(C)C)c3)C2O)cc1Br,0.0,4.350633025751449e-05
bace,gnn,scaffold,0,O=S1(=O)CC(Cc2ccc(O)c(Br)c2)C(O)C([NH2+]Cc2cc(Cl)cc(Cl)c2)C1,0.0,1.356709617539309e-05
bace,gnn,scaffold,0,O=S1(=O)CC(Cc2ccc(O)c(Br)c2)C(O)C([NH2+]Cc2ccccc2)C1,0.0,1.0020257690257495e-07
bace,gnn,scaffold,0,CC(C)CC(CC(=O)NCc1cccc(F)c1)n1c(N)nc2cc(Cl)ccc21,0.0,0.003664470976218581
bace,gnn,scaffold,0,CCC(CC(=O)NCc1ccccc1)n1c(N)nc2cc(Cl)ccc21,0.0,3.2881638617254794e-05
bace,gnn,scaffold,0,CCC(CC(=O)NCc1ccc(F)cc1)n1c(N)nc2cc(Cl)ccc21,0.0,0.0011773109436035156
bace,gnn,scaffold,0,CCC(CC(=O)NCc1cccc(F)c1)n1c(N)nc2cc(Cl)ccc21,0.0,0.0006289026932790875
bace,gnn,scaffold,0,CC1(c2cccc(-c3cncnc3)c2)N=C(N)CCS1,0.0,0.01314462535083294
bace,gnn,scaffold,0,COc1cccc(-c2cccc(CCc3cccc(N)n3)c2)c1,0.0,0.011199354194104671
bace,gnn,scaffold,0,CC(=O)NC(Cc1cc(F)cc(F)c1)C(O)C[NH2+]C1(c2cccc(-n3cccn3)c2)CCCOC1,0.0,0.1556500494480133
bace,gnn,scaffold,0,CC(C)(C)c1cccc(C[NH2+][C@H]2CS(=O)(=O)C[C@@H](Cc3ccc4[nH]cc(CC(F)F)c4c3)[C@@H]2O)c1,1.0,0.44583460688591003
bace,gnn,scaffold,0,CC(C)(C)c1cccc(C[NH2+]C2CS(=O)(=O)CC(Cc3ccc4[nH]cc(CC(F)(F)F)c4c3)C2O)c1,0.0,0.01701144315302372
bace,gnn,scaffold,0,CCc1c[nH]c2ccc(CC3CS(=O)(=O)CC([NH2+]Cc4cccc(C(C)(C)C)c4)C3O)cc12,0.0,0.01383122056722641
bace,gnn,scaffold,0,CC(C)(C)c1cccc(C[NH2+]C2CS(=O)(=O)CC(Cc3ccc4[nH]ccc4c3)C2O)c1,0.0,8.516747766407207e-05
bace,gnn,scaffold,0,Cc1cc2cc(c1)[C@@H](O)[NH2+][C@@H](c1ccccc1)C/C=C/COC[C@@H]([C@H](O)C[NH2+]Cc1cccc(C(C)C)c1)NC2=O,1.0,0.24426493048667908
bace,gnn,scaffold,0,CC(=O)NC(Cc1cc(F)cc(F)c1)C(O)C[NH2+]C1(c2cc(CC(C)(C)C)c[n+]([O-])c2)CC1,0.0,0.42561835050582886
bace,gnn,scaffold,0,Nc1nc(CCc2ccc3cc[nH]c3c2)cc(=O)[nH]1,0.0,0.0007993555045686662
bace,gnn,scaffold,0,CC(=O)NC(Cc1cc(F)cc(F)c1)C(O)C[NH2+]C1(c2cccc(N3CCCOCC3=O)c2)CCCCC1,0.0,0.13108602166175842
bace,gnn,scaffold,0,COc1cccc(-c2cccc(C3(c4ccncc4)N=C(C)C(N)=N3)c2)c1,0.0,0.00018606212688609958
bace,gnn,scaffold,0,CC(C)(C)C#Cc1ccccc1-c1ccc2nc(N)ccc2c1,1.0,0.7944308519363403
bace,gnn,scaffold,0,Cc1ccccc1-c1ccc2nc(N)c(CC(C)C(=O)NCCC(C)(C)C)cc2c1,1.0,0.9597490429878235
bace,gnn,scaffold,0,CC(=O)c1ccccc1-c1ccc2nc(N)c(CC(C)C(=O)NCCC(C)(C)C)cc2c1,1.0,0.9487337470054626
bace,gnn,scaffold,0,CC(C)(C)Cc1cnc2c(c1)C([NH2+]CC(O)C(Cc1ccc3c(c1)OCO3)NC(=O)C1CCCO1)CC1(CCC1)O2,1.0,0.9659680724143982
bace,gnn,scaffold,0,CC(=O)NC(Cc1cc(F)cc(F)c1)C(O)C[NH2+]C1(c2cc(C(C)(C)C)ncn2)CCCCC1,0.0,0.10708526521921158
bace,gnn,scaffold,0,NC1=[NH+][C@](c2ccccc2)(c2cccc(Cc3ccccc3)c2)C2=NCCCN21,0.0,0.005913145374506712
bace,gnn,scaffold,0,COc1ccc(Cc2cccc([C@@]3(c4ccccc4)[NH+]=C(N)N4CCCN=C43)c2)cc1,0.0,0.01851935125887394
bace,gnn,scaffold,0,NC1=[NH+]C(c2ccccc2)(c2cccc(Cc3ccc(F)cc3)c2)C2=NCCCN21,0.0,0.09772365540266037
bace,gnn,scaffold,0,Nc1cccc(Cn2c(-c3ccc(Oc4cnccn4)cc3)ccc2-c2ccccc2Cl)n1,0.0,0.035436537116765976
bace,gnn,scaffold,0,CCCN(CCC)C(=O)c1cc(C)cc(C(=O)N[C@@H](Cc2cc(F)cc(F)c2)[C@H](O)[C@H]2C[C@@H](OCC)CC[NH2+]2)c1,1.0,0.7518642544746399
bace,gnn,scaffold,0,C/C=C\C=C\C[C@H]1CC[NH2+][C@@H]([C@@H](O)[C@H](Cc2cc(F)cc(F)c2)NC(=O)c2cc(C)cc(C(=O)N(CCC)CCC)c2)C1,1.0,0.8236290216445923
bace,gnn,scaffold,0,CC(=O)NC(Cc1cc(F)cc(F)c1)C(O)C[NH2+]C1(c2cccc(-c3cccs3)c2)CCCCC1,0.0,0.16128437221050262
bace,gnn,scaffold,0,CCc1cn2c3c(cc(C(=O)NC(Cc4ccccc4)C(O)C[NH2+]C4CC4)cc13)NS(=O)(=O)CCC2,0.0,0.9786087870597839
bace,gnn,scaffold,0,CC1CC2(CC[NH+]1Cc1ccc3[nH]ccc3c1)CN(C)S(=O)(=O)N2c1cccc(F)c1,0.0,2.8781129003618844e-05
bace,gnn,scaffold,0,Nc1cccc(Cn2c(-c3ccccc3)ccc2-c2ccc(C(=O)NC3CC3)cc2)n1,0.0,0.0001942679809872061
bace,gnn,scaffold,0,Cc1cc2cc(n1)NCCCCOc1cccc(c1)CC(C(O)C[NH2+]Cc1cccc(C(C)C)c1)NC2=O,1.0,0.8792526125907898
bace,gnn,scaffold,0,CC(C)(C)OC1CC1C[NH2+]C1CS(=O)(=O)CC(Cc2cc(F)c(N)c(OC(C(F)(F)F)C(F)(F)F)c2)C1O,0.0,0.7389882206916809
bace,gnn,scaffold,0,CCn1nnc2c(N3CCCC3=O)cc(C(=O)NC(Cc3ccccc3)C(O)C[NH2+]Cc3cccc(C(F)(F)F)c3)cc21,1.0,0.9673481583595276
bace,gnn,scaffold,0,CCCCNC(=O)NCc1ccc(CN2C(=N)NC(CCc3ccccc3)(CC(C)C)C2=O)cc1,0.0,0.0395970419049263
bace,gnn,scaffold,0,COCC(Oc1cc(CC2CS(=O)CC([NH2+]Cc3cnn(CC(C)(C)C)c3)C2O)cc(F)c1N)C(F)(F)F,1.0,0.9772297739982605
bace,gnn,scaffold,0,O=C(C1C[NH2+]CC12CCCc1nc(Cl)ccc12)N1CCC(c2ccccc2)CC1C1CCCCC1,1.0,0.1313600391149521
bace,gnn,scaffold,0,Cc1ccc2c(n1)CCCC21C[NH2+]CC1C(=O)N1CCC(c2ccccc2)CC1C1CCCCC1,1.0,0.4101894795894623
bace,gnn,scaffold,0,CC(NC(=O)c1cc(N(C)S(C)(=O)=O)cc(-n2cc(C(C)([NH3+])Cc3ccccc3)nn2)c1)c1ccc(F)cc1,0.0,0.06680477410554886
bace,gnn,scaffold,0,CC(C)(C)Cc1cnc2c(c1)C([NH2+]CC(O)C1Cc3cccc(c3)CCCCn3cc(ccc3=O)C(=O)N1)CC1(CCC1)O2,1.0,0.9880099892616272
bace,gnn,scaffold,0,CC(C)Oc1cccc(C[NH+]2CCC3(CC2C)CN(c2ccncc2)S(=O)(=O)N3c2cccc(F)c2)c1,0.0,0.018471453338861465
bace,gnn,scaffold,0,CCCCNC(=O)NCc1ccc(CN2C(=N)NC(C)(CC3CCCCC3)C2=O)cc1,0.0,0.03946632146835327
bace,gnn,scaffold,0,Cn1c(N)nc(CCc2cccc(Br)c2)cc1=O,0.0,0.0027652832213789225
bace,gnn,scaffold,0,Cn1c(N)nc(CCc2ccccc2)cc1=O,0.0,0.00027017941465601325
bace,gnn,scaffold,0,C[NH+]1CC(N)=NC(C)(c2cccc(NC(=O)c3ccc(Cl)cn3)c2)C1,1.0,0.31480637192726135
bace,gnn,scaffold,0,CC(=O)NC(Cc1cc(F)cc(F)c1)C(O)C[NH2+]C1(c2cccc(C(C)(C)C)c2)CC[NH2+]CC1,0.0,0.04064061492681503
bace,gnn,scaffold,0,NC1=NC2(c3cc(NC(=O)c4ccc(Cl)cn4)ccc3F)CC2COC1,1.0,0.0249799657613039
bace,gnn,scaffold,0,Cc1ccccc1-c1ccc2nc(N)c(CCC(=O)NC3CCCCC3)cc2c1,1.0,0.9652893543243408
bace,gnn,scaffold,0,Cc1ccccc1-c1ccc2nc(N)c(CCC(=O)N(C)C3CCCCC3)cc2c1,0.0,0.9688332676887512
bace,gnn,scaffold,0,CC1(C)Cc2cc(Cl)ccc2C(N[C@@H](Cc2ccccc2)c2noc(=O)[n-]2)=[NH+]1,0.0,2.067807969297064e-07
bace,gnn,scaffold,0,CCc1cn2c3c(cc(C(=O)NC(Cc4ccccc4)C(O)C[NH2+]C(C)(C)CCCC(C)C)cc13)N(C)S(=O)(=O)C2,1.0,0.9984166622161865
bace,gnn,scaffold,0,CCc1cn2c3c(cc(C(=O)NC(Cc4ccccc4)C(O)C[NH2+]C)cc13)N(C)S(=O)(=O)C2,1.0,0.9979315996170044
bace,gnn,scaffold,0,CN1C(=[NH2+])NC(c2ccccc2)(c2ccccc2)C1=O,1.0,0.018147090449929237
bace,gnn,scaffold,0,CC(=O)NC(Cc1cc(F)cc(F)c1)C(O)C[NH2+]C1(c2cccc(-c3ccco3)c2)CCCCC1,0.0,0.16984671354293823
bace,gnn,scaffold,0,CC(C)c1cccc(C[NH2+]C[C@@H](O)[C@@H]2COC/C=C/C[C@@H](c3ccccc3)NC(=O)c3cc(cc(N(C)S(C)(=O)=O)c3)C(=O)N2)c1,0.0,0.2649829089641571
bace,gnn,scaffold,0,CC(C)c1cccc(C[NH2+]CC(O)C2COC/C=C/C[C@H](c3ccccc3)NC(=O)c3cc(cc(N(C)S(C)(=O)=O)c3)C(=O)N2)c1,1.0,0.06568168103694916
bace,gnn,scaffold,0,Cc1cc2cc(c1)C(=O)N[C@H](c1ccccc1)C/C=C/COCC(C(O)C[NH2+]Cc1cccc(C(C)C)c1)NC2=O,0.0,0.021382879465818405
bace,gnn,scaffold,0,CC#Cc1cncc(-c2cc(Cl)c(C3(C)CC(=O)N(C)C(=[NH2+])N3)s2)c1,1.0,0.9744665026664734
bace,gnn,scaffold,0,CCc1ccc2c(c1)[C@@H]([NH2+]C[C@@H](O)[C@@H]1Cc3cccc(c3)CCCCn3cc(ccc3=O)C(=O)N1)CC1(CCC1)O2,1.0,0.9248138070106506
bace,gnn,scaffold,0,Nc1cccc(Cn2c(-c3ccc(Nc4cncnc4)cc3)ccc2-c2ccccc2Cl)n1,0.0,0.128240704536438
bace,gnn,scaffold,0,CC(=O)NC(Cc1cc(F)cc(F)c1)C(O)C[NH2+]C1(c2cccc(C(C)(C)C)c2)CCC(Nc2ccccn2)CC1,1.0,0.25309351086616516
bace,gnn,scaffold,0,CC1(C)Cc2cc(Cl)ccc2C(NC(Cc2ccccc2)c2nc3ccccc3c(=O)[nH]2)=N1,0.0,1.1639531294349581e-05
bace,gnn,scaffold,0,COc1cccc(-c2ccc(C3CC3c3cc(=O)n(C)c(N)n3)cc2)n1,0.0,6.453515652538044e-06
bace,gnn,scaffold,0,CN1C(=O)C(c2cccc(-c3cccnc3)c2)(c2ccc3c(c2)CCO3)N=C1N,0.0,0.3968260884284973
bace,gnn,scaffold,0,CCn1cc([C@]2(c3cccc(-c4cncnc4)c3)N=C(N)N(C)C2=O)cn1,1.0,0.610611081123352
bace,gnn,scaffold,0,CCCCn1cc(C2(c3cccc(-c4cncnc4)c3)N=C(N)N(C)C2=O)cn1,1.0,0.7615640759468079
bace,gnn,scaffold,0,CN1C(=O)C(c2cccc(-c3cncnc3)c2)(c2cnn(CCC(C)(C)C)c2)N=C1N,1.0,0.6685296297073364
bace,gnn,scaffold,0,CC(C)Cn1cc(C2(c3cccc(-c4cncnc4)c3)N=C(N)N(C)C2=O)cn1,1.0,0.6537026762962341
bace,gnn,scaffold,0,CC(C)CCn1cc(C2(c3cccc(-c4cncnc4)c3)N=C(N)N(C)C2=O)cn1,1.0,0.695740818977356
bace,gnn,scaffold,0,CCn1cc(C2(c3ccc(F)c(-c4cncnc4)c3)N=C(N)N(C)C2=O)cn1,1.0,0.7849574685096741
bace,gnn,scaffold,0,CC(C)n1cc(C2(c3ccc(F)c(-c4cncnc4)c3)N=C(N)N(C)C2=O)cn1,1.0,0.717101514339447
bace,gnn,scaffold,0,CN1C(=O)C(c2cccc(-c3cncnc3)c2)(c2cnn(C)c2)N=C1N,1.0,0.649095892906189
bace,gnn,scaffold,0,CN1C(=O)C(c2ccc(F)c(-c3cncnc3)c2)(c2cnn(CC(F)(F)F)c2)N=C1N,0.0,0.6495087146759033
bace,gnn,scaffold,0,NC1=NC2(c3cccc(NC(=O)c4ccc(Cl)cn4)c3)CC2CCS1,0.0,6.785146979382262e-05
bace,gnn,scaffold,0,CC1(c2cc(NC(=O)c3ccc(Cl)cn3)ccc2F)CCC2(CC2)C(N)=N1,1.0,0.4692733883857727
bace,gnn,scaffold,0,CCC[C@H](Cc1cc2cc(-c3ccccc3C)ccc2nc1N)C(=O)NCC1CCCCC1,1.0,0.9805035591125488
bace,gnn,scaffold,0,Cc1ccccc1-c1ccc2nc(N)c(CC(C)C(=O)NCC3CCCCC3)cc2c1,1.0,0.9486428499221802
bace,gnn,scaffold,0,CCC(Cc1cc2cc(-c3ccccc3C)ccc2nc1N)C(=O)NCC1CCCCC1,1.0,0.9585950970649719
bace,gnn,scaffold,0,Cc1ccccc1-c1ccc2nc(N)c(CC(C(=O)NCC3CCCCC3)C(C)C)cc2c1,1.0,0.9458210468292236
bace,gnn,scaffold,0,Cc1ccccc1-c1ccc2nc(N)c(CCC(=O)NCC3CCCCC3)cc2c1,1.0,0.9618791937828064
bace,gnn,scaffold,0,CC(=O)NC(Cc1cc(F)cc(F)c1)C(O)C[NH2+]C1(c2cccc(N3C(=O)C4CCC3C4)c2)CCCCC1,0.0,0.3458646535873413
bace,gnn,scaffold,0,CCCN(CCC)C(=O)c1cccc(C(=O)NC(Cc2ccccc2)C([NH3+])CC(C)C(=O)Nc2ccc(F)cc2)c1,1.0,0.07041341811418533
bace,gnn,scaffold,0,CC(=O)NC(Cc1cc(F)cc(F)c1)C(O)C[NH2+]C1(c2cccc(N3CCOC3=O)c2)CCCCC1,0.0,0.13486738502979279
bace,gnn,scaffold,0,CC([NH2+]CC(O)C(Cc1ccccc1)NC(=O)c1cccc(OS(=O)(=O)Cc2ccccc2)c1)C(=O)NC1CCCCC1,0.0,0.0030925895553082228
bace,baseline,scaffold,1,CCOC[C@H]1CCCCN1C(=O)n1cc(C(=O)N[C@@H](Cc2cc(F)cc(F)c2)[C@H](O)C[NH2+]Cc2cccc(OC)c2)c2cccnc21,1.0,0.7486393348177943
bace,baseline,scaffold,1,COC[C@H]1CCCCN1C(=O)n1cc(C(=O)N[C@@H](Cc2cc(F)cc(F)c2)[C@H](O)C[NH2+]Cc2cccc(OC)c2)c2cccnc21,1.0,0.766257154744947
bace,baseline,scaffold,1,COc1ccc(C2(c3cccc(-c4cccnc4)c3)N=C(N)N(C)C2=O)cc1OC1CCCC1,1.0,0.6386259744474918
bace,baseline,scaffold,1,CN1C(=O)C(c2cccc(NC(=O)c3ccc4c(c3)OCO4)c2)(C2CCCCC2)N=C1N,0.0,0.2089251330828273
bace,baseline,scaffold,1,CC(=O)NC(Cc1cc(F)cc(F)c1)C(O)C[NH2+]C1(c2cccc(C(C)(C)C)c2)CCC(Nc2ccccn2)CC1,1.0,0.40793279796498366
bace,baseline,scaffold,1,CCc1c[nH]c2c(N3CCCC3=O)cc(C(=O)NC(Cc3ccccc3)C(O)C[NH2+]Cc3cccc(C(F)(F)F)c3)cc12,1.0,0.8731761634659146
bace,baseline,scaffold,1,CCc1cn(C)c2c(N3CCCC3=O)cc(C(=O)NC(Cc3ccccc3)C(O)C[NH2+]Cc3cccc(C(F)(F)F)c3)cc12,1.0,0.7277823227621316
bace,baseline,scaffold,1,CC(=O)NC(Cc1cc(F)cc(F)c1)C(O)C[NH2+]C1(c2cccc(C(C)(C)C)c2)CCC(=O)NC1,1.0,0.5968329790399082
bace,baseline,scaffold,1,Cc1ccccc1-c1ccc2nc(N)c(CC(C)C(=O)NCc3cncs3)cc2c1,1.0,0.9063339407993855
bace,baseline,scaffold,1,C[C@@]1(c2cc(NC(=O)c3ccc(C#N)cn3)ccc2F)C[C@@H](C(F)(F)F)OC(N)=N1,1.0,0.8520029216416315
bace,baseline,scaffold,1,C[C@]1(c2cc(NC(=O)c3ccc(C#N)cn3)ccc2F)N=C(N)O[C@H](C(F)(F)F)[C@@H]1F,1.0,0.7975072123003453
bace,baseline,scaffold,1,N#Cc1ccc(C(=O)Nc2ccc(F)c([C@]3(CF)C[C@@H](C(F)(F)F)OC(N)=N3)c2)nc1,1.0,0.7984768181973542
bace,baseline,scaffold,1,C[C@]1(c2cc(NC(=O)c3ccc(C#N)cn3)ccc2F)N=C(N)OCC1(F)F,1.0,0.800397066632845
bace,baseline,scaffold,1,C[C@]1(c2cc(NC(=O)c3ccc(C#N)cn3)ccc2F)N=C(N)OC[C@@H]1F,1.0,0.6834832876985557
bace,baseline,scaffold,1,C[C@]1(c2cc(NC(=O)c3ccc(C#N)cn3)ccc2F)N=C(N)O[C@@H](C(F)(F)F)[C@@H]1F,1.0,0.7975072123003453
bace,baseline,scaffold,1,N#Cc1ccc(C(=O)Nc2ccc(F)c([C@@]3(CF)N=C(N)OCC3(F)F)c2)nc1,1.0,0.7516012570343278
bace,baseline,scaffold,1,C[C@@]1(c2cc(NC(=O)c3ccc(C#N)cn3)ccc2F)CCOC(N)=N1,1.0,0.6537838049531751
bace,baseline,scaffold,1,N#Cc1ccc(C(=O)Nc2ccc(F)c([C@]3(C(F)F)CCOC(N)=N3)c2)nc1,1.0,0.7409712928818571
bace,baseline,scaffold,1,N#Cc1ccc(C(=O)Nc2ccc(F)c([C@@]3(CF)N=C(N)OC[C@@H]3F)c2)nc1,1.0,0.7033477418756251
bace,baseline,scaffold,1,CCOc1ccc(C(=O)Nc2ccc(F)c([C@@]3(C)N=C(N)OCC3(F)F)c2)nc1,0.0,0.8700832886323097
bace,baseline,scaffold,1,C[C@]1(c2cc(NC(=O)c3ccc(C#N)cn3)ccc2F)N=C(N)OC[C@H]1F,0.0,0.6834832876985557
bace,baseline,scaffold,1,C[C@@]1(c2cc(NC(=O)c3ccc(C#N)cn3)ccc2F)C[C@H](C(F)(F)F)OC(N)=N1,0.0,0.8520029216416315
bace,baseline,scaffold,1,Cc1cc(Cl)cnc1C(=O)Nc1ccc(F)c(C2(C)N=C(N)OCC2(F)F)c1,1.0,0.8661004147640493
bace,baseline,scaffold,1,CC1(c2cc(NC(=O)c3ccc(Cl)cn3)ccc2F)N=C(N)OCC1(F)F,1.0,0.8104074479959209
bace,baseline,scaffold,1,CC1(c2cc(NC(=O)c3ncc(Cl)cc3Cl)ccc2F)N=C(N)OCC1(F)F,1.0,0.8404525232927061
bace,baseline,scaffold,1,C#Cc1ccc(C(=O)Nc2ccc(F)c(C3(C)N=C(N)OCC3(F)F)c2)nc1,1.0,0.8772990555796111
bace,baseline,scaffold,1,CC1(c2cc(NC(=O)c3ncc(Cl)cc3Cl)ccc2F)CCOC(N)=N1,1.0,0.914570142037548
bace,baseline,scaffold,1,CC1(c2cc(NC(=O)c3ccc(OC(F)(F)C(F)F)cn3)ccc2F)N=C(N)OCC1(F)F,1.0,0.8395475058390448
bace,baseline,scaffold,1,COc1ccc(C(=O)Nc2ccc(F)c(C3(C)N=C(N)OCC3(F)F)c2)nc1,1.0,0.8105435634405156
bace,baseline,scaffold,1,CC1(c2cc(NC(=O)c3ccc(OC(F)(F)F)cn3)ccc2F)N=C(N)OCC1(F)F,1.0,0.7801608869324969
bace,baseline,scaffold,1,CC1(c2cc(NC(=O)c3ccc(F)cn3)ccc2F)N=C(N)OCC1(F)F,1.0,0.6751446224898138
bace,baseline,scaffold,1,Cc1ccc(C(=O)Nc2ccc(F)c(C3(C)N=C(N)OCC3(F)F)c2)nc1,1.0,0.6985595701152538
bace,baseline,scaffold,1,CC1(c2cc(NC(=O)c3ccc(OCC(F)(F)F)cn3)ccc2F)N=C(N)OCC1(F)F,0.0,0.840972968487584
bace,baseline,scaffold,1,CC1(c2cc(NC(=O)c3ccc(Cl)cn3)ccc2F)CCOC(N)=N1,0.0,0.5886783642412284
bace,baseline,scaffold,1,CC1(c2cc(NC(=O)c3ccccn3)ccc2F)N=C(N)OCC1(F)F,0.0,0.16656011413185356
bace,baseline,scaffold,1,CC1(C)Cc2cc(Cl)ccc2C(N[C@@H](Cc2ccccc2)c2nc3ccncc3c(=O)[nH]2)=[NH+]1,0.0,0.1184569979014976
bace,baseline,scaffold,1,CC(=O)NC(Cc1cc(F)cc(F)c1)C(O)C[NH2+]C1(c2cccc(C3CCCCO3)c2)CC1,0.0,0.03532898660040869
bace,baseline,scaffold,1,COCCC#Cc1cccc(C2(c3ccc(OC(F)F)cc3)N=C(N)N3CC(F)(F)CN=C32)c1,1.0,0.689343938627686
bace,baseline,scaffold,1,NC1=NC(c2ccc(OC(F)F)cc2)(c2cccc(C#COCCCF)c2)C2=NCC(F)(F)CN12,1.0,0.46983080070818134
bace,baseline,scaffold,1,COc1ccc(C2(c3cccc(Br)c3)N=C(N)N3CC(F)(F)CN=C32)cc1,0.0,0.11851702785350897
bace,baseline,scaffold,1,CCCCN(C)C(=O)n1cc(C(=O)NC(Cc2cc(F)cc(F)c2)C(O)C[NH2+]Cc2cccc(OC)c2)c2cc(C(=O)OCc3ccccc3)ccc21,0.0,0.8101416472994193
bace,baseline,scaffold,1,CN1C(=O)[C@]2(CC(C)(C)Cc3ccc(-c4cncnc4)cc32)N=C1N,1.0,0.10412205718203134
bace,baseline,scaffold,1,CN1C(=O)C2(CC(C)(C)C(F)(F)c3ccc(-c4cncnc4)cc32)N=C1N,0.0,0.5293688667316111
bace,baseline,scaffold,1,NC1=NC2(c3cccc(NC(=O)c4ccc(Cl)cn4)c3)CC2CS1,0.0,0.0512070542490189
bace,baseline,scaffold,1,CC1CC2(CC[NH+]1Cc1ccc3[nH]ccc3c1)CN(C)S(=O)(=O)N2c1cccc(F)c1,0.0,0.02754118404302079
bace,baseline,scaffold,1,CC1(C)Cc2cc(Cl)ccc2C(NC(Cc2ccccc2)c2ncc(C#N)c(=O)[nH]2)=N1,0.0,0.133955932559115
bace,baseline,scaffold,1,CC1(C)Cc2cc(Cl)ccc2C(NC(Cc2ccccc2)c2ncc(Cl)c(=O)[nH]2)=N1,0.0,0.08311822624238825
bace,baseline,scaffold,1,CC1(C)Cc2cc(Cl)ccc2C(NC(Cc2ccccc2)c2ncc(I)c(=O)[nH]2)=N1,0.0,0.2634403590839487
bace,baseline,scaffold,1,CC1(C)Cc2cc(Cl)ccc2C(NC(Cc2ccccc2)c2nccc(=O)[nH]2)=N1,0.0,0.03255838880941637
bace,baseline,scaffold,1,CC#Cc1cncc(-c2cccc(C3(C4CC4)NC(=[NH2+])N(C)C3=O)c2)c1,1.0,0.8578990322304947
bace,baseline,scaffold,1,CN1C(=[NH2+])NC(c2cccc(-c3cncc(Cl)c3)c2)(C2CC2)C1=O,1.0,0.1826055001086226
bace,baseline,scaffold,1,CCC(C)C1(NC(C)=O)CCN(C(CCc2ccccc2)C(=O)NC(Cc2cc(F)cc(F)c2)C(O)C2CC(OCc3ccccn3)C[NH2+]2)C1=O,1.0,0.9486726848020562
bace,baseline,scaffold,1,CCc1cn2c3c(cc(C(=O)NC(Cc4ccccc4)C(O)C[NH2+]C(C)(C)CCCC(C)C)cc13)N(C)S(=O)(=O)CC2,1.0,0.9530870599021573
bace,baseline,scaffold,1,CCc1cn2c3c(cc(C(=O)NC(Cc4ccccc4)C(O)C[NH2+]CCC(F)(F)F)cc13)N(C)S(=O)(=O)CC2,1.0,0.9595874088060826
bace,baseline,scaffold,1,CCc1cn2c3c(cc(C(=O)NC(Cc4ccccc4)C(O)C[NH2+]C)cc13)N(C)S(=O)(=O)CC2,1.0,0.7423300266926309
bace,baseline,scaffold,1,CCc1cn2c3c(cc(C(=O)N[C@@H](Cc4ccccc4)[C@H](O)C[NH2+]C(C)CC)cc13)N(C)S(=O)(=O)CC2,1.0,0.8619163355273939
bace,baseline,scaffold,1,CC[NH2+]CC(O)C(Cc1ccccc1)NC(=O)c1cc2c3c(c1)c(CC)cn3CCS(=O)(=O)N2C,1.0,0.7233096775054706
bace,baseline,scaffold,1,CCc1cn2c3c(cc(C(=O)NC(Cc4ccccc4)[C@H](O)C[NH2+]CCF)cc13)N(C)S(=O)(=O)CC2,1.0,0.846040549805664
bace,baseline,scaffold,1,C#CC[NH2+]C[C@@H](O)C(Cc1ccccc1)NC(=O)c1cc2c3c(c1)c(CC)cn3CCS(=O)(=O)N2C,1.0,0.8573924994267262
bace,baseline,scaffold,1,CC(C)C[C@H](NC(=O)[C@@H](NC(=O)[C@@H]([NH3+])CNC(=O)c1nnn[n-]1)C(C)C)C(=O)NC[C@](O)(CCc1ccccc1)C(=O)Nc1cccc(C(=O)[O-])c1,0.0,0.693379010459049
bace,baseline,scaffold,1,CS(=O)(=O)N(c1cccc(C(=O)NC(Cc2ccccc2)C(O)C[NH2+]Cc2cccc(C(F)(F)F)c2)c1)c1ccccn1,0.0,0.50478830082271
bace,baseline,scaffold,1,Cn1c(N)nc(C2CC2c2ccc(-c3ccsc3)cc2)cc1=O,0.0,0.02866146109895653
bace,baseline,scaffold,1,Cn1c(N)nc(CCc2cccc(Br)c2)cc1=O,0.0,0.0440569342512016
bace,baseline,scaffold,1,Cn1c(N)nc(CCc2ccccc2)cc1=O,0.0,0.10374160191959383
bace,baseline,scaffold,1,COCC(=O)NC(Cc1cccc(-c2cncs2)c1)C(O)C[NH2+]C1CC2(CCC2)Oc2ncc(CC(C)(C)C)cc21,1.0,0.9857991704215688
bace,baseline,scaffold,1,COc1cccc(-c2cccc(C3(C4CCOCC4)N=C(C)C(N)=N3)c2)c1,0.0,0.031009346817588126
bace,baseline,scaffold,1,NC1=NC2(c3cc(NC(=O)c4ccc(Cl)cn4)ccc3F)CC2COC1,1.0,0.6519009688684924
bace,baseline,scaffold,1,CCNc1cc(C(=O)N[C@@H](Cc2ccccc2)[C@H](O)C[NH2+]Cc2cccc(OC)c2)cc2c1CCCS(=O)(=O)N2C,1.0,0.8022876242874325
bace,baseline,scaffold,1,CCNc1cc(C(=O)NC(Cc2ccccc2)C(O)C[NH2+]Cc2cccc(C(F)(F)F)c2)cc2c1CCCS(=O)(=O)N2C,1.0,0.8968843796921603
bace,baseline,scaffold,1,NC1=NC2(c3cccc(NC(=O)c4ccccn4)c3)CCCCC2O1,0.0,0.017437114962111814
bace,baseline,scaffold,1,NC1=NC(c2ccncc2)(c2cccc(-c3cncnc3)c2)C2=NCC(F)(F)CN12,0.0,0.3313396747545731
bace,baseline,scaffold,1,CC1(C)Cc2cc(Cl)ccc2C(NC(Cc2cscc2C2CC2)C(=O)[O-])=N1,0.0,0.022028444771527746
bace,baseline,scaffold,1,CCCCN(C)C(=O)n1cc(C(=O)NC(Cc2ccccc2)C(O)CNS(=O)(=O)c2cccc(OC)c2)c2cccnc21,0.0,0.24913082968705136
bace,baseline,scaffold,1,NC1=[NH+]C(c2ccc(OC(F)(F)F)cc2)(c2cccc(-c3cccnc3F)c2)C2=NCCCCN21,1.0,0.37956267299139557
bace,baseline,scaffold,1,Cn1c(N)nc(C2CC2c2ccc(-c3cccc(OCC4CC4)c3)cc2)cc1=O,0.0,0.029756721302654273
bace,baseline,scaffold,1,CC(=O)NC(Cc1cc(F)cc(F)c1)C(O)C[NH2+]C1(c2cccc(C(C)(C)C)c2)CCc2nc(N)ncc2C1,1.0,0.5107839975497708
bace,baseline,scaffold,1,CC(=O)NC(Cc1cc(F)cc(F)c1)C(O)C[NH2+]C1(c2cccc(C(C)(C)C)c2)CCc2nc(C)ncc2C1,1.0,0.37745792961111013
bace,baseline,scaffold,1,CC([NH2+]CC(O)C(Cc1ccccc1)NC(=O)c1cccc(S(=O)(=O)Cc2ccccc2)c1)C(=O)NC1CCCCC1,0.0,0.050762797867509805
bace,baseline,scaffold,1,Nc1cccc(Cn2c(-c3ccc(Oc4ccncc4)cc3)ccc2-c2ccccc2Cl)n1,0.0,0.047579255302255596
bace,baseline,scaffold,1,CCCN(CCC)C(=O)c1cc(C)cc(C(=O)N[C@@H](Cc2cc(F)cc(F)c2)[C@H](O)[C@H]2CN(C(=O)c3ccccc3)CC[NH2+]2)c1,0.0,0.9358710528832757
bace,baseline,scaffold,1,CN1C(=O)C2(CC(C)(C)Oc3ccc(N4CCCCC4)cc32)N=C1N,0.0,0.06788285214557029
bace,baseline,scaffold,1,CC(C)Oc1cccc(C[NH+]2CCC3(CC2C)CN(c2ccncc2)S(=O)(=O)N3c2cccc(F)c2)c1,0.0,0.032964430365854974
bace,baseline,scaffold,1,NC1=NC(c2ccccc2)(C2CCCCC2)C(=O)N1CC1CCCO1,0.0,0.028648535113223746
bace,baseline,scaffold,1,C[C@]1(c2cccc(-c3cccc(Cl)c3)c2)[NH+]=C(N)CCO1,0.0,0.02768753970456717
bace,baseline,scaffold,1,CC(=O)NC(Cc1cc(F)cc(F)c1)C(O)C[NH2+]C1(c2cccc(C(C)(C)C)c2)CCOCC1,1.0,0.2161193166741248
bace,baseline,scaffold,1,CC(=O)NC(Cc1cc(F)cc(F)c1)C(O)C[NH2+]C1(c2csc(C(C)C)c2)CCCCC1,0.0,0.05139848397255717
bace,baseline,scaffold,1,CN1C(=O)C(c2ccncc2)(c2cccc(-c3cnccn3)c2)N=C1N,1.0,0.7139602844132121
bace,baseline,scaffold,1,O=C(C1C[NH2+]CC1c1ccccc1Br)N1CCCCC1c1ccccc1,0.0,0.04731383886652703
bace,baseline,scaffold,1,COCCCC1NC(=O)c2cc(cc(N(C)S(C)(=O)=O)c2)C(=O)NC(C(O)CC(C(=O)NCC(C)C)C(C)C)COCc2cccc1c2,0.0,0.14013249366695296
bace,baseline,scaffold,1,COCCOC1NC(=O)c2cc(cc(N(C)S(C)(=O)=O)c2)C(=O)NC(C(O)CC(C(=O)NCC(C)C)C(C)C)COCc2cccc1c2,0.0,0.2189442156541614
bace,baseline,scaffold,1,CCNc1cc(C(=O)N[C@@H](Cc2ccccc2)[C@H](O)C[NH2+][C@@H](C)C(=O)NC2CCCCC2)cc(N(c2ccccc2)S(C)(=O)=O)c1,1.0,0.5692109955381836
bace,baseline,scaffold,1,C[C@H]([NH2+]C[C@@H](O)[C@H](Cc1ccccc1)NC(=O)c1cccc(N(c2ccccc2)S(C)(=O)=O)c1)C(=O)NC1CCCCC1,1.0,0.07281509933760717
bace,baseline,scaffold,1,CC([NH2+]CC(O)C(Cc1ccccc1)NC(=O)c1cccc(N(c2cccc(C#N)c2)S(C)(=O)=O)c1)C(=O)NC1CCCCC1,1.0,0.2026131266863315
bace,baseline,scaffold,1,CC([NH2+]CC(O)C(Cc1ccccc1)NC(=O)c1cccc(N(c2ccc(Cl)cc2)S(C)(=O)=O)c1)C(=O)NC1CCCCC1,1.0,0.17196049039459582
bace,baseline,scaffold,1,COc1ccc(N(c2cccc(C(=O)NC(Cc3ccccc3)C(O)C[NH2+]C(C)C(=O)NC3CCCCC3)c2)S(C)(=O)=O)cc1,1.0,0.11431162502634057
bace,baseline,scaffold,1,CC([NH2+]CC(O)C(Cc1ccccc1)NC(=O)c1cccc(N(c2cc(Cl)cc(Cl)c2)S(C)(=O)=O)c1)C(=O)NC1CCCCC1,1.0,0.3011601428453916
bace,baseline,scaffold,1,COc1cccc(N(c2cccc(C(=O)NC(Cc3ccccc3)C(O)C[NH2+]C(C)C(=O)NC3CCCCC3)c2)S(C)(=O)=O)c1,1.0,0.11443964074769546
bace,baseline,scaffold,1,CC([NH2+]CC(O)C(Cc1ccccc1)NC(=O)c1cccc(N(c2ccc(C(F)(F)F)cc2)S(C)(=O)=O)c1)C(=O)NC1CCCCC1,1.0,0.20358311209932725
bace,baseline,scaffold,1,COc1ccccc1N(c1cccc(C(=O)NC(Cc2ccccc2)C(O)C[NH2+]C(C)C(=O)NC2CCCCC2)c1)S(C)(=O)=O,0.0,0.12878973647316744
bace,baseline,scaffold,1,CC([NH2+]CC(O)C(Cc1ccccc1)NC(=O)c1cccc(N(c2ccc(C#N)cc2)S(C)(=O)=O)c1)C(=O)NC1CCCCC1,0.0,0.16181118037610354
bace,baseline,scaffold,1,CC([NH2+]CC(O)C(Cc1ccccc1)NC(=O)c1cccc(N(c2ccccc2C#N)S(C)(=O)=O)c1)C(=O)NC1CCCCC1,0.0,0.162609869994682
bace,baseline,scaffold,1,CC(=O)N(c1ccccc1)c1cccc(C(=O)NC(Cc2ccccc2)C(O)C[NH2+]C(C)C(=O)NC2CCCCC2)c1,0.0,0.10242222596078103
bace,baseline,scaffold,1,CC([NH2+]CC(O)C(Cc1ccccc1)NC(=O)c1cccc(Nc2ccccc2)c1)C(=O)NC1CCCCC1,0.0,0.11237973049692018
bace,baseline,scaffold,1,CC1(C)Cc2cc(Cl)ccc2C(NC(Cc2ccccc2)c2nnco2)=N1,0.0,0.020762208719103104
bace,baseline,scaffold,1,Cc1nnc(C(Cc2ccccc2)NC2=NC(C)(C)Cc3cc(Cl)ccc32)o1,0.0,0.049524277156430555
bace,baseline,scaffold,1,C[NH+]1CCC(NC(=O)CCCn2c(N)nc3cc(Cl)ccc32)CC1,0.0,0.053174554942033665
bace,baseline,scaffold,1,CN1CC(C)(c2cc(NC(=O)c3ccc(Cl)cn3)ccc2F)N=C(N)C1=O,1.0,0.7803984239181989
bace,baseline,scaffold,1,CN1CC(C)(c2cccc(NC(=O)c3ccc(Cl)cn3)c2)N=C(N)C1=O,0.0,0.26546662133015164
bace,baseline,scaffold,1,CN1C[C@](C)(c2cccc(NC(=O)c3ccc(Cl)cn3)c2)N=C(N)C1=O,0.0,0.26546662133015164
bace,baseline,scaffold,1,CN1C[C@](C)(c2cc(NC(=O)c3ccc(Cl)cn3)ccc2F)N=C(N)C1=O,0.0,0.7803984239181989
bace,baseline,scaffold,1,CN1C(=O)C2(CC(C)(C)Cc3ccc(-c4cccc(C#N)c4)cc32)N=C1N,1.0,0.9140017210680254
bace,baseline,scaffold,1,CN1C(=O)C2(CC(C)(C)Cc3ccc(-c4cc(F)cc(Cl)c4)cc32)N=C1N,1.0,0.7395490470926795
bace,baseline,scaffold,1,COc1cccc(-c2cccc([C@@]3(c4ccncc4)[NH+]=C(N)N4CC(F)(F)CN=C43)c2)c1F,1.0,0.5836544630119899
bace,baseline,scaffold,1,CC(=O)NC(Cc1cc(F)cc(F)c1)C(O)C[NH2+]C1(c2cccc(-c3ccsc3)c2)CCCCC1,1.0,0.10496083766099892
bace,baseline,scaffold,1,Nc1ncccc1CCc1cccc(Cl)c1,0.0,0.13935315682093502
bace,baseline,scaffold,1,CCN1CCN2CCS(=O)(=O)N(C)c3cc(C(=O)N[C@@H](Cc4ccccc4)[C@H](O)C[NH2+]Cc4cccc(OC)c4)cc1c32,1.0,0.9151002596699921
bace,baseline,scaffold,1,COc1cccc(-c2cccc(CCc3cc(=O)n(C)c(N)n3)c2)c1,0.0,0.04450383320782759
bace,baseline,scaffold,1,Cn1c(N)nc(CCc2cccc(-c3ccccc3)c2)cc1=O,0.0,0.025423660197178427
bace,baseline,scaffold,1,COc1ccc(F)c(-c2cccc(C3(c4ccncc4)N=C(N)N4CC(F)(F)CN=C43)c2)c1,1.0,0.5959329504253393
bace,baseline,scaffold,1,COc1cccc(-c2cccc(C3(c4ccncc4)N=C(N)N4CCCN=C43)c2)c1F,1.0,0.4677450759773972
bace,baseline,scaffold,1,Cn1c(N)nc(C2CC2c2ccc(-c3cccs3)cc2)cc1=O,0.0,0.012831727972125643
bace,baseline,scaffold,1,Cc1csc(-c2ccc(C3CC3c3cc(=O)n(C)c(N)n3)cc2)c1,0.0,0.02149637665460519
bace,baseline,scaffold,1,Cc1ccc(-c2ccc(C3CC3c3cc(=O)n(C)c(N)n3)cc2)s1,0.0,0.02149637665460519
bace,baseline,scaffold,1,CCc1cn2c3c(cc(C(=O)N[C@@H](Cc4ccccc4)[C@H](O)C[NH2+]Cc4cccc(OC)c4)cc13)N(C)S(=O)(=O)CC2,1.0,0.9051204001290384
bace,baseline,scaffold,1,CCc1cn2c3c(cc(C(=O)N[C@@H](Cc4ccccc4)[C@H](O)C[NH2+]Cc4cccc(C(F)(F)F)c4)cc13)N(C)S(=O)(=O)CC2,1.0,0.9496272991065967
bace,baseline,scaffold,1,CCc1cn2c3c(cc(C(=O)NC(Cc4ccccc4)[C@H](O)C[NH2+]Cc4cccc(OC)c4)cc13)NS(=O)(=O)CC2,1.0,0.8169290919458453
bace,baseline,scaffold,1,Nc1cccc(Cn2c(-c3ccccc3)ccc2-c2ccc(C(=O)NC3CCC3)cc2)n1,0.0,0.04935963130683142
bace,baseline,scaffold,1,CCC[C@@H]1C(C(=O)NOCc2ccccc2)=C(C)N(S(C)(=O)=O)C(C)=C1C(=O)N[C@@H](Cc1ccccc1)[C@H](O)C[NH2+]C1CC1,0.0,0.057667222869773126
bace,baseline,scaffold,1,CC1=C(C(=O)NOCc2ccccc2)[C@H](C)C(C(=O)N[C@@H](Cc2ccccc2)[C@H](O)C[NH2+]C2CC2)=C(C)N1CC(=O)OC(C)C,0.0,0.053125311273456655
bace,baseline,scaffold,1,CC[C@H]1C(C(=O)NOCc2ccccc2)=C(C)N(S(C)(=O)=O)C(C)=C1C(=O)N[C@@H](Cc1ccccc1)[C@H](O)C[NH2+]C1CC1,0.0,0.08791526844852775
bace,baseline,scaffold,1,CC1=C(C(=O)NOCc2ccccc2)[C@H](C(C)C)C(C(=O)N[C@@H](Cc2ccccc2)[C@H](O)C[NH2+]C2CC2)=C(C)N1S(C)(=O)=O,0.0,0.06169154532559841
bace,baseline,scaffold,1,CC1=C(C(=O)NOCc2ccccc2)[C@H](C)C(C(=O)N[C@@H](Cc2ccccc2)[C@H](O)C[NH2+]C2CC2)=C(C)N1S(C)(=O)=O,0.0,0.08727511350034826
bace,baseline,scaffold,1,COC(=O)CN1C(C)=C(C(=O)NOCc2ccccc2)[C@@H](C)C(C(=O)N[C@@H](Cc2ccccc2)[C@H](O)C[NH2+]C2CC2)=C1C,0.0,0.07741724803303503
bace,baseline,scaffold,1,CCOC(=O)CN1C(C)=C(C(=O)NOCc2ccccc2)[C@H](C)C(C(=O)N[C@@H](Cc2ccccc2)[C@H](O)C[NH2+]C2CC2)=C1C,0.0,0.049950931141541706
bace,baseline,scaffold,1,O=C(C1C[NH2+]CC12CCCc1nc(Cl)ccc12)N1CCC(c2ccccc2)CC1C1CCCCC1,1.0,0.1254827196497884
bace,baseline,scaffold,1,Cc1ccc2c(n1)CCCC21C[NH2+]CC1C(=O)N1CCC(c2ccccc2)CC1C1CCCCC1,1.0,0.1421257968545612
bace,baseline,scaffold,1,CC(C)c1cccc(C[NH2+]CC(O)C(Cc2ccccc2)NC(=O)C2CCCC(C(C)(C)N3CCCC3=O)C2)c1,1.0,0.7386499784748574
bace,baseline,scaffold,1,CC(C)C[C@H](NC(=O)C[C@H](O)[C@H](CC1CCCCC1)NC(=O)[C@H](CCC(N)=O)N(C)C(=O)[C@@H](NC(=O)[C@H](C)O)C(C)C)C(=O)N[C@@H](C)C(=O)N(C)[C@H](CC1CCCCC1)C(=O)[O-],1.0,0.7775411285513965
bace,baseline,scaffold,1,COc1cccc(N2CC3C(=O)N(C)C(N)=NC3(c3cc(-c4cccc(C#N)c4)cs3)C2)n1,1.0,0.7625076886711177
bace,baseline,scaffold,1,COc1cccnc1N1CC2C(=O)N(C)C(N)=NC2(c2cc(-c3cccc(C#N)c3)cs2)C1,1.0,0.8523492925500266
bace,baseline,scaffold,1,CN1C(=O)C2CN(c3ncccc3C#N)CC2(c2cc(-c3cccc(C#N)c3)cs2)N=C1N,1.0,0.8594137846453949
bace,baseline,scaffold,1,CCCN(CCC)C(=O)c1cc(C(=O)NC(Cc2cc(F)cc(F)c2)C(O)C[NH2+]Cc2cccc(OC)c2)cc(S(=O)(=O)c2ccccc2)c1,1.0,0.9315047783281086
bace,baseline,scaffold,1,CCCN(CCC)C(=O)c1cc(C(=O)NC(Cc2cc(F)cc(F)c2)C(O)C[NH2+]Cc2cccc(OC)c2)cc(S(=O)(=O)c2ccc(OC)cc2)c1,1.0,0.916349231997155
bace,baseline,scaffold,1,CC#Cc1cncc(-c2cccc(C3(c4cc(C)c(=O)n(CC)c4)N=C(N)c4c(F)cc(F)cc43)c2)c1,1.0,0.9424212955018463
bace,baseline,scaffold,1,CCn1cc(C2(c3cccc(-c4cncc(C#N)c4)c3)N=C(N)c3c(F)cccc32)cc(C)c1=O,1.0,0.9589140061224383
bace,baseline,scaffold,1,CCn1cc(C2(c3cccc(-c4cncc(F)c4)c3)N=C(N)c3c(F)cccc32)cc(C)c1=O,1.0,0.9105015760253384
bace,baseline,scaffold,1,CN1CC(N)=[NH+][C@](C)(c2cccc(NC(=O)c3ccc(Cl)cn3)c2)C1=O,0.0,0.23435316937883965
bace,baseline,scaffold,1,Nc1cccc(Cn2c(-c3ccccc3)ccc2-c2ccc(C(=O)NC3CC3)cc2)n1,0.0,0.027888910156288613
bace,baseline,scaffold,1,COc1cncc(-c2cccc(C3(c4ccc(OC(F)F)cc4)N=C(N)N4CC(F)(F)CN=C43)c2)c1,1.0,0.7811779650807986
bace,baseline,scaffold,1,NC1=NC(c2ccc(OC(F)F)cc2)(c2cccc(-c3cccnc3F)c2)C2=NCC(F)(F)CN12,1.0,0.6347201481229849
bace,baseline,scaffold,1,COc1ccc(C2(c3ccc(F)c(-c4cccnc4)c3)N=C(N)N3CC(F)(F)CN=C32)cc1C,1.0,0.7701268492135956
bace,baseline,scaffold,1,COc1ccc(C2(c3cccc(-c4cccnc4)c3)N=C(N)N3CCCN=C32)cc1,1.0,0.34588878798130185
bace,gnn,scaffold,1,CCOC[C@H]1CCCCN1C(=O)n1cc(C(=O)N[C@@H](Cc2cc(F)cc(F)c2)[C@H](O)C[NH2+]Cc2cccc(OC)c2)c2cccnc21,1.0,0.9613659381866455
bace,gnn,scaffold,1,COC[C@H]1CCCCN1C(=O)n1cc(C(=O)N[C@@H](Cc2cc(F)cc(F)c2)[C@H](O)C[NH2+]Cc2cccc(OC)c2)c2cccnc21,1.0,0.9788810014724731
bace,gnn,scaffold,1,COc1ccc(C2(c3cccc(-c4cccnc4)c3)N=C(N)N(C)C2=O)cc1OC1CCCC1,1.0,0.9791143536567688
bace,gnn,scaffold,1,CN1C(=O)C(c2cccc(NC(=O)c3ccc4c(c3)OCO4)c2)(C2CCCCC2)N=C1N,0.0,0.06952934712171555
bace,gnn,scaffold,1,CC(=O)NC(Cc1cc(F)cc(F)c1)C(O)C[NH2+]C1(c2cccc(C(C)(C)C)c2)CCC(Nc2ccccn2)CC1,1.0,0.5256378054618835
bace,gnn,scaffold,1,CCc1c[nH]c2c(N3CCCC3=O)cc(C(=O)NC(Cc3ccccc3)C(O)C[NH2+]Cc3cccc(C(F)(F)F)c3)cc12,1.0,0.5809245109558105
bace,gnn,scaffold,1,CCc1cn(C)c2c(N3CCCC3=O)cc(C(=O)NC(Cc3ccccc3)C(O)C[NH2+]Cc3cccc(C(F)(F)F)c3)cc12,1.0,0.9674289226531982
bace,gnn,scaffold,1,CC(=O)NC(Cc1cc(F)cc(F)c1)C(O)C[NH2+]C1(c2cccc(C(C)(C)C)c2)CCC(=O)NC1,1.0,0.5254775881767273
bace,gnn,scaffold,1,Cc1ccccc1-c1ccc2nc(N)c(CC(C)C(=O)NCc3cncs3)cc2c1,1.0,0.9997195601463318
bace,gnn,scaffold,1,C[C@@]1(c2cc(NC(=O)c3ccc(C#N)cn3)ccc2F)C[C@@H](C(F)(F)F)OC(N)=N1,1.0,0.2879638969898224
bace,gnn,scaffold,1,C[C@]1(c2cc(NC(=O)c3ccc(C#N)cn3)ccc2F)N=C(N)O[C@H](C(F)(F)F)[C@@H]1F,1.0,0.3480095863342285
bace,gnn,scaffold,1,N#Cc1ccc(C(=O)Nc2ccc(F)c([C@]3(CF)C[C@@H](C(F)(F)F)OC(N)=N3)c2)nc1,1.0,0.5367100834846497
bace,gnn,scaffold,1,C[C@]1(c2cc(NC(=O)c3ccc(C#N)cn3)ccc2F)N=C(N)OCC1(F)F,1.0,0.2711992561817169
bace,gnn,scaffold,1,C[C@]1(c2cc(NC(=O)c3ccc(C#N)cn3)ccc2F)N=C(N)OC[C@@H]1F,1.0,0.05488165467977524
bace,gnn,scaffold,1,C[C@]1(c2cc(NC(=O)c3ccc(C#N)cn3)ccc2F)N=C(N)O[C@@H](C(F)(F)F)[C@@H]1F,1.0,0.35417869687080383
bace,gnn,scaffold,1,N#Cc1ccc(C(=O)Nc2ccc(F)c([C@@]3(CF)N=C(N)OCC3(F)F)c2)nc1,1.0,0.5424742698669434
bace,gnn,scaffold,1,C[C@@]1(c2cc(NC(=O)c3ccc(C#N)cn3)ccc2F)CCOC(N)=N1,1.0,0.28661060333251953
bace,gnn,scaffold,1,N#Cc1ccc(C(=O)Nc2ccc(F)c([C@]3(C(F)F)CCOC(N)=N3)c2)nc1,1.0,0.561166524887085
bace,gnn,scaffold,1,N#Cc1ccc(C(=O)Nc2ccc(F)c([C@@]3(CF)N=C(N)OC[C@@H]3F)c2)nc1,1.0,0.2661920189857483
bace,gnn,scaffold,1,CCOc1ccc(C(=O)Nc2ccc(F)c([C@@]3(C)N=C(N)OCC3(F)F)c2)nc1,0.0,0.471802294254303
bace,gnn,scaffold,1,C[C@]1(c2cc(NC(=O)c3ccc(C#N)cn3)ccc2F)N=C(N)OC[C@H]1F,0.0,0.1010022908449173
bace,gnn,scaffold,1,C[C@@]1(c2cc(NC(=O)c3ccc(C#N)cn3)ccc2F)C[C@H](C(F)(F)F)OC(N)=N1,0.0,0.4238000214099884
bace,gnn,scaffold,1,Cc1cc(Cl)cnc1C(=O)Nc1ccc(F)c(C2(C)N=C(N)OCC2(F)F)c1,1.0,0.9896685481071472
bace,gnn,scaffold,1,CC1(c2cc(NC(=O)c3ccc(Cl)cn3)ccc2F)N=C(N)OCC1(F)F,1.0,0.9421114325523376
bace,gnn,scaffold,1,CC1(c2cc(NC(=O)c3ncc(Cl)cc3Cl)ccc2F)N=C(N)OCC1(F)F,1.0,0.9969094395637512
bace,gnn,scaffold,1,C#Cc1ccc(C(=O)Nc2ccc(F)c(C3(C)N=C(N)OCC3(F)F)c2)nc1,1.0,0.36580225825309753
bace,gnn,scaffold,1,CC1(c2cc(NC(=O)c3ncc(Cl)cc3Cl)ccc2F)CCOC(N)=N1,1.0,0.9992017149925232
bace,gnn,scaffold,1,CC1(c2cc(NC(=O)c3ccc(OC(F)(F)C(F)F)cn3)ccc2F)N=C(N)OCC1(F)F,1.0,0.8978826403617859
bace,gnn,scaffold,1,COc1ccc(C(=O)Nc2ccc(F)c(C3(C)N=C(N)OCC3(F)F)c2)nc1,1.0,0.7222294211387634
bace,gnn,scaffold,1,CC1(c2cc(NC(=O)c3ccc(OC(F)(F)F)cn3)ccc2F)N=C(N)OCC1(F)F,1.0,0.7609193921089172
bace,gnn,scaffold,1,CC1(c2cc(NC(=O)c3ccc(F)cn3)ccc2F)N=C(N)OCC1(F)F,1.0,0.5869297981262207
bace,gnn,scaffold,1,Cc1ccc(C(=O)Nc2ccc(F)c(C3(C)N=C(N)OCC3(F)F)c2)nc1,1.0,0.4514329433441162
bace,gnn,scaffold,1,CC1(c2cc(NC(=O)c3ccc(OCC(F)(F)F)cn3)ccc2F)N=C(N)OCC1(F)F,0.0,0.8176349401473999
bace,gnn,scaffold,1,CC1(c2cc(NC(=O)c3ccc(Cl)cn3)ccc2F)CCOC(N)=N1,0.0,0.9861751794815063
bace,gnn,scaffold,1,CC1(c2cc(NC(=O)c3ccccn3)ccc2F)N=C(N)OCC1(F)F,0.0,0.46643128991127014
bace,gnn,scaffold,1,CC1(C)Cc2cc(Cl)ccc2C(N[C@@H](Cc2ccccc2)c2nc3ccncc3c(=O)[nH]2)=[NH+]1,0.0,0.0013096212642267346
bace,gnn,scaffold,1,CC(=O)NC(Cc1cc(F)cc(F)c1)C(O)C[NH2+]C1(c2cccc(C3CCCCO3)c2)CC1,0.0,0.3457772135734558
bace,gnn,scaffold,1,COCCC#Cc1cccc(C2(c3ccc(OC(F)F)cc3)N=C(N)N3CC(F)(F)CN=C32)c1,1.0,0.9999948740005493
bace,gnn,scaffold,1,NC1=NC(c2ccc(OC(F)F)cc2)(c2cccc(C#COCCCF)c2)C2=NCC(F)(F)CN12,1.0,0.9999986886978149
bace,gnn,scaffold,1,COc1ccc(C2(c3cccc(Br)c3)N=C(N)N3CC(F)(F)CN=C32)cc1,0.0,0.6711006760597229
bace,gnn,scaffold,1,CCCCN(C)C(=O)n1cc(C(=O)NC(Cc2cc(F)cc(F)c2)C(O)C[NH2+]Cc2cccc(OC)c2)c2cc(C(=O)OCc3ccccc3)ccc21,0.0,0.9937450289726257
bace,gnn,scaffold,1,CN1C(=O)[C@]2(CC(C)(C)Cc3ccc(-c4cncnc4)cc32)N=C1N,1.0,0.9982383251190186
bace,gnn,scaffold,1,CN1C(=O)C2(CC(C)(C)C(F)(F)c3ccc(-c4cncnc4)cc32)N=C1N,0.0,0.9922094345092773
bace,gnn,scaffold,1,NC1=NC2(c3cccc(NC(=O)c4ccc(Cl)cn4)c3)CC2CS1,0.0,1.4812303561484441e-06
bace,gnn,scaffold,1,CC1CC2(CC[NH+]1Cc1ccc3[nH]ccc3c1)CN(C)S(=O)(=O)N2c1cccc(F)c1,0.0,3.2196427923736337e-07
bace,gnn,scaffold,1,CC1(C)Cc2cc(Cl)ccc2C(NC(Cc2ccccc2)c2ncc(C#N)c(=O)[nH]2)=N1,0.0,5.3273197408998385e-05
bace,gnn,scaffold,1,CC1(C)Cc2cc(Cl)ccc2C(NC(Cc2ccccc2)c2ncc(Cl)c(=O)[nH]2)=N1,0.0,2.1349737266973534e-07
bace,gnn,scaffold,1,CC1(C)Cc2cc(Cl)ccc2C(NC(Cc2ccccc2)c2ncc(I)c(=O)[nH]2)=N1,0.0,6.073964442521174e-09
bace,gnn,scaffold,1,CC1(C)Cc2cc(Cl)ccc2C(NC(Cc2ccccc2)c2nccc(=O)[nH]2)=N1,0.0,8.069012125133668e-09
bace,gnn,scaffold,1,CC#Cc1cncc(-c2cccc(C3(C4CC4)NC(=[NH2+])N(C)C3=O)c2)c1,1.0,0.9998925924301147
bace,gnn,scaffold,1,CN1C(=[NH2+])NC(c2cccc(-c3cncc(Cl)c3)c2)(C2CC2)C1=O,1.0,0.9938927888870239
bace,gnn,scaffold,1,CCC(C)C1(NC(C)=O)CCN(C(CCc2ccccc2)C(=O)NC(Cc2cc(F)cc(F)c2)C(O)C2CC(OCc3ccccn3)C[NH2+]2)C1=O,1.0,0.9998577833175659
bace,gnn,scaffold,1,CCc1cn2c3c(cc(C(=O)NC(Cc4ccccc4)C(O)C[NH2+]C(C)(C)CCCC(C)C)cc13)N(C)S(=O)(=O)CC2,1.0,0.9999991655349731
bace,gnn,scaffold,1,CCc1cn2c3c(cc(C(=O)NC(Cc4ccccc4)C(O)C[NH2+]CCC(F)(F)F)cc13)N(C)S(=O)(=O)CC2,1.0,0.999618411064148
bace,gnn,scaffold,1,CCc1cn2c3c(cc(C(=O)NC(Cc4ccccc4)C(O)C[NH2+]C)cc13)N(C)S(=O)(=O)CC2,1.0,0.9997414946556091
bace,gnn,scaffold,1,CCc1cn2c3c(cc(C(=O)N[C@@H](Cc4ccccc4)[C@H](O)C[NH2+]C(C)CC)cc13)N(C)S(=O)(=O)CC2,1.0,0.9999802112579346
bace,gnn,scaffold,1,CC[NH2+]CC(O)C(Cc1ccccc1)NC(=O)c1cc2c3c(c1)c(CC)cn3CCS(=O)(=O)N2C,1.0,0.9997267127037048
bace,gnn,scaffold,1,CCc1cn2c3c(cc(C(=O)NC(Cc4ccccc4)[C@H](O)C[NH2+]CCF)cc13)N(C)S(=O)(=O)CC2,1.0,0.9998877048492432
bace,gnn,scaffold,1,C#CC[NH2+]C[C@@H](O)C(Cc1ccccc1)NC(=O)c1cc2c3c(c1)c(CC)cn3CCS(=O)(=O)N2C,1.0,0.9996503591537476
bace,gnn,scaffold,1,CC(C)C[C@H](NC(=O)[C@@H](NC(=O)[C@@H]([NH3+])CNC(=O)c1nnn[n-]1)C(C)C)C(=O)NC[C@](O)(CCc1ccccc1)C(=O)Nc1cccc(C(=O)[O-])c1,0.0,0.9999536275863647
bace,gnn,scaffold,1,CS(=O)(=O)N(c1cccc(C(=O)NC(Cc2ccccc2)C(O)C[NH2+]Cc2cccc(C(F)(F)F)c2)c1)c1ccccn1,0.0,0.8058570623397827
bace,gnn,scaffold,1,Cn1c(N)nc(C2CC2c2ccc(-c3ccsc3)cc2)cc1=O,0.0,1.1528485543976785e-07
bace,gnn,scaffold,1,Cn1c(N)nc(CCc2cccc(Br)c2)cc1=O,0.0,0.006184180732816458
bace,gnn,scaffold,1,Cn1c(N)nc(CCc2ccccc2)cc1=O,0.0,7.375387554020563e-07
bace,gnn,scaffold,1,COCC(=O)NC(Cc1cccc(-c2cncs2)c1)C(O)C[NH2+]C1CC2(CCC2)Oc2ncc(CC(C)(C)C)cc21,1.0,0.9999985694885254
bace,gnn,scaffold,1,COc1cccc(-c2cccc(C3(C4CCOCC4)N=C(C)C(N)=N3)c2)c1,0.0,0.00012066469935234636
bace,gnn,scaffold,1,NC1=NC2(c3cc(NC(=O)c4ccc(Cl)cn4)ccc3F)CC2COC1,1.0,0.9024969339370728
bace,gnn,scaffold,1,CCNc1cc(C(=O)N[C@@H](Cc2ccccc2)[C@H](O)C[NH2+]Cc2cccc(OC)c2)cc2c1CCCS(=O)(=O)N2C,1.0,0.9718337059020996
bace,gnn,scaffold,1,CCNc1cc(C(=O)NC(Cc2ccccc2)C(O)C[NH2+]Cc2cccc(C(F)(F)F)c2)cc2c1CCCS(=O)(=O)N2C,1.0,0.9630913138389587
bace,gnn,scaffold,1,NC1=NC2(c3cccc(NC(=O)c4ccccn4)c3)CCCCC2O1,0.0,1.8691382138058543e-05
bace,gnn,scaffold,1,NC1=NC(c2ccncc2)(c2cccc(-c3cncnc3)c2)C2=NCC(F)(F)CN12,0.0,0.9935969114303589
bace,gnn,scaffold,1,CC1(C)Cc2cc(Cl)ccc2C(NC(Cc2cscc2C2CC2)C(=O)[O-])=N1,0.0,6.106158252805471e-05
bace,gnn,scaffold,1,CCCCN(C)C(=O)n1cc(C(=O)NC(Cc2ccccc2)C(O)CNS(=O)(=O)c2cccc(OC)c2)c2cccnc21,0.0,1.7292613847530447e-05
bace,gnn,scaffold,1,NC1=[NH+]C(c2ccc(OC(F)(F)F)cc2)(c2cccc(-c3cccnc3F)c2)C2=NCCCCN21,1.0,0.9107434153556824
bace,gnn,scaffold,1,Cn1c(N)nc(C2CC2c2ccc(-c3cccc(OCC4CC4)c3)cc2)cc1=O,0.0,4.342457032180391e-06
bace,gnn,scaffold,1,CC(=O)NC(Cc1cc(F)cc(F)c1)C(O)C[NH2+]C1(c2cccc(C(C)(C)C)c2)CCc2nc(N)ncc2C1,1.0,0.9675396084785461
bace,gnn,scaffold,1,CC(=O)NC(Cc1cc(F)cc(F)c1)C(O)C[NH2+]C1(c2cccc(C(C)(C)C)c2)CCc2nc(C)ncc2C1,1.0,0.6692835092544556
bace,gnn,scaffold,1,CC([NH2+]CC(O)C(Cc1ccccc1)NC(=O)c1cccc(S(=O)(=O)Cc2ccccc2)c1)C(=O)NC1CCCCC1,0.0,8.402192861467483e-07
bace,gnn,scaffold,1,Nc1cccc(Cn2c(-c3ccc(Oc4ccncc4)cc3)ccc2-c2ccccc2Cl)n1,0.0,0.0004012834106106311
bace,gnn,scaffold,1,CCCN(CCC)C(=O)c1cc(C)cc(C(=O)N[C@@H](Cc2cc(F)cc(F)c2)[C@H](O)[C@H]2CN(C(=O)c3ccccc3)CC[NH2+]2)c1,0.0,0.6719527244567871
bace,gnn,scaffold,1,CN1C(=O)C2(CC(C)(C)Oc3ccc(N4CCCCC4)cc32)N=C1N,0.0,0.011358591727912426
bace,gnn,scaffold,1,CC(C)Oc1cccc(C[NH+]2CCC3(CC2C)CN(c2ccncc2)S(=O)(=O)N3c2cccc(F)c2)c1,0.0,0.0005040098330937326
bace,gnn,scaffold,1,NC1=NC(c2ccccc2)(C2CCCCC2)C(=O)N1CC1CCCO1,0.0,0.01082625426352024
bace,gnn,scaffold,1,C[C@]1(c2cccc(-c3cccc(Cl)c3)c2)[NH+]=C(N)CCO1,0.0,5.738316031056456e-05
bace,gnn,scaffold,1,CC(=O)NC(Cc1cc(F)cc(F)c1)C(O)C[NH2+]C1(c2cccc(C(C)(C)C)c2)CCOCC1,1.0,0.4884319603443146
bace,gnn,scaffold,1,CC(=O)NC(Cc1cc(F)cc(F)c1)C(O)C[NH2+]C1(c2csc(C(C)C)c2)CCCCC1,0.0,0.0725858137011528
bace,gnn,scaffold,1,CN1C(=O)C(c2ccncc2)(c2cccc(-c3cnccn3)c2)N=C1N,1.0,0.5656662583351135
bace,gnn,scaffold,1,O=C(C1C[NH2+]CC1c1ccccc1Br)N1CCCCC1c1ccccc1,0.0,0.011542879045009613
bace,gnn,scaffold,1,COCCCC1NC(=O)c2cc(cc(N(C)S(C)(=O)=O)c2)C(=O)NC(C(O)CC(C(=O)NCC(C)C)C(C)C)COCc2cccc1c2,0.0,0.798366367816925
bace,gnn,scaffold,1,COCCOC1NC(=O)c2cc(cc(N(C)S(C)(=O)=O)c2)C(=O)NC(C(O)CC(C(=O)NCC(C)C)C(C)C)COCc2cccc1c2,0.0,0.39826440811157227
bace,gnn,scaffold,1,CCNc1cc(C(=O)N[C@@H](Cc2ccccc2)[C@H](O)C[NH2+][C@@H](C)C(=O)NC2CCCCC2)cc(N(c2ccccc2)S(C)(=O)=O)c1,1.0,0.6259678602218628
bace,gnn,scaffold,1,C[C@H]([NH2+]C[C@@H](O)[C@H](Cc1ccccc1)NC(=O)c1cccc(N(c2ccccc2)S(C)(=O)=O)c1)C(=O)NC1CCCCC1,1.0,0.5193514227867126
bace,gnn,scaffold,1,CC([NH2+]CC(O)C(Cc1ccccc1)NC(=O)c1cccc(N(c2cccc(C#N)c2)S(C)(=O)=O)c1)C(=O)NC1CCCCC1,1.0,0.5256539583206177
bace,gnn,scaffold,1,CC([NH2+]CC(O)C(Cc1ccccc1)NC(=O)c1cccc(N(c2ccc(Cl)cc2)S(C)(=O)=O)c1)C(=O)NC1CCCCC1,1.0,0.15950728952884674
bace,gnn,scaffold,1,COc1ccc(N(c2cccc(C(=O)NC(Cc3ccccc3)C(O)C[NH2+]C(C)C(=O)NC3CCCCC3)c2)S(C)(=O)=O)cc1,1.0,0.11653012037277222
bace,gnn,scaffold,1,CC([NH2+]CC(O)C(Cc1ccccc1)NC(=O)c1cccc(N(c2cc(Cl)cc(Cl)c2)S(C)(=O)=O)c1)C(=O)NC1CCCCC1,1.0,0.9536221623420715
bace,gnn,scaffold,1,COc1cccc(N(c2cccc(C(=O)NC(Cc3ccccc3)C(O)C[NH2+]C(C)C(=O)NC3CCCCC3)c2)S(C)(=O)=O)c1,1.0,0.21365612745285034
bace,gnn,scaffold,1,CC([NH2+]CC(O)C(Cc1ccccc1)NC(=O)c1cccc(N(c2ccc(C(F)(F)F)cc2)S(C)(=O)=O)c1)C(=O)NC1CCCCC1,1.0,0.35392361879348755
bace,gnn,scaffold,1,COc1ccccc1N(c1cccc(C(=O)NC(Cc2ccccc2)C(O)C[NH2+]C(C)C(=O)NC2CCCCC2)c1)S(C)(=O)=O,0.0,0.07484820485115051
bace,gnn,scaffold,1,CC([NH2+]CC(O)C(Cc1ccccc1)NC(=O)c1cccc(N(c2ccc(C#N)cc2)S(C)(=O)=O)c1)C(=O)NC1CCCCC1,0.0,0.43359848856925964
bace,gnn,scaffold,1,CC([NH2+]CC(O)C(Cc1ccccc1)NC(=O)c1cccc(N(c2ccccc2C#N)S(C)(=O)=O)c1)C(=O)NC1CCCCC1,0.0,0.34272685647010803
bace,gnn,scaffold,1,CC(=O)N(c1ccccc1)c1cccc(C(=O)NC(Cc2ccccc2)C(O)C[NH2+]C(C)C(=O)NC2CCCCC2)c1,0.0,0.16680186986923218
bace,gnn,scaffold,1,CC([NH2+]CC(O)C(Cc1ccccc1)NC(=O)c1cccc(Nc2ccccc2)c1)C(=O)NC1CCCCC1,0.0,0.031965430825948715
bace,gnn,scaffold,1,CC1(C)Cc2cc(Cl)ccc2C(NC(Cc2ccccc2)c2nnco2)=N1,0.0,3.2278039725497365e-05
bace,gnn,scaffold,1,Cc1nnc(C(Cc2ccccc2)NC2=NC(C)(C)Cc3cc(Cl)ccc32)o1,0.0,1.2011830419211833e-09
bace,gnn,scaffold,1,C[NH+]1CCC(NC(=O)CCCn2c(N)nc3cc(Cl)ccc32)CC1,0.0,0.00022465380607172847
bace,gnn,scaffold,1,CN1CC(C)(c2cc(NC(=O)c3ccc(Cl)cn3)ccc2F)N=C(N)C1=O,1.0,0.9991292357444763
bace,gnn,scaffold,1,CN1CC(C)(c2cccc(NC(=O)c3ccc(Cl)cn3)c2)N=C(N)C1=O,0.0,0.9916203022003174
bace,gnn,scaffold,1,CN1C[C@](C)(c2cccc(NC(=O)c3ccc(Cl)cn3)c2)N=C(N)C1=O,0.0,0.0012944660848006606
bace,gnn,scaffold,1,CN1C[C@](C)(c2cc(NC(=O)c3ccc(Cl)cn3)ccc2F)N=C(N)C1=O,0.0,0.31242668628692627
bace,gnn,scaffold,1,CN1C(=O)C2(CC(C)(C)Cc3ccc(-c4cccc(C#N)c4)cc32)N=C1N,1.0,0.970493733882904
bace,gnn,scaffold,1,CN1C(=O)C2(CC(C)(C)Cc3ccc(-c4cc(F)cc(Cl)c4)cc32)N=C1N,1.0,0.9918351173400879
bace,gnn,scaffold,1,COc1cccc(-c2cccc([C@@]3(c4ccncc4)[NH+]=C(N)N4CC(F)(F)CN=C43)c2)c1F,1.0,0.13424311578273773
bace,gnn,scaffold,1,CC(=O)NC(Cc1cc(F)cc(F)c1)C(O)C[NH2+]C1(c2cccc(-c3ccsc3)c2)CCCCC1,1.0,0.2902330160140991
bace,gnn,scaffold,1,Nc1ncccc1CCc1cccc(Cl)c1,0.0,0.0016769246431067586
bace,gnn,scaffold,1,CCN1CCN2CCS(=O)(=O)N(C)c3cc(C(=O)N[C@@H](Cc4ccccc4)[C@H](O)C[NH2+]Cc4cccc(OC)c4)cc1c32,1.0,0.9948818683624268
bace,gnn,scaffold,1,COc1cccc(-c2cccc(CCc3cc(=O)n(C)c(N)n3)c2)c1,0.0,0.04760098084807396
bace,gnn,scaffold,1,Cn1c(N)nc(CCc2cccc(-c3ccccc3)c2)cc1=O,0.0,0.00048506862367503345
bace,gnn,scaffold,1,COc1ccc(F)c(-c2cccc(C3(c4ccncc4)N=C(N)N4CC(F)(F)CN=C43)c2)c1,1.0,0.9957898259162903
bace,gnn,scaffold,1,COc1cccc(-c2cccc(C3(c4ccncc4)N=C(N)N4CCCN=C43)c2)c1F,1.0,0.9463573694229126
bace,gnn,scaffold,1,Cn1c(N)nc(C2CC2c2ccc(-c3cccs3)cc2)cc1=O,0.0,1.6422303517060755e-08
bace,gnn,scaffold,1,Cc1csc(-c2ccc(C3CC3c3cc(=O)n(C)c(N)n3)cc2)c1,0.0,1.0385022051195847e-06
bace,gnn,scaffold,1,Cc1ccc(-c2ccc(C3CC3c3cc(=O)n(C)c(N)n3)cc2)s1,0.0,3.6259702795859994e-08
bace,gnn,scaffold,1,CCc1cn2c3c(cc(C(=O)N[C@@H](Cc4ccccc4)[C@H](O)C[NH2+]Cc4cccc(OC)c4)cc13)N(C)S(=O)(=O)CC2,1.0,0.9999760389328003
bace,gnn,scaffold,1,CCc1cn2c3c(cc(C(=O)N[C@@H](Cc4ccccc4)[C@H](O)C[NH2+]Cc4cccc(C(F)(F)F)c4)cc13)N(C)S(=O)(=O)CC2,1.0,0.9998965263366699
bace,gnn,scaffold,1,CCc1cn2c3c(cc(C(=O)NC(Cc4ccccc4)[C@H](O)C[NH2+]Cc4cccc(OC)c4)cc13)NS(=O)(=O)CC2,1.0,0.9872956871986389
bace,gnn,scaffold,1,Nc1cccc(Cn2c(-c3ccccc3)ccc2-c2ccc(C(=O)NC3CCC3)cc2)n1,0.0,3.812580189332948e-06
bace,gnn,scaffold,1,CCC[C@@H]1C(C(=O)NOCc2ccccc2)=C(C)N(S(C)(=O)=O)C(C)=C1C(=O)N[C@@H](Cc1ccccc1)[C@H](O)C[NH2+]C1CC1,0.0,0.0019875189755111933
bace,gnn,scaffold,1,CC1=C(C(=O)NOCc2ccccc2)[C@H](C)C(C(=O)N[C@@H](Cc2ccccc2)[C@H](O)C[NH2+]C2CC2)=C(C)N1CC(=O)OC(C)C,0.0,6.063642285880633e-05
bace,gnn,scaffold,1,CC[C@H]1C(C(=O)NOCc2ccccc2)=C(C)N(S(C)(=O)=O)C(C)=C1C(=O)N[C@@H](Cc1ccccc1)[C@H](O)C[NH2+]C1CC1,0.0,8.019714186957572e-06
bace,gnn,scaffold,1,CC1=C(C(=O)NOCc2ccccc2)[C@H](C(C)C)C(C(=O)N[C@@H](Cc2ccccc2)[C@H](O)C[NH2+]C2CC2)=C(C)N1S(C)(=O)=O,0.0,0.001090486068278551
bace,gnn,scaffold,1,CC1=C(C(=O)NOCc2ccccc2)[C@H](C)C(C(=O)N[C@@H](Cc2ccccc2)[C@H](O)C[NH2+]C2CC2)=C(C)N1S(C)(=O)=O,0.0,6.755667709512636e-05
bace,gnn,scaffold,1,COC(=O)CN1C(C)=C(C(=O)NOCc2ccccc2)[C@@H](C)C(C(=O)N[C@@H](Cc2ccccc2)[C@H](O)C[NH2+]C2CC2)=C1C,0.0,4.874192995885096e-07
bace,gnn,scaffold,1,CCOC(=O)CN1C(C)=C(C(=O)NOCc2ccccc2)[C@H](C)C(C(=O)N[C@@H](Cc2ccccc2)[C@H](O)C[NH2+]C2CC2)=C1C,0.0,6.587318785022944e-05
bace,gnn,scaffold,1,O=C(C1C[NH2+]CC12CCCc1nc(Cl)ccc12)N1CCC(c2ccccc2)CC1C1CCCCC1,1.0,0.35144150257110596
bace,gnn,scaffold,1,Cc1ccc2c(n1)CCCC21C[NH2+]CC1C(=O)N1CCC(c2ccccc2)CC1C1CCCCC1,1.0,0.08415666222572327
bace,gnn,scaffold,1,CC(C)c1cccc(C[NH2+]CC(O)C(Cc2ccccc2)NC(=O)C2CCCC(C(C)(C)N3CCCC3=O)C2)c1,1.0,0.9185662865638733
bace,gnn,scaffold,1,CC(C)C[C@H](NC(=O)C[C@H](O)[C@H](CC1CCCCC1)NC(=O)[C@H](CCC(N)=O)N(C)C(=O)[C@@H](NC(=O)[C@H](C)O)C(C)C)C(=O)N[C@@H](C)C(=O)N(C)[C@H](CC1CCCCC1)C(=O)[O-],1.0,0.3303660452365875
bace,gnn,scaffold,1,COc1cccc(N2CC3C(=O)N(C)C(N)=NC3(c3cc(-c4cccc(C#N)c4)cs3)C2)n1,1.0,0.9992679953575134
bace,gnn,scaffold,1,COc1cccnc1N1CC2C(=O)N(C)C(N)=NC2(c2cc(-c3cccc(C#N)c3)cs2)C1,1.0,0.9991542100906372
bace,gnn,scaffold,1,CN1C(=O)C2CN(c3ncccc3C#N)CC2(c2cc(-c3cccc(C#N)c3)cs2)N=C1N,1.0,0.9929454922676086
bace,gnn,scaffold,1,CCCN(CCC)C(=O)c1cc(C(=O)NC(Cc2cc(F)cc(F)c2)C(O)C[NH2+]Cc2cccc(OC)c2)cc(S(=O)(=O)c2ccccc2)c1,1.0,0.9957946538925171
bace,gnn,scaffold,1,CCCN(CCC)C(=O)c1cc(C(=O)NC(Cc2cc(F)cc(F)c2)C(O)C[NH2+]Cc2cccc(OC)c2)cc(S(=O)(=O)c2ccc(OC)cc2)c1,1.0,0.9923081398010254
bace,gnn,scaffold,1,CC#Cc1cncc(-c2cccc(C3(c4cc(C)c(=O)n(CC)c4)N=C(N)c4c(F)cc(F)cc43)c2)c1,1.0,0.9999998807907104
bace,gnn,scaffold,1,CCn1cc(C2(c3cccc(-c4cncc(C#N)c4)c3)N=C(N)c3c(F)cccc32)cc(C)c1=O,1.0,0.9999127388000488
bace,gnn,scaffold,1,CCn1cc(C2(c3cccc(-c4cncc(F)c4)c3)N=C(N)c3c(F)cccc32)cc(C)c1=O,1.0,0.9997709393501282
bace,gnn,scaffold,1,CN1CC(N)=[NH+][C@](C)(c2cccc(NC(=O)c3ccc(Cl)cn3)c2)C1=O,0.0,0.9831207990646362
bace,gnn,scaffold,1,Nc1cccc(Cn2c(-c3ccccc3)ccc2-c2ccc(C(=O)NC3CC3)cc2)n1,0.0,4.189962965028826e-06
bace,gnn,scaffold,1,COc1cncc(-c2cccc(C3(c4ccc(OC(F)F)cc4)N=C(N)N4CC(F)(F)CN=C43)c2)c1,1.0,0.999517560005188
bace,gnn,scaffold,1,NC1=NC(c2ccc(OC(F)F)cc2)(c2cccc(-c3cccnc3F)c2)C2=NCC(F)(F)CN12,1.0,0.9993917942047119
bace,gnn,scaffold,1,COc1ccc(C2(c3ccc(F)c(-c4cccnc4)c3)N=C(N)N3CC(F)(F)CN=C32)cc1C,1.0,0.9949933886528015
bace,gnn,scaffold,1,COc1ccc(C2(c3cccc(-c4cccnc4)c3)N=C(N)N3CCCN=C32)cc1,1.0,0.11080969870090485
bace,baseline,scaffold,2,CC([NH2+]CC(O)C(Cc1ccccc1)NC(=O)c1cccc(NS(=O)(=O)c2ccccc2)c1)C(=O)NC1CCCCC1,0.0,0.04232118031001897
bace,baseline,scaffold,2,CCC(C)C1(NC(C)=O)CCN(C(C)C(=O)NC(Cc2cc(F)cc(F)c2)C(O)C2CC(O)C[NH2+]2)C1=O,1.0,0.21624885531038116
bace,baseline,scaffold,2,CCCOC1C[NH2+]C(C(O)C(Cc2cc(F)cc(F)c2)NC(=O)C(C)N2CCC(CC(C)C)C2=O)C1,1.0,0.08675253884157134
bace,baseline,scaffold,2,CCCC(O)C1CCN(C(C)C(=O)NC(Cc2cc(F)cc(F)c2)C(O)C2CC(O)C[NH2+]2)C1=O,1.0,0.030449598550766663
bace,baseline,scaffold,2,CCCOC1C[NH2+]C(C(O)C(Cc2cc(F)cc(F)c2)NC(=O)C(C)N2CCC(C(O)CCC)C2=O)C1,1.0,0.20681773050411942
bace,baseline,scaffold,2,CCCCC1CCN(C(C)C(=O)NC(Cc2cc(F)cc(F)c2)C(O)C2CC(OCCC)C[NH2+]2)C1=O,1.0,0.09045456778336829
bace,baseline,scaffold,2,CCCCC1CCN(C(C)C(=O)NC(Cc2cc(F)cc(F)c2)C(O)C2CC(O)C[NH2+]2)C1=O,1.0,0.011472253525304942
bace,baseline,scaffold,2,CCCOC1C[NH2+]C(C(O)C(Cc2cc(F)cc(F)c2)NC(=O)C(C)N2CCC(C(C)C)C2=O)C1,0.0,0.06840341400336321
bace,baseline,scaffold,2,CC(=O)NC(Cc1cc(F)cc(F)c1)C(O)C[NH2+]C1(c2cccc(C3CCCCO3)c2)CC1,0.0,0.018344209350746883
bace,baseline,scaffold,2,COCc1cc2cc(c1)C(=O)NC(C(O)C[NH2+]C1(c3cccc(C(C)(C)C)c3)CCCC1)Cc1cccc(c1)OCCCCN2,1.0,0.7812245999847377
bace,baseline,scaffold,2,CC([NH2+]CC(O)C(Cc1ccccc1)NC(=O)c1cccc(N(C2CCCCC2)S(C)(=O)=O)c1)C(=O)NC1CCCCC1,0.0,0.279239810868938
bace,baseline,scaffold,2,COc1cccc(-c2cccc(C3(c4ccccc4)NC(=[NH2+])N(C)C3=O)c2)c1,1.0,0.5187630228557422
bace,baseline,scaffold,2,CC(C)c1cccc(C[NH2+]CC(O)C2Cc3cccc(c3)OCCCCNc3cc(cc(N4C=COC4)c3)C(=O)N2)c1,1.0,0.8930280427375097
bace,baseline,scaffold,2,CC1(c2cc(NC(=O)c3ccc(Cl)cn3)ccc2F)CCOCC(N)=N1,1.0,0.9402651480409903
bace,baseline,scaffold,2,CC(C)Oc1cccc(C[NH+]2CCC3(CC2C)CN(c2nccs2)S(=O)(=O)N3c2cccc(F)c2)c1,0.0,0.01895904583313391
bace,baseline,scaffold,2,Cc1ccccc1-c1ccc2nc(N)c(CCC(=O)NC3CCCCC3)cc2c1,1.0,0.8635040598730964
bace,baseline,scaffold,2,Cc1ccccc1-c1ccc2nc(N)c(CCC(=O)N(C)C3CCCCC3)cc2c1,0.0,0.9239269230443817
bace,baseline,scaffold,2,CC1(c2cc(NC(=O)c3ncc(Cl)cn3)ccc2F)N=C(N)OCC1(F)F,1.0,0.8829972639893499
bace,baseline,scaffold,2,CC(=O)NC(Cc1cc(F)cc(F)c1)C(O)C[NH2+]C1(c2cccc(-n3cccn3)c2)CCCOC1,0.0,0.03743971272855487
bace,baseline,scaffold,2,CC(=O)N[C@@H](Cc1cc(F)cc(F)c1)[C@H](O)C[NH2+]C1(c2cccc(-n3cccn3)c2)CCCCC1,1.0,0.02100527637669575
bace,baseline,scaffold,2,CC(NC(=O)c1cc(N(C)S(C)(=O)=O)cc(-n2cc(C(C)([NH3+])Cc3ccccc3)nn2)c1)c1ccc(F)cc1,0.0,0.10129511725841535
bace,baseline,scaffold,2,CC(C)CCCC(C)[NH2+]CC(O)C(Cc1ccccc1)NC(=O)c1cccc(N(c2ccccc2)S(C)(=O)=O)c1,1.0,0.7031987717262488
bace,baseline,scaffold,2,CC1(C)Cc2cc(Cl)ccc2C(NC(Cc2ccccc2)c2n[nH]c(=O)[nH]2)=N1,0.0,0.016626869325682646
bace,baseline,scaffold,2,CC(C)CC(CC(=O)NCc1ccccn1)n1c(N)nc2cc(Cl)ccc21,0.0,0.011791270292794042
bace,baseline,scaffold,2,CCC(CC(=O)NCc1ccccn1)n1c(N)nc2cc(Cl)ccc21,0.0,0.008865033670932616
bace,baseline,scaffold,2,Nc1cccc(CCc2ccc3cc[nH]c3c2)n1,0.0,0.016837876322143994
bace,baseline,scaffold,2,CS(=O)(=O)N(c1ccccc1)c1cc(C(=O)NC(Cc2ccccc2)C(O)C[NH2+]Cc2cccc(C(F)(F)F)c2)cc(N2CCCC2=O)c1,1.0,0.96664389894001
bace,baseline,scaffold,2,O=C(C1C[NH2+]CC1c1ccccc1Br)N1CCC(c2ccccc2)CC1,0.0,0.021577399441281543
bace,baseline,scaffold,2,O=C(C1C[NH2+]CC1c1ccccc1)N1CCC(c2ccccc2)CC1,0.0,0.02791025075187265
bace,baseline,scaffold,2,Nc1cccc(Cn2c(-c3ccc(Oc4ccccn4)cc3)ccc2-c2ccccc2Cl)n1,0.0,0.02355188078197078
bace,baseline,scaffold,2,CN1C(=O)[C@@](c2ccncc2)(c2cccc(-c3cc(F)ccc3F)c2)N=C1N,1.0,0.7077711502006574
bace,baseline,scaffold,2,COc1cccc(-c2cccc(C3(c4ccncc4)N=C(N)N(C)C3=O)c2)c1,1.0,0.7554584763753996
bace,baseline,scaffold,2,CN1C(=O)C(c2ccncc2)(c2cccc(-c3cccc(C#N)c3)c2)N=C1N,1.0,0.9154149987102046
bace,baseline,scaffold,2,CN1C(=O)C(c2ccncc2)(c2cccc(-c3cccc(F)c3F)c2)N=C1N,1.0,0.7387321754346216
bace,baseline,scaffold,2,CN1C(=O)C(c2ccncc2)(c2cccc(-c3cccc(F)c3)c2)N=C1N,1.0,0.7464177691007017
bace,baseline,scaffold,2,CN1C(=O)C(c2ccncc2)(c2cccc(-c3cc(F)cc(F)c3)c2)N=C1N,1.0,0.6578023322943926
bace,baseline,scaffold,2,CN1C(=O)C(c2ccncc2)(c2cccc(-c3ccccc3)c2)N=C1N,0.0,0.5827984698190436
bace,baseline,scaffold,2,CN1C(=O)C(c2ccncc2)(c2cccc(-c3cccc(C(F)(F)F)c3)c2)N=C1N,0.0,0.46736062786314125
bace,baseline,scaffold,2,CN1C(=O)[C@](c2ccncc2)(c2cccc(-c3cc(F)ccc3F)c2)N=C1N,0.0,0.7077711502006574
bace,baseline,scaffold,2,CCc1n[nH]c2ccc(C[NH+]3CCC4(CC3C)CN(C)S(=O)(=O)N4c3cccc(F)c3)cc12,0.0,0.08584751575039712
bace,baseline,scaffold,2,CC#CCOc1cnc(C(=O)Nc2ccc(F)c(C3(C)N=C(N)OCC3(F)F)c2)cn1,1.0,0.6060628106653476
bace,baseline,scaffold,2,C#CCOc1cnc(C(=O)Nc2ccc(F)c(C3(C)N=C(N)OCC3(F)F)c2)cn1,1.0,0.4333480332935337
bace,baseline,scaffold,2,CC1(c2cc(NC(=O)c3cnc(OCC(F)(F)F)cn3)ccc2F)N=C(N)OCC1(F)F,1.0,0.4390828271718209
bace,baseline,scaffold,2,COc1cnc(C(=O)Nc2ccc(F)c(C3(C)N=C(N)OCC3(F)F)c2)cn1,1.0,0.7473968741201199
bace,baseline,scaffold,2,COCC(=O)NC(Cc1cccc(-c2ncco2)c1)C(O)C[NH2+]C1CC2(CCC2)Oc2ncc(CC(C)(C)C)cc21,1.0,0.9964215506873327
bace,baseline,scaffold,2,CC([NH2+]CC(O)C(Cc1ccccc1)NC(=O)c1cccc(NS(=O)(=O)Cc2ccccc2)c1)C(=O)NC1CCCCC1,0.0,0.08290116789140306
bace,baseline,scaffold,2,CC1(c2cccc(NC(=O)c3ccc(Cl)cn3)c2)N=C(N)CNC1=O,0.0,0.042610572219739115
bace,baseline,scaffold,2,CN1CC(N)=NC(C)(c2cccc(NC(=O)c3ccc(C#N)cn3)c2)C1=O,0.0,0.5235636979033023
bace,baseline,scaffold,2,CN1CC(N)=NC(C)(c2cccc(NC(=O)c3ccc(C(F)(F)F)cn3)c2)C1=O,0.0,0.11771492002961578
bace,baseline,scaffold,2,CN1CC(N)=N[C@@](C)(c2cccc(NC(=O)c3ccc(Cl)cn3)c2)C1=O,0.0,0.036660026254807646
bace,baseline,scaffold,2,CN(C(=O)CCC(C1CCCCC1)N1Cc2cc(Oc3ccccc3)ccc2[NH+]=C1N)C1CCCCC1,1.0,0.7027576039511119
bace,baseline,scaffold,2,CN(C(=O)CCc1cc2ccccc2nc1N)C1CCCCC1,1.0,0.2952881117154881
bace,baseline,scaffold,2,CCCCN(C)C(=O)n1cc(C(=O)NC(Cc2cc(F)cc(F)c2)C(O)C[NH2+]Cc2cccc(CC)c2)c2cccnc21,1.0,0.6763987871244146
bace,baseline,scaffold,2,CCCCN(C)C(=O)n1cc(C(=O)NC(Cc2ccccc2)C(O)C[NH2+]Cc2cccc(Br)c2)c2cccnc21,1.0,0.16303259295373498
bace,baseline,scaffold,2,COc1cccc(C[NH2+]CC(O)C(Cc2cc(F)cc(F)c2)NC(=O)c2cn(C(=O)N(C)CCC(C)C)c3ncccc23)c1,1.0,0.5159232329991902
bace,baseline,scaffold,2,CCCCCN(C)C(=O)n1cc(C(=O)NC(Cc2cc(F)cc(F)c2)C(O)C[NH2+]Cc2cccc(OC)c2)c2cccnc21,1.0,0.4635351753957372
bace,baseline,scaffold,2,CCCCN(C)C(=O)n1cc(C(=O)NC(Cc2cc(F)cc(F)c2)C(O)C[NH2+]Cc2cccc(OC)c2)c2cccnc21,1.0,0.5526998778588337
bace,baseline,scaffold,2,COCCN(C)C(=O)n1cc(C(=O)NC(Cc2cc(F)cc(F)c2)C(O)C[NH2+]Cc2cccc(OC)c2)c2cccnc21,1.0,0.5217553006624216
bace,baseline,scaffold,2,CCCCN(C)C(=O)n1cc(C(=O)NC(Cc2ccccc2)C(O)C[NH2+]Cc2ccccc2OC)c2cccnc21,0.0,0.1736902249474223
bace,baseline,scaffold,2,COc1cccc(-c2cccc([C@@]3(c4ccncc4)[NH+]=C(N)N4CC(F)(F)CN=C43)c2)c1F,1.0,0.5938940375792029
bace,baseline,scaffold,2,CCC(C)C1(NC(C)=O)CCN(C(CCc2ccccc2)C(=O)NC(Cc2cc(F)cc(F)c2)C(O)C2CC(OCc3cccc(C(F)(F)F)c3)C[NH2+]2)C1=O,1.0,0.9413262756857436
bace,baseline,scaffold,2,CCC(C)C1(NC(C)=O)CCN(C(CCc2ccccc2)C(=O)NC(Cc2cc(F)cc(F)c2)C(O)C2CC(OCc3cccc(C#N)c3)C[NH2+]2)C1=O,1.0,0.9260003265073199
bace,baseline,scaffold,2,CCC(C)C1(NC(C)=O)CCN(C(CCc2ccccc2)C(=O)NC(Cc2cc(F)cc(F)c2)C(O)C2CC(OCc3ccc(F)cc3)C[NH2+]2)C1=O,1.0,0.9127817512285878
bace,baseline,scaffold,2,CCCCNC(=O)[C@H](C)C[C@H](O)[C@H](CC(C)C)NC(=O)[C@H](CCSC)NC(=O)[C@H](CC(C)C)NC(C)=O,1.0,0.05506334565225105
bace,baseline,scaffold,2,CCCCNC(=O)[C@H](C)C[C@H](O)[C@H](CC(C)C)NC(=O)[C@H](CCSC)NC(=O)CCC(C)C,0.0,0.04680393778378767
bace,baseline,scaffold,2,CCCCNC(=O)C(C)CC(O)C(CC(C)C)NC(=O)C(C)NC(=O)C(CC(C)C)NC(C)=O,0.0,0.04698558397356911
bace,baseline,scaffold,2,CCCCNC(=O)C(C)CC(O)C(CC(C)C)NC(=O)C(CCSC)NC(=O)C(NC(C)=O)C(C)C,0.0,0.07588723651589943
bace,baseline,scaffold,2,CCCCNC(=O)C(C)CC(O)C(CC(C)C)NC(=O)C(CCSC)NC(=O)C(C)NC(C)=O,0.0,0.055995585337956365
bace,baseline,scaffold,2,CCC(C)C1(NC(C)=O)CCN(C(CCc2ccccc2)C(=O)NC(Cc2cc(F)cc(F)c2)C(O)C2CC(Oc3ccccn3)C[NH2+]2)C1=O,1.0,0.9358276731343084
bace,baseline,scaffold,2,CC1(C)Cc2cc(Cl)ccc2C(NC(Cc2cscc2Br)C(=O)[O-])=N1,0.0,0.01036482405255301
bace,baseline,scaffold,2,CC#Cc1cscc1CC(NC1=NC(C)(C)Cc2cc(Cl)ccc21)C(=O)[O-],0.0,0.05306534841533026
bace,baseline,scaffold,2,CCCc1cscc1CC(NC1=NC(C)(C)Cc2cc(Cl)ccc21)C(=O)[O-],0.0,0.012582334788499308
bace,baseline,scaffold,2,CCc1cscc1CC(NC1=NC(C)(C)Cc2cc(Cl)ccc21)C(=O)[O-],0.0,0.008097235639340991
bace,baseline,scaffold,2,C#Cc1cscc1CC(NC1=NC(C)(C)Cc2cc(Cl)ccc21)C(=O)[O-],0.0,0.017379211568360517
bace,baseline,scaffold,2,CC1(C)Cc2cc(Cl)ccc2C(NC(Cc2ccsc2)C(=O)[O-])=N1,0.0,0.06662929486543301
bace,baseline,scaffold,2,CC1(C)Cc2cc(Cl)ccc2C(NC(Cc2ccsc2Br)C(=O)[O-])=N1,0.0,0.010292640238358899
bace,baseline,scaffold,2,CC1=C(C(=O)NOCc2ccccc2)[C@@H](c2ccccc2)C(C(=O)N[C@@H](Cc2ccccc2)[C@H](O)C[NH2+]C2CC2)=C(C)N1S(C)(=O)=O,0.0,0.06530589405305572
bace,baseline,scaffold,2,CCN1CCN2CCS(=O)(=O)N(C)c3cc(C(=O)N[C@@H](Cc4ccccc4)[C@H](O)C[NH2+]Cc4cccc(OC)c4)cc1c32,1.0,0.9855268974678321
bace,baseline,scaffold,2,CC1(c2cccc(NC(=O)c3ccc(Cl)cn3)c2)COC(N)=N1,0.0,0.08060120453210812
bace,baseline,scaffold,2,CC(=O)NC(Cc1cc(F)cc(F)c1)C(O)C[NH2+]C1(c2cccc(-c3ccco3)c2)CCCCC1,0.0,0.08258049356897179
bace,baseline,scaffold,2,CC(C)COc1ccc2c(c1)[C@]1(COC(N)=N1)c1cc(-c3cncnc3)ccc1O2,1.0,0.046921575721932354
bace,baseline,scaffold,2,CCCc1ccc2c(c1)C1(COC(N)=N1)c1cc(-c3cncnc3)ccc1O2,1.0,0.023015124217967305
bace,baseline,scaffold,2,COc1ccc2c(c1)C1(COC(N)=N1)c1cc(-c3cncnc3)ccc1O2,0.0,0.04717984672767907
bace,baseline,scaffold,2,COc1ccc2c(c1)[C@@]1(COC(N)=N1)c1cc(-c3cncnc3)ccc1O2,0.0,0.04717984672767907
bace,baseline,scaffold,2,O=C(C1C[NH2+]CC1c1ccccc1Br)N1CCC(c2ccccc2)CC1c1ccccc1,0.0,0.18834313793875812
bace,baseline,scaffold,2,CN1C(=O)C2(CC(C)(C)Oc3ccc(N4CCCCC4)cc32)N=C1N,0.0,0.026964616078445146
bace,baseline,scaffold,2,COCC(=O)NC(Cc1cccc(-c2nccn2C)c1)C(O)C[NH2+]C1CC2(CCC2)Oc2ncc(CC(C)(C)C)cc21,1.0,0.9961491591534092
bace,baseline,scaffold,2,COc1ccc([C@]2(c3cccc(-c4cccnc4)c3)N=C(N)N(C)C2=O)cc1C,1.0,0.8422677986577831
bace,baseline,scaffold,2,COc1ccc([C@@]2(c3ccc(F)c(-c4cccnc4F)c3)N=C(N)N(C)C2=O)cc1C,1.0,0.9566155321712644
bace,baseline,scaffold,2,CN1C(=O)[C@@](c2ccc(OC(F)F)cc2)(c2cccc(-c3cccnc3F)c2)N=C1N,1.0,0.911092054314333
bace,baseline,scaffold,2,COc1ccc(C2(c3cccc(-c4cccnc4F)c3)N=C(N)N(C)C2=O)cc1C,1.0,0.9167474783970586
bace,baseline,scaffold,2,COc1ccc([C@]2(c3cccc(-c4cccnc4F)c3)N=C(N)N(C)C2=O)cc1,1.0,0.8047622907733736
bace,baseline,scaffold,2,CN1C(=O)[C@@](c2ccc(OCCF)cc2)(c2cccc(-c3cccnc3F)c2)N=C1N,1.0,0.718579001798473
bace,baseline,scaffold,2,COc1ccc(C2(c3cccc(-c4cccnc4)c3)N=C(N)N(C)C2=O)cc1Cl,1.0,0.8014275447230677
bace,baseline,scaffold,2,COc1ccc(C2(c3cccc(-c4cccnc4)c3)N=C(N)N(C)C2=O)cc1C(F)(F)F,1.0,0.5112903745903613
bace,baseline,scaffold,2,CCOc1cc(C2(c3cccc(-c4cccnc4)c3)N=C(N)N(C)C2=O)ccc1OC,1.0,0.9027829569837306
bace,baseline,scaffold,2,CCCOc1cc(C2(c3cccc(-c4cccnc4)c3)N=C(N)N(C)C2=O)ccc1OC,1.0,0.8932062288875897
bace,baseline,scaffold,2,CCCCOc1cc(C2(c3cccc(-c4cccnc4)c3)N=C(N)N(C)C2=O)ccc1OC,1.0,0.838575506950024
bace,baseline,scaffold,2,COc1ccc(C2(c3cccc(-c4cccnc4)c3)N=C(N)N(C)C2=O)cc1F,1.0,0.7582500818006398
bace,baseline,scaffold,2,COc1ccc(C2(c3cccc(-c4cccnc4)c3)N=C(N)N(C)C2=O)cc1OC(C)C,1.0,0.8981323314612776
bace,baseline,scaffold,2,CN1C(=O)C(c2ccc(OC(F)(F)F)cc2)(c2cccc(-c3cccnc3F)c2)N=C1N,1.0,0.4877711442046864
bace,baseline,scaffold,2,CN1C(=O)[C@@](c2ccc(OC(F)(F)F)cc2)(c2cccc(-c3cccnc3F)c2)N=C1N,1.0,0.4877711442046864
bace,baseline,scaffold,2,COc1ccc(C2(c3cccc(-c4cccnc4)c3)N=C(N)N(C)C2=O)cc1OC,1.0,0.8794831302181868
bace,baseline,scaffold,2,COc1ccc(C2(c3ccc(C)c(-c4cccnc4)c3)N=C(N)N(C)C2=O)cc1C,0.0,0.8569097509809195
bace,baseline,scaffold,2,COc1ccc(C2(c3cccc(-c4cccnc4)c3)N=C(N)N(C)C2=O)cc1C#N,0.0,0.8644216775838222
bace,baseline,scaffold,2,COc1ncccc1-c1cccc(C2(c3ccc(OC(F)(F)F)cc3)N=C(N)N(C)C2=O)c1,0.0,0.4846091387842521
bace,baseline,scaffold,2,COc1ccc(C2(c3ccc(F)c(-c4cccnc4F)c3)N=C(N)N(C)C2=O)cc1C,0.0,0.9566155321712644
bace,baseline,scaffold,2,COc1ccc(C2(c3ccc(C#N)c(-c4cccnc4)c3)N=C(N)N(C)C2=O)cc1C,0.0,0.9081625066074606
bace,baseline,scaffold,2,COc1ccc(-c2cccc(C3(c4ccc(OC(F)(F)F)cc4)N=C(N)N(C)C3=O)c2)cn1,0.0,0.5938521428136658
bace,baseline,scaffold,2,CN1C(=O)C(c2cccc(-c3cncnc3)c2)(c2cnn(CCC3CCCCC3)c2)N=C1N,1.0,0.8348562795799706
bace,baseline,scaffold,2,CCC(=O)N(C)C(C)(C)C1CCCC(C(=O)NC(Cc2ccccc2)C(O)C[NH2+]Cc2cccc(C(C)C)c2)C1,0.0,0.9440444991603907
bace,baseline,scaffold,2,CCC(=O)NC(C)(C)C1CCCC(C(=O)NC(Cc2ccccc2)C(O)C[NH2+]Cc2cccc(C(C)C)c2)C1,0.0,0.9129978653408575
bace,baseline,scaffold,2,CC(=O)NC(C)(C)C1CCCC(C(=O)NC(Cc2ccccc2)C(O)C[NH2+]Cc2cccc(C(C)C)c2)C1,0.0,0.7994625531787977
bace,baseline,scaffold,2,CCCCCS(=O)(=O)c1cccc(C(=O)N[C@@H](Cc2ccccc2)[C@H](O)C[NH2+][C@@H](C)C(=O)NC2CCCCC2)c1,0.0,0.13920927763145927
bace,baseline,scaffold,2,COc1cccc(-c2cccc(C3(C)N=C(N)CCS3)c2)c1,0.0,0.010339225690963117
bace,baseline,scaffold,2,CC(=O)Nc1ccc(C[NH+]2CCC3(CC2)C(NC2CCCCC2)=NC(=O)N3c2cccc(F)c2)cc1,0.0,0.02084729871176414
bace,baseline,scaffold,2,CCCOc1ccc(-c2csc(-c3ccccc3Cl)c2CC(=O)NC(N)=[NH2+])cc1,0.0,0.1175912891690433
bace,baseline,scaffold,2,CC(C)(C)Cc1cc(C[NH2+]C2CS(=O)(=O)CC(Cc3cc(F)c(N)c(OC(C(F)(F)F)C(F)(F)F)c3)C2O)no1,1.0,0.9443719272910038
bace,baseline,scaffold,2,CCc1cn2c3c(cc(C(=O)NC(Cc4ccccc4)C(O)C[NH2+]C4CCCCC4)cc13)N(C)S(=O)(=O)C2,1.0,0.9668627283292737
bace,baseline,scaffold,2,N#CCCCOc1ccc(-c2ccc(-c3ccccc3Cl)n2Cc2cccc(N)n2)cc1,0.0,0.19027563425537514
bace,baseline,scaffold,2,CCCCCOc1ccc(-c2ccc(-c3ccccc3Cl)n2Cc2ccc(OCCO)c(N)n2)cc1,0.0,0.3586826735467308
bace,baseline,scaffold,2,CCCCCOc1ccc(-c2ccc(-c3ccccc3Cl)n2Cc2ccc(NCCO)c(N)n2)cc1,0.0,0.21811504395915912
bace,baseline,scaffold,2,CCCCCOc1ccc(-c2ccc(-c3ccccc3Cl)n2Cc2ccc(NCCCO)c(N)n2)cc1,0.0,0.2227355509034706
bace,baseline,scaffold,2,CCCCCOc1ccc(-c2ccc(-c3ccccc3Cl)n2Cc2cccc(N)n2)cc1,0.0,0.0557701270166355
bace,baseline,scaffold,2,C=CCNC(=O)c1ccc(-c2ccc(-c3ccccc3)n2Cc2cccc(N)n2)cc1,0.0,0.08732995251708439
bace,baseline,scaffold,2,CCCOc1ccc(-c2ccc(-c3ccccc3Cl)n2Cc2cccc(N)n2)cc1,0.0,0.03776594676345093
bace,baseline,scaffold,2,CCCCOc1ccc(-c2ccc(-c3ccccc3Cl)n2Cc2cccc(N)n2)cc1,0.0,0.08139288031365007
bace,baseline,scaffold,2,CC(C)NC(=O)c1ccc(-c2ccc(-c3ccccc3)n2Cc2cccc(N)n2)cc1,0.0,0.07616643845794374
bace,baseline,scaffold,2,CCNC(=O)c1ccc(-c2ccc(-c3ccccc3)n2Cc2cccc(N)n2)cc1,0.0,0.01465465751411634
bace,baseline,scaffold,2,COc1ccc(-c2ccc(-c3ccccc3Cl)n2Cc2cccc(N)n2)cc1,0.0,0.009895721692985106
bace,baseline,scaffold,2,CCCNC(=O)c1ccc(-c2ccc(-c3ccccc3)n2Cc2cccc(N)n2)cc1,0.0,0.05772774460152461
bace,baseline,scaffold,2,CCCCNC(=O)c1ccc(-c2ccc(-c3ccccc3)n2Cc2cccc(N)n2)cc1,0.0,0.06814237733519649
bace,baseline,scaffold,2,Nc1cccc(Cn2c(-c3ccccc3)ccc2-c2ccccc2)n1,0.0,0.003882730412316642
bace,baseline,scaffold,2,CO[C@H](C)C(=O)N[C@@H](Cc1ccc2c(c1)OCO2)[C@H](O)C[NH2+][C@H]1CC2(CCC2)Oc2ncc(CC(C)(C)C)cc21,1.0,0.9954435032609367
bace,baseline,scaffold,2,COCC(=O)NC(Cc1ccc2c(c1)OCO2)C(O)C[NH2+]C1CC2(CCC2)Oc2ncc(CC(C)(C)C)cc21,1.0,0.9944367664210956
bace,baseline,scaffold,2,CC(=O)NC(Cc1ccc2c(c1)OCO2)C(O)C[NH2+]C1CC2(CCC2)Oc2ncc(CC(C)(C)C)cc21,1.0,0.9933123179126435
bace,baseline,scaffold,2,CC(F)C(=O)NC(Cc1ccc2c(c1)OCO2)C(O)C[NH2+]C1CC2(CCC2)Oc2ncc(CC(C)(C)C)cc21,1.0,0.994071722777567
bace,baseline,scaffold,2,CC(C)C(=O)NC(Cc1ccc2c(c1)OCO2)C(O)C[NH2+]C1CC2(CCC2)Oc2ncc(CC(C)(C)C)cc21,0.0,0.9950879884603846
bace,baseline,scaffold,2,CCn1cc2c3c(cc(C(=O)NC(Cc4ccccc4)[C@H](O)CNc4ccccc4)cc31)N(C)S(=O)(=O)CC2,1.0,0.9505448760599784
bace,baseline,scaffold,2,NC1=NC(c2ccncc2)(c2cccc(-c3cccnc3)c2)C2=NCCCN12,0.0,0.20657334388089568
bace,baseline,scaffold,2,CCc1cn2c3c(cc(C(=O)NC(Cc4ccccc4)C(O)C[NH2+]C(C)(C)CCCC(C)C)cc13)N(C)S(=O)(=O)C2,1.0,0.9723722010468797
bace,baseline,scaffold,2,CCc1cn2c3c(cc(C(=O)NC(Cc4ccccc4)C(O)C[NH2+]C)cc13)N(C)S(=O)(=O)C2,1.0,0.8956260723112731
bace,baseline,scaffold,2,CCn1ccc2c(N3CCCC3=O)cc(C(=O)NC(Cc3ccccc3)C(O)C[NH2+]Cc3cccc(C(F)(F)F)c3)cc21,1.0,0.969489082730701
bace,baseline,scaffold,2,CCn1ccc2c(N3CCCC3=O)cc(C(=O)NC(Cc3ccccc3)C(O)C[NH2+]C(C)(C)c3cccc(OC)c3)cc21,0.0,0.9360967516505352
bace,baseline,scaffold,2,CC1=C(C(=O)N[C@@H](Cc2ccccc2)[C@H](O)C[NH2+]C2CC2)[C@H](C)C(C(=O)N[C@H](C)c2ccccc2)=C(C)N1S(C)(=O)=O,0.0,0.04453572224313812
bace,baseline,scaffold,2,CC[C@H]1C(C(=O)N[C@@H](Cc2ccccc2)[C@H](O)C[NH2+]C2CC2)=C(C)N(S(C)(=O)=O)C(C)=C1C(=O)N[C@H](C)c1ccccc1,0.0,0.03707453227021158
bace,baseline,scaffold,2,CCC[C@H]1C(C(=O)N[C@@H](Cc2ccccc2)[C@H](O)C[NH2+]C2CC2)=CN(CC(=O)OC(C)C)C=C1C(=O)N[C@H](C)c1ccccc1,0.0,0.05672415344617461
bace,baseline,scaffold,2,CC(C)OC(=O)CN1C=C(C(=O)N[C@@H](Cc2ccccc2)[C@H](O)C[NH2+]C2CC2)[C@H](C)C(C(=O)N[C@H](C)c2ccccc2)=C1,0.0,0.06671083336995864
bace,baseline,scaffold,2,NC1=[NH+]C(c2ccc(OC(F)(F)F)cc2)(c2cccc(-c3cccnc3F)c2)C2=NCCCCN21,1.0,0.500003527282942
bace,baseline,scaffold,2,CC(C)(C)C#Cc1ccccc1-c1ccc2nc(N)ccc2c1,1.0,0.19332437334814445
bace,baseline,scaffold,2,Cc1ccccc1-c1ccc2nc(N)c(CC(C)C(=O)NCCC(C)(C)C)cc2c1,1.0,0.982359647508406
bace,baseline,scaffold,2,CC(=O)c1ccccc1-c1ccc2nc(N)c(CC(C)C(=O)NCCC(C)(C)C)cc2c1,1.0,0.857845607004194
bace,gnn,scaffold,2,CC([NH2+]CC(O)C(Cc1ccccc1)NC(=O)c1cccc(NS(=O)(=O)c2ccccc2)c1)C(=O)NC1CCCCC1,0.0,0.0007834603893570602
bace,gnn,scaffold,2,CCC(C)C1(NC(C)=O)CCN(C(C)C(=O)NC(Cc2cc(F)cc(F)c2)C(O)C2CC(O)C[NH2+]2)C1=O,1.0,0.6137367486953735
bace,gnn,scaffold,2,CCCOC1C[NH2+]C(C(O)C(Cc2cc(F)cc(F)c2)NC(=O)C(C)N2CCC(CC(C)C)C2=O)C1,1.0,0.6357983350753784
bace,gnn,scaffold,2,CCCC(O)C1CCN(C(C)C(=O)NC(Cc2cc(F)cc(F)c2)C(O)C2CC(O)C[NH2+]2)C1=O,1.0,0.0695117637515068
bace,gnn,scaffold,2,CCCOC1C[NH2+]C(C(O)C(Cc2cc(F)cc(F)c2)NC(=O)C(C)N2CCC(C(O)CCC)C2=O)C1,1.0,0.3485404849052429
bace,gnn,scaffold,2,CCCCC1CCN(C(C)C(=O)NC(Cc2cc(F)cc(F)c2)C(O)C2CC(OCCC)C[NH2+]2)C1=O,1.0,0.7384110689163208
bace,gnn,scaffold,2,CCCCC1CCN(C(C)C(=O)NC(Cc2cc(F)cc(F)c2)C(O)C2CC(O)C[NH2+]2)C1=O,1.0,0.2675818204879761
bace,gnn,scaffold,2,CCCOC1C[NH2+]C(C(O)C(Cc2cc(F)cc(F)c2)NC(=O)C(C)N2CCC(C(C)C)C2=O)C1,0.0,0.5840127468109131
bace,gnn,scaffold,2,CC(=O)NC(Cc1cc(F)cc(F)c1)C(O)C[NH2+]C1(c2cccc(C3CCCCO3)c2)CC1,0.0,0.02929060161113739
bace,gnn,scaffold,2,COCc1cc2cc(c1)C(=O)NC(C(O)C[NH2+]C1(c3cccc(C(C)(C)C)c3)CCCC1)Cc1cccc(c1)OCCCCN2,1.0,0.9696298241615295
bace,gnn,scaffold,2,CC([NH2+]CC(O)C(Cc1ccccc1)NC(=O)c1cccc(N(C2CCCCC2)S(C)(=O)=O)c1)C(=O)NC1CCCCC1,0.0,0.8627904653549194
bace,gnn,scaffold,2,COc1cccc(-c2cccc(C3(c4ccccc4)NC(=[NH2+])N(C)C3=O)c2)c1,1.0,0.9952526092529297
bace,gnn,scaffold,2,CC(C)c1cccc(C[NH2+]CC(O)C2Cc3cccc(c3)OCCCCNc3cc(cc(N4C=COC4)c3)C(=O)N2)c1,1.0,0.3429814279079437
bace,gnn,scaffold,2,CC1(c2cc(NC(=O)c3ccc(Cl)cn3)ccc2F)CCOCC(N)=N1,1.0,0.9966446161270142
bace,gnn,scaffold,2,CC(C)Oc1cccc(C[NH+]2CCC3(CC2C)CN(c2nccs2)S(=O)(=O)N3c2cccc(F)c2)c1,0.0,1.397057047825001e-07
bace,gnn,scaffold,2,Cc1ccccc1-c1ccc2nc(N)c(CCC(=O)NC3CCCCC3)cc2c1,1.0,0.9998427629470825
bace,gnn,scaffold,2,Cc1ccccc1-c1ccc2nc(N)c(CCC(=O)N(C)C3CCCCC3)cc2c1,0.0,0.9999010562896729
bace,gnn,scaffold,2,CC1(c2cc(NC(=O)c3ncc(Cl)cn3)ccc2F)N=C(N)OCC1(F)F,1.0,0.985418438911438
bace,gnn,scaffold,2,CC(=O)NC(Cc1cc(F)cc(F)c1)C(O)C[NH2+]C1(c2cccc(-n3cccn3)c2)CCCOC1,0.0,0.014944410882890224
bace,gnn,scaffold,2,CC(=O)N[C@@H](Cc1cc(F)cc(F)c1)[C@H](O)C[NH2+]C1(c2cccc(-n3cccn3)c2)CCCCC1,1.0,0.047395192086696625
bace,gnn,scaffold,2,CC(NC(=O)c1cc(N(C)S(C)(=O)=O)cc(-n2cc(C(C)([NH3+])Cc3ccccc3)nn2)c1)c1ccc(F)cc1,0.0,0.0019004314672201872
bace,gnn,scaffold,2,CC(C)CCCC(C)[NH2+]CC(O)C(Cc1ccccc1)NC(=O)c1cccc(N(c2ccccc2)S(C)(=O)=O)c1,1.0,0.6227925419807434
bace,gnn,scaffold,2,CC1(C)Cc2cc(Cl)ccc2C(NC(Cc2ccccc2)c2n[nH]c(=O)[nH]2)=N1,0.0,1.2833839893588994e-11
bace,gnn,scaffold,2,CC(C)CC(CC(=O)NCc1ccccn1)n1c(N)nc2cc(Cl)ccc21,0.0,7.09183325398044e-07
bace,gnn,scaffold,2,CCC(CC(=O)NCc1ccccn1)n1c(N)nc2cc(Cl)ccc21,0.0,3.008263718129456e-07
bace,gnn,scaffold,2,Nc1cccc(CCc2ccc3cc[nH]c3c2)n1,0.0,6.033358772583597e-07
bace,gnn,scaffold,2,CS(=O)(=O)N(c1ccccc1)c1cc(C(=O)NC(Cc2ccccc2)C(O)C[NH2+]Cc2cccc(C(F)(F)F)c2)cc(N2CCCC2=O)c1,1.0,0.9396650791168213
bace,gnn,scaffold,2,O=C(C1C[NH2+]CC1c1ccccc1Br)N1CCC(c2ccccc2)CC1,0.0,0.03588347136974335
bace,gnn,scaffold,2,O=C(C1C[NH2+]CC1c1ccccc1)N1CCC(c2ccccc2)CC1,0.0,0.000533191254362464
bace,gnn,scaffold,2,Nc1cccc(Cn2c(-c3ccc(Oc4ccccn4)cc3)ccc2-c2ccccc2Cl)n1,0.0,0.00048402755055576563
bace,gnn,scaffold,2,CN1C(=O)[C@@](c2ccncc2)(c2cccc(-c3cc(F)ccc3F)c2)N=C1N,1.0,0.5249826908111572
bace,gnn,scaffold,2,COc1cccc(-c2cccc(C3(c4ccncc4)N=C(N)N(C)C3=O)c2)c1,1.0,0.7590707540512085
bace,gnn,scaffold,2,CN1C(=O)C(c2ccncc2)(c2cccc(-c3cccc(C#N)c3)c2)N=C1N,1.0,0.9784641265869141
bace,gnn,scaffold,2,CN1C(=O)C(c2ccncc2)(c2cccc(-c3cccc(F)c3F)c2)N=C1N,1.0,0.951729416847229
bace,gnn,scaffold,2,CN1C(=O)C(c2ccncc2)(c2cccc(-c3cccc(F)c3)c2)N=C1N,1.0,0.7809048295021057
bace,gnn,scaffold,2,CN1C(=O)C(c2ccncc2)(c2cccc(-c3cc(F)cc(F)c3)c2)N=C1N,1.0,0.9330756664276123
bace,gnn,scaffold,2,CN1C(=O)C(c2ccncc2)(c2cccc(-c3ccccc3)c2)N=C1N,0.0,0.42983269691467285
bace,gnn,scaffold,2,CN1C(=O)C(c2ccncc2)(c2cccc(-c3cccc(C(F)(F)F)c3)c2)N=C1N,0.0,0.4846950173377991
bace,gnn,scaffold,2,CN1C(=O)[C@](c2ccncc2)(c2cccc(-c3cc(F)ccc3F)c2)N=C1N,0.0,0.9114978909492493
bace,gnn,scaffold,2,CCc1n[nH]c2ccc(C[NH+]3CCC4(CC3C)CN(C)S(=O)(=O)N4c3cccc(F)c3)cc12,0.0,2.329863673367072e-05
bace,gnn,scaffold,2,CC#CCOc1cnc(C(=O)Nc2ccc(F)c(C3(C)N=C(N)OCC3(F)F)c2)cn1,1.0,0.9915869235992432
bace,gnn,scaffold,2,C#CCOc1cnc(C(=O)Nc2ccc(F)c(C3(C)N=C(N)OCC3(F)F)c2)cn1,1.0,0.4097045361995697
bace,gnn,scaffold,2,CC1(c2cc(NC(=O)c3cnc(OCC(F)(F)F)cn3)ccc2F)N=C(N)OCC1(F)F,1.0,0.018866680562496185
bace,gnn,scaffold,2,COc1cnc(C(=O)Nc2ccc(F)c(C3(C)N=C(N)OCC3(F)F)c2)cn1,1.0,0.9217227697372437
bace,gnn,scaffold,2,COCC(=O)NC(Cc1cccc(-c2ncco2)c1)C(O)C[NH2+]C1CC2(CCC2)Oc2ncc(CC(C)(C)C)cc21,1.0,1.0
bace,gnn,scaffold,2,CC([NH2+]CC(O)C(Cc1ccccc1)NC(=O)c1cccc(NS(=O)(=O)Cc2ccccc2)c1)C(=O)NC1CCCCC1,0.0,0.0008269657264463603
bace,gnn,scaffold,2,CC1(c2cccc(NC(=O)c3ccc(Cl)cn3)c2)N=C(N)CNC1=O,0.0,0.9164931774139404
bace,gnn,scaffold,2,CN1CC(N)=NC(C)(c2cccc(NC(=O)c3ccc(C#N)cn3)c2)C1=O,0.0,0.49640071392059326
bace,gnn,scaffold,2,CN1CC(N)=NC(C)(c2cccc(NC(=O)c3ccc(C(F)(F)F)cn3)c2)C1=O,0.0,0.10052222013473511
bace,gnn,scaffold,2,CN1CC(N)=N[C@@](C)(c2cccc(NC(=O)c3ccc(Cl)cn3)c2)C1=O,0.0,0.22903303802013397
bace,gnn,scaffold,2,CN(C(=O)CCC(C1CCCCC1)N1Cc2cc(Oc3ccccc3)ccc2[NH+]=C1N)C1CCCCC1,1.0,0.9824788570404053
bace,gnn,scaffold,2,CN(C(=O)CCc1cc2ccccc2nc1N)C1CCCCC1,1.0,0.9764088988304138
bace,gnn,scaffold,2,CCCCN(C)C(=O)n1cc(C(=O)NC(Cc2cc(F)cc(F)c2)C(O)C[NH2+]Cc2cccc(CC)c2)c2cccnc21,1.0,0.8007777333259583
bace,gnn,scaffold,2,CCCCN(C)C(=O)n1cc(C(=O)NC(Cc2ccccc2)C(O)C[NH2+]Cc2cccc(Br)c2)c2cccnc21,1.0,0.09432973712682724
bace,gnn,scaffold,2,COc1cccc(C[NH2+]CC(O)C(Cc2cc(F)cc(F)c2)NC(=O)c2cn(C(=O)N(C)CCC(C)C)c3ncccc23)c1,1.0,0.7750978469848633
bace,gnn,scaffold,2,CCCCCN(C)C(=O)n1cc(C(=O)NC(Cc2cc(F)cc(F)c2)C(O)C[NH2+]Cc2cccc(OC)c2)c2cccnc21,1.0,0.9178295731544495
bace,gnn,scaffold,2,CCCCN(C)C(=O)n1cc(C(=O)NC(Cc2cc(F)cc(F)c2)C(O)C[NH2+]Cc2cccc(OC)c2)c2cccnc21,1.0,0.8398612141609192
bace,gnn,scaffold,2,COCCN(C)C(=O)n1cc(C(=O)NC(Cc2cc(F)cc(F)c2)C(O)C[NH2+]Cc2cccc(OC)c2)c2cccnc21,1.0,0.5420783758163452
bace,gnn,scaffold,2,CCCCN(C)C(=O)n1cc(C(=O)NC(Cc2ccccc2)C(O)C[NH2+]Cc2ccccc2OC)c2cccnc21,0.0,0.03234221786260605
bace,gnn,scaffold,2,COc1cccc(-c2cccc([C@@]3(c4ccncc4)[NH+]=C(N)N4CC(F)(F)CN=C43)c2)c1F,1.0,0.09235511720180511
bace,gnn,scaffold,2,CCC(C)C1(NC(C)=O)CCN(C(CCc2ccccc2)C(=O)NC(Cc2cc(F)cc(F)c2)C(O)C2CC(OCc3cccc(C(F)(F)F)c3)C[NH2+]2)C1=O,1.0,0.9944443106651306
bace,gnn,scaffold,2,CCC(C)C1(NC(C)=O)CCN(C(CCc2ccccc2)C(=O)NC(Cc2cc(F)cc(F)c2)C(O)C2CC(OCc3cccc(C#N)c3)C[NH2+]2)C1=O,1.0,0.9985540509223938
bace,gnn,scaffold,2,CCC(C)C1(NC(C)=O)CCN(C(CCc2ccccc2)C(=O)NC(Cc2cc(F)cc(F)c2)C(O)C2CC(OCc3ccc(F)cc3)C[NH2+]2)C1=O,1.0,0.9960442781448364
bace,gnn,scaffold,2,CCCCNC(=O)[C@H](C)C[C@H](O)[C@H](CC(C)C)NC(=O)[C@H](CCSC)NC(=O)[C@H](CC(C)C)NC(C)=O,1.0,0.007679834496229887
bace,gnn,scaffold,2,CCCCNC(=O)[C@H](C)C[C@H](O)[C@H](CC(C)C)NC(=O)[C@H](CCSC)NC(=O)CCC(C)C,0.0,0.12060188502073288
bace,gnn,scaffold,2,CCCCNC(=O)C(C)CC(O)C(CC(C)C)NC(=O)C(C)NC(=O)C(CC(C)C)NC(C)=O,0.0,0.22639963030815125
bace,gnn,scaffold,2,CCCCNC(=O)C(C)CC(O)C(CC(C)C)NC(=O)C(CCSC)NC(=O)C(NC(C)=O)C(C)C,0.0,0.7388558983802795
bace,gnn,scaffold,2,CCCCNC(=O)C(C)CC(O)C(CC(C)C)NC(=O)C(CCSC)NC(=O)C(C)NC(C)=O,0.0,0.24306809902191162
bace,gnn,scaffold,2,CCC(C)C1(NC(C)=O)CCN(C(CCc2ccccc2)C(=O)NC(Cc2cc(F)cc(F)c2)C(O)C2CC(Oc3ccccn3)C[NH2+]2)C1=O,1.0,0.9992663264274597
bace,gnn,scaffold,2,CC1(C)Cc2cc(Cl)ccc2C(NC(Cc2cscc2Br)C(=O)[O-])=N1,0.0,0.004413288552314043
bace,gnn,scaffold,2,CC#Cc1cscc1CC(NC1=NC(C)(C)Cc2cc(Cl)ccc21)C(=O)[O-],0.0,0.97381192445755
bace,gnn,scaffold,2,CCCc1cscc1CC(NC1=NC(C)(C)Cc2cc(Cl)ccc21)C(=O)[O-],0.0,4.537328641163185e-05
bace,gnn,scaffold,2,CCc1cscc1CC(NC1=NC(C)(C)Cc2cc(Cl)ccc21)C(=O)[O-],0.0,0.0001534502807771787
bace,gnn,scaffold,2,C#Cc1cscc1CC(NC1=NC(C)(C)Cc2cc(Cl)ccc21)C(=O)[O-],0.0,0.0025241360999643803
bace,gnn,scaffold,2,CC1(C)Cc2cc(Cl)ccc2C(NC(Cc2ccsc2)C(=O)[O-])=N1,0.0,1.905248973343987e-05
bace,gnn,scaffold,2,CC1(C)Cc2cc(Cl)ccc2C(NC(Cc2ccsc2Br)C(=O)[O-])=N1,0.0,0.0003558271564543247
bace,gnn,scaffold,2,CC1=C(C(=O)NOCc2ccccc2)[C@@H](c2ccccc2)C(C(=O)N[C@@H](Cc2ccccc2)[C@H](O)C[NH2+]C2CC2)=C(C)N1S(C)(=O)=O,0.0,0.0017095551593229175
bace,gnn,scaffold,2,CCN1CCN2CCS(=O)(=O)N(C)c3cc(C(=O)N[C@@H](Cc4ccccc4)[C@H](O)C[NH2+]Cc4cccc(OC)c4)cc1c32,1.0,0.9999992847442627
bace,gnn,scaffold,2,CC1(c2cccc(NC(=O)c3ccc(Cl)cn3)c2)COC(N)=N1,0.0,0.0005438472144305706
bace,gnn,scaffold,2,CC(=O)NC(Cc1cc(F)cc(F)c1)C(O)C[NH2+]C1(c2cccc(-c3ccco3)c2)CCCCC1,0.0,0.14098994433879852
bace,gnn,scaffold,2,CC(C)COc1ccc2c(c1)[C@]1(COC(N)=N1)c1cc(-c3cncnc3)ccc1O2,1.0,0.00017245659546460956
bace,gnn,scaffold,2,CCCc1ccc2c(c1)C1(COC(N)=N1)c1cc(-c3cncnc3)ccc1O2,1.0,1.8291362721356563e-05
bace,gnn,scaffold,2,COc1ccc2c(c1)C1(COC(N)=N1)c1cc(-c3cncnc3)ccc1O2,0.0,2.463949022057932e-05
bace,gnn,scaffold,2,COc1ccc2c(c1)[C@@]1(COC(N)=N1)c1cc(-c3cncnc3)ccc1O2,0.0,0.00015290985174942762
bace,gnn,scaffold,2,O=C(C1C[NH2+]CC1c1ccccc1Br)N1CCC(c2ccccc2)CC1c1ccccc1,0.0,0.0061804247088730335
bace,gnn,scaffold,2,CN1C(=O)C2(CC(C)(C)Oc3ccc(N4CCCCC4)cc32)N=C1N,0.0,0.0011295779841020703
bace,gnn,scaffold,2,COCC(=O)NC(Cc1cccc(-c2nccn2C)c1)C(O)C[NH2+]C1CC2(CCC2)Oc2ncc(CC(C)(C)C)cc21,1.0,1.0
bace,gnn,scaffold,2,COc1ccc([C@]2(c3cccc(-c4cccnc4)c3)N=C(N)N(C)C2=O)cc1C,1.0,0.7040231823921204
bace,gnn,scaffold,2,COc1ccc([C@@]2(c3ccc(F)c(-c4cccnc4F)c3)N=C(N)N(C)C2=O)cc1C,1.0,0.727886974811554
bace,gnn,scaffold,2,CN1C(=O)[C@@](c2ccc(OC(F)F)cc2)(c2cccc(-c3cccnc3F)c2)N=C1N,1.0,0.7588874697685242
bace,gnn,scaffold,2,COc1ccc(C2(c3cccc(-c4cccnc4F)c3)N=C(N)N(C)C2=O)cc1C,1.0,0.9570842385292053
bace,gnn,scaffold,2,COc1ccc([C@]2(c3cccc(-c4cccnc4F)c3)N=C(N)N(C)C2=O)cc1,1.0,0.8752931356430054
bace,gnn,scaffold,2,CN1C(=O)[C@@](c2ccc(OCCF)cc2)(c2cccc(-c3cccnc3F)c2)N=C1N,1.0,0.4846950173377991
bace,gnn,scaffold,2,COc1ccc(C2(c3cccc(-c4cccnc4)c3)N=C(N)N(C)C2=O)cc1Cl,1.0,0.9589546322822571
bace,gnn,scaffold,2,COc1ccc(C2(c3cccc(-c4cccnc4)c3)N=C(N)N(C)C2=O)cc1C(F)(F)F,1.0,0.4846950173377991
bace,gnn,scaffold,2,CCOc1cc(C2(c3cccc(-c4cccnc4)c3)N=C(N)N(C)C2=O)ccc1OC,1.0,0.9527156352996826
bace,gnn,scaffold,2,CCCOc1cc(C2(c3cccc(-c4cccnc4)c3)N=C(N)N(C)C2=O)ccc1OC,1.0,0.9289654493331909
bace,gnn,scaffold,2,CCCCOc1cc(C2(c3cccc(-c4cccnc4)c3)N=C(N)N(C)C2=O)ccc1OC,1.0,0.972609281539917
bace,gnn,scaffold,2,COc1ccc(C2(c3cccc(-c4cccnc4)c3)N=C(N)N(C)C2=O)cc1F,1.0,0.9253121614456177
bace,gnn,scaffold,2,COc1ccc(C2(c3cccc(-c4cccnc4)c3)N=C(N)N(C)C2=O)cc1OC(C)C,1.0,0.8495909571647644
bace,gnn,scaffold,2,CN1C(=O)C(c2ccc(OC(F)(F)F)cc2)(c2cccc(-c3cccnc3F)c2)N=C1N,1.0,0.4869992136955261
bace,gnn,scaffold,2,CN1C(=O)[C@@](c2ccc(OC(F)(F)F)cc2)(c2cccc(-c3cccnc3F)c2)N=C1N,1.0,0.4846950173377991
bace,gnn,scaffold,2,COc1ccc(C2(c3cccc(-c4cccnc4)c3)N=C(N)N(C)C2=O)cc1OC,1.0,0.9168168306350708
bace,gnn,scaffold,2,COc1ccc(C2(c3ccc(C)c(-c4cccnc4)c3)N=C(N)N(C)C2=O)cc1C,0.0,0.8877369165420532
bace,gnn,scaffold,2,COc1ccc(C2(c3cccc(-c4cccnc4)c3)N=C(N)N(C)C2=O)cc1C#N,0.0,0.9921557903289795
bace,gnn,scaffold,2,COc1ncccc1-c1cccc(C2(c3ccc(OC(F)(F)F)cc3)N=C(N)N(C)C2=O)c1,0.0,0.44821473956108093
bace,gnn,scaffold,2,COc1ccc(C2(c3ccc(F)c(-c4cccnc4F)c3)N=C(N)N(C)C2=O)cc1C,0.0,0.987594485282898
bace,gnn,scaffold,2,COc1ccc(C2(c3ccc(C#N)c(-c4cccnc4)c3)N=C(N)N(C)C2=O)cc1C,0.0,0.9897035956382751
bace,gnn,scaffold,2,COc1ccc(-c2cccc(C3(c4ccc(OC(F)(F)F)cc4)N=C(N)N(C)C3=O)c2)cn1,0.0,0.6361196637153625
bace,gnn,scaffold,2,CN1C(=O)C(c2cccc(-c3cncnc3)c2)(c2cnn(CCC3CCCCC3)c2)N=C1N,1.0,0.9359645247459412
bace,gnn,scaffold,2,CCC(=O)N(C)C(C)(C)C1CCCC(C(=O)NC(Cc2ccccc2)C(O)C[NH2+]Cc2cccc(C(C)C)c2)C1,0.0,0.9924864768981934
bace,gnn,scaffold,2,CCC(=O)NC(C)(C)C1CCCC(C(=O)NC(Cc2ccccc2)C(O)C[NH2+]Cc2cccc(C(C)C)c2)C1,0.0,0.9988570213317871
bace,gnn,scaffold,2,CC(=O)NC(C)(C)C1CCCC(C(=O)NC(Cc2ccccc2)C(O)C[NH2+]Cc2cccc(C(C)C)c2)C1,0.0,0.9651987552642822
bace,gnn,scaffold,2,CCCCCS(=O)(=O)c1cccc(C(=O)N[C@@H](Cc2ccccc2)[C@H](O)C[NH2+][C@@H](C)C(=O)NC2CCCCC2)c1,0.0,0.6975463628768921
bace,gnn,scaffold,2,COc1cccc(-c2cccc(C3(C)N=C(N)CCS3)c2)c1,0.0,5.144854640093399e-06
bace,gnn,scaffold,2,CC(=O)Nc1ccc(C[NH+]2CCC3(CC2)C(NC2CCCCC2)=NC(=O)N3c2cccc(F)c2)cc1,0.0,0.07980433851480484
bace,gnn,scaffold,2,CCCOc1ccc(-c2csc(-c3ccccc3Cl)c2CC(=O)NC(N)=[NH2+])cc1,0.0,0.5155351161956787
bace,gnn,scaffold,2,CC(C)(C)Cc1cc(C[NH2+]C2CS(=O)(=O)CC(Cc3cc(F)c(N)c(OC(C(F)(F)F)C(F)(F)F)c3)C2O)no1,1.0,0.9995276927947998
bace,gnn,scaffold,2,CCc1cn2c3c(cc(C(=O)NC(Cc4ccccc4)C(O)C[NH2+]C4CCCCC4)cc13)N(C)S(=O)(=O)C2,1.0,0.9966225624084473
bace,gnn,scaffold,2,N#CCCCOc1ccc(-c2ccc(-c3ccccc3Cl)n2Cc2cccc(N)n2)cc1,0.0,0.024402158334851265
bace,gnn,scaffold,2,CCCCCOc1ccc(-c2ccc(-c3ccccc3Cl)n2Cc2ccc(OCCO)c(N)n2)cc1,0.0,0.9917568564414978
bace,gnn,scaffold,2,CCCCCOc1ccc(-c2ccc(-c3ccccc3Cl)n2Cc2ccc(NCCO)c(N)n2)cc1,0.0,0.7665537595748901
bace,gnn,scaffold,2,CCCCCOc1ccc(-c2ccc(-c3ccccc3Cl)n2Cc2ccc(NCCCO)c(N)n2)cc1,0.0,0.7911270260810852
bace,gnn,scaffold,2,CCCCCOc1ccc(-c2ccc(-c3ccccc3Cl)n2Cc2cccc(N)n2)cc1,0.0,0.002921487670391798
bace,gnn,scaffold,2,C=CCNC(=O)c1ccc(-c2ccc(-c3ccccc3)n2Cc2cccc(N)n2)cc1,0.0,0.004064895212650299
bace,gnn,scaffold,2,CCCOc1ccc(-c2ccc(-c3ccccc3Cl)n2Cc2cccc(N)n2)cc1,0.0,0.006362455431371927
bace,gnn,scaffold,2,CCCCOc1ccc(-c2ccc(-c3ccccc3Cl)n2Cc2cccc(N)n2)cc1,0.0,0.0025456813164055347
bace,gnn,scaffold,2,CC(C)NC(=O)c1ccc(-c2ccc(-c3ccccc3)n2Cc2cccc(N)n2)cc1,0.0,0.05818694457411766
bace,gnn,scaffold,2,CCNC(=O)c1ccc(-c2ccc(-c3ccccc3)n2Cc2cccc(N)n2)cc1,0.0,0.006749651860445738
bace,gnn,scaffold,2,COc1ccc(-c2ccc(-c3ccccc3Cl)n2Cc2cccc(N)n2)cc1,0.0,0.0011435089400038123
bace,gnn,scaffold,2,CCCNC(=O)c1ccc(-c2ccc(-c3ccccc3)n2Cc2cccc(N)n2)cc1,0.0,0.0077258264645934105
bace,gnn,scaffold,2,CCCCNC(=O)c1ccc(-c2ccc(-c3ccccc3)n2Cc2cccc(N)n2)cc1,0.0,0.0058342632837593555
bace,gnn,scaffold,2,Nc1cccc(Cn2c(-c3ccccc3)ccc2-c2ccccc2)n1,0.0,4.387660737847909e-06
bace,gnn,scaffold,2,CO[C@H](C)C(=O)N[C@@H](Cc1ccc2c(c1)OCO2)[C@H](O)C[NH2+][C@H]1CC2(CCC2)Oc2ncc(CC(C)(C)C)cc21,1.0,1.0
bace,gnn,scaffold,2,COCC(=O)NC(Cc1ccc2c(c1)OCO2)C(O)C[NH2+]C1CC2(CCC2)Oc2ncc(CC(C)(C)C)cc21,1.0,0.9999998807907104
bace,gnn,scaffold,2,CC(=O)NC(Cc1ccc2c(c1)OCO2)C(O)C[NH2+]C1CC2(CCC2)Oc2ncc(CC(C)(C)C)cc21,1.0,0.9999971389770508
bace,gnn,scaffold,2,CC(F)C(=O)NC(Cc1ccc2c(c1)OCO2)C(O)C[NH2+]C1CC2(CCC2)Oc2ncc(CC(C)(C)C)cc21,1.0,0.9999998807907104
bace,gnn,scaffold,2,CC(C)C(=O)NC(Cc1ccc2c(c1)OCO2)C(O)C[NH2+]C1CC2(CCC2)Oc2ncc(CC(C)(C)C)cc21,0.0,1.0
bace,gnn,scaffold,2,CCn1cc2c3c(cc(C(=O)NC(Cc4ccccc4)[C@H](O)CNc4ccccc4)cc31)N(C)S(=O)(=O)CC2,1.0,0.9991219639778137
bace,gnn,scaffold,2,NC1=NC(c2ccncc2)(c2cccc(-c3cccnc3)c2)C2=NCCCN12,0.0,0.25345855951309204
bace,gnn,scaffold,2,CCc1cn2c3c(cc(C(=O)NC(Cc4ccccc4)C(O)C[NH2+]C(C)(C)CCCC(C)C)cc13)N(C)S(=O)(=O)C2,1.0,0.999998927116394
bace,gnn,scaffold,2,CCc1cn2c3c(cc(C(=O)NC(Cc4ccccc4)C(O)C[NH2+]C)cc13)N(C)S(=O)(=O)C2,1.0,0.999981164932251
bace,gnn,scaffold,2,CCn1ccc2c(N3CCCC3=O)cc(C(=O)NC(Cc3ccccc3)C(O)C[NH2+]Cc3cccc(C(F)(F)F)c3)cc21,1.0,0.9838449954986572
bace,gnn,scaffold,2,CCn1ccc2c(N3CCCC3=O)cc(C(=O)NC(Cc3ccccc3)C(O)C[NH2+]C(C)(C)c3cccc(OC)c3)cc21,0.0,0.9989670515060425
bace,gnn,scaffold,2,CC1=C(C(=O)N[C@@H](Cc2ccccc2)[C@H](O)C[NH2+]C2CC2)[C@H](C)C(C(=O)N[C@H](C)c2ccccc2)=C(C)N1S(C)(=O)=O,0.0,0.0003289720043540001
bace,gnn,scaffold,2,CC[C@H]1C(C(=O)N[C@@H](Cc2ccccc2)[C@H](O)C[NH2+]C2CC2)=C(C)N(S(C)(=O)=O)C(C)=C1C(=O)N[C@H](C)c1ccccc1,0.0,0.020226730033755302
bace,gnn,scaffold,2,CCC[C@H]1C(C(=O)N[C@@H](Cc2ccccc2)[C@H](O)C[NH2+]C2CC2)=CN(CC(=O)OC(C)C)C=C1C(=O)N[C@H](C)c1ccccc1,0.0,6.430176654248498e-06
bace,gnn,scaffold,2,CC(C)OC(=O)CN1C=C(C(=O)N[C@@H](Cc2ccccc2)[C@H](O)C[NH2+]C2CC2)[C@H](C)C(C(=O)N[C@H](C)c2ccccc2)=C1,0.0,3.52301242401154e-07
bace,gnn,scaffold,2,NC1=[NH+]C(c2ccc(OC(F)(F)F)cc2)(c2cccc(-c3cccnc3F)c2)C2=NCCCCN21,1.0,0.8487116098403931
bace,gnn,scaffold,2,CC(C)(C)C#Cc1ccccc1-c1ccc2nc(N)ccc2c1,1.0,0.4069673418998718
bace,gnn,scaffold,2,Cc1ccccc1-c1ccc2nc(N)c(CC(C)C(=O)NCCC(C)(C)C)cc2c1,1.0,0.9999892711639404
bace,gnn,scaffold,2,CC(=O)c1ccccc1-c1ccc2nc(N)c(CC(C)C(=O)NCCC(C)(C)C)cc2c1,1.0,0.999409556388855
